-- MySQL dump 10.13  Distrib 8.0.43, for Win64 (x86_64)
--
-- Host: localhost    Database: nkh_restaurant
-- ------------------------------------------------------
-- Server version	8.0.43

/*!40101 SET @OLD_CHARACTER_SET_CLIENT=@@CHARACTER_SET_CLIENT */;
/*!40101 SET @OLD_CHARACTER_SET_RESULTS=@@CHARACTER_SET_RESULTS */;
/*!40101 SET @OLD_COLLATION_CONNECTION=@@COLLATION_CONNECTION */;
/*!50503 SET NAMES utf8 */;
/*!40103 SET @OLD_TIME_ZONE=@@TIME_ZONE */;
/*!40103 SET TIME_ZONE='+00:00' */;
/*!40014 SET @OLD_UNIQUE_CHECKS=@@UNIQUE_CHECKS, UNIQUE_CHECKS=0 */;
/*!40014 SET @OLD_FOREIGN_KEY_CHECKS=@@FOREIGN_KEY_CHECKS, FOREIGN_KEY_CHECKS=0 */;
/*!40101 SET @OLD_SQL_MODE=@@SQL_MODE, SQL_MODE='NO_AUTO_VALUE_ON_ZERO' */;
/*!40111 SET @OLD_SQL_NOTES=@@SQL_NOTES, SQL_NOTES=0 */;

--
-- Table structure for table `attendances`
--

DROP TABLE IF EXISTS `attendances`;
/*!40101 SET @saved_cs_client     = @@character_set_client */;
/*!50503 SET character_set_client = utf8mb4 */;
CREATE TABLE `attendances` (
  `id` bigint unsigned NOT NULL AUTO_INCREMENT,
  `employee_id` bigint unsigned NOT NULL,
  `location_id` bigint unsigned NOT NULL,
  `clock_in_at` timestamp NOT NULL,
  `clock_out_at` timestamp NULL DEFAULT NULL,
  `notes` text COLLATE utf8mb4_unicode_ci,
  `created_at` timestamp NULL DEFAULT NULL,
  `updated_at` timestamp NULL DEFAULT NULL,
  PRIMARY KEY (`id`),
  KEY `attendances_location_id_foreign` (`location_id`),
  KEY `attendances_employee_id_clock_in_at_index` (`employee_id`,`clock_in_at`),
  KEY `attendances_clock_in_at_index` (`clock_in_at`),
  KEY `attendances_clock_out_at_index` (`clock_out_at`),
  CONSTRAINT `attendances_employee_id_foreign` FOREIGN KEY (`employee_id`) REFERENCES `employees` (`id`) ON DELETE CASCADE ON UPDATE CASCADE,
  CONSTRAINT `attendances_location_id_foreign` FOREIGN KEY (`location_id`) REFERENCES `locations` (`id`) ON DELETE RESTRICT ON UPDATE CASCADE
) ENGINE=InnoDB DEFAULT CHARSET=utf8mb4 COLLATE=utf8mb4_unicode_ci;
/*!40101 SET character_set_client = @saved_cs_client */;

--
-- Dumping data for table `attendances`
--

LOCK TABLES `attendances` WRITE;
/*!40000 ALTER TABLE `attendances` DISABLE KEYS */;
/*!40000 ALTER TABLE `attendances` ENABLE KEYS */;
UNLOCK TABLES;

--
-- Table structure for table `audit_logs`
--

DROP TABLE IF EXISTS `audit_logs`;
/*!40101 SET @saved_cs_client     = @@character_set_client */;
/*!50503 SET character_set_client = utf8mb4 */;
CREATE TABLE `audit_logs` (
  `id` bigint unsigned NOT NULL AUTO_INCREMENT,
  `user_id` bigint unsigned DEFAULT NULL,
  `action` varchar(150) COLLATE utf8mb4_unicode_ci NOT NULL,
  `auditable_type` varchar(255) COLLATE utf8mb4_unicode_ci DEFAULT NULL,
  `auditable_id` bigint unsigned DEFAULT NULL,
  `ip_address` varchar(45) COLLATE utf8mb4_unicode_ci DEFAULT NULL,
  `user_agent` text COLLATE utf8mb4_unicode_ci,
  `metadata` json DEFAULT NULL,
  `created_at` timestamp NULL DEFAULT NULL,
  `updated_at` timestamp NULL DEFAULT NULL,
  PRIMARY KEY (`id`),
  KEY `audit_logs_user_id_foreign` (`user_id`),
  KEY `audit_logs_auditable_type_auditable_id_index` (`auditable_type`,`auditable_id`),
  KEY `audit_logs_created_at_index` (`created_at`),
  KEY `audit_logs_action_index` (`action`),
  CONSTRAINT `audit_logs_user_id_foreign` FOREIGN KEY (`user_id`) REFERENCES `users` (`id`) ON DELETE SET NULL ON UPDATE CASCADE
) ENGINE=InnoDB DEFAULT CHARSET=utf8mb4 COLLATE=utf8mb4_unicode_ci;
/*!40101 SET character_set_client = @saved_cs_client */;

--
-- Dumping data for table `audit_logs`
--

LOCK TABLES `audit_logs` WRITE;
/*!40000 ALTER TABLE `audit_logs` DISABLE KEYS */;
/*!40000 ALTER TABLE `audit_logs` ENABLE KEYS */;
UNLOCK TABLES;

--
-- Table structure for table `cache`
--

DROP TABLE IF EXISTS `cache`;
/*!40101 SET @saved_cs_client     = @@character_set_client */;
/*!50503 SET character_set_client = utf8mb4 */;
CREATE TABLE `cache` (
  `key` varchar(255) COLLATE utf8mb4_unicode_ci NOT NULL,
  `value` mediumtext COLLATE utf8mb4_unicode_ci NOT NULL,
  `expiration` int NOT NULL,
  PRIMARY KEY (`key`)
) ENGINE=InnoDB DEFAULT CHARSET=utf8mb4 COLLATE=utf8mb4_unicode_ci;
/*!40101 SET character_set_client = @saved_cs_client */;

--
-- Dumping data for table `cache`
--

LOCK TABLES `cache` WRITE;
/*!40000 ALTER TABLE `cache` DISABLE KEYS */;
INSERT INTO `cache` VALUES ('laravel-cache-5c785c036466adea360111aa28563bfd556b5fba','i:28;',1761305035),('laravel-cache-5c785c036466adea360111aa28563bfd556b5fba:timer','i:1761305035;',1761305035);
/*!40000 ALTER TABLE `cache` ENABLE KEYS */;
UNLOCK TABLES;

--
-- Table structure for table `cache_locks`
--

DROP TABLE IF EXISTS `cache_locks`;
/*!40101 SET @saved_cs_client     = @@character_set_client */;
/*!50503 SET character_set_client = utf8mb4 */;
CREATE TABLE `cache_locks` (
  `key` varchar(255) COLLATE utf8mb4_unicode_ci NOT NULL,
  `owner` varchar(255) COLLATE utf8mb4_unicode_ci NOT NULL,
  `expiration` int NOT NULL,
  PRIMARY KEY (`key`)
) ENGINE=InnoDB DEFAULT CHARSET=utf8mb4 COLLATE=utf8mb4_unicode_ci;
/*!40101 SET character_set_client = @saved_cs_client */;

--
-- Dumping data for table `cache_locks`
--

LOCK TABLES `cache_locks` WRITE;
/*!40000 ALTER TABLE `cache_locks` DISABLE KEYS */;
/*!40000 ALTER TABLE `cache_locks` ENABLE KEYS */;
UNLOCK TABLES;

--
-- Table structure for table `categories`
--

DROP TABLE IF EXISTS `categories`;
/*!40101 SET @saved_cs_client     = @@character_set_client */;
/*!50503 SET character_set_client = utf8mb4 */;
CREATE TABLE `categories` (
  `id` bigint unsigned NOT NULL AUTO_INCREMENT,
  `location_id` bigint unsigned DEFAULT NULL,
  `parent_id` bigint unsigned DEFAULT NULL,
  `slug` varchar(150) COLLATE utf8mb4_unicode_ci NOT NULL,
  `display_order` int unsigned NOT NULL DEFAULT '0',
  `is_active` tinyint(1) NOT NULL DEFAULT '1',
  `image` varchar(255) COLLATE utf8mb4_unicode_ci DEFAULT NULL,
  `created_at` timestamp NULL DEFAULT NULL,
  `updated_at` timestamp NULL DEFAULT NULL,
  `deleted_at` timestamp NULL DEFAULT NULL,
  PRIMARY KEY (`id`),
  UNIQUE KEY `categories_location_id_slug_unique` (`location_id`,`slug`),
  KEY `categories_slug_index` (`slug`),
  KEY `categories_is_active_index` (`is_active`),
  KEY `categories_parent_id_foreign` (`parent_id`),
  CONSTRAINT `categories_location_id_foreign` FOREIGN KEY (`location_id`) REFERENCES `locations` (`id`) ON DELETE RESTRICT ON UPDATE CASCADE,
  CONSTRAINT `categories_parent_id_foreign` FOREIGN KEY (`parent_id`) REFERENCES `categories` (`id`) ON DELETE CASCADE
) ENGINE=InnoDB AUTO_INCREMENT=85 DEFAULT CHARSET=utf8mb4 COLLATE=utf8mb4_unicode_ci;
/*!40101 SET character_set_client = @saved_cs_client */;

--
-- Dumping data for table `categories`
--

LOCK TABLES `categories` WRITE;
/*!40000 ALTER TABLE `categories` DISABLE KEYS */;
INSERT INTO `categories` VALUES (1,1,NULL,'appetizers',1,1,NULL,'2025-10-22 23:42:00','2025-10-22 23:42:00',NULL),(2,1,NULL,'main-dishes',2,1,'https://images.unsplash.com/photo-1546833999-b9f581a1996d?w=400&h=300&fit=crop','2025-10-22 23:42:00','2025-10-22 23:42:00',NULL),(3,1,NULL,'soups-salads',3,1,'https://images.unsplash.com/photo-1547592180-85f173990554?w=400&h=300&fit=crop','2025-10-22 23:42:00','2025-10-22 23:42:00',NULL),(4,1,NULL,'desserts',4,1,'https://images.unsplash.com/photo-1551024506-0bccd828d307?w=400&h=300&fit=crop','2025-10-22 23:42:00','2025-10-22 23:42:00',NULL),(5,1,NULL,'beverages',5,1,'https://images.unsplash.com/photo-1544145945-f90425340c7e?w=400&h=300&fit=crop','2025-10-22 23:42:00','2025-10-22 23:42:00',NULL),(6,1,1,'hot-appetizers',1,1,NULL,'2025-10-22 23:42:00','2025-10-22 23:42:00',NULL),(7,1,1,'cold-appetizers',2,1,NULL,'2025-10-22 23:42:00','2025-10-22 23:42:00',NULL),(8,1,1,'sharing-platters',3,1,NULL,'2025-10-22 23:42:00','2025-10-22 23:42:00',NULL),(9,1,2,'grilled-specialties',1,1,NULL,'2025-10-22 23:42:00','2025-10-22 23:42:00',NULL),(10,1,2,'pasta-noodles',2,1,NULL,'2025-10-22 23:42:00','2025-10-22 23:42:00',NULL),(11,1,2,'seafood',3,1,NULL,'2025-10-22 23:42:00','2025-10-22 23:42:00',NULL),(12,1,2,'vegetarian',4,1,NULL,'2025-10-22 23:42:00','2025-10-22 23:42:00',NULL),(13,1,3,'traditional-soups',1,1,NULL,'2025-10-22 23:42:00','2025-10-22 23:42:00',NULL),(14,1,3,'fresh-salads',2,1,NULL,'2025-10-22 23:42:00','2025-10-22 23:42:00',NULL),(15,1,4,'traditional-desserts',1,1,NULL,'2025-10-22 23:42:00','2025-10-22 23:42:00',NULL),(16,1,4,'ice-cream',2,1,NULL,'2025-10-22 23:42:00','2025-10-22 23:42:00',NULL),(17,1,4,'cakes-pastries',3,1,NULL,'2025-10-22 23:42:00','2025-10-22 23:42:00',NULL),(18,1,5,'hot-beverages',1,1,NULL,'2025-10-22 23:42:00','2025-10-22 23:42:00',NULL),(19,1,5,'cold-beverages',2,1,NULL,'2025-10-22 23:42:00','2025-10-22 23:42:00',NULL),(20,1,5,'fresh-juices',3,1,NULL,'2025-10-22 23:42:00','2025-10-22 23:42:00',NULL),(21,1,5,'alcoholic-beverages',4,1,NULL,'2025-10-22 23:42:00','2025-10-22 23:42:00',NULL),(22,2,NULL,'appetizers',1,1,NULL,'2025-10-22 23:42:00','2025-10-22 23:42:00',NULL),(23,2,NULL,'main-dishes',2,1,'https://images.unsplash.com/photo-1546833999-b9f581a1996d?w=400&h=300&fit=crop','2025-10-22 23:42:00','2025-10-22 23:42:00',NULL),(24,2,NULL,'soups-salads',3,1,'https://images.unsplash.com/photo-1547592180-85f173990554?w=400&h=300&fit=crop','2025-10-22 23:42:00','2025-10-22 23:42:00',NULL),(25,2,NULL,'desserts',4,1,'https://images.unsplash.com/photo-1551024506-0bccd828d307?w=400&h=300&fit=crop','2025-10-22 23:42:00','2025-10-22 23:42:00',NULL),(26,2,NULL,'beverages',5,1,'https://images.unsplash.com/photo-1544145945-f90425340c7e?w=400&h=300&fit=crop','2025-10-22 23:42:00','2025-10-22 23:42:00',NULL),(27,2,22,'hot-appetizers',1,1,NULL,'2025-10-22 23:42:00','2025-10-22 23:42:00',NULL),(28,2,22,'cold-appetizers',2,1,NULL,'2025-10-22 23:42:00','2025-10-22 23:42:00',NULL),(29,2,22,'sharing-platters',3,1,NULL,'2025-10-22 23:42:00','2025-10-22 23:42:00',NULL),(30,2,23,'grilled-specialties',1,1,NULL,'2025-10-22 23:42:00','2025-10-22 23:42:00',NULL),(31,2,23,'pasta-noodles',2,1,NULL,'2025-10-22 23:42:00','2025-10-22 23:42:00',NULL),(32,2,23,'seafood',3,1,NULL,'2025-10-22 23:42:00','2025-10-22 23:42:00',NULL),(33,2,23,'vegetarian',4,1,NULL,'2025-10-22 23:42:00','2025-10-22 23:42:00',NULL),(34,2,24,'traditional-soups',1,1,NULL,'2025-10-22 23:42:00','2025-10-22 23:42:00',NULL),(35,2,24,'fresh-salads',2,1,NULL,'2025-10-22 23:42:00','2025-10-22 23:42:00',NULL),(36,2,25,'traditional-desserts',1,1,NULL,'2025-10-22 23:42:00','2025-10-22 23:42:00',NULL),(37,2,25,'ice-cream',2,1,NULL,'2025-10-22 23:42:00','2025-10-22 23:42:00',NULL),(38,2,25,'cakes-pastries',3,1,NULL,'2025-10-22 23:42:00','2025-10-22 23:42:00',NULL),(39,2,26,'hot-beverages',1,1,NULL,'2025-10-22 23:42:00','2025-10-22 23:42:00',NULL),(40,2,26,'cold-beverages',2,1,NULL,'2025-10-22 23:42:00','2025-10-22 23:42:00',NULL),(41,2,26,'fresh-juices',3,1,NULL,'2025-10-22 23:42:00','2025-10-22 23:42:00',NULL),(42,2,26,'alcoholic-beverages',4,1,NULL,'2025-10-22 23:42:00','2025-10-22 23:42:00',NULL),(43,3,NULL,'appetizers',1,1,NULL,'2025-10-22 23:42:00','2025-10-22 23:42:00',NULL),(44,3,NULL,'main-dishes',2,1,'https://images.unsplash.com/photo-1546833999-b9f581a1996d?w=400&h=300&fit=crop','2025-10-22 23:42:00','2025-10-22 23:42:00',NULL),(45,3,NULL,'soups-salads',3,1,'https://images.unsplash.com/photo-1547592180-85f173990554?w=400&h=300&fit=crop','2025-10-22 23:42:00','2025-10-22 23:42:00',NULL),(46,3,NULL,'desserts',4,1,'https://images.unsplash.com/photo-1551024506-0bccd828d307?w=400&h=300&fit=crop','2025-10-22 23:42:00','2025-10-22 23:42:00',NULL),(47,3,NULL,'beverages',5,1,'https://images.unsplash.com/photo-1544145945-f90425340c7e?w=400&h=300&fit=crop','2025-10-22 23:42:00','2025-10-22 23:42:00',NULL),(48,3,43,'hot-appetizers',1,1,NULL,'2025-10-22 23:42:00','2025-10-22 23:42:00',NULL),(49,3,43,'cold-appetizers',2,1,NULL,'2025-10-22 23:42:00','2025-10-22 23:42:00',NULL),(50,3,43,'sharing-platters',3,1,NULL,'2025-10-22 23:42:00','2025-10-22 23:42:00',NULL),(51,3,44,'grilled-specialties',1,1,NULL,'2025-10-22 23:42:00','2025-10-22 23:42:00',NULL),(52,3,44,'pasta-noodles',2,1,NULL,'2025-10-22 23:42:00','2025-10-22 23:42:00',NULL),(53,3,44,'seafood',3,1,NULL,'2025-10-22 23:42:00','2025-10-22 23:42:00',NULL),(54,3,44,'vegetarian',4,1,NULL,'2025-10-22 23:42:00','2025-10-22 23:42:00',NULL),(55,3,45,'traditional-soups',1,1,NULL,'2025-10-22 23:42:00','2025-10-22 23:42:00',NULL),(56,3,45,'fresh-salads',2,1,NULL,'2025-10-22 23:42:00','2025-10-22 23:42:00',NULL),(57,3,46,'traditional-desserts',1,1,NULL,'2025-10-22 23:42:00','2025-10-22 23:42:00',NULL),(58,3,46,'ice-cream',2,1,NULL,'2025-10-22 23:42:00','2025-10-22 23:42:00',NULL),(59,3,46,'cakes-pastries',3,1,NULL,'2025-10-22 23:42:00','2025-10-22 23:42:00',NULL),(60,3,47,'hot-beverages',1,1,NULL,'2025-10-22 23:42:00','2025-10-22 23:42:00',NULL),(61,3,47,'cold-beverages',2,1,NULL,'2025-10-22 23:42:00','2025-10-22 23:42:00',NULL),(62,3,47,'fresh-juices',3,1,NULL,'2025-10-22 23:42:00','2025-10-22 23:42:00',NULL),(63,3,47,'alcoholic-beverages',4,1,NULL,'2025-10-22 23:42:00','2025-10-22 23:42:00',NULL),(64,4,NULL,'appetizers',1,1,NULL,'2025-10-22 23:42:00','2025-10-22 23:42:00',NULL),(65,4,NULL,'main-dishes',2,1,'https://images.unsplash.com/photo-1546833999-b9f581a1996d?w=400&h=300&fit=crop','2025-10-22 23:42:00','2025-10-22 23:42:00',NULL),(66,4,NULL,'soups-salads',3,1,'https://images.unsplash.com/photo-1547592180-85f173990554?w=400&h=300&fit=crop','2025-10-22 23:42:00','2025-10-22 23:42:00',NULL),(67,4,NULL,'desserts',4,1,'https://images.unsplash.com/photo-1551024506-0bccd828d307?w=400&h=300&fit=crop','2025-10-22 23:42:00','2025-10-22 23:42:00',NULL),(68,4,NULL,'beverages',5,1,'https://images.unsplash.com/photo-1544145945-f90425340c7e?w=400&h=300&fit=crop','2025-10-22 23:42:00','2025-10-22 23:42:00',NULL),(69,4,64,'hot-appetizers',1,1,NULL,'2025-10-22 23:42:00','2025-10-22 23:42:00',NULL),(70,4,64,'cold-appetizers',2,1,NULL,'2025-10-22 23:42:00','2025-10-22 23:42:00',NULL),(71,4,64,'sharing-platters',3,1,NULL,'2025-10-22 23:42:00','2025-10-22 23:42:00',NULL),(72,4,65,'grilled-specialties',1,1,NULL,'2025-10-22 23:42:00','2025-10-22 23:42:00',NULL),(73,4,65,'pasta-noodles',2,1,NULL,'2025-10-22 23:42:00','2025-10-22 23:42:00',NULL),(74,4,65,'seafood',3,1,NULL,'2025-10-22 23:42:00','2025-10-22 23:42:00',NULL),(75,4,65,'vegetarian',4,1,NULL,'2025-10-22 23:42:00','2025-10-22 23:42:00',NULL),(76,4,66,'traditional-soups',1,1,NULL,'2025-10-22 23:42:00','2025-10-22 23:42:00',NULL),(77,4,66,'fresh-salads',2,1,NULL,'2025-10-22 23:42:00','2025-10-22 23:42:00',NULL),(78,4,67,'traditional-desserts',1,1,NULL,'2025-10-22 23:42:00','2025-10-22 23:42:00',NULL),(79,4,67,'ice-cream',2,1,NULL,'2025-10-22 23:42:00','2025-10-22 23:42:00',NULL),(80,4,67,'cakes-pastries',3,1,NULL,'2025-10-22 23:42:00','2025-10-22 23:42:00',NULL),(81,4,68,'hot-beverages',1,1,NULL,'2025-10-22 23:42:00','2025-10-22 23:42:00',NULL),(82,4,68,'cold-beverages',2,1,NULL,'2025-10-22 23:42:00','2025-10-22 23:42:00',NULL),(83,4,68,'fresh-juices',3,1,NULL,'2025-10-22 23:42:00','2025-10-22 23:42:00',NULL),(84,4,68,'alcoholic-beverages',4,1,NULL,'2025-10-22 23:42:00','2025-10-22 23:42:00',NULL);
/*!40000 ALTER TABLE `categories` ENABLE KEYS */;
UNLOCK TABLES;

--
-- Table structure for table `category_translations`
--

DROP TABLE IF EXISTS `category_translations`;
/*!40101 SET @saved_cs_client     = @@character_set_client */;
/*!50503 SET character_set_client = utf8mb4 */;
CREATE TABLE `category_translations` (
  `id` bigint unsigned NOT NULL AUTO_INCREMENT,
  `category_id` bigint unsigned NOT NULL,
  `locale` varchar(10) COLLATE utf8mb4_unicode_ci NOT NULL,
  `name` varchar(150) COLLATE utf8mb4_unicode_ci NOT NULL,
  `description` text COLLATE utf8mb4_unicode_ci,
  `created_at` timestamp NULL DEFAULT NULL,
  `updated_at` timestamp NULL DEFAULT NULL,
  PRIMARY KEY (`id`),
  UNIQUE KEY `category_translations_category_id_locale_unique` (`category_id`,`locale`),
  KEY `category_translations_locale_index` (`locale`),
  CONSTRAINT `category_translations_category_id_foreign` FOREIGN KEY (`category_id`) REFERENCES `categories` (`id`) ON DELETE CASCADE ON UPDATE CASCADE
) ENGINE=InnoDB AUTO_INCREMENT=169 DEFAULT CHARSET=utf8mb4 COLLATE=utf8mb4_unicode_ci;
/*!40101 SET character_set_client = @saved_cs_client */;

--
-- Dumping data for table `category_translations`
--

LOCK TABLES `category_translations` WRITE;
/*!40000 ALTER TABLE `category_translations` DISABLE KEYS */;
INSERT INTO `category_translations` VALUES (1,1,'en','Appetizers','Start your meal with our delicious appetizers','2025-10-22 23:42:00','2025-10-22 23:42:00'),(2,1,'km','ម្ហូបបំប៉ន','ចាប់ផ្តើមអាហារដោយម្ហូបបំប៉នឆ្ងាញ់របស់យើង','2025-10-22 23:42:00','2025-10-22 23:42:00'),(3,18,'en','Hot Beverages','Warm drinks to comfort you','2025-10-22 23:42:00','2025-10-22 23:42:00'),(4,18,'km','ភេសជ្ជៈក្តៅ','ភេសជ្ជៈក្តៅៗធ្វើឱ្យស្រួល','2025-10-22 23:42:00','2025-10-22 23:42:00'),(5,43,'en','Appetizers','Start your meal with our delicious appetizers','2025-10-22 23:42:00','2025-10-22 23:42:00'),(6,43,'km','ម្ហូបបំប៉ន','ចាប់ផ្តើមអាហារដោយម្ហូបបំប៉នឆ្ងាញ់របស់យើង','2025-10-22 23:42:00','2025-10-22 23:42:00'),(7,51,'en','Grilled Specialties','Expertly grilled to perfection','2025-10-22 23:42:00','2025-10-22 23:42:00'),(8,51,'km','ម្ហូបអាំងពិសេស','អាំងដោយជំនាញឱ្យបានល្អឥតខ្ចោះ','2025-10-22 23:42:00','2025-10-22 23:42:00'),(9,55,'en','Traditional Soups','Authentic local soup recipes','2025-10-22 23:42:00','2025-10-22 23:42:00'),(10,55,'km','ស៊ុបប្រពៃណី','រូបមន្តស៊ុបក្នុងស្រុកពិតប្រាកដ','2025-10-22 23:42:00','2025-10-22 23:42:00'),(11,6,'en','Hot Appetizers','Warm and savory starters','2025-10-22 23:42:00','2025-10-22 23:42:00'),(12,6,'km','ម្ហូបបំប៉នក្តៅ','ម្ហូបបំប៉នក្តៅៗឆ្ងាញ់','2025-10-22 23:42:00','2025-10-22 23:42:00'),(13,13,'en','Traditional Soups','Authentic local soup recipes','2025-10-22 23:42:00','2025-10-22 23:42:00'),(14,13,'km','ស៊ុបប្រពៃណី','រូបមន្តស៊ុបក្នុងស្រុកពិតប្រាកដ','2025-10-22 23:42:00','2025-10-22 23:42:00'),(15,34,'en','Traditional Soups','Authentic local soup recipes','2025-10-22 23:42:00','2025-10-22 23:42:00'),(16,34,'km','ស៊ុបប្រពៃណី','រូបមន្តស៊ុបក្នុងស្រុកពិតប្រាកដ','2025-10-22 23:42:00','2025-10-22 23:42:00'),(17,9,'en','Grilled Specialties','Expertly grilled to perfection','2025-10-22 23:42:00','2025-10-22 23:42:00'),(18,9,'km','ម្ហូបអាំងពិសេស','អាំងដោយជំនាញឱ្យបានល្អឥតខ្ចោះ','2025-10-22 23:42:00','2025-10-22 23:42:00'),(19,15,'en','Traditional Desserts','Classic Cambodian sweets','2025-10-22 23:42:00','2025-10-22 23:42:00'),(20,15,'km','បង្អែមប្រពៃណី','បង្អែមកម្ពុជាបុរាណ','2025-10-22 23:42:00','2025-10-22 23:42:00'),(21,22,'en','Appetizers','Start your meal with our delicious appetizers','2025-10-22 23:42:00','2025-10-22 23:42:00'),(22,22,'km','ម្ហូបបំប៉ន','ចាប់ផ្តើមអាហារដោយម្ហូបបំប៉នឆ្ងាញ់របស់យើង','2025-10-22 23:42:00','2025-10-22 23:42:00'),(23,36,'en','Traditional Desserts','Classic Cambodian sweets','2025-10-22 23:42:00','2025-10-22 23:42:00'),(24,36,'km','បង្អែមប្រពៃណី','បង្អែមកម្ពុជាបុរាណ','2025-10-22 23:42:00','2025-10-22 23:42:00'),(25,48,'en','Hot Appetizers','Warm and savory starters','2025-10-22 23:42:00','2025-10-22 23:42:00'),(26,48,'km','ម្ហូបបំប៉នក្តៅ','ម្ហូបបំប៉នក្តៅៗឆ្ងាញ់','2025-10-22 23:42:00','2025-10-22 23:42:00'),(27,27,'en','Hot Appetizers','Warm and savory starters','2025-10-22 23:42:00','2025-10-22 23:42:00'),(28,27,'km','ម្ហូបបំប៉នក្តៅ','ម្ហូបបំប៉នក្តៅៗឆ្ងាញ់','2025-10-22 23:42:00','2025-10-22 23:42:00'),(29,39,'en','Hot Beverages','Warm drinks to comfort you','2025-10-22 23:42:00','2025-10-22 23:42:00'),(30,39,'km','ភេសជ្ជៈក្តៅ','ភេសជ្ជៈក្តៅៗធ្វើឱ្យស្រួល','2025-10-22 23:42:00','2025-10-22 23:42:00'),(31,30,'en','Grilled Specialties','Expertly grilled to perfection','2025-10-22 23:42:00','2025-10-22 23:42:00'),(32,30,'km','ម្ហូបអាំងពិសេស','អាំងដោយជំនាញឱ្យបានល្អឥតខ្ចោះ','2025-10-22 23:42:00','2025-10-22 23:42:00'),(33,57,'en','Traditional Desserts','Classic Cambodian sweets','2025-10-22 23:42:00','2025-10-22 23:42:00'),(34,57,'km','បង្អែមប្រពៃណី','បង្អែមកម្ពុជាបុរាណ','2025-10-22 23:42:00','2025-10-22 23:42:00'),(35,60,'en','Hot Beverages','Warm drinks to comfort you','2025-10-22 23:42:00','2025-10-22 23:42:00'),(36,60,'km','ភេសជ្ជៈក្តៅ','ភេសជ្ជៈក្តៅៗធ្វើឱ្យស្រួល','2025-10-22 23:42:00','2025-10-22 23:42:00'),(37,64,'en','Appetizers','Start your meal with our delicious appetizers','2025-10-22 23:42:00','2025-10-22 23:42:00'),(38,64,'km','ម្ហូបបំប៉ន','ចាប់ផ្តើមអាហារដោយម្ហូបបំប៉នឆ្ងាញ់របស់យើង','2025-10-22 23:42:00','2025-10-22 23:42:00'),(39,69,'en','Hot Appetizers','Warm and savory starters','2025-10-22 23:42:00','2025-10-22 23:42:00'),(40,69,'km','ម្ហូបបំប៉នក្តៅ','ម្ហូបបំប៉នក្តៅៗឆ្ងាញ់','2025-10-22 23:42:00','2025-10-22 23:42:00'),(41,72,'en','Grilled Specialties','Expertly grilled to perfection','2025-10-22 23:42:00','2025-10-22 23:42:00'),(42,72,'km','ម្ហូបអាំងពិសេស','អាំងដោយជំនាញឱ្យបានល្អឥតខ្ចោះ','2025-10-22 23:42:00','2025-10-22 23:42:00'),(43,76,'en','Traditional Soups','Authentic local soup recipes','2025-10-22 23:42:00','2025-10-22 23:42:00'),(44,76,'km','ស៊ុបប្រពៃណី','រូបមន្តស៊ុបក្នុងស្រុកពិតប្រាកដ','2025-10-22 23:42:00','2025-10-22 23:42:00'),(45,78,'en','Traditional Desserts','Classic Cambodian sweets','2025-10-22 23:42:00','2025-10-22 23:42:00'),(46,78,'km','បង្អែមប្រពៃណី','បង្អែមកម្ពុជាបុរាណ','2025-10-22 23:42:00','2025-10-22 23:42:00'),(47,81,'en','Hot Beverages','Warm drinks to comfort you','2025-10-22 23:42:00','2025-10-22 23:42:00'),(48,81,'km','ភេសជ្ជៈក្តៅ','ភេសជ្ជៈក្តៅៗធ្វើឱ្យស្រួល','2025-10-22 23:42:00','2025-10-22 23:42:00'),(49,49,'en','Cold Appetizers','Fresh and light starters','2025-10-22 23:42:00','2025-10-22 23:42:00'),(50,49,'km','ម្ហូបបំប៉នត្រជាក់','ម្ហូបបំប៉នស្រស់និងស្រាល','2025-10-22 23:42:00','2025-10-22 23:42:00'),(51,2,'en','Main Dishes','Hearty and satisfying main courses','2025-10-22 23:42:00','2025-10-22 23:42:00'),(52,2,'km','ម្ហូបចម្បង','ម្ហូបចម្បងឆ្ងាញ់និងធ្វើឱ្យឆ្អែត','2025-10-22 23:42:00','2025-10-22 23:42:00'),(53,56,'en','Fresh Salads','Crisp and healthy salad options','2025-10-22 23:42:00','2025-10-22 23:42:00'),(54,56,'km','សាឡាត់ស្រស់','ជម្រើសសាឡាត់ស្រស់និងមានសុខភាពល្អ','2025-10-22 23:42:00','2025-10-22 23:42:00'),(55,28,'en','Cold Appetizers','Fresh and light starters','2025-10-22 23:42:00','2025-10-22 23:42:00'),(56,28,'km','ម្ហូបបំប៉នត្រជាក់','ម្ហូបបំប៉នស្រស់និងស្រាល','2025-10-22 23:42:00','2025-10-22 23:42:00'),(57,10,'en','Pasta & Noodles','Italian and Asian noodle dishes','2025-10-22 23:42:00','2025-10-22 23:42:00'),(58,10,'km','ប៉ាស្តា និង មី','ម្ហូបមីអ៊ីតាលី និង អាស៊ី','2025-10-22 23:42:00','2025-10-22 23:42:00'),(59,35,'en','Fresh Salads','Crisp and healthy salad options','2025-10-22 23:42:00','2025-10-22 23:42:00'),(60,35,'km','សាឡាត់ស្រស់','ជម្រើសសាឡាត់ស្រស់និងមានសុខភាពល្អ','2025-10-22 23:42:00','2025-10-22 23:42:00'),(61,31,'en','Pasta & Noodles','Italian and Asian noodle dishes','2025-10-22 23:42:00','2025-10-22 23:42:00'),(62,31,'km','ប៉ាស្តា និង មី','ម្ហូបមីអ៊ីតាលី និង អាស៊ី','2025-10-22 23:42:00','2025-10-22 23:42:00'),(63,40,'en','Cold Beverages','Refreshing cold drinks','2025-10-22 23:42:00','2025-10-22 23:42:00'),(64,40,'km','ភេសជ្ជៈត្រជាក់','ភេសជ្ជៈត្រជាក់ធ្វើឱ្យស្រស់','2025-10-22 23:42:00','2025-10-22 23:42:00'),(65,52,'en','Pasta & Noodles','Italian and Asian noodle dishes','2025-10-22 23:42:00','2025-10-22 23:42:00'),(66,52,'km','ប៉ាស្តា និង មី','ម្ហូបមីអ៊ីតាលី និង អាស៊ី','2025-10-22 23:42:00','2025-10-22 23:42:00'),(67,58,'en','Ice Cream','Cool and creamy treats','2025-10-22 23:42:00','2025-10-22 23:42:00'),(68,58,'km','ការ៉េម','បង្អែមត្រជាក់និងក្រែម','2025-10-22 23:42:00','2025-10-22 23:42:00'),(69,7,'en','Cold Appetizers','Fresh and light starters','2025-10-22 23:42:00','2025-10-22 23:42:00'),(70,7,'km','ម្ហូបបំប៉នត្រជាក់','ម្ហូបបំប៉នស្រស់និងស្រាល','2025-10-22 23:42:00','2025-10-22 23:42:00'),(71,61,'en','Cold Beverages','Refreshing cold drinks','2025-10-22 23:42:00','2025-10-22 23:42:00'),(72,61,'km','ភេសជ្ជៈត្រជាក់','ភេសជ្ជៈត្រជាក់ធ្វើឱ្យស្រស់','2025-10-22 23:42:00','2025-10-22 23:42:00'),(73,14,'en','Fresh Salads','Crisp and healthy salad options','2025-10-22 23:42:00','2025-10-22 23:42:00'),(74,14,'km','សាឡាត់ស្រស់','ជម្រើសសាឡាត់ស្រស់និងមានសុខភាពល្អ','2025-10-22 23:42:00','2025-10-22 23:42:00'),(75,65,'en','Main Dishes','Hearty and satisfying main courses','2025-10-22 23:42:00','2025-10-22 23:42:00'),(76,65,'km','ម្ហូបចម្បង','ម្ហូបចម្បងឆ្ងាញ់និងធ្វើឱ្យឆ្អែត','2025-10-22 23:42:00','2025-10-22 23:42:00'),(77,16,'en','Ice Cream','Cool and creamy treats','2025-10-22 23:42:00','2025-10-22 23:42:00'),(78,16,'km','ការ៉េម','បង្អែមត្រជាក់និងក្រែម','2025-10-22 23:42:00','2025-10-22 23:42:00'),(79,70,'en','Cold Appetizers','Fresh and light starters','2025-10-22 23:42:00','2025-10-22 23:42:00'),(80,70,'km','ម្ហូបបំប៉នត្រជាក់','ម្ហូបបំប៉នស្រស់និងស្រាល','2025-10-22 23:42:00','2025-10-22 23:42:00'),(81,19,'en','Cold Beverages','Refreshing cold drinks','2025-10-22 23:42:00','2025-10-22 23:42:00'),(82,19,'km','ភេសជ្ជៈត្រជាក់','ភេសជ្ជៈត្រជាក់ធ្វើឱ្យស្រស់','2025-10-22 23:42:00','2025-10-22 23:42:00'),(83,73,'en','Pasta & Noodles','Italian and Asian noodle dishes','2025-10-22 23:42:00','2025-10-22 23:42:00'),(84,73,'km','ប៉ាស្តា និង មី','ម្ហូបមីអ៊ីតាលី និង អាស៊ី','2025-10-22 23:42:00','2025-10-22 23:42:00'),(85,37,'en','Ice Cream','Cool and creamy treats','2025-10-22 23:42:00','2025-10-22 23:42:00'),(86,37,'km','ការ៉េម','បង្អែមត្រជាក់និងក្រែម','2025-10-22 23:42:00','2025-10-22 23:42:00'),(87,77,'en','Fresh Salads','Crisp and healthy salad options','2025-10-22 23:42:00','2025-10-22 23:42:00'),(88,77,'km','សាឡាត់ស្រស់','ជម្រើសសាឡាត់ស្រស់និងមានសុខភាពល្អ','2025-10-22 23:42:00','2025-10-22 23:42:00'),(89,23,'en','Main Dishes','Hearty and satisfying main courses','2025-10-22 23:42:00','2025-10-22 23:42:00'),(90,23,'km','ម្ហូបចម្បង','ម្ហូបចម្បងឆ្ងាញ់និងធ្វើឱ្យឆ្អែត','2025-10-22 23:42:00','2025-10-22 23:42:00'),(91,79,'en','Ice Cream','Cool and creamy treats','2025-10-22 23:42:00','2025-10-22 23:42:00'),(92,79,'km','ការ៉េម','បង្អែមត្រជាក់និងក្រែម','2025-10-22 23:42:00','2025-10-22 23:42:00'),(93,44,'en','Main Dishes','Hearty and satisfying main courses','2025-10-22 23:42:00','2025-10-22 23:42:00'),(94,44,'km','ម្ហូបចម្បង','ម្ហូបចម្បងឆ្ងាញ់និងធ្វើឱ្យឆ្អែត','2025-10-22 23:42:00','2025-10-22 23:42:00'),(95,82,'en','Cold Beverages','Refreshing cold drinks','2025-10-22 23:42:00','2025-10-22 23:42:00'),(96,82,'km','ភេសជ្ជៈត្រជាក់','ភេសជ្ជៈត្រជាក់ធ្វើឱ្យស្រស់','2025-10-22 23:42:00','2025-10-22 23:42:00'),(97,11,'en','Seafood','Fresh from the ocean','2025-10-22 23:42:00','2025-10-22 23:42:00'),(98,11,'km','អាហារសមុទ្រ','ស្រស់ពីសមុទ្រ','2025-10-22 23:42:00','2025-10-22 23:42:00'),(99,17,'en','Cakes & Pastries','Freshly baked sweet treats','2025-10-22 23:42:00','2025-10-22 23:42:00'),(100,17,'km','នំកេក និង នំបុ័ង','បង្អែមដុតស្រស់','2025-10-22 23:42:00','2025-10-22 23:42:00'),(101,62,'en','Fresh Juices','Freshly squeezed fruit juices','2025-10-22 23:42:00','2025-10-22 23:42:00'),(102,62,'km','ទឹកផ្លែឈើស្រស់','ទឹកផ្លែឈើច្របាច់ស្រស់','2025-10-22 23:42:00','2025-10-22 23:42:00'),(103,20,'en','Fresh Juices','Freshly squeezed fruit juices','2025-10-22 23:42:00','2025-10-22 23:42:00'),(104,20,'km','ទឹកផ្លែឈើស្រស់','ទឹកផ្លែឈើច្របាច់ស្រស់','2025-10-22 23:42:00','2025-10-22 23:42:00'),(105,24,'en','Soups & Salads','Fresh and healthy options','2025-10-22 23:42:00','2025-10-22 23:42:00'),(106,24,'km','ស៊ុប និង សាឡាត់','ជម្រើសស្រស់និងមានសុខភាពល្អ','2025-10-22 23:42:00','2025-10-22 23:42:00'),(107,66,'en','Soups & Salads','Fresh and healthy options','2025-10-22 23:42:00','2025-10-22 23:42:00'),(108,66,'km','ស៊ុប និង សាឡាត់','ជម្រើសស្រស់និងមានសុខភាពល្អ','2025-10-22 23:42:00','2025-10-22 23:42:00'),(109,29,'en','Sharing Platters','Perfect for groups and families','2025-10-22 23:42:00','2025-10-22 23:42:00'),(110,29,'km','ចានចែករំលែក','ល្អឥតខ្ចោះសម្រាប់ក្រុម និង គ្រួសារ','2025-10-22 23:42:00','2025-10-22 23:42:00'),(111,32,'en','Seafood','Fresh from the ocean','2025-10-22 23:42:00','2025-10-22 23:42:00'),(112,32,'km','អាហារសមុទ្រ','ស្រស់ពីសមុទ្រ','2025-10-22 23:42:00','2025-10-22 23:42:00'),(113,71,'en','Sharing Platters','Perfect for groups and families','2025-10-22 23:42:00','2025-10-22 23:42:00'),(114,71,'km','ចានចែករំលែក','ល្អឥតខ្ចោះសម្រាប់ក្រុម និង គ្រួសារ','2025-10-22 23:42:00','2025-10-22 23:42:00'),(115,38,'en','Cakes & Pastries','Freshly baked sweet treats','2025-10-22 23:42:00','2025-10-22 23:42:00'),(116,38,'km','នំកេក និង នំបុ័ង','បង្អែមដុតស្រស់','2025-10-22 23:42:00','2025-10-22 23:42:00'),(117,41,'en','Fresh Juices','Freshly squeezed fruit juices','2025-10-22 23:42:00','2025-10-22 23:42:00'),(118,41,'km','ទឹកផ្លែឈើស្រស់','ទឹកផ្លែឈើច្របាច់ស្រស់','2025-10-22 23:42:00','2025-10-22 23:42:00'),(119,74,'en','Seafood','Fresh from the ocean','2025-10-22 23:42:00','2025-10-22 23:42:00'),(120,74,'km','អាហារសមុទ្រ','ស្រស់ពីសមុទ្រ','2025-10-22 23:42:00','2025-10-22 23:42:00'),(121,53,'en','Seafood','Fresh from the ocean','2025-10-22 23:42:00','2025-10-22 23:42:00'),(122,53,'km','អាហារសមុទ្រ','ស្រស់ពីសមុទ្រ','2025-10-22 23:42:00','2025-10-22 23:42:00'),(123,45,'en','Soups & Salads','Fresh and healthy options','2025-10-22 23:42:00','2025-10-22 23:42:00'),(124,45,'km','ស៊ុប និង សាឡាត់','ជម្រើសស្រស់និងមានសុខភាពល្អ','2025-10-22 23:42:00','2025-10-22 23:42:00'),(125,50,'en','Sharing Platters','Perfect for groups and families','2025-10-22 23:42:00','2025-10-22 23:42:00'),(126,50,'km','ចានចែករំលែក','ល្អឥតខ្ចោះសម្រាប់ក្រុម និង គ្រួសារ','2025-10-22 23:42:00','2025-10-22 23:42:00'),(127,3,'en','Soups & Salads','Fresh and healthy options','2025-10-22 23:42:00','2025-10-22 23:42:00'),(128,3,'km','ស៊ុប និង សាឡាត់','ជម្រើសស្រស់និងមានសុខភាពល្អ','2025-10-22 23:42:00','2025-10-22 23:42:00'),(129,80,'en','Cakes & Pastries','Freshly baked sweet treats','2025-10-22 23:42:00','2025-10-22 23:42:00'),(130,80,'km','នំកេក និង នំបុ័ង','បង្អែមដុតស្រស់','2025-10-22 23:42:00','2025-10-22 23:42:00'),(131,8,'en','Sharing Platters','Perfect for groups and families','2025-10-22 23:42:00','2025-10-22 23:42:00'),(132,8,'km','ចានចែករំលែក','ល្អឥតខ្ចោះសម្រាប់ក្រុម និង គ្រួសារ','2025-10-22 23:42:00','2025-10-22 23:42:00'),(133,59,'en','Cakes & Pastries','Freshly baked sweet treats','2025-10-22 23:42:00','2025-10-22 23:42:00'),(134,59,'km','នំកេក និង នំបុ័ង','បង្អែមដុតស្រស់','2025-10-22 23:42:00','2025-10-22 23:42:00'),(135,83,'en','Fresh Juices','Freshly squeezed fruit juices','2025-10-22 23:42:00','2025-10-22 23:42:00'),(136,83,'km','ទឹកផ្លែឈើស្រស់','ទឹកផ្លែឈើច្របាច់ស្រស់','2025-10-22 23:42:00','2025-10-22 23:42:00'),(137,4,'en','Desserts','Sweet endings to your perfect meal','2025-10-22 23:42:00','2025-10-22 23:42:00'),(138,4,'km','បង្អែម','ការបញ្ចប់ដ៏ផ្អែមនៃអាហារឥតខ្ចោះ','2025-10-22 23:42:00','2025-10-22 23:42:00'),(139,46,'en','Desserts','Sweet endings to your perfect meal','2025-10-22 23:42:00','2025-10-22 23:42:00'),(140,46,'km','បង្អែម','ការបញ្ចប់ដ៏ផ្អែមនៃអាហារឥតខ្ចោះ','2025-10-22 23:42:00','2025-10-22 23:42:00'),(141,25,'en','Desserts','Sweet endings to your perfect meal','2025-10-22 23:42:00','2025-10-22 23:42:00'),(142,25,'km','បង្អែម','ការបញ្ចប់ដ៏ផ្អែមនៃអាហារឥតខ្ចោះ','2025-10-22 23:42:00','2025-10-22 23:42:00'),(143,75,'en','Vegetarian','Plant-based delicious options','2025-10-22 23:42:00','2025-10-22 23:42:00'),(144,75,'km','បួសបរិសុទ្ធ','ជម្រើសឆ្ងាញ់ពីរុក្ខជាតិ','2025-10-22 23:42:00','2025-10-22 23:42:00'),(145,42,'en','Alcoholic Beverages','Wine, beer, and cocktails','2025-10-22 23:42:00','2025-10-22 23:42:00'),(146,42,'km','ភេសជ្ជៈមានជាតិអាល់កុល','ស្រាបៀរ និង ស្រាលាយ','2025-10-22 23:42:00','2025-10-22 23:42:00'),(147,21,'en','Alcoholic Beverages','Wine, beer, and cocktails','2025-10-22 23:42:00','2025-10-22 23:42:00'),(148,21,'km','ភេសជ្ជៈមានជាតិអាល់កុល','ស្រាបៀរ និង ស្រាលាយ','2025-10-22 23:42:00','2025-10-22 23:42:00'),(149,63,'en','Alcoholic Beverages','Wine, beer, and cocktails','2025-10-22 23:42:00','2025-10-22 23:42:00'),(150,63,'km','ភេសជ្ជៈមានជាតិអាល់កុល','ស្រាបៀរ និង ស្រាលាយ','2025-10-22 23:42:00','2025-10-22 23:42:00'),(151,12,'en','Vegetarian','Plant-based delicious options','2025-10-22 23:42:00','2025-10-22 23:42:00'),(152,12,'km','បួសបរិសុទ្ធ','ជម្រើសឆ្ងាញ់ពីរុក្ខជាតិ','2025-10-22 23:42:00','2025-10-22 23:42:00'),(153,33,'en','Vegetarian','Plant-based delicious options','2025-10-22 23:42:00','2025-10-22 23:42:00'),(154,33,'km','បួសបរិសុទ្ធ','ជម្រើសឆ្ងាញ់ពីរុក្ខជាតិ','2025-10-22 23:42:00','2025-10-22 23:42:00'),(155,54,'en','Vegetarian','Plant-based delicious options','2025-10-22 23:42:00','2025-10-22 23:42:00'),(156,54,'km','បួសបរិសុទ្ធ','ជម្រើសឆ្ងាញ់ពីរុក្ខជាតិ','2025-10-22 23:42:00','2025-10-22 23:42:00'),(157,67,'en','Desserts','Sweet endings to your perfect meal','2025-10-22 23:42:00','2025-10-22 23:42:00'),(158,67,'km','បង្អែម','ការបញ្ចប់ដ៏ផ្អែមនៃអាហារឥតខ្ចោះ','2025-10-22 23:42:00','2025-10-22 23:42:00'),(159,84,'en','Alcoholic Beverages','Wine, beer, and cocktails','2025-10-22 23:42:00','2025-10-22 23:42:00'),(160,84,'km','ភេសជ្ជៈមានជាតិអាល់កុល','ស្រាបៀរ និង ស្រាលាយ','2025-10-22 23:42:00','2025-10-22 23:42:00'),(161,5,'en','Beverages','Refreshing drinks for every taste','2025-10-22 23:42:00','2025-10-22 23:42:00'),(162,5,'km','ភេសជ្ជៈ','ភេសជ្ជៈធ្វើឱ្យស្រស់សម្រាប់រសជាតិគ្រប់យ៉ាង','2025-10-22 23:42:00','2025-10-22 23:42:00'),(163,47,'en','Beverages','Refreshing drinks for every taste','2025-10-22 23:42:00','2025-10-22 23:42:00'),(164,47,'km','ភេសជ្ជៈ','ភេសជ្ជៈធ្វើឱ្យស្រស់សម្រាប់រសជាតិគ្រប់យ៉ាង','2025-10-22 23:42:00','2025-10-22 23:42:00'),(165,26,'en','Beverages','Refreshing drinks for every taste','2025-10-22 23:42:00','2025-10-22 23:42:00'),(166,26,'km','ភេសជ្ជៈ','ភេសជ្ជៈធ្វើឱ្យស្រស់សម្រាប់រសជាតិគ្រប់យ៉ាង','2025-10-22 23:42:00','2025-10-22 23:42:00'),(167,68,'en','Beverages','Refreshing drinks for every taste','2025-10-22 23:42:00','2025-10-22 23:42:00'),(168,68,'km','ភេសជ្ជៈ','ភេសជ្ជៈធ្វើឱ្យស្រស់សម្រាប់រសជាតិគ្រប់យ៉ាង','2025-10-22 23:42:00','2025-10-22 23:42:00');
/*!40000 ALTER TABLE `category_translations` ENABLE KEYS */;
UNLOCK TABLES;

--
-- Table structure for table `customer_addresses`
--

DROP TABLE IF EXISTS `customer_addresses`;
/*!40101 SET @saved_cs_client     = @@character_set_client */;
/*!50503 SET character_set_client = utf8mb4 */;
CREATE TABLE `customer_addresses` (
  `id` bigint unsigned NOT NULL AUTO_INCREMENT,
  `customer_id` bigint unsigned NOT NULL,
  `label` varchar(100) COLLATE utf8mb4_unicode_ci NOT NULL,
  `address_line_1` varchar(255) COLLATE utf8mb4_unicode_ci NOT NULL,
  `address_line_2` varchar(255) COLLATE utf8mb4_unicode_ci DEFAULT NULL,
  `city` varchar(120) COLLATE utf8mb4_unicode_ci NOT NULL,
  `province` varchar(120) COLLATE utf8mb4_unicode_ci NOT NULL,
  `postal_code` varchar(20) COLLATE utf8mb4_unicode_ci NOT NULL,
  `latitude` decimal(10,7) DEFAULT NULL,
  `longitude` decimal(10,7) DEFAULT NULL,
  `delivery_instructions` text COLLATE utf8mb4_unicode_ci,
  `created_at` timestamp NULL DEFAULT NULL,
  `updated_at` timestamp NULL DEFAULT NULL,
  PRIMARY KEY (`id`),
  KEY `customer_addresses_customer_id_label_index` (`customer_id`,`label`),
  CONSTRAINT `customer_addresses_customer_id_foreign` FOREIGN KEY (`customer_id`) REFERENCES `customers` (`id`) ON DELETE CASCADE ON UPDATE CASCADE
) ENGINE=InnoDB DEFAULT CHARSET=utf8mb4 COLLATE=utf8mb4_unicode_ci;
/*!40101 SET character_set_client = @saved_cs_client */;

--
-- Dumping data for table `customer_addresses`
--

LOCK TABLES `customer_addresses` WRITE;
/*!40000 ALTER TABLE `customer_addresses` DISABLE KEYS */;
/*!40000 ALTER TABLE `customer_addresses` ENABLE KEYS */;
UNLOCK TABLES;

--
-- Table structure for table `customer_requests`
--

DROP TABLE IF EXISTS `customer_requests`;
/*!40101 SET @saved_cs_client     = @@character_set_client */;
/*!50503 SET character_set_client = utf8mb4 */;
CREATE TABLE `customer_requests` (
  `id` bigint unsigned NOT NULL AUTO_INCREMENT,
  `customer_id` bigint unsigned NOT NULL,
  `type` varchar(255) COLLATE utf8mb4_unicode_ci NOT NULL,
  `subject` varchar(255) COLLATE utf8mb4_unicode_ci NOT NULL,
  `description` text COLLATE utf8mb4_unicode_ci NOT NULL,
  `status` enum('open','in_progress','resolved','closed') COLLATE utf8mb4_unicode_ci NOT NULL DEFAULT 'open',
  `priority` enum('low','medium','high','urgent') COLLATE utf8mb4_unicode_ci NOT NULL DEFAULT 'medium',
  `admin_notes` text COLLATE utf8mb4_unicode_ci,
  `resolution` text COLLATE utf8mb4_unicode_ci,
  `resolved_at` timestamp NULL DEFAULT NULL,
  `created_at` timestamp NULL DEFAULT NULL,
  `updated_at` timestamp NULL DEFAULT NULL,
  `deleted_at` timestamp NULL DEFAULT NULL,
  PRIMARY KEY (`id`),
  KEY `customer_requests_customer_id_foreign` (`customer_id`),
  CONSTRAINT `customer_requests_customer_id_foreign` FOREIGN KEY (`customer_id`) REFERENCES `customers` (`id`) ON DELETE CASCADE
) ENGINE=InnoDB DEFAULT CHARSET=utf8mb4 COLLATE=utf8mb4_unicode_ci;
/*!40101 SET character_set_client = @saved_cs_client */;

--
-- Dumping data for table `customer_requests`
--

LOCK TABLES `customer_requests` WRITE;
/*!40000 ALTER TABLE `customer_requests` DISABLE KEYS */;
/*!40000 ALTER TABLE `customer_requests` ENABLE KEYS */;
UNLOCK TABLES;

--
-- Table structure for table `customers`
--

DROP TABLE IF EXISTS `customers`;
/*!40101 SET @saved_cs_client     = @@character_set_client */;
/*!50503 SET character_set_client = utf8mb4 */;
CREATE TABLE `customers` (
  `id` bigint unsigned NOT NULL AUTO_INCREMENT,
  `customer_code` varchar(255) COLLATE utf8mb4_unicode_ci NOT NULL,
  `loyalty_points` int NOT NULL DEFAULT '0',
  `total_spent` decimal(10,2) NOT NULL DEFAULT '0.00',
  `preferred_language` varchar(255) COLLATE utf8mb4_unicode_ci DEFAULT NULL,
  `dietary_preferences` json DEFAULT NULL,
  `marketing_consent` tinyint(1) NOT NULL DEFAULT '0',
  `user_id` bigint unsigned NOT NULL,
  `preferred_location_id` bigint unsigned DEFAULT NULL,
  `birth_date` date DEFAULT NULL,
  `gender` varchar(20) COLLATE utf8mb4_unicode_ci DEFAULT NULL,
  `preferences` json DEFAULT NULL,
  `points_balance` int NOT NULL DEFAULT '0',
  `notes` text COLLATE utf8mb4_unicode_ci,
  `created_at` timestamp NULL DEFAULT NULL,
  `updated_at` timestamp NULL DEFAULT NULL,
  PRIMARY KEY (`id`),
  UNIQUE KEY `customers_user_id_unique` (`user_id`),
  UNIQUE KEY `customers_customer_code_unique` (`customer_code`),
  KEY `customers_preferred_location_id_index` (`preferred_location_id`),
  CONSTRAINT `customers_preferred_location_id_foreign` FOREIGN KEY (`preferred_location_id`) REFERENCES `locations` (`id`) ON DELETE SET NULL ON UPDATE CASCADE,
  CONSTRAINT `customers_user_id_foreign` FOREIGN KEY (`user_id`) REFERENCES `users` (`id`) ON DELETE CASCADE ON UPDATE CASCADE
) ENGINE=InnoDB AUTO_INCREMENT=26 DEFAULT CHARSET=utf8mb4 COLLATE=utf8mb4_unicode_ci;
/*!40101 SET character_set_client = @saved_cs_client */;

--
-- Dumping data for table `customers`
--

LOCK TABLES `customers` WRITE;
/*!40000 ALTER TABLE `customers` DISABLE KEYS */;
INSERT INTO `customers` VALUES (1,'CUST-68503',40,1673.28,'en',NULL,1,1,4,'1994-03-31','male',NULL,0,NULL,'2025-10-22 23:42:02','2025-10-22 23:42:02'),(2,'CUST-68360',495,148.01,'en',NULL,1,2,4,'1979-09-11','female',NULL,0,NULL,'2025-10-22 23:42:02','2025-10-22 23:42:02'),(3,'CUST-21214',160,1167.13,'en',NULL,0,3,1,'1976-05-11','female',NULL,0,NULL,'2025-10-22 23:42:02','2025-10-22 23:42:02'),(4,'CUST-88477',206,272.12,'km','\"no_spicy\"',1,4,1,'1997-01-03','male',NULL,0,NULL,'2025-10-22 23:42:02','2025-10-22 23:42:02'),(5,'CUST-57411',390,1983.92,'en','\"dairy_free\"',1,5,2,'2005-08-30','male',NULL,0,NULL,'2025-10-22 23:42:02','2025-10-22 23:42:02'),(6,'CUST-16382',401,311.89,'en',NULL,1,6,1,'1981-05-02','male',NULL,0,NULL,'2025-10-22 23:42:02','2025-10-22 23:42:02'),(7,'CUST-78762',57,1091.39,'km','\"dairy_free\"',1,7,2,'1998-10-23','female',NULL,0,NULL,'2025-10-22 23:42:02','2025-10-22 23:42:02'),(8,'CUST-70983',74,1995.95,'en','\"no_spicy\"',0,8,4,'2002-05-19','male',NULL,0,NULL,'2025-10-22 23:42:02','2025-10-22 23:42:02'),(9,'CUST-81455',256,620.87,'en','\"vegan\"',1,9,1,'1959-06-23','male',NULL,0,NULL,'2025-10-22 23:42:02','2025-10-22 23:42:02'),(10,'CUST-89610',129,1595.62,'en',NULL,0,10,2,'1958-06-26','female',NULL,0,NULL,'2025-10-22 23:42:02','2025-10-22 23:42:02'),(11,'CUST-78434',252,755.61,'km','\"no_spicy\"',1,11,2,'1995-10-25','other',NULL,0,NULL,'2025-10-22 23:42:02','2025-10-22 23:42:02'),(12,'CUST-22291',175,860.13,'km','\"vegan\"',0,12,2,'1957-12-09','male',NULL,0,NULL,'2025-10-22 23:42:02','2025-10-22 23:42:02'),(13,'CUST-20595',374,120.86,'en','\"gluten_free\"',1,13,3,'2000-03-31','male',NULL,0,NULL,'2025-10-22 23:42:02','2025-10-22 23:42:02'),(14,'CUST-41487',488,1186.03,'en',NULL,0,14,1,'1967-08-09','male',NULL,0,NULL,'2025-10-22 23:42:02','2025-10-22 23:42:02'),(15,'CUST-57498',179,876.80,'en','\"vegetarian\"',1,15,1,'1977-08-04','other',NULL,0,NULL,'2025-10-22 23:42:02','2025-10-22 23:42:02'),(16,'CUST-84811',48,951.57,'en','\"halal\"',0,16,3,'1970-07-05','female',NULL,0,NULL,'2025-10-22 23:42:02','2025-10-22 23:42:02'),(17,'CUST-47844',227,1601.74,'en','\"no_spicy\"',0,17,3,'2000-02-15','female',NULL,0,NULL,'2025-10-22 23:42:02','2025-10-22 23:42:02'),(18,'CUST-86670',5,1094.62,'km','\"halal\"',0,18,1,'1973-07-31','female',NULL,0,NULL,'2025-10-22 23:42:02','2025-10-22 23:42:02'),(19,'CUST-71218',428,530.01,'en','\"vegan\"',0,19,2,'2002-02-06','other',NULL,0,NULL,'2025-10-22 23:42:02','2025-10-22 23:42:02'),(20,'CUST-70143',271,1096.70,'en',NULL,0,20,3,'2003-01-06','female',NULL,0,NULL,'2025-10-22 23:42:02','2025-10-22 23:42:02'),(21,'CUST-11537',445,1098.25,'en',NULL,1,21,1,'2001-05-16','female',NULL,0,NULL,'2025-10-22 23:42:02','2025-10-22 23:42:02'),(22,'CUST-74983',462,184.49,'km',NULL,1,22,4,'1988-08-02','male',NULL,0,NULL,'2025-10-22 23:42:02','2025-10-22 23:42:02'),(23,'CUST-42677',224,1549.33,'en','\"halal\"',0,23,4,'1956-07-30','other',NULL,0,NULL,'2025-10-22 23:42:02','2025-10-22 23:42:02'),(24,'CUST-17520',461,198.98,'en','\"gluten_free\"',1,24,2,'1988-07-23','other',NULL,0,NULL,'2025-10-22 23:42:02','2025-10-22 23:42:02'),(25,'CUST-54852',74,1761.13,'km',NULL,0,25,1,'1955-12-01','female',NULL,0,NULL,'2025-10-22 23:42:02','2025-10-22 23:42:02');
/*!40000 ALTER TABLE `customers` ENABLE KEYS */;
UNLOCK TABLES;

--
-- Table structure for table `employees`
--

DROP TABLE IF EXISTS `employees`;
/*!40101 SET @saved_cs_client     = @@character_set_client */;
/*!50503 SET character_set_client = utf8mb4 */;
CREATE TABLE `employees` (
  `id` bigint unsigned NOT NULL AUTO_INCREMENT,
  `user_id` bigint unsigned NOT NULL,
  `position_id` bigint unsigned DEFAULT NULL,
  `location_id` bigint unsigned NOT NULL,
  `employee_code` varchar(50) COLLATE utf8mb4_unicode_ci NOT NULL,
  `hire_date` date DEFAULT NULL,
  `salary_type` enum('hourly','monthly') COLLATE utf8mb4_unicode_ci NOT NULL DEFAULT 'monthly',
  `salary` decimal(12,2) DEFAULT NULL,
  `phone` varchar(30) COLLATE utf8mb4_unicode_ci DEFAULT NULL,
  `address` varchar(255) COLLATE utf8mb4_unicode_ci DEFAULT NULL,
  `status` enum('active','inactive','terminated','on_leave') COLLATE utf8mb4_unicode_ci NOT NULL DEFAULT 'active',
  `created_at` timestamp NULL DEFAULT NULL,
  `updated_at` timestamp NULL DEFAULT NULL,
  `deleted_at` timestamp NULL DEFAULT NULL,
  PRIMARY KEY (`id`),
  UNIQUE KEY `employees_location_id_employee_code_unique` (`location_id`,`employee_code`),
  UNIQUE KEY `employees_user_id_unique` (`user_id`),
  KEY `employees_position_id_foreign` (`position_id`),
  KEY `employees_status_index` (`status`),
  CONSTRAINT `employees_location_id_foreign` FOREIGN KEY (`location_id`) REFERENCES `locations` (`id`) ON DELETE RESTRICT ON UPDATE CASCADE,
  CONSTRAINT `employees_position_id_foreign` FOREIGN KEY (`position_id`) REFERENCES `positions` (`id`) ON DELETE SET NULL ON UPDATE CASCADE,
  CONSTRAINT `employees_user_id_foreign` FOREIGN KEY (`user_id`) REFERENCES `users` (`id`) ON DELETE CASCADE ON UPDATE CASCADE
) ENGINE=InnoDB DEFAULT CHARSET=utf8mb4 COLLATE=utf8mb4_unicode_ci;
/*!40101 SET character_set_client = @saved_cs_client */;

--
-- Dumping data for table `employees`
--

LOCK TABLES `employees` WRITE;
/*!40000 ALTER TABLE `employees` DISABLE KEYS */;
/*!40000 ALTER TABLE `employees` ENABLE KEYS */;
UNLOCK TABLES;

--
-- Table structure for table `expense_categories`
--

DROP TABLE IF EXISTS `expense_categories`;
/*!40101 SET @saved_cs_client     = @@character_set_client */;
/*!50503 SET character_set_client = utf8mb4 */;
CREATE TABLE `expense_categories` (
  `id` bigint unsigned NOT NULL AUTO_INCREMENT,
  `location_id` bigint unsigned NOT NULL,
  `name` varchar(120) COLLATE utf8mb4_unicode_ci NOT NULL,
  `description` varchar(255) COLLATE utf8mb4_unicode_ci DEFAULT NULL,
  `is_active` tinyint(1) NOT NULL DEFAULT '1',
  `created_at` timestamp NULL DEFAULT NULL,
  `updated_at` timestamp NULL DEFAULT NULL,
  PRIMARY KEY (`id`),
  KEY `expense_categories_location_id_foreign` (`location_id`),
  KEY `expense_categories_is_active_index` (`is_active`),
  CONSTRAINT `expense_categories_location_id_foreign` FOREIGN KEY (`location_id`) REFERENCES `locations` (`id`) ON DELETE CASCADE ON UPDATE CASCADE
) ENGINE=InnoDB DEFAULT CHARSET=utf8mb4 COLLATE=utf8mb4_unicode_ci;
/*!40101 SET character_set_client = @saved_cs_client */;

--
-- Dumping data for table `expense_categories`
--

LOCK TABLES `expense_categories` WRITE;
/*!40000 ALTER TABLE `expense_categories` DISABLE KEYS */;
/*!40000 ALTER TABLE `expense_categories` ENABLE KEYS */;
UNLOCK TABLES;

--
-- Table structure for table `expenses`
--

DROP TABLE IF EXISTS `expenses`;
/*!40101 SET @saved_cs_client     = @@character_set_client */;
/*!50503 SET character_set_client = utf8mb4 */;
CREATE TABLE `expenses` (
  `id` bigint unsigned NOT NULL AUTO_INCREMENT,
  `location_id` bigint unsigned NOT NULL,
  `expense_category_id` bigint unsigned NOT NULL,
  `created_by` bigint unsigned DEFAULT NULL,
  `expense_date` date NOT NULL,
  `amount` decimal(12,2) NOT NULL,
  `currency` varchar(3) COLLATE utf8mb4_unicode_ci NOT NULL DEFAULT 'USD',
  `vendor_name` varchar(150) COLLATE utf8mb4_unicode_ci DEFAULT NULL,
  `reference` varchar(100) COLLATE utf8mb4_unicode_ci DEFAULT NULL,
  `description` text COLLATE utf8mb4_unicode_ci,
  `attachment_path` varchar(255) COLLATE utf8mb4_unicode_ci DEFAULT NULL,
  `status` enum('draft','approved','paid','voided') COLLATE utf8mb4_unicode_ci NOT NULL DEFAULT 'approved',
  `created_at` timestamp NULL DEFAULT NULL,
  `updated_at` timestamp NULL DEFAULT NULL,
  PRIMARY KEY (`id`),
  KEY `expenses_location_id_foreign` (`location_id`),
  KEY `expenses_expense_category_id_foreign` (`expense_category_id`),
  KEY `expenses_created_by_foreign` (`created_by`),
  KEY `expenses_status_index` (`status`),
  CONSTRAINT `expenses_created_by_foreign` FOREIGN KEY (`created_by`) REFERENCES `users` (`id`) ON DELETE SET NULL ON UPDATE CASCADE,
  CONSTRAINT `expenses_expense_category_id_foreign` FOREIGN KEY (`expense_category_id`) REFERENCES `expense_categories` (`id`) ON DELETE RESTRICT ON UPDATE CASCADE,
  CONSTRAINT `expenses_location_id_foreign` FOREIGN KEY (`location_id`) REFERENCES `locations` (`id`) ON DELETE CASCADE ON UPDATE CASCADE
) ENGINE=InnoDB DEFAULT CHARSET=utf8mb4 COLLATE=utf8mb4_unicode_ci;
/*!40101 SET character_set_client = @saved_cs_client */;

--
-- Dumping data for table `expenses`
--

LOCK TABLES `expenses` WRITE;
/*!40000 ALTER TABLE `expenses` DISABLE KEYS */;
/*!40000 ALTER TABLE `expenses` ENABLE KEYS */;
UNLOCK TABLES;

--
-- Table structure for table `failed_jobs`
--

DROP TABLE IF EXISTS `failed_jobs`;
/*!40101 SET @saved_cs_client     = @@character_set_client */;
/*!50503 SET character_set_client = utf8mb4 */;
CREATE TABLE `failed_jobs` (
  `id` bigint unsigned NOT NULL AUTO_INCREMENT,
  `uuid` varchar(255) COLLATE utf8mb4_unicode_ci NOT NULL,
  `connection` text COLLATE utf8mb4_unicode_ci NOT NULL,
  `queue` text COLLATE utf8mb4_unicode_ci NOT NULL,
  `payload` longtext COLLATE utf8mb4_unicode_ci NOT NULL,
  `exception` longtext COLLATE utf8mb4_unicode_ci NOT NULL,
  `failed_at` timestamp NOT NULL DEFAULT CURRENT_TIMESTAMP,
  PRIMARY KEY (`id`),
  UNIQUE KEY `failed_jobs_uuid_unique` (`uuid`)
) ENGINE=InnoDB DEFAULT CHARSET=utf8mb4 COLLATE=utf8mb4_unicode_ci;
/*!40101 SET character_set_client = @saved_cs_client */;

--
-- Dumping data for table `failed_jobs`
--

LOCK TABLES `failed_jobs` WRITE;
/*!40000 ALTER TABLE `failed_jobs` DISABLE KEYS */;
/*!40000 ALTER TABLE `failed_jobs` ENABLE KEYS */;
UNLOCK TABLES;

--
-- Table structure for table `feedback`
--

DROP TABLE IF EXISTS `feedback`;
/*!40101 SET @saved_cs_client     = @@character_set_client */;
/*!50503 SET character_set_client = utf8mb4 */;
CREATE TABLE `feedback` (
  `id` bigint unsigned NOT NULL AUTO_INCREMENT,
  `location_id` bigint unsigned NOT NULL,
  `order_id` bigint unsigned NOT NULL,
  `customer_id` bigint unsigned NOT NULL,
  `rating` tinyint unsigned NOT NULL,
  `comments` text COLLATE utf8mb4_unicode_ci,
  `visibility` enum('public','private','internal') COLLATE utf8mb4_unicode_ci NOT NULL DEFAULT 'public',
  `created_at` timestamp NULL DEFAULT NULL,
  `updated_at` timestamp NULL DEFAULT NULL,
  PRIMARY KEY (`id`),
  KEY `feedback_location_id_foreign` (`location_id`),
  KEY `feedback_customer_id_index` (`customer_id`),
  KEY `feedback_order_id_index` (`order_id`),
  CONSTRAINT `feedback_customer_id_foreign` FOREIGN KEY (`customer_id`) REFERENCES `customers` (`id`) ON DELETE CASCADE ON UPDATE CASCADE,
  CONSTRAINT `feedback_location_id_foreign` FOREIGN KEY (`location_id`) REFERENCES `locations` (`id`) ON DELETE RESTRICT ON UPDATE CASCADE,
  CONSTRAINT `feedback_order_id_foreign` FOREIGN KEY (`order_id`) REFERENCES `orders` (`id`) ON DELETE CASCADE ON UPDATE CASCADE
) ENGINE=InnoDB DEFAULT CHARSET=utf8mb4 COLLATE=utf8mb4_unicode_ci;
/*!40101 SET character_set_client = @saved_cs_client */;

--
-- Dumping data for table `feedback`
--

LOCK TABLES `feedback` WRITE;
/*!40000 ALTER TABLE `feedback` DISABLE KEYS */;
/*!40000 ALTER TABLE `feedback` ENABLE KEYS */;
UNLOCK TABLES;

--
-- Table structure for table `floors`
--

DROP TABLE IF EXISTS `floors`;
/*!40101 SET @saved_cs_client     = @@character_set_client */;
/*!50503 SET character_set_client = utf8mb4 */;
CREATE TABLE `floors` (
  `id` bigint unsigned NOT NULL AUTO_INCREMENT,
  `location_id` bigint unsigned NOT NULL,
  `name` varchar(120) COLLATE utf8mb4_unicode_ci NOT NULL,
  `display_order` int unsigned NOT NULL DEFAULT '0',
  `is_active` tinyint(1) NOT NULL DEFAULT '1',
  `created_at` timestamp NULL DEFAULT NULL,
  `updated_at` timestamp NULL DEFAULT NULL,
  PRIMARY KEY (`id`),
  KEY `floors_location_id_foreign` (`location_id`),
  KEY `floors_is_active_index` (`is_active`),
  CONSTRAINT `floors_location_id_foreign` FOREIGN KEY (`location_id`) REFERENCES `locations` (`id`) ON DELETE CASCADE ON UPDATE CASCADE
) ENGINE=InnoDB AUTO_INCREMENT=14 DEFAULT CHARSET=utf8mb4 COLLATE=utf8mb4_unicode_ci;
/*!40101 SET character_set_client = @saved_cs_client */;

--
-- Dumping data for table `floors`
--

LOCK TABLES `floors` WRITE;
/*!40000 ALTER TABLE `floors` DISABLE KEYS */;
INSERT INTO `floors` VALUES (1,1,'Ground Floor',1,1,'2025-10-22 23:42:02','2025-10-22 23:42:02'),(2,1,'Second Floor',2,1,'2025-10-22 23:42:02','2025-10-22 23:42:02'),(3,1,'Terrace',3,1,'2025-10-22 23:42:02','2025-10-22 23:42:02'),(4,1,'VIP Floor',4,1,'2025-10-22 23:42:02','2025-10-22 23:42:02'),(5,2,'Ground Floor',1,1,'2025-10-22 23:42:02','2025-10-22 23:42:02'),(6,2,'Second Floor',2,1,'2025-10-22 23:42:02','2025-10-22 23:42:02'),(7,2,'Terrace',3,1,'2025-10-22 23:42:02','2025-10-22 23:42:02'),(8,3,'Ground Floor',1,1,'2025-10-22 23:42:02','2025-10-22 23:42:02'),(9,3,'Second Floor',2,1,'2025-10-22 23:42:02','2025-10-22 23:42:02'),(10,3,'Terrace',3,1,'2025-10-22 23:42:02','2025-10-22 23:42:02'),(11,4,'Ground Floor',1,1,'2025-10-22 23:42:02','2025-10-22 23:42:02'),(12,4,'Second Floor',2,1,'2025-10-22 23:42:02','2025-10-22 23:42:02'),(13,4,'Terrace',3,1,'2025-10-22 23:42:02','2025-10-22 23:42:02');
/*!40000 ALTER TABLE `floors` ENABLE KEYS */;
UNLOCK TABLES;

--
-- Table structure for table `ingredients`
--

DROP TABLE IF EXISTS `ingredients`;
/*!40101 SET @saved_cs_client     = @@character_set_client */;
/*!50503 SET character_set_client = utf8mb4 */;
CREATE TABLE `ingredients` (
  `id` bigint unsigned NOT NULL AUTO_INCREMENT,
  `location_id` bigint unsigned NOT NULL,
  `sku` varchar(60) COLLATE utf8mb4_unicode_ci DEFAULT NULL,
  `name` varchar(200) COLLATE utf8mb4_unicode_ci NOT NULL,
  `unit` varchar(20) COLLATE utf8mb4_unicode_ci NOT NULL DEFAULT 'unit',
  `quantity_on_hand` decimal(12,3) NOT NULL DEFAULT '0.000',
  `reorder_level` decimal(12,3) NOT NULL DEFAULT '0.000',
  `reorder_quantity` decimal(12,3) DEFAULT NULL,
  `cost` decimal(12,2) DEFAULT NULL,
  `is_active` tinyint(1) NOT NULL DEFAULT '1',
  `created_at` timestamp NULL DEFAULT NULL,
  `updated_at` timestamp NULL DEFAULT NULL,
  `deleted_at` timestamp NULL DEFAULT NULL,
  PRIMARY KEY (`id`),
  UNIQUE KEY `ingredients_location_id_sku_unique` (`location_id`,`sku`),
  KEY `ingredients_location_id_name_index` (`location_id`,`name`),
  KEY `ingredients_is_active_index` (`is_active`),
  CONSTRAINT `ingredients_location_id_foreign` FOREIGN KEY (`location_id`) REFERENCES `locations` (`id`) ON DELETE RESTRICT ON UPDATE CASCADE
) ENGINE=InnoDB AUTO_INCREMENT=169 DEFAULT CHARSET=utf8mb4 COLLATE=utf8mb4_unicode_ci;
/*!40101 SET character_set_client = @saved_cs_client */;

--
-- Dumping data for table `ingredients`
--

LOCK TABLES `ingredients` WRITE;
/*!40000 ALTER TABLE `ingredients` DISABLE KEYS */;
INSERT INTO `ingredients` VALUES (1,1,'BEEF-001','Premium Beef','kg',25.500,10.000,30.000,18.50,1,'2025-10-22 23:42:01','2025-10-22 23:42:01',NULL),(2,1,'PORK-001','Fresh Pork','kg',18.000,8.000,25.000,12.00,1,'2025-10-22 23:42:01','2025-10-22 23:42:01',NULL),(3,1,'CHKN-001','Free Range Chicken','kg',22.000,12.000,30.000,8.50,1,'2025-10-22 23:42:01','2025-10-22 23:42:01',NULL),(4,1,'FISH-001','Fresh River Fish','kg',15.500,8.000,20.000,14.00,1,'2025-10-22 23:42:01','2025-10-22 23:42:01',NULL),(5,1,'PRWN-001','Fresh Prawns','kg',8.000,5.000,15.000,22.00,1,'2025-10-22 23:42:01','2025-10-22 23:42:01',NULL),(6,1,'TOFU-001','Silken Tofu','kg',12.000,6.000,20.000,3.50,1,'2025-10-22 23:42:01','2025-10-22 23:42:01',NULL),(7,1,'VEG-001','Green Papaya','kg',35.000,15.000,40.000,2.50,1,'2025-10-22 23:42:01','2025-10-22 23:42:01',NULL),(8,1,'VEG-002','Tomatoes','kg',28.000,12.000,35.000,3.00,1,'2025-10-22 23:42:01','2025-10-22 23:42:01',NULL),(9,1,'VEG-003','Morning Glory','kg',20.000,10.000,25.000,1.80,1,'2025-10-22 23:42:01','2025-10-22 23:42:01',NULL),(10,1,'VEG-004','Bean Sprouts','kg',15.000,8.000,20.000,2.00,1,'2025-10-22 23:42:01','2025-10-22 23:42:01',NULL),(11,1,'VEG-005','Lotus Stem','kg',8.500,5.000,12.000,4.50,1,'2025-10-22 23:42:01','2025-10-22 23:42:01',NULL),(12,1,'VEG-006','Lolot Leaves','kg',5.000,3.000,8.000,6.00,1,'2025-10-22 23:42:01','2025-10-22 23:42:01',NULL),(13,1,'VEG-007','Banana Leaves','unit',50.000,20.000,60.000,0.50,1,'2025-10-22 23:42:01','2025-10-22 23:42:01',NULL),(14,1,'HERB-001','Fresh Ginger','kg',8.000,4.000,10.000,5.50,1,'2025-10-22 23:42:01','2025-10-22 23:42:01',NULL),(15,1,'HERB-002','Lemongrass','kg',6.500,3.000,8.000,4.00,1,'2025-10-22 23:42:01','2025-10-22 23:42:01',NULL),(16,1,'HERB-003','Galangal','kg',4.000,2.000,6.000,7.00,1,'2025-10-22 23:42:01','2025-10-22 23:42:01',NULL),(17,1,'HERB-004','Kaffir Lime Leaves','kg',2.500,1.000,4.000,12.00,1,'2025-10-22 23:42:01','2025-10-22 23:42:01',NULL),(18,1,'HERB-005','Thai Basil','kg',3.000,1.500,5.000,8.00,1,'2025-10-22 23:42:01','2025-10-22 23:42:01',NULL),(19,1,'HERB-006','Cilantro','kg',4.500,2.000,6.000,6.50,1,'2025-10-22 23:42:01','2025-10-22 23:42:01',NULL),(20,1,'SPICE-001','Turmeric Powder','kg',5.000,2.000,8.000,15.00,1,'2025-10-22 23:42:01','2025-10-22 23:42:01',NULL),(21,1,'SPICE-002','Chili Powder','kg',6.000,3.000,10.000,12.00,1,'2025-10-22 23:42:01','2025-10-22 23:42:01',NULL),(22,1,'PANT-001','Jasmine Rice','kg',150.000,50.000,200.000,1.20,1,'2025-10-22 23:42:01','2025-10-22 23:42:01',NULL),(23,1,'PANT-002','Rice Noodles','kg',45.000,20.000,60.000,2.80,1,'2025-10-22 23:42:01','2025-10-22 23:42:01',NULL),(24,1,'PANT-003','Coconut Milk','l',25.000,12.000,35.000,3.50,1,'2025-10-22 23:42:01','2025-10-22 23:42:01',NULL),(25,1,'PANT-004','Fish Sauce','l',18.000,8.000,25.000,4.20,1,'2025-10-22 23:42:01','2025-10-22 23:42:01',NULL),(26,1,'PANT-005','Soy Sauce','l',22.000,10.000,30.000,3.80,1,'2025-10-22 23:42:01','2025-10-22 23:42:01',NULL),(27,1,'PANT-006','Oyster Sauce','l',15.000,8.000,20.000,5.50,1,'2025-10-22 23:42:01','2025-10-22 23:42:01',NULL),(28,1,'PANT-007','Tamarind Paste','kg',8.000,4.000,12.000,6.80,1,'2025-10-22 23:42:01','2025-10-22 23:42:01',NULL),(29,1,'PANT-008','Palm Sugar','kg',12.000,6.000,18.000,4.50,1,'2025-10-22 23:42:01','2025-10-22 23:42:01',NULL),(30,1,'FRUIT-001','Fresh Mangoes','kg',20.000,10.000,30.000,3.20,1,'2025-10-22 23:42:01','2025-10-22 23:42:01',NULL),(31,1,'FRUIT-002','Oranges','kg',25.000,12.000,35.000,2.80,1,'2025-10-22 23:42:01','2025-10-22 23:42:01',NULL),(32,1,'FRUIT-003','Watermelon','kg',40.000,20.000,60.000,1.50,1,'2025-10-22 23:42:01','2025-10-22 23:42:01',NULL),(33,1,'FRUIT-004','Limes','kg',15.000,8.000,20.000,4.00,1,'2025-10-22 23:42:01','2025-10-22 23:42:01',NULL),(34,1,'DAIRY-001','Fresh Eggs','unit',200.000,100.000,300.000,0.25,1,'2025-10-22 23:42:01','2025-10-22 23:42:01',NULL),(35,1,'DAIRY-002','Condensed Milk','l',20.000,10.000,30.000,3.80,1,'2025-10-22 23:42:01','2025-10-22 23:42:01',NULL),(36,1,'DAIRY-003','Heavy Cream','l',12.000,6.000,18.000,5.20,1,'2025-10-22 23:42:01','2025-10-22 23:42:01',NULL),(37,1,'BEV-001','Cambodian Coffee Beans','kg',15.000,8.000,25.000,12.50,1,'2025-10-22 23:42:01','2025-10-22 23:42:01',NULL),(38,1,'BEV-002','Jasmine Tea Leaves','kg',8.000,4.000,12.000,18.00,1,'2025-10-22 23:42:01','2025-10-22 23:42:01',NULL),(39,1,'BEV-003','Angkor Beer','unit',120.000,50.000,200.000,1.20,1,'2025-10-22 23:42:01','2025-10-22 23:42:01',NULL),(40,1,'LOW-001','Premium Olive Oil','l',2.000,5.000,15.000,25.00,1,'2025-10-22 23:42:01','2025-10-22 23:42:01',NULL),(41,1,'LOW-002','Sea Salt','kg',1.500,3.000,10.000,8.50,1,'2025-10-22 23:42:01','2025-10-22 23:42:01',NULL),(42,1,'OUT-001','Black Pepper','kg',0.000,2.000,8.000,35.00,1,'2025-10-22 23:42:01','2025-10-22 23:42:01',NULL),(43,2,'BEEF-001','Premium Beef','kg',25.500,10.000,30.000,18.50,1,'2025-10-22 23:42:01','2025-10-22 23:42:01',NULL),(44,2,'PORK-001','Fresh Pork','kg',18.000,8.000,25.000,12.00,1,'2025-10-22 23:42:01','2025-10-22 23:42:01',NULL),(45,2,'CHKN-001','Free Range Chicken','kg',22.000,12.000,30.000,8.50,1,'2025-10-22 23:42:01','2025-10-22 23:42:01',NULL),(46,2,'FISH-001','Fresh River Fish','kg',15.500,8.000,20.000,14.00,1,'2025-10-22 23:42:01','2025-10-22 23:42:01',NULL),(47,2,'PRWN-001','Fresh Prawns','kg',8.000,5.000,15.000,22.00,1,'2025-10-22 23:42:01','2025-10-22 23:42:01',NULL),(48,2,'TOFU-001','Silken Tofu','kg',12.000,6.000,20.000,3.50,1,'2025-10-22 23:42:01','2025-10-22 23:42:01',NULL),(49,2,'VEG-001','Green Papaya','kg',35.000,15.000,40.000,2.50,1,'2025-10-22 23:42:01','2025-10-22 23:42:01',NULL),(50,2,'VEG-002','Tomatoes','kg',28.000,12.000,35.000,3.00,1,'2025-10-22 23:42:01','2025-10-22 23:42:01',NULL),(51,2,'VEG-003','Morning Glory','kg',20.000,10.000,25.000,1.80,1,'2025-10-22 23:42:01','2025-10-22 23:42:01',NULL),(52,2,'VEG-004','Bean Sprouts','kg',15.000,8.000,20.000,2.00,1,'2025-10-22 23:42:01','2025-10-22 23:42:01',NULL),(53,2,'VEG-005','Lotus Stem','kg',8.500,5.000,12.000,4.50,1,'2025-10-22 23:42:01','2025-10-22 23:42:01',NULL),(54,2,'VEG-006','Lolot Leaves','kg',5.000,3.000,8.000,6.00,1,'2025-10-22 23:42:01','2025-10-22 23:42:01',NULL),(55,2,'VEG-007','Banana Leaves','unit',50.000,20.000,60.000,0.50,1,'2025-10-22 23:42:01','2025-10-22 23:42:01',NULL),(56,2,'HERB-001','Fresh Ginger','kg',8.000,4.000,10.000,5.50,1,'2025-10-22 23:42:01','2025-10-22 23:42:01',NULL),(57,2,'HERB-002','Lemongrass','kg',6.500,3.000,8.000,4.00,1,'2025-10-22 23:42:01','2025-10-22 23:42:01',NULL),(58,2,'HERB-003','Galangal','kg',4.000,2.000,6.000,7.00,1,'2025-10-22 23:42:01','2025-10-22 23:42:01',NULL),(59,2,'HERB-004','Kaffir Lime Leaves','kg',2.500,1.000,4.000,12.00,1,'2025-10-22 23:42:01','2025-10-22 23:42:01',NULL),(60,2,'HERB-005','Thai Basil','kg',3.000,1.500,5.000,8.00,1,'2025-10-22 23:42:01','2025-10-22 23:42:01',NULL),(61,2,'HERB-006','Cilantro','kg',4.500,2.000,6.000,6.50,1,'2025-10-22 23:42:01','2025-10-22 23:42:01',NULL),(62,2,'SPICE-001','Turmeric Powder','kg',5.000,2.000,8.000,15.00,1,'2025-10-22 23:42:01','2025-10-22 23:42:01',NULL),(63,2,'SPICE-002','Chili Powder','kg',6.000,3.000,10.000,12.00,1,'2025-10-22 23:42:01','2025-10-22 23:42:01',NULL),(64,2,'PANT-001','Jasmine Rice','kg',150.000,50.000,200.000,1.20,1,'2025-10-22 23:42:01','2025-10-22 23:42:01',NULL),(65,2,'PANT-002','Rice Noodles','kg',45.000,20.000,60.000,2.80,1,'2025-10-22 23:42:01','2025-10-22 23:42:01',NULL),(66,2,'PANT-003','Coconut Milk','l',25.000,12.000,35.000,3.50,1,'2025-10-22 23:42:01','2025-10-22 23:42:01',NULL),(67,2,'PANT-004','Fish Sauce','l',18.000,8.000,25.000,4.20,1,'2025-10-22 23:42:01','2025-10-22 23:42:01',NULL),(68,2,'PANT-005','Soy Sauce','l',22.000,10.000,30.000,3.80,1,'2025-10-22 23:42:01','2025-10-22 23:42:01',NULL),(69,2,'PANT-006','Oyster Sauce','l',15.000,8.000,20.000,5.50,1,'2025-10-22 23:42:01','2025-10-22 23:42:01',NULL),(70,2,'PANT-007','Tamarind Paste','kg',8.000,4.000,12.000,6.80,1,'2025-10-22 23:42:01','2025-10-22 23:42:01',NULL),(71,2,'PANT-008','Palm Sugar','kg',12.000,6.000,18.000,4.50,1,'2025-10-22 23:42:01','2025-10-22 23:42:01',NULL),(72,2,'FRUIT-001','Fresh Mangoes','kg',20.000,10.000,30.000,3.20,1,'2025-10-22 23:42:01','2025-10-22 23:42:01',NULL),(73,2,'FRUIT-002','Oranges','kg',25.000,12.000,35.000,2.80,1,'2025-10-22 23:42:01','2025-10-22 23:42:01',NULL),(74,2,'FRUIT-003','Watermelon','kg',40.000,20.000,60.000,1.50,1,'2025-10-22 23:42:01','2025-10-22 23:42:01',NULL),(75,2,'FRUIT-004','Limes','kg',15.000,8.000,20.000,4.00,1,'2025-10-22 23:42:01','2025-10-22 23:42:01',NULL),(76,2,'DAIRY-001','Fresh Eggs','unit',200.000,100.000,300.000,0.25,1,'2025-10-22 23:42:01','2025-10-22 23:42:01',NULL),(77,2,'DAIRY-002','Condensed Milk','l',20.000,10.000,30.000,3.80,1,'2025-10-22 23:42:01','2025-10-22 23:42:01',NULL),(78,2,'DAIRY-003','Heavy Cream','l',12.000,6.000,18.000,5.20,1,'2025-10-22 23:42:01','2025-10-22 23:42:01',NULL),(79,2,'BEV-001','Cambodian Coffee Beans','kg',15.000,8.000,25.000,12.50,1,'2025-10-22 23:42:01','2025-10-22 23:42:01',NULL),(80,2,'BEV-002','Jasmine Tea Leaves','kg',8.000,4.000,12.000,18.00,1,'2025-10-22 23:42:01','2025-10-22 23:42:01',NULL),(81,2,'BEV-003','Angkor Beer','unit',120.000,50.000,200.000,1.20,1,'2025-10-22 23:42:01','2025-10-22 23:42:01',NULL),(82,2,'LOW-001','Premium Olive Oil','l',2.000,5.000,15.000,25.00,1,'2025-10-22 23:42:01','2025-10-22 23:42:01',NULL),(83,2,'LOW-002','Sea Salt','kg',1.500,3.000,10.000,8.50,1,'2025-10-22 23:42:01','2025-10-22 23:42:01',NULL),(84,2,'OUT-001','Black Pepper','kg',0.000,2.000,8.000,35.00,1,'2025-10-22 23:42:01','2025-10-22 23:42:01',NULL),(85,3,'BEEF-001','Premium Beef','kg',25.500,10.000,30.000,18.50,1,'2025-10-22 23:42:01','2025-10-22 23:42:01',NULL),(86,3,'PORK-001','Fresh Pork','kg',18.000,8.000,25.000,12.00,1,'2025-10-22 23:42:01','2025-10-22 23:42:01',NULL),(87,3,'CHKN-001','Free Range Chicken','kg',22.000,12.000,30.000,8.50,1,'2025-10-22 23:42:01','2025-10-22 23:42:01',NULL),(88,3,'FISH-001','Fresh River Fish','kg',15.500,8.000,20.000,14.00,1,'2025-10-22 23:42:01','2025-10-22 23:42:01',NULL),(89,3,'PRWN-001','Fresh Prawns','kg',8.000,5.000,15.000,22.00,1,'2025-10-22 23:42:01','2025-10-22 23:42:01',NULL),(90,3,'TOFU-001','Silken Tofu','kg',12.000,6.000,20.000,3.50,1,'2025-10-22 23:42:01','2025-10-22 23:42:01',NULL),(91,3,'VEG-001','Green Papaya','kg',35.000,15.000,40.000,2.50,1,'2025-10-22 23:42:01','2025-10-22 23:42:01',NULL),(92,3,'VEG-002','Tomatoes','kg',28.000,12.000,35.000,3.00,1,'2025-10-22 23:42:01','2025-10-22 23:42:01',NULL),(93,3,'VEG-003','Morning Glory','kg',20.000,10.000,25.000,1.80,1,'2025-10-22 23:42:01','2025-10-22 23:42:01',NULL),(94,3,'VEG-004','Bean Sprouts','kg',15.000,8.000,20.000,2.00,1,'2025-10-22 23:42:01','2025-10-22 23:42:01',NULL),(95,3,'VEG-005','Lotus Stem','kg',8.500,5.000,12.000,4.50,1,'2025-10-22 23:42:01','2025-10-22 23:42:01',NULL),(96,3,'VEG-006','Lolot Leaves','kg',5.000,3.000,8.000,6.00,1,'2025-10-22 23:42:01','2025-10-22 23:42:01',NULL),(97,3,'VEG-007','Banana Leaves','unit',50.000,20.000,60.000,0.50,1,'2025-10-22 23:42:01','2025-10-22 23:42:01',NULL),(98,3,'HERB-001','Fresh Ginger','kg',8.000,4.000,10.000,5.50,1,'2025-10-22 23:42:01','2025-10-22 23:42:01',NULL),(99,3,'HERB-002','Lemongrass','kg',6.500,3.000,8.000,4.00,1,'2025-10-22 23:42:01','2025-10-22 23:42:01',NULL),(100,3,'HERB-003','Galangal','kg',4.000,2.000,6.000,7.00,1,'2025-10-22 23:42:02','2025-10-22 23:42:02',NULL),(101,3,'HERB-004','Kaffir Lime Leaves','kg',2.500,1.000,4.000,12.00,1,'2025-10-22 23:42:02','2025-10-22 23:42:02',NULL),(102,3,'HERB-005','Thai Basil','kg',3.000,1.500,5.000,8.00,1,'2025-10-22 23:42:02','2025-10-22 23:42:02',NULL),(103,3,'HERB-006','Cilantro','kg',4.500,2.000,6.000,6.50,1,'2025-10-22 23:42:02','2025-10-22 23:42:02',NULL),(104,3,'SPICE-001','Turmeric Powder','kg',5.000,2.000,8.000,15.00,1,'2025-10-22 23:42:02','2025-10-22 23:42:02',NULL),(105,3,'SPICE-002','Chili Powder','kg',6.000,3.000,10.000,12.00,1,'2025-10-22 23:42:02','2025-10-22 23:42:02',NULL),(106,3,'PANT-001','Jasmine Rice','kg',150.000,50.000,200.000,1.20,1,'2025-10-22 23:42:02','2025-10-22 23:42:02',NULL),(107,3,'PANT-002','Rice Noodles','kg',45.000,20.000,60.000,2.80,1,'2025-10-22 23:42:02','2025-10-22 23:42:02',NULL),(108,3,'PANT-003','Coconut Milk','l',25.000,12.000,35.000,3.50,1,'2025-10-22 23:42:02','2025-10-22 23:42:02',NULL),(109,3,'PANT-004','Fish Sauce','l',18.000,8.000,25.000,4.20,1,'2025-10-22 23:42:02','2025-10-22 23:42:02',NULL),(110,3,'PANT-005','Soy Sauce','l',22.000,10.000,30.000,3.80,1,'2025-10-22 23:42:02','2025-10-22 23:42:02',NULL),(111,3,'PANT-006','Oyster Sauce','l',15.000,8.000,20.000,5.50,1,'2025-10-22 23:42:02','2025-10-22 23:42:02',NULL),(112,3,'PANT-007','Tamarind Paste','kg',8.000,4.000,12.000,6.80,1,'2025-10-22 23:42:02','2025-10-22 23:42:02',NULL),(113,3,'PANT-008','Palm Sugar','kg',12.000,6.000,18.000,4.50,1,'2025-10-22 23:42:02','2025-10-22 23:42:02',NULL),(114,3,'FRUIT-001','Fresh Mangoes','kg',20.000,10.000,30.000,3.20,1,'2025-10-22 23:42:02','2025-10-22 23:42:02',NULL),(115,3,'FRUIT-002','Oranges','kg',25.000,12.000,35.000,2.80,1,'2025-10-22 23:42:02','2025-10-22 23:42:02',NULL),(116,3,'FRUIT-003','Watermelon','kg',40.000,20.000,60.000,1.50,1,'2025-10-22 23:42:02','2025-10-22 23:42:02',NULL),(117,3,'FRUIT-004','Limes','kg',15.000,8.000,20.000,4.00,1,'2025-10-22 23:42:02','2025-10-22 23:42:02',NULL),(118,3,'DAIRY-001','Fresh Eggs','unit',200.000,100.000,300.000,0.25,1,'2025-10-22 23:42:02','2025-10-22 23:42:02',NULL),(119,3,'DAIRY-002','Condensed Milk','l',20.000,10.000,30.000,3.80,1,'2025-10-22 23:42:02','2025-10-22 23:42:02',NULL),(120,3,'DAIRY-003','Heavy Cream','l',12.000,6.000,18.000,5.20,1,'2025-10-22 23:42:02','2025-10-22 23:42:02',NULL),(121,3,'BEV-001','Cambodian Coffee Beans','kg',15.000,8.000,25.000,12.50,1,'2025-10-22 23:42:02','2025-10-22 23:42:02',NULL),(122,3,'BEV-002','Jasmine Tea Leaves','kg',8.000,4.000,12.000,18.00,1,'2025-10-22 23:42:02','2025-10-22 23:42:02',NULL),(123,3,'BEV-003','Angkor Beer','unit',120.000,50.000,200.000,1.20,1,'2025-10-22 23:42:02','2025-10-22 23:42:02',NULL),(124,3,'LOW-001','Premium Olive Oil','l',2.000,5.000,15.000,25.00,1,'2025-10-22 23:42:02','2025-10-22 23:42:02',NULL),(125,3,'LOW-002','Sea Salt','kg',1.500,3.000,10.000,8.50,1,'2025-10-22 23:42:02','2025-10-22 23:42:02',NULL),(126,3,'OUT-001','Black Pepper','kg',0.000,2.000,8.000,35.00,1,'2025-10-22 23:42:02','2025-10-22 23:42:02',NULL),(127,4,'BEEF-001','Premium Beef','kg',25.500,10.000,30.000,18.50,1,'2025-10-22 23:42:02','2025-10-22 23:42:02',NULL),(128,4,'PORK-001','Fresh Pork','kg',18.000,8.000,25.000,12.00,1,'2025-10-22 23:42:02','2025-10-22 23:42:02',NULL),(129,4,'CHKN-001','Free Range Chicken','kg',22.000,12.000,30.000,8.50,1,'2025-10-22 23:42:02','2025-10-22 23:42:02',NULL),(130,4,'FISH-001','Fresh River Fish','kg',15.500,8.000,20.000,14.00,1,'2025-10-22 23:42:02','2025-10-22 23:42:02',NULL),(131,4,'PRWN-001','Fresh Prawns','kg',8.000,5.000,15.000,22.00,1,'2025-10-22 23:42:02','2025-10-22 23:42:02',NULL),(132,4,'TOFU-001','Silken Tofu','kg',12.000,6.000,20.000,3.50,1,'2025-10-22 23:42:02','2025-10-22 23:42:02',NULL),(133,4,'VEG-001','Green Papaya','kg',35.000,15.000,40.000,2.50,1,'2025-10-22 23:42:02','2025-10-22 23:42:02',NULL),(134,4,'VEG-002','Tomatoes','kg',28.000,12.000,35.000,3.00,1,'2025-10-22 23:42:02','2025-10-22 23:42:02',NULL),(135,4,'VEG-003','Morning Glory','kg',20.000,10.000,25.000,1.80,1,'2025-10-22 23:42:02','2025-10-22 23:42:02',NULL),(136,4,'VEG-004','Bean Sprouts','kg',15.000,8.000,20.000,2.00,1,'2025-10-22 23:42:02','2025-10-22 23:42:02',NULL),(137,4,'VEG-005','Lotus Stem','kg',8.500,5.000,12.000,4.50,1,'2025-10-22 23:42:02','2025-10-22 23:42:02',NULL),(138,4,'VEG-006','Lolot Leaves','kg',5.000,3.000,8.000,6.00,1,'2025-10-22 23:42:02','2025-10-22 23:42:02',NULL),(139,4,'VEG-007','Banana Leaves','unit',50.000,20.000,60.000,0.50,1,'2025-10-22 23:42:02','2025-10-22 23:42:02',NULL),(140,4,'HERB-001','Fresh Ginger','kg',8.000,4.000,10.000,5.50,1,'2025-10-22 23:42:02','2025-10-22 23:42:02',NULL),(141,4,'HERB-002','Lemongrass','kg',6.500,3.000,8.000,4.00,1,'2025-10-22 23:42:02','2025-10-22 23:42:02',NULL),(142,4,'HERB-003','Galangal','kg',4.000,2.000,6.000,7.00,1,'2025-10-22 23:42:02','2025-10-22 23:42:02',NULL),(143,4,'HERB-004','Kaffir Lime Leaves','kg',2.500,1.000,4.000,12.00,1,'2025-10-22 23:42:02','2025-10-22 23:42:02',NULL),(144,4,'HERB-005','Thai Basil','kg',3.000,1.500,5.000,8.00,1,'2025-10-22 23:42:02','2025-10-22 23:42:02',NULL),(145,4,'HERB-006','Cilantro','kg',4.500,2.000,6.000,6.50,1,'2025-10-22 23:42:02','2025-10-22 23:42:02',NULL),(146,4,'SPICE-001','Turmeric Powder','kg',5.000,2.000,8.000,15.00,1,'2025-10-22 23:42:02','2025-10-22 23:42:02',NULL),(147,4,'SPICE-002','Chili Powder','kg',6.000,3.000,10.000,12.00,1,'2025-10-22 23:42:02','2025-10-22 23:42:02',NULL),(148,4,'PANT-001','Jasmine Rice','kg',150.000,50.000,200.000,1.20,1,'2025-10-22 23:42:02','2025-10-22 23:42:02',NULL),(149,4,'PANT-002','Rice Noodles','kg',45.000,20.000,60.000,2.80,1,'2025-10-22 23:42:02','2025-10-22 23:42:02',NULL),(150,4,'PANT-003','Coconut Milk','l',25.000,12.000,35.000,3.50,1,'2025-10-22 23:42:02','2025-10-22 23:42:02',NULL),(151,4,'PANT-004','Fish Sauce','l',18.000,8.000,25.000,4.20,1,'2025-10-22 23:42:02','2025-10-22 23:42:02',NULL),(152,4,'PANT-005','Soy Sauce','l',22.000,10.000,30.000,3.80,1,'2025-10-22 23:42:02','2025-10-22 23:42:02',NULL),(153,4,'PANT-006','Oyster Sauce','l',15.000,8.000,20.000,5.50,1,'2025-10-22 23:42:02','2025-10-22 23:42:02',NULL),(154,4,'PANT-007','Tamarind Paste','kg',8.000,4.000,12.000,6.80,1,'2025-10-22 23:42:02','2025-10-22 23:42:02',NULL),(155,4,'PANT-008','Palm Sugar','kg',12.000,6.000,18.000,4.50,1,'2025-10-22 23:42:02','2025-10-22 23:42:02',NULL),(156,4,'FRUIT-001','Fresh Mangoes','kg',20.000,10.000,30.000,3.20,1,'2025-10-22 23:42:02','2025-10-22 23:42:02',NULL),(157,4,'FRUIT-002','Oranges','kg',25.000,12.000,35.000,2.80,1,'2025-10-22 23:42:02','2025-10-22 23:42:02',NULL),(158,4,'FRUIT-003','Watermelon','kg',40.000,20.000,60.000,1.50,1,'2025-10-22 23:42:02','2025-10-22 23:42:02',NULL),(159,4,'FRUIT-004','Limes','kg',15.000,8.000,20.000,4.00,1,'2025-10-22 23:42:02','2025-10-22 23:42:02',NULL),(160,4,'DAIRY-001','Fresh Eggs','unit',200.000,100.000,300.000,0.25,1,'2025-10-22 23:42:02','2025-10-22 23:42:02',NULL),(161,4,'DAIRY-002','Condensed Milk','l',20.000,10.000,30.000,3.80,1,'2025-10-22 23:42:02','2025-10-22 23:42:02',NULL),(162,4,'DAIRY-003','Heavy Cream','l',12.000,6.000,18.000,5.20,1,'2025-10-22 23:42:02','2025-10-22 23:42:02',NULL),(163,4,'BEV-001','Cambodian Coffee Beans','kg',15.000,8.000,25.000,12.50,1,'2025-10-22 23:42:02','2025-10-22 23:42:02',NULL),(164,4,'BEV-002','Jasmine Tea Leaves','kg',8.000,4.000,12.000,18.00,1,'2025-10-22 23:42:02','2025-10-22 23:42:02',NULL),(165,4,'BEV-003','Angkor Beer','unit',120.000,50.000,200.000,1.20,1,'2025-10-22 23:42:02','2025-10-22 23:42:02',NULL),(166,4,'LOW-001','Premium Olive Oil','l',2.000,5.000,15.000,25.00,1,'2025-10-22 23:42:02','2025-10-22 23:42:02',NULL),(167,4,'LOW-002','Sea Salt','kg',1.500,3.000,10.000,8.50,1,'2025-10-22 23:42:02','2025-10-22 23:42:02',NULL),(168,4,'OUT-001','Black Pepper','kg',0.000,2.000,8.000,35.00,1,'2025-10-22 23:42:02','2025-10-22 23:42:02',NULL);
/*!40000 ALTER TABLE `ingredients` ENABLE KEYS */;
UNLOCK TABLES;

--
-- Table structure for table `inventory_transactions`
--

DROP TABLE IF EXISTS `inventory_transactions`;
/*!40101 SET @saved_cs_client     = @@character_set_client */;
/*!50503 SET character_set_client = utf8mb4 */;
CREATE TABLE `inventory_transactions` (
  `id` bigint unsigned NOT NULL AUTO_INCREMENT,
  `location_id` bigint unsigned NOT NULL,
  `ingredient_id` bigint unsigned NOT NULL,
  `type` enum('in','out','adjust') COLLATE utf8mb4_unicode_ci NOT NULL,
  `quantity` decimal(12,3) NOT NULL,
  `unit_cost` decimal(12,2) DEFAULT NULL,
  `value` decimal(12,2) DEFAULT NULL,
  `sourceable_type` varchar(100) COLLATE utf8mb4_unicode_ci DEFAULT NULL,
  `sourceable_id` bigint unsigned DEFAULT NULL,
  `notes` varchar(255) COLLATE utf8mb4_unicode_ci DEFAULT NULL,
  `transacted_at` datetime NOT NULL,
  `created_by` bigint unsigned DEFAULT NULL,
  `created_at` timestamp NULL DEFAULT NULL,
  `updated_at` timestamp NULL DEFAULT NULL,
  PRIMARY KEY (`id`),
  KEY `inventory_transactions_location_id_foreign` (`location_id`),
  KEY `inventory_transactions_ingredient_id_foreign` (`ingredient_id`),
  KEY `inventory_transactions_created_by_foreign` (`created_by`),
  KEY `inventory_transactions_sourceable_type_index` (`sourceable_type`),
  KEY `inventory_transactions_sourceable_id_index` (`sourceable_id`),
  KEY `inventory_transactions_transacted_at_index` (`transacted_at`),
  CONSTRAINT `inventory_transactions_created_by_foreign` FOREIGN KEY (`created_by`) REFERENCES `users` (`id`) ON DELETE SET NULL ON UPDATE CASCADE,
  CONSTRAINT `inventory_transactions_ingredient_id_foreign` FOREIGN KEY (`ingredient_id`) REFERENCES `ingredients` (`id`) ON DELETE RESTRICT ON UPDATE CASCADE,
  CONSTRAINT `inventory_transactions_location_id_foreign` FOREIGN KEY (`location_id`) REFERENCES `locations` (`id`) ON DELETE RESTRICT ON UPDATE CASCADE
) ENGINE=InnoDB DEFAULT CHARSET=utf8mb4 COLLATE=utf8mb4_unicode_ci;
/*!40101 SET character_set_client = @saved_cs_client */;

--
-- Dumping data for table `inventory_transactions`
--

LOCK TABLES `inventory_transactions` WRITE;
/*!40000 ALTER TABLE `inventory_transactions` DISABLE KEYS */;
/*!40000 ALTER TABLE `inventory_transactions` ENABLE KEYS */;
UNLOCK TABLES;

--
-- Table structure for table `invoices`
--

DROP TABLE IF EXISTS `invoices`;
/*!40101 SET @saved_cs_client     = @@character_set_client */;
/*!50503 SET character_set_client = utf8mb4 */;
CREATE TABLE `invoices` (
  `id` bigint unsigned NOT NULL AUTO_INCREMENT,
  `order_id` bigint unsigned NOT NULL,
  `location_id` bigint unsigned NOT NULL,
  `invoice_number` varchar(60) COLLATE utf8mb4_unicode_ci NOT NULL,
  `subtotal` decimal(12,2) NOT NULL DEFAULT '0.00',
  `tax_amount` decimal(12,2) NOT NULL DEFAULT '0.00',
  `discount_amount` decimal(12,2) NOT NULL DEFAULT '0.00',
  `total_amount` decimal(12,2) NOT NULL DEFAULT '0.00',
  `service_charge` decimal(12,2) NOT NULL DEFAULT '0.00',
  `amount_paid` decimal(12,2) NOT NULL DEFAULT '0.00',
  `amount_due` decimal(12,2) NOT NULL DEFAULT '0.00',
  `status` enum('draft','issued','paid','cancelled') COLLATE utf8mb4_unicode_ci NOT NULL DEFAULT 'draft',
  `currency` varchar(3) COLLATE utf8mb4_unicode_ci NOT NULL DEFAULT 'USD',
  `issued_at` timestamp NULL DEFAULT NULL,
  `due_at` timestamp NULL DEFAULT NULL,
  `paid_at` timestamp NULL DEFAULT NULL,
  `notes` text COLLATE utf8mb4_unicode_ci,
  `created_at` timestamp NULL DEFAULT NULL,
  `updated_at` timestamp NULL DEFAULT NULL,
  PRIMARY KEY (`id`),
  UNIQUE KEY `invoices_invoice_number_unique` (`invoice_number`),
  KEY `invoices_location_id_foreign` (`location_id`),
  KEY `invoices_order_id_index` (`order_id`),
  KEY `invoices_issued_at_index` (`issued_at`),
  CONSTRAINT `invoices_location_id_foreign` FOREIGN KEY (`location_id`) REFERENCES `locations` (`id`) ON DELETE RESTRICT ON UPDATE CASCADE,
  CONSTRAINT `invoices_order_id_foreign` FOREIGN KEY (`order_id`) REFERENCES `orders` (`id`) ON DELETE CASCADE ON UPDATE CASCADE
) ENGINE=InnoDB AUTO_INCREMENT=103 DEFAULT CHARSET=utf8mb4 COLLATE=utf8mb4_unicode_ci;
/*!40101 SET character_set_client = @saved_cs_client */;

--
-- Dumping data for table `invoices`
--

LOCK TABLES `invoices` WRITE;
/*!40000 ALTER TABLE `invoices` DISABLE KEYS */;
INSERT INTO `invoices` VALUES (1,1,1,'INV-NKH-DT-20250901-4115',119.00,11.90,0.00,130.90,0.00,0.00,0.00,'issued','USD','2025-09-01 05:03:46','2025-09-04 05:03:46','2025-09-01 05:42:46','Special event surcharge applied','2025-10-22 23:42:08','2025-10-22 23:42:08'),(2,2,2,'INV-NKH-SR-20250824-7633',155.50,15.55,0.00,171.05,0.00,171.05,0.00,'paid','USD','2025-08-24 14:52:27','2025-09-09 14:52:27','2025-08-24 15:04:27','Catering service invoice','2025-10-22 23:42:08','2025-10-22 23:42:08'),(3,5,4,'INV-NKH-KP-20250815-8854',107.00,10.70,0.00,117.70,0.00,117.70,0.00,'paid','USD','2025-08-14 22:50:54','2025-08-19 22:50:54','2025-08-14 23:17:54',NULL,'2025-10-22 23:42:08','2025-10-22 23:42:08'),(4,6,3,'INV-NKH-BB-20251010-5480',99.50,9.95,0.00,109.45,0.00,109.45,109.45,'draft','USD','2025-10-10 12:47:07','2025-10-26 12:47:07',NULL,'Special event surcharge applied','2025-10-22 23:42:08','2025-10-22 23:42:08'),(5,11,1,'INV-NKH-DT-20251008-9873',159.50,15.95,4.89,170.56,0.00,0.00,0.00,'paid','USD','2025-10-08 15:13:55','2025-10-08 15:13:55','2025-10-08 16:06:55',NULL,'2025-10-22 23:42:08','2025-10-22 23:42:08'),(6,12,4,'INV-NKH-KP-20250904-8605',44.00,4.40,0.00,48.40,0.00,48.40,48.40,'draft','USD','2025-09-04 06:05:53','2025-09-26 06:05:53','2025-09-04 06:38:53','Thank you for dining with us!','2025-10-22 23:42:08','2025-10-22 23:42:08'),(7,13,2,'INV-NKH-SR-20250914-4013',52.00,5.20,0.00,57.20,0.00,57.20,0.00,'issued','USD','2025-09-14 01:53:09','2025-10-10 01:53:09',NULL,'Catering service invoice','2025-10-22 23:42:08','2025-10-22 23:42:08'),(8,23,3,'INV-NKH-BB-20250902-7673',233.00,23.30,0.00,256.30,0.00,0.00,256.30,'draft','USD','2025-09-02 06:34:37','2025-09-24 06:34:37',NULL,'Catering service invoice','2025-10-22 23:42:08','2025-10-22 23:42:08'),(9,26,1,'INV-NKH-DT-20250819-6109',95.00,9.50,0.00,104.50,0.00,0.00,0.00,'paid','USD','2025-08-19 11:12:07','2025-08-20 11:12:07','2025-08-19 12:09:07',NULL,'2025-10-22 23:42:08','2025-10-22 23:42:08'),(10,28,2,'INV-NKH-SR-20251010-2612',12.00,1.20,0.00,13.20,0.00,0.00,0.00,'issued','USD','2025-10-10 01:06:23','2025-10-14 01:06:23','2025-10-10 01:47:23','Special event surcharge applied','2025-10-22 23:42:08','2025-10-22 23:42:08'),(11,31,4,'INV-NKH-KP-20250814-9547',72.00,7.20,0.00,79.20,0.00,79.20,79.20,'paid','USD','2025-08-14 04:28:51','2025-08-28 04:28:51','2025-08-14 05:07:51','Thank you for dining with us!','2025-10-22 23:42:08','2025-10-22 23:42:08'),(12,37,2,'INV-NKH-SR-20250918-3767',10.50,1.05,0.00,11.55,0.00,11.55,0.00,'paid','USD','2025-09-18 15:19:00','2025-09-28 15:19:00','2025-09-18 15:32:00','Early payment discount available','2025-10-22 23:42:08','2025-10-22 23:42:08'),(13,38,1,'INV-NKH-DT-20251013-6677',32.50,3.25,3.25,32.50,0.00,32.50,32.50,'cancelled','USD','2025-10-13 02:01:27','2025-10-23 02:01:27','2025-10-13 02:43:27','Loyalty points earned: 50','2025-10-22 23:42:08','2025-10-22 23:42:08'),(14,39,2,'INV-NKH-SR-20251017-7525',104.50,10.45,0.00,114.95,0.00,114.95,0.00,'paid','USD','2025-10-17 17:16:35','2025-11-04 17:16:35','2025-10-17 18:09:35',NULL,'2025-10-22 23:42:08','2025-10-22 23:42:08'),(15,44,1,'INV-NKH-DT-20250729-9086',105.00,10.50,0.00,115.50,0.00,115.50,115.50,'paid','USD','2025-07-29 03:42:29','2025-08-28 03:42:29',NULL,'Loyalty points earned: 50','2025-10-22 23:42:08','2025-10-22 23:42:08'),(16,46,1,'INV-NKH-DT-20250827-1120',105.00,10.50,0.00,115.50,0.00,115.50,0.00,'draft','USD','2025-08-27 11:01:44','2025-09-22 11:01:44','2025-08-27 12:01:44','Special event surcharge applied','2025-10-22 23:42:08','2025-10-22 23:42:08'),(17,49,4,'INV-NKH-KP-20250829-5185',91.00,9.10,0.00,100.10,0.00,0.00,0.00,'draft','USD','2025-08-28 22:46:12','2025-09-03 22:46:12','2025-08-28 23:05:12','Group booking discount applied','2025-10-22 23:42:08','2025-10-22 23:42:08'),(18,50,4,'INV-NKH-KP-20250829-5474',122.00,12.20,6.19,128.01,0.00,128.01,0.00,'paid','USD','2025-08-29 05:46:34','2025-09-15 05:46:34',NULL,'Early payment discount available','2025-10-22 23:42:08','2025-10-22 23:42:08'),(19,53,1,'INV-NKH-DT-20250802-7928',34.00,3.40,0.00,37.40,0.00,37.40,0.00,'paid','USD','2025-08-02 14:27:01','2025-08-04 14:27:01','2025-08-02 15:06:01','Group booking discount applied','2025-10-22 23:42:08','2025-10-22 23:42:08'),(20,54,3,'INV-NKH-BB-20251020-6667',33.00,3.30,6.40,29.90,0.00,0.00,0.00,'paid','USD','2025-10-19 18:52:14','2025-10-26 18:52:14','2025-10-19 19:10:14',NULL,'2025-10-22 23:42:08','2025-10-22 23:42:08'),(21,59,2,'INV-NKH-SR-20251005-9232',83.00,8.30,0.00,91.30,0.00,91.30,91.30,'paid','USD','2025-10-05 07:41:08','2025-10-19 07:41:08','2025-10-05 07:53:08','Payment due within 30 days','2025-10-22 23:42:08','2025-10-22 23:42:08'),(22,60,3,'INV-NKH-BB-20250905-1210',200.50,20.05,0.00,220.55,0.00,0.00,0.00,'paid','USD','2025-09-05 15:55:21','2025-09-10 15:55:21',NULL,NULL,'2025-10-22 23:42:08','2025-10-22 23:42:08'),(23,61,2,'INV-NKH-SR-20250915-4011',95.00,9.50,8.18,96.32,0.00,96.32,96.32,'draft','USD','2025-09-14 23:14:07','2025-10-01 23:14:07','2025-09-14 23:50:07','Catering service invoice','2025-10-22 23:42:08','2025-10-22 23:42:08'),(24,62,1,'INV-NKH-DT-20251021-4257',117.00,11.70,0.00,128.70,0.00,128.70,0.00,'paid','USD','2025-10-21 07:12:33','2025-11-02 07:12:33',NULL,'Payment due within 30 days','2025-10-22 23:42:08','2025-10-22 23:42:08'),(25,63,4,'INV-NKH-KP-20250823-7681',158.00,15.80,0.00,173.80,0.00,173.80,173.80,'paid','USD','2025-08-23 13:53:49','2025-08-29 13:53:49','2025-08-23 14:29:49','Special event surcharge applied','2025-10-22 23:42:08','2025-10-22 23:42:08'),(26,65,2,'INV-NKH-SR-20250827-6366',110.00,11.00,0.00,121.00,0.00,0.00,0.00,'draft','USD','2025-08-27 07:34:42','2025-09-22 07:34:42',NULL,NULL,'2025-10-22 23:42:08','2025-10-22 23:42:08'),(27,66,2,'INV-NKH-SR-20250921-8976',46.50,4.65,0.00,51.15,0.00,51.15,0.00,'paid','USD','2025-09-21 16:30:41','2025-10-14 16:30:41','2025-09-21 17:30:41','Thank you for dining with us!','2025-10-22 23:42:08','2025-10-22 23:42:08'),(28,68,3,'INV-NKH-BB-20250904-6473',72.50,7.25,0.00,79.75,0.00,79.75,0.00,'paid','USD','2025-09-04 02:59:58','2025-09-22 02:59:58',NULL,'Early payment discount available','2025-10-22 23:42:08','2025-10-22 23:42:08'),(29,71,3,'INV-NKH-BB-20251008-2036',111.50,11.15,2.21,120.44,0.00,120.44,0.00,'paid','USD','2025-10-07 23:49:01','2025-10-22 23:49:01',NULL,'Catering service invoice','2025-10-22 23:42:08','2025-10-22 23:42:08'),(30,77,3,'INV-NKH-BB-20250825-7069',17.50,1.75,0.00,19.25,0.00,19.25,0.00,'paid','USD','2025-08-25 05:57:28','2025-08-25 05:57:28',NULL,'Payment due within 30 days','2025-10-22 23:42:08','2025-10-22 23:42:08'),(31,82,3,'INV-NKH-BB-20250924-6668',107.00,10.70,0.00,117.70,0.00,0.00,117.70,'draft','USD','2025-09-23 22:22:19','2025-09-30 22:22:19','2025-09-23 22:51:19',NULL,'2025-10-22 23:42:08','2025-10-22 23:42:08'),(32,83,3,'INV-NKH-BB-20250925-3799',127.00,12.70,0.00,139.70,0.00,139.70,0.00,'draft','USD','2025-09-24 22:17:47','2025-09-25 22:17:47','2025-09-24 23:07:47','Special event surcharge applied','2025-10-22 23:42:08','2025-10-22 23:42:08'),(33,87,1,'INV-NKH-DT-20250904-8404',127.00,12.70,0.00,139.70,0.00,139.70,0.00,'issued','USD','2025-09-03 21:17:01','2025-10-01 21:17:01','2025-09-03 21:37:01',NULL,'2025-10-22 23:42:08','2025-10-22 23:42:08'),(34,90,1,'INV-NKH-DT-20250823-1451',17.00,1.70,3.10,15.60,0.00,0.00,0.00,'cancelled','USD','2025-08-23 12:18:37','2025-08-31 12:18:37','2025-08-23 13:09:37','Loyalty points earned: 50','2025-10-22 23:42:08','2025-10-22 23:42:08'),(35,91,2,'INV-NKH-SR-20250912-4629',46.50,4.65,0.00,51.15,0.00,51.15,0.00,'paid','USD','2025-09-11 22:57:37','2025-09-26 22:57:37','2025-09-11 23:39:37',NULL,'2025-10-22 23:42:08','2025-10-22 23:42:08'),(36,93,3,'INV-NKH-BB-20250915-7614',31.50,3.15,2.89,31.76,0.00,31.76,0.00,'cancelled','USD','2025-09-15 01:58:00','2025-09-19 01:58:00','2025-09-15 02:27:00',NULL,'2025-10-22 23:42:08','2025-10-22 23:42:08'),(37,96,3,'INV-NKH-BB-20251012-8788',103.50,10.35,2.11,111.74,0.00,111.74,0.00,'paid','USD','2025-10-12 11:09:29','2025-11-03 11:09:29','2025-10-12 11:52:29','Loyalty points earned: 50','2025-10-22 23:42:08','2025-10-22 23:42:08'),(38,101,2,'INV-NKH-SR-20250829-4705',125.00,12.50,0.00,137.50,0.00,0.00,0.00,'draft','USD','2025-08-28 18:12:20','2025-09-25 18:12:20','2025-08-28 18:33:20','Special event surcharge applied','2025-10-22 23:42:08','2025-10-22 23:42:08'),(39,102,1,'INV-NKH-DT-20250922-7905',25.00,2.50,0.00,27.50,0.00,0.00,0.00,'paid','USD','2025-09-21 21:39:05','2025-10-07 21:39:05',NULL,'Group booking discount applied','2025-10-22 23:42:08','2025-10-22 23:42:08'),(40,103,2,'INV-NKH-SR-20250809-6102',88.50,8.85,4.69,92.66,0.00,92.66,0.00,'issued','USD','2025-08-09 01:20:44','2025-08-18 01:20:44','2025-08-09 01:57:44','Special event surcharge applied','2025-10-22 23:42:08','2025-10-22 23:42:08'),(41,107,1,'INV-NKH-DT-20250927-4768',207.50,20.75,0.00,228.25,0.00,228.25,228.25,'cancelled','USD','2025-09-27 11:52:02','2025-10-09 11:52:02','2025-09-27 12:37:02',NULL,'2025-10-22 23:42:08','2025-10-22 23:42:08'),(42,111,3,'INV-NKH-BB-20250822-1892',140.00,14.00,0.00,154.00,0.00,154.00,154.00,'issued','USD','2025-08-21 19:29:20','2025-09-02 19:29:20',NULL,'Special event surcharge applied','2025-10-22 23:42:08','2025-10-22 23:42:08'),(43,113,3,'INV-NKH-BB-20250908-9401',84.00,8.40,0.00,92.40,0.00,92.40,0.00,'paid','USD','2025-09-08 03:35:30','2025-09-27 03:35:30',NULL,'Special event surcharge applied','2025-10-22 23:42:08','2025-10-22 23:42:08'),(44,114,1,'INV-NKH-DT-20251021-2642',18.50,1.85,0.00,20.35,0.00,20.35,20.35,'paid','USD','2025-10-21 08:27:29','2025-10-25 08:27:29','2025-10-21 09:04:29',NULL,'2025-10-22 23:42:08','2025-10-22 23:42:08'),(45,119,3,'INV-NKH-BB-20250924-6061',16.50,1.65,0.00,18.15,0.00,18.15,0.00,'issued','USD','2025-09-23 20:26:46','2025-10-05 20:26:46',NULL,'Thank you for dining with us!','2025-10-22 23:42:08','2025-10-22 23:42:08'),(46,123,3,'INV-NKH-BB-20250802-2453',113.00,11.30,0.00,124.30,0.00,124.30,0.00,'paid','USD','2025-08-02 09:25:57','2025-08-11 09:25:57','2025-08-02 10:06:57','Catering service invoice','2025-10-22 23:42:09','2025-10-22 23:42:09'),(47,124,4,'INV-NKH-KP-20250808-1450',126.50,12.65,0.00,139.15,0.00,139.15,0.00,'paid','USD','2025-08-07 17:56:03','2025-09-04 17:56:03','2025-08-07 18:47:03',NULL,'2025-10-22 23:42:09','2025-10-22 23:42:09'),(48,125,1,'INV-NKH-DT-20250817-5473',102.00,10.20,0.00,112.20,0.00,112.20,0.00,'paid','USD','2025-08-16 19:15:05','2025-09-15 19:15:05',NULL,'Early payment discount available','2025-10-22 23:42:09','2025-10-22 23:42:09'),(49,126,1,'INV-NKH-DT-20250914-5768',90.50,9.05,0.00,99.55,0.00,99.55,0.00,'paid','USD','2025-09-14 09:49:20','2025-09-18 09:49:20',NULL,NULL,'2025-10-22 23:42:09','2025-10-22 23:42:09'),(50,130,3,'INV-NKH-BB-20250923-8230',108.00,10.80,0.00,118.80,0.00,118.80,0.00,'paid','USD','2025-09-23 07:56:29','2025-10-06 07:56:29','2025-09-23 08:44:29',NULL,'2025-10-22 23:42:09','2025-10-22 23:42:09'),(51,131,4,'INV-NKH-KP-20250925-8858',22.50,2.25,0.00,24.75,0.00,24.75,0.00,'issued','USD','2025-09-24 21:59:00','2025-10-22 21:59:00','2025-09-24 22:30:00',NULL,'2025-10-22 23:42:09','2025-10-22 23:42:09'),(52,136,1,'INV-NKH-DT-20251007-3844',159.50,15.95,0.00,175.45,0.00,175.45,0.00,'paid','USD','2025-10-07 11:00:41','2025-10-10 11:00:41',NULL,NULL,'2025-10-22 23:42:09','2025-10-22 23:42:09'),(53,140,2,'INV-NKH-SR-20250911-1610',16.00,1.60,0.00,17.60,0.00,0.00,0.00,'paid','USD','2025-09-11 07:13:35','2025-10-09 07:13:35',NULL,'Catering service invoice','2025-10-22 23:42:09','2025-10-22 23:42:09'),(54,141,3,'INV-NKH-BB-20250909-6918',160.00,16.00,6.85,169.15,0.00,169.15,0.00,'issued','USD','2025-09-09 04:56:09','2025-09-22 04:56:09','2025-09-09 05:14:09','Payment due within 30 days','2025-10-22 23:42:09','2025-10-22 23:42:09'),(55,142,1,'INV-NKH-DT-20251001-9202',138.50,13.85,9.24,143.11,0.00,143.11,0.00,'paid','USD','2025-10-01 08:22:49','2025-10-22 08:22:49',NULL,'Loyalty points earned: 50','2025-10-22 23:42:09','2025-10-22 23:42:09'),(56,143,2,'INV-NKH-SR-20250815-3191',184.50,18.45,0.00,202.95,0.00,0.00,0.00,'paid','USD','2025-08-14 22:03:40','2025-08-19 22:03:40','2025-08-14 22:14:40',NULL,'2025-10-22 23:42:09','2025-10-22 23:42:09'),(57,146,4,'INV-NKH-KP-20251003-6628',67.00,6.70,0.00,73.70,0.00,73.70,73.70,'issued','USD','2025-10-03 01:40:48','2025-10-11 01:40:48','2025-10-03 02:24:48','Payment due within 30 days','2025-10-22 23:42:09','2025-10-22 23:42:09'),(58,149,4,'INV-NKH-KP-20251019-7802',92.00,9.20,0.00,101.20,0.00,0.00,0.00,'issued','USD','2025-10-19 07:05:18','2025-10-23 07:05:18','2025-10-19 07:50:18',NULL,'2025-10-22 23:42:09','2025-10-22 23:42:09'),(59,150,3,'INV-NKH-BB-20250922-6589',27.00,2.70,0.00,29.70,0.00,0.00,29.70,'paid','USD','2025-09-22 15:09:26','2025-10-17 15:09:26','2025-09-22 15:43:26','Group booking discount applied','2025-10-22 23:42:09','2025-10-22 23:42:09'),(60,151,4,'INV-NKH-KP-20250927-7656',166.50,16.65,0.00,183.15,0.00,0.00,0.00,'paid','USD','2025-09-26 23:32:54','2025-10-08 23:32:54',NULL,'Special event surcharge applied','2025-10-22 23:42:09','2025-10-22 23:42:09'),(61,152,1,'INV-NKH-DT-20250824-5121',25.50,2.55,0.00,28.05,0.00,0.00,28.05,'paid','USD','2025-08-24 08:24:45','2025-09-23 08:24:45','2025-08-24 08:49:45',NULL,'2025-10-22 23:42:09','2025-10-22 23:42:09'),(62,153,1,'INV-NKH-DT-20250725-6267',105.00,10.50,0.00,115.50,0.00,0.00,0.00,'cancelled','USD','2025-07-24 20:59:10','2025-07-30 20:59:10','2025-07-24 21:31:10','Special event surcharge applied','2025-10-22 23:42:09','2025-10-22 23:42:09'),(63,155,1,'INV-NKH-DT-20251003-8198',85.50,8.55,0.00,94.05,0.00,94.05,94.05,'paid','USD','2025-10-03 08:22:26','2025-10-14 08:22:26',NULL,'Thank you for dining with us!','2025-10-22 23:42:09','2025-10-22 23:42:09'),(64,157,3,'INV-NKH-BB-20250920-8600',146.00,14.60,0.00,160.60,0.00,0.00,0.00,'paid','USD','2025-09-20 11:52:11','2025-09-30 11:52:11','2025-09-20 12:20:11','Thank you for dining with us!','2025-10-22 23:42:09','2025-10-22 23:42:09'),(65,159,1,'INV-NKH-DT-20250827-3716',105.00,10.50,0.00,115.50,0.00,0.00,0.00,'draft','USD','2025-08-26 22:25:58','2025-09-06 22:25:58','2025-08-26 23:10:58','Catering service invoice','2025-10-22 23:42:09','2025-10-22 23:42:09'),(66,160,1,'INV-NKH-DT-20250822-7883',24.50,2.45,0.00,26.95,0.00,26.95,26.95,'issued','USD','2025-08-22 16:49:29','2025-08-22 16:49:29','2025-08-22 17:49:29',NULL,'2025-10-22 23:42:09','2025-10-22 23:42:09'),(67,162,1,'INV-NKH-DT-20250909-8323',21.00,2.10,0.00,23.10,0.00,23.10,23.10,'paid','USD','2025-09-09 10:08:15','2025-09-22 10:08:15',NULL,NULL,'2025-10-22 23:42:09','2025-10-22 23:42:09'),(68,163,4,'INV-NKH-KP-20251014-5965',150.00,15.00,0.00,165.00,0.00,165.00,0.00,'paid','USD','2025-10-13 21:28:06','2025-10-15 21:28:06','2025-10-13 22:20:06','Payment due within 30 days','2025-10-22 23:42:09','2025-10-22 23:42:09'),(69,164,4,'INV-NKH-KP-20251004-8168',154.50,15.45,0.00,169.95,0.00,169.95,0.00,'paid','USD','2025-10-04 16:45:23','2025-10-27 16:45:23','2025-10-04 17:33:23','Catering service invoice','2025-10-22 23:42:09','2025-10-22 23:42:09'),(70,166,4,'INV-NKH-KP-20250929-2565',63.50,6.35,4.57,65.28,0.00,0.00,65.28,'issued','USD','2025-09-28 22:05:29','2025-10-11 22:05:29','2025-09-28 22:22:29',NULL,'2025-10-22 23:42:09','2025-10-22 23:42:09'),(71,170,3,'INV-NKH-BB-20251003-7631',27.50,2.75,0.00,30.25,0.00,30.25,30.25,'paid','USD','2025-10-02 17:42:19','2025-10-31 17:42:19',NULL,'Payment due within 30 days','2025-10-22 23:42:09','2025-10-22 23:42:09'),(72,173,2,'INV-NKH-SR-20250829-5599',27.00,2.70,0.00,29.70,0.00,29.70,0.00,'paid','USD','2025-08-28 23:59:16','2025-09-13 23:59:16','2025-08-29 00:57:16','Payment due within 30 days','2025-10-22 23:42:09','2025-10-22 23:42:09'),(73,175,3,'INV-NKH-BB-20251018-3869',66.50,6.65,0.00,73.15,0.00,73.15,73.15,'paid','USD','2025-10-18 13:33:25','2025-11-07 13:33:25','2025-10-18 14:00:25','Corporate account - NET 30','2025-10-22 23:42:09','2025-10-22 23:42:09'),(74,177,4,'INV-NKH-KP-20251014-4627',137.50,13.75,0.00,151.25,0.00,151.25,151.25,'paid','USD','2025-10-14 03:16:25','2025-10-18 03:16:25','2025-10-14 03:58:25',NULL,'2025-10-22 23:42:09','2025-10-22 23:42:09'),(75,178,1,'INV-NKH-DT-20250919-7033',100.50,10.05,0.00,110.55,0.00,0.00,0.00,'paid','USD','2025-09-19 04:46:00','2025-10-15 04:46:00','2025-09-19 05:29:00','Corporate account - NET 30','2025-10-22 23:42:09','2025-10-22 23:42:09'),(76,181,2,'INV-NKH-SR-20250818-2636',56.00,5.60,5.72,55.88,0.00,0.00,0.00,'paid','USD','2025-08-18 07:16:41','2025-09-16 07:16:41',NULL,NULL,'2025-10-22 23:42:09','2025-10-22 23:42:09'),(77,183,2,'INV-NKH-SR-20250912-5091',59.00,5.90,0.00,64.90,0.00,64.90,0.00,'draft','USD','2025-09-11 21:52:35','2025-09-26 21:52:35','2025-09-11 22:15:35',NULL,'2025-10-22 23:42:09','2025-10-22 23:42:09'),(78,184,4,'INV-NKH-KP-20250801-2345',21.50,2.15,0.00,23.65,0.00,23.65,0.00,'issued','USD','2025-08-01 09:54:20','2025-08-05 09:54:20','2025-08-01 10:04:20','Early payment discount available','2025-10-22 23:42:09','2025-10-22 23:42:09'),(79,186,3,'INV-NKH-BB-20250904-7800',100.50,10.05,0.00,110.55,0.00,0.00,110.55,'paid','USD','2025-09-03 22:47:08','2025-10-02 22:47:08',NULL,'Corporate account - NET 30','2025-10-22 23:42:09','2025-10-22 23:42:09'),(80,189,3,'INV-NKH-BB-20250823-1431',158.00,15.80,0.00,173.80,0.00,173.80,0.00,'paid','USD','2025-08-23 15:59:03','2025-09-19 15:59:03','2025-08-23 16:48:03','Special event surcharge applied','2025-10-22 23:42:09','2025-10-22 23:42:09'),(81,192,3,'INV-NKH-BB-20250808-3901',136.00,13.60,0.00,149.60,0.00,149.60,0.00,'draft','USD','2025-08-08 09:37:24','2025-09-02 09:37:24','2025-08-08 10:07:24','Corporate account - NET 30','2025-10-22 23:42:09','2025-10-22 23:42:09'),(82,194,1,'INV-NKH-DT-20250829-5596',207.50,20.75,0.00,228.25,0.00,0.00,0.00,'paid','USD','2025-08-29 06:19:50','2025-09-23 06:19:50',NULL,'Loyalty points earned: 50','2025-10-22 23:42:09','2025-10-22 23:42:09'),(83,195,2,'INV-NKH-SR-20251007-4916',150.00,15.00,0.00,165.00,0.00,165.00,165.00,'issued','USD','2025-10-07 12:17:21','2025-10-19 12:17:21','2025-10-07 12:35:21','Group booking discount applied','2025-10-22 23:42:09','2025-10-22 23:42:09'),(84,196,3,'INV-NKH-BB-20250728-9598',44.50,4.45,3.97,44.98,0.00,0.00,0.00,'issued','USD','2025-07-27 18:29:45','2025-08-21 18:29:45',NULL,'Catering service invoice','2025-10-22 23:42:09','2025-10-22 23:42:09'),(85,200,2,'INV-NKH-SR-20250921-2174',152.50,15.25,0.00,167.75,0.00,167.75,167.75,'draft','USD','2025-09-21 07:29:06','2025-09-28 07:29:06','2025-09-21 08:14:06',NULL,'2025-10-22 23:42:09','2025-10-22 23:42:09'),(86,201,1,'INV-NKH-DT-20250723-2654',99.50,9.95,5.75,103.70,0.00,103.70,0.00,'draft','USD','2025-07-23 09:13:36','2025-08-01 09:13:36','2025-07-23 09:45:36','Payment due within 30 days','2025-10-22 23:42:09','2025-10-22 23:42:09'),(87,202,3,'INV-NKH-BB-20250818-4550',89.00,8.90,0.00,97.90,0.00,0.00,0.00,'paid','USD','2025-08-18 13:05:06','2025-08-25 13:05:06','2025-08-18 13:45:06',NULL,'2025-10-22 23:42:09','2025-10-22 23:42:09'),(88,205,4,'INV-NKH-KP-20251012-9437',71.00,7.10,0.00,78.10,0.00,0.00,0.00,'paid','USD','2025-10-12 05:55:02','2025-10-17 05:55:02',NULL,'Catering service invoice','2025-10-22 23:42:09','2025-10-22 23:42:09'),(89,209,4,'INV-NKH-KP-20250907-4842',25.50,2.55,7.88,20.17,0.00,20.17,0.00,'paid','USD','2025-09-07 05:09:43','2025-09-19 05:09:43','2025-09-07 05:34:43','Group booking discount applied','2025-10-22 23:42:09','2025-10-22 23:42:09'),(90,214,4,'INV-NKH-KP-20250818-9836',17.00,1.70,0.00,18.70,0.00,0.00,0.00,'draft','USD','2025-08-17 23:13:22','2025-08-23 23:13:22','2025-08-18 00:04:22','Payment due within 30 days','2025-10-22 23:42:09','2025-10-22 23:42:09'),(91,215,1,'INV-NKH-DT-20250918-3936',199.00,19.90,0.00,218.90,0.00,218.90,218.90,'paid','USD','2025-09-18 13:49:41','2025-10-12 13:49:41','2025-09-18 14:22:41',NULL,'2025-10-22 23:42:09','2025-10-22 23:42:09'),(92,219,2,'INV-NKH-SR-20250802-7994',36.00,3.60,0.00,39.60,0.00,0.00,39.60,'paid','USD','2025-08-02 14:37:25','2025-08-12 14:37:25',NULL,'Catering service invoice','2025-10-22 23:42:09','2025-10-22 23:42:09'),(93,220,1,'INV-NKH-DT-20250724-8277',100.50,10.05,0.00,110.55,0.00,110.55,0.00,'paid','USD','2025-07-24 05:58:26','2025-08-13 05:58:26','2025-07-24 06:56:26','Early payment discount available','2025-10-22 23:42:09','2025-10-22 23:42:09'),(94,223,2,'INV-NKH-SR-20251002-2445',16.00,1.60,0.00,17.60,0.00,17.60,0.00,'paid','USD','2025-10-02 15:26:47','2025-10-31 15:26:47','2025-10-02 16:18:47','Thank you for dining with us!','2025-10-22 23:42:09','2025-10-22 23:42:09'),(95,228,2,'INV-NKH-SR-20250909-7074',133.50,13.35,0.00,146.85,0.00,146.85,0.00,'paid','USD','2025-09-08 22:32:58','2025-09-30 22:32:58','2025-09-08 22:57:58','Payment due within 30 days','2025-10-22 23:42:09','2025-10-22 23:42:09'),(96,234,1,'INV-NKH-DT-20250923-2590',76.00,7.60,0.00,83.60,0.00,83.60,83.60,'paid','USD','2025-09-23 17:11:36','2025-10-08 17:11:36','2025-09-23 17:58:36','Catering service invoice','2025-10-22 23:42:09','2025-10-22 23:42:09'),(97,236,2,'INV-NKH-SR-20250901-9059',22.00,2.20,7.70,16.50,0.00,0.00,0.00,'draft','USD','2025-08-31 19:39:59','2025-09-17 19:39:59','2025-08-31 20:09:59',NULL,'2025-10-22 23:42:09','2025-10-22 23:42:09'),(98,240,4,'INV-NKH-KP-20250911-1790',21.00,2.10,0.00,23.10,0.00,0.00,0.00,'paid','USD','2025-09-11 08:01:00','2025-10-08 08:01:00',NULL,'Catering service invoice','2025-10-22 23:42:09','2025-10-22 23:42:09'),(99,242,2,'INV-NKH-SR-20251011-5724',40.50,4.05,0.00,44.55,0.00,44.55,44.55,'issued','USD','2025-10-10 21:26:22','2025-11-02 21:26:22',NULL,'Group booking discount applied','2025-10-22 23:42:09','2025-10-22 23:42:09'),(100,244,2,'INV-NKH-SR-20250905-2591',157.50,15.75,0.00,173.25,0.00,173.25,0.00,'paid','USD','2025-09-04 23:46:25','2025-09-22 23:46:25',NULL,'Early payment discount available','2025-10-22 23:42:09','2025-10-22 23:42:09'),(101,245,4,'INV-NKH-KP-20250818-3974',49.50,4.95,0.00,54.45,0.00,54.45,54.45,'issued','USD','2025-08-18 02:52:02','2025-09-12 02:52:02',NULL,'Special event surcharge applied','2025-10-22 23:42:09','2025-10-22 23:42:09'),(102,246,4,'INV-NKH-KP-20250826-7634',148.50,14.85,4.63,158.72,0.00,158.72,0.00,'paid','USD','2025-08-25 22:43:55','2025-09-04 22:43:55','2025-08-25 23:08:55','Special event surcharge applied','2025-10-22 23:42:09','2025-10-22 23:42:09');
/*!40000 ALTER TABLE `invoices` ENABLE KEYS */;
UNLOCK TABLES;

--
-- Table structure for table `job_batches`
--

DROP TABLE IF EXISTS `job_batches`;
/*!40101 SET @saved_cs_client     = @@character_set_client */;
/*!50503 SET character_set_client = utf8mb4 */;
CREATE TABLE `job_batches` (
  `id` varchar(255) COLLATE utf8mb4_unicode_ci NOT NULL,
  `name` varchar(255) COLLATE utf8mb4_unicode_ci NOT NULL,
  `total_jobs` int NOT NULL,
  `pending_jobs` int NOT NULL,
  `failed_jobs` int NOT NULL,
  `failed_job_ids` longtext COLLATE utf8mb4_unicode_ci NOT NULL,
  `options` mediumtext COLLATE utf8mb4_unicode_ci,
  `cancelled_at` int DEFAULT NULL,
  `created_at` int NOT NULL,
  `finished_at` int DEFAULT NULL,
  PRIMARY KEY (`id`)
) ENGINE=InnoDB DEFAULT CHARSET=utf8mb4 COLLATE=utf8mb4_unicode_ci;
/*!40101 SET character_set_client = @saved_cs_client */;

--
-- Dumping data for table `job_batches`
--

LOCK TABLES `job_batches` WRITE;
/*!40000 ALTER TABLE `job_batches` DISABLE KEYS */;
/*!40000 ALTER TABLE `job_batches` ENABLE KEYS */;
UNLOCK TABLES;

--
-- Table structure for table `jobs`
--

DROP TABLE IF EXISTS `jobs`;
/*!40101 SET @saved_cs_client     = @@character_set_client */;
/*!50503 SET character_set_client = utf8mb4 */;
CREATE TABLE `jobs` (
  `id` bigint unsigned NOT NULL AUTO_INCREMENT,
  `queue` varchar(255) COLLATE utf8mb4_unicode_ci NOT NULL,
  `payload` longtext COLLATE utf8mb4_unicode_ci NOT NULL,
  `attempts` tinyint unsigned NOT NULL,
  `reserved_at` int unsigned DEFAULT NULL,
  `available_at` int unsigned NOT NULL,
  `created_at` int unsigned NOT NULL,
  PRIMARY KEY (`id`),
  KEY `jobs_queue_index` (`queue`)
) ENGINE=InnoDB DEFAULT CHARSET=utf8mb4 COLLATE=utf8mb4_unicode_ci;
/*!40101 SET character_set_client = @saved_cs_client */;

--
-- Dumping data for table `jobs`
--

LOCK TABLES `jobs` WRITE;
/*!40000 ALTER TABLE `jobs` DISABLE KEYS */;
/*!40000 ALTER TABLE `jobs` ENABLE KEYS */;
UNLOCK TABLES;

--
-- Table structure for table `leave_requests`
--

DROP TABLE IF EXISTS `leave_requests`;
/*!40101 SET @saved_cs_client     = @@character_set_client */;
/*!50503 SET character_set_client = utf8mb4 */;
CREATE TABLE `leave_requests` (
  `id` bigint unsigned NOT NULL AUTO_INCREMENT,
  `employee_id` bigint unsigned NOT NULL,
  `location_id` bigint unsigned NOT NULL,
  `start_date` date NOT NULL,
  `end_date` date NOT NULL,
  `type` enum('annual','sick','unpaid','other') COLLATE utf8mb4_unicode_ci NOT NULL DEFAULT 'annual',
  `reason` text COLLATE utf8mb4_unicode_ci,
  `status` enum('pending','approved','rejected','cancelled') COLLATE utf8mb4_unicode_ci NOT NULL DEFAULT 'pending',
  `created_at` timestamp NULL DEFAULT NULL,
  `updated_at` timestamp NULL DEFAULT NULL,
  PRIMARY KEY (`id`),
  KEY `leave_requests_location_id_foreign` (`location_id`),
  KEY `leave_requests_employee_id_start_date_index` (`employee_id`,`start_date`),
  KEY `leave_requests_start_date_index` (`start_date`),
  KEY `leave_requests_end_date_index` (`end_date`),
  KEY `leave_requests_status_index` (`status`),
  CONSTRAINT `leave_requests_employee_id_foreign` FOREIGN KEY (`employee_id`) REFERENCES `employees` (`id`) ON DELETE CASCADE ON UPDATE CASCADE,
  CONSTRAINT `leave_requests_location_id_foreign` FOREIGN KEY (`location_id`) REFERENCES `locations` (`id`) ON DELETE RESTRICT ON UPDATE CASCADE
) ENGINE=InnoDB DEFAULT CHARSET=utf8mb4 COLLATE=utf8mb4_unicode_ci;
/*!40101 SET character_set_client = @saved_cs_client */;

--
-- Dumping data for table `leave_requests`
--

LOCK TABLES `leave_requests` WRITE;
/*!40000 ALTER TABLE `leave_requests` DISABLE KEYS */;
/*!40000 ALTER TABLE `leave_requests` ENABLE KEYS */;
UNLOCK TABLES;

--
-- Table structure for table `locations`
--

DROP TABLE IF EXISTS `locations`;
/*!40101 SET @saved_cs_client     = @@character_set_client */;
/*!50503 SET character_set_client = utf8mb4 */;
CREATE TABLE `locations` (
  `id` bigint unsigned NOT NULL AUTO_INCREMENT,
  `code` varchar(50) COLLATE utf8mb4_unicode_ci NOT NULL,
  `name` varchar(150) COLLATE utf8mb4_unicode_ci NOT NULL,
  `address_line1` varchar(255) COLLATE utf8mb4_unicode_ci DEFAULT NULL,
  `address_line2` varchar(255) COLLATE utf8mb4_unicode_ci DEFAULT NULL,
  `city` varchar(100) COLLATE utf8mb4_unicode_ci DEFAULT NULL,
  `state` varchar(100) COLLATE utf8mb4_unicode_ci DEFAULT NULL,
  `postal_code` varchar(20) COLLATE utf8mb4_unicode_ci DEFAULT NULL,
  `country` varchar(100) COLLATE utf8mb4_unicode_ci DEFAULT NULL,
  `phone` varchar(30) COLLATE utf8mb4_unicode_ci DEFAULT NULL,
  `is_active` tinyint(1) NOT NULL DEFAULT '1',
  `accepts_online_orders` tinyint(1) NOT NULL DEFAULT '0',
  `accepts_pickup` tinyint(1) NOT NULL DEFAULT '0',
  `accepts_delivery` tinyint(1) NOT NULL DEFAULT '0',
  `created_at` timestamp NULL DEFAULT NULL,
  `updated_at` timestamp NULL DEFAULT NULL,
  PRIMARY KEY (`id`),
  UNIQUE KEY `locations_code_unique` (`code`),
  KEY `locations_is_active_index` (`is_active`),
  KEY `locations_accepts_online_orders_index` (`accepts_online_orders`),
  KEY `locations_accepts_pickup_index` (`accepts_pickup`),
  KEY `locations_accepts_delivery_index` (`accepts_delivery`)
) ENGINE=InnoDB AUTO_INCREMENT=5 DEFAULT CHARSET=utf8mb4 COLLATE=utf8mb4_unicode_ci;
/*!40101 SET character_set_client = @saved_cs_client */;

--
-- Dumping data for table `locations`
--

LOCK TABLES `locations` WRITE;
/*!40000 ALTER TABLE `locations` DISABLE KEYS */;
INSERT INTO `locations` VALUES (1,'NKH-DT','NKH Downtown Flagship','123 Main Street','Downtown District','Phnom Penh','Phnom Penh','12000','Cambodia','+855-23-123-456',1,1,1,1,'2025-10-22 23:41:57','2025-10-22 23:41:57'),(2,'NKH-SR','NKH Siem Reap Branch','456 Pub Street','Old Market Area','Siem Reap','Siem Reap','17000','Cambodia','+855-63-789-012',1,1,1,1,'2025-10-22 23:41:57','2025-10-22 23:41:57'),(3,'NKH-BB','NKH Battambang Mall','789 Mall Plaza','Level 2','Battambang','Battambang','02000','Cambodia','+855-53-345-678',1,1,1,0,'2025-10-22 23:41:57','2025-10-22 23:41:57'),(4,'NKH-KP','NKH Kampot Riverside','321 Riverside Road','Kampot Center','Kampot','Kampot','07000','Cambodia','+855-33-901-234',1,1,1,1,'2025-10-22 23:41:57','2025-10-22 23:41:57');
/*!40000 ALTER TABLE `locations` ENABLE KEYS */;
UNLOCK TABLES;

--
-- Table structure for table `loyalty_points`
--

DROP TABLE IF EXISTS `loyalty_points`;
/*!40101 SET @saved_cs_client     = @@character_set_client */;
/*!50503 SET character_set_client = utf8mb4 */;
CREATE TABLE `loyalty_points` (
  `id` bigint unsigned NOT NULL AUTO_INCREMENT,
  `customer_id` bigint unsigned NOT NULL,
  `order_id` bigint unsigned DEFAULT NULL,
  `location_id` bigint unsigned NOT NULL,
  `type` enum('earn','redeem','adjust') COLLATE utf8mb4_unicode_ci NOT NULL,
  `points` int NOT NULL,
  `balance_after` int NOT NULL,
  `occurred_at` datetime NOT NULL,
  `notes` varchar(255) COLLATE utf8mb4_unicode_ci DEFAULT NULL,
  `created_at` timestamp NULL DEFAULT NULL,
  `updated_at` timestamp NULL DEFAULT NULL,
  PRIMARY KEY (`id`),
  KEY `loyalty_points_order_id_foreign` (`order_id`),
  KEY `loyalty_points_location_id_foreign` (`location_id`),
  KEY `idx_loyalty_customer_time` (`customer_id`,`occurred_at`),
  CONSTRAINT `loyalty_points_customer_id_foreign` FOREIGN KEY (`customer_id`) REFERENCES `customers` (`id`) ON DELETE CASCADE ON UPDATE CASCADE,
  CONSTRAINT `loyalty_points_location_id_foreign` FOREIGN KEY (`location_id`) REFERENCES `locations` (`id`) ON DELETE RESTRICT ON UPDATE CASCADE,
  CONSTRAINT `loyalty_points_order_id_foreign` FOREIGN KEY (`order_id`) REFERENCES `orders` (`id`) ON DELETE SET NULL ON UPDATE CASCADE
) ENGINE=InnoDB DEFAULT CHARSET=utf8mb4 COLLATE=utf8mb4_unicode_ci;
/*!40101 SET character_set_client = @saved_cs_client */;

--
-- Dumping data for table `loyalty_points`
--

LOCK TABLES `loyalty_points` WRITE;
/*!40000 ALTER TABLE `loyalty_points` DISABLE KEYS */;
/*!40000 ALTER TABLE `loyalty_points` ENABLE KEYS */;
UNLOCK TABLES;

--
-- Table structure for table `menu_item_translations`
--

DROP TABLE IF EXISTS `menu_item_translations`;
/*!40101 SET @saved_cs_client     = @@character_set_client */;
/*!50503 SET character_set_client = utf8mb4 */;
CREATE TABLE `menu_item_translations` (
  `id` bigint unsigned NOT NULL AUTO_INCREMENT,
  `menu_item_id` bigint unsigned NOT NULL,
  `locale` varchar(10) COLLATE utf8mb4_unicode_ci NOT NULL,
  `name` varchar(200) COLLATE utf8mb4_unicode_ci NOT NULL,
  `description` text COLLATE utf8mb4_unicode_ci,
  `created_at` timestamp NULL DEFAULT NULL,
  `updated_at` timestamp NULL DEFAULT NULL,
  PRIMARY KEY (`id`),
  UNIQUE KEY `menu_item_translations_menu_item_id_locale_unique` (`menu_item_id`,`locale`),
  KEY `menu_item_translations_locale_index` (`locale`),
  CONSTRAINT `menu_item_translations_menu_item_id_foreign` FOREIGN KEY (`menu_item_id`) REFERENCES `menu_items` (`id`) ON DELETE CASCADE ON UPDATE CASCADE
) ENGINE=InnoDB AUTO_INCREMENT=265 DEFAULT CHARSET=utf8mb4 COLLATE=utf8mb4_unicode_ci;
/*!40101 SET character_set_client = @saved_cs_client */;

--
-- Dumping data for table `menu_item_translations`
--

LOCK TABLES `menu_item_translations` WRITE;
/*!40000 ALTER TABLE `menu_item_translations` DISABLE KEYS */;
INSERT INTO `menu_item_translations` VALUES (1,1,'en','Fresh Spring Rolls','Crispy spring rolls filled with fresh vegetables and herbs, served with sweet chili sauce','2025-10-22 23:42:01','2025-10-22 23:42:01'),(2,1,'km','នំបញ្ចុំ','នំបញ្ចុំគ្រឿងសម្រាប់ដាក់បន្លែស្រស់ និង ស្លឹកឈូក ជាមួយទឹកជ្រលក់ផ្អែម','2025-10-22 23:42:01','2025-10-22 23:42:01'),(3,2,'en','Chicken Satay','Grilled chicken skewers marinated in aromatic spices, served with peanut sauce','2025-10-22 23:42:01','2025-10-22 23:42:01'),(4,2,'km','សាច់មាន់អាំង','សាច់មាន់អាំងជាមួយគ្រឿងទេស ផ្តល់ជាមួយទឹកជ្រលក់សណ្តែកដី','2025-10-22 23:42:01','2025-10-22 23:42:01'),(5,3,'en','Cambodian Fish Cakes','Traditional fish cakes made with fresh river fish and aromatic herbs','2025-10-22 23:42:01','2025-10-22 23:42:01'),(6,3,'km','អាម៉ុកត្រី','អាម៉ុកត្រីប្រពៃណីធ្វើពីត្រីស្រស់ និង ស្លឹកឈូក','2025-10-22 23:42:01','2025-10-22 23:42:01'),(7,4,'en','Green Papaya Salad','Fresh and tangy salad with shredded green papaya, tomatoes, and lime dressing','2025-10-22 23:42:01','2025-10-22 23:42:01'),(8,4,'km','បុកល្ហុង','សាឡាត់ល្ហុងបៃតងស្រស់ជាមួយប៉េងប៉ោះ និង ទឹកក្រូចឆ្មា','2025-10-22 23:42:01','2025-10-22 23:42:01'),(9,5,'en','Cambodian Beef Salad','Tender beef slices with fresh herbs, vegetables and tangy lime dressing','2025-10-22 23:42:01','2025-10-22 23:42:01'),(10,5,'km','ភ្លាសាច់គោ','សាច់គោជាមួយស្លឹកឈូកស្រស់ និង ទឹកក្រូចឆ្មា','2025-10-22 23:42:01','2025-10-22 23:42:01'),(11,6,'en','Mixed Appetizer Platter','A selection of our finest appetizers perfect for sharing','2025-10-22 23:42:01','2025-10-22 23:42:01'),(12,6,'km','ចានម្ហូបបំប៉នចម្រុះ','ម្ហូបបំប៉នពិសេសៗសម្រាប់ចែករំលែក','2025-10-22 23:42:01','2025-10-22 23:42:01'),(13,7,'en','Grilled Beef in Lolot Leaves','Premium beef wrapped in aromatic lolot leaves and grilled to perfection','2025-10-22 23:42:01','2025-10-22 23:42:01'),(14,7,'km','សាច់គោអាំងស្លឹកលលត','សាច់គោពិសេសរុំស្លឹកលលត អាំងឱ្យបានល្អ','2025-10-22 23:42:01','2025-10-22 23:42:01'),(15,8,'en','Grilled Pork Ribs','Tender pork ribs marinated in special sauce and grilled over charcoal','2025-10-22 23:42:01','2025-10-22 23:42:01'),(16,8,'km','ជំនីសាច់ជ្រូកអាំង','ជំនីសាច់ជ្រូកទន់ជាមួយទឹកជ្រលក់ពិសេស អាំងលើធ្យូង','2025-10-22 23:42:01','2025-10-22 23:42:01'),(17,9,'en','Grilled Chicken Wings','Juicy chicken wings marinated in herbs and spices, grilled to golden perfection','2025-10-22 23:42:01','2025-10-22 23:42:01'),(18,9,'km','ស្លាបមាន់អាំង','ស្លាបមាន់ជាមួយគ្រឿងទេស អាំងឱ្យបានពណ៌មាស','2025-10-22 23:42:01','2025-10-22 23:42:01'),(19,10,'en','Traditional Khmer Noodle Soup','Authentic Cambodian noodle soup with rich broth and fresh herbs','2025-10-22 23:42:01','2025-10-22 23:42:01'),(20,10,'km','គុយទាវខ្មែរ','គុយទាវខ្មែរប្រពៃណីជាមួយទឹកស៊ុបឈុំ និង ស្លឹកឈូក','2025-10-22 23:42:01','2025-10-22 23:42:01'),(21,11,'en','Pad Thai','Classic Thai stir-fried noodles with shrimp, tofu, and bean sprouts','2025-10-22 23:42:01','2025-10-22 23:42:01'),(22,11,'km','មីឆាថៃ','មីឆាថៃបុរាណជាមួយបង្គា តៅហ៊ូ និង សណ្តែកខ្ចី','2025-10-22 23:42:01','2025-10-22 23:42:01'),(23,12,'en','Spaghetti Carbonara','Classic Italian pasta with creamy sauce, bacon, and parmesan cheese','2025-10-22 23:42:01','2025-10-22 23:42:01'),(24,12,'km','ស្ប៉ាហ្គេទីកាបូណារ៉ា','ប៉ាស្តាអ៊ីតាលីជាមួយទឹកជ្រលក់ក្រែម និង ឈីសប៉ាម៉េសាន់','2025-10-22 23:42:01','2025-10-22 23:42:01'),(25,13,'en','Grilled Fish in Banana Leaf','Fresh fish grilled in banana leaf with traditional Khmer spices','2025-10-22 23:42:01','2025-10-22 23:42:01'),(26,13,'km','ត្រីអាំងស្លឹកចេក','ត្រីស្រស់អាំងក្នុងស្លឹកចេកជាមួយគ្រឿងទេសខ្មែរ','2025-10-22 23:42:01','2025-10-22 23:42:01'),(27,14,'en','Steamed Fish with Ginger','Delicate steamed fish with fresh ginger and soy sauce','2025-10-22 23:42:01','2025-10-22 23:42:01'),(28,14,'km','ត្រីចំហុយខ្ញី','ត្រីចំហុយជាមួយខ្ញីស្រស់ និង ទឹកស៊ីអ៊ីវ','2025-10-22 23:42:01','2025-10-22 23:42:01'),(29,15,'en','Prawns in Tamarind Sauce','Fresh prawns cooked in sweet and sour tamarind sauce','2025-10-22 23:42:01','2025-10-22 23:42:01'),(30,15,'km','បង្គាអំពិលទុំ','បង្គាស្រស់ចម្អិនជាមួយអំពិលទុំផ្អែមឆ្មា','2025-10-22 23:42:01','2025-10-22 23:42:01'),(31,16,'en','Stir-fried Morning Glory','Fresh water spinach stir-fried with garlic and oyster sauce','2025-10-22 23:42:01','2025-10-22 23:42:01'),(32,16,'km','ត្រកួនឆាកតិច','ត្រកួនស្រស់ឆាជាមួយកតិច និង ទឹកជ្រលក់ហោយ','2025-10-22 23:42:01','2025-10-22 23:42:01'),(33,17,'en','Tofu Red Curry','Silky tofu in aromatic red curry with vegetables','2025-10-22 23:42:01','2025-10-22 23:42:01'),(34,17,'km','ការីក្រហមតៅហ៊ូ','តៅហ៊ូក្នុងការីក្រហមជាមួយបន្លែ','2025-10-22 23:42:01','2025-10-22 23:42:01'),(35,18,'en','Sour Fish Soup','Traditional Cambodian sour soup with fresh fish and vegetables','2025-10-22 23:42:01','2025-10-22 23:42:01'),(36,18,'km','សម្លម្ជូរត្រី','សម្លម្ជូរខ្មែរប្រពៃណីជាមួយត្រីស្រស់ និង បន្លែ','2025-10-22 23:42:01','2025-10-22 23:42:01'),(37,19,'en','Chicken Coconut Soup','Creamy coconut soup with tender chicken and aromatic herbs','2025-10-22 23:42:01','2025-10-22 23:42:01'),(38,19,'km','សម្លដូងមាន់','សម្លដូងក្រែមជាមួយសាច់មាន់ទន់ និង ស្លឹកឈូក','2025-10-22 23:42:01','2025-10-22 23:42:01'),(39,20,'en','Lotus Stem Salad','Crunchy lotus stem salad with herbs and lime dressing','2025-10-22 23:42:01','2025-10-22 23:42:01'),(40,20,'km','ញាំងជ្រួញ','ញាំងជ្រួញកកេបជាមួយស្លឹកឈូក និង ទឹកក្រូចឆ្មា','2025-10-22 23:42:01','2025-10-22 23:42:01'),(41,21,'en','Sticky Rice with Mango','Sweet sticky rice served with fresh mango slices and coconut milk','2025-10-22 23:42:01','2025-10-22 23:42:01'),(42,21,'km','បាយដំណើបស្វាយ','បាយដំណើបផ្អែមជាមួយស្វាយស្រស់ និង ទឹកដូង','2025-10-22 23:42:01','2025-10-22 23:42:01'),(43,22,'en','Coconut Custard','Traditional Cambodian coconut custard dessert','2025-10-22 23:42:01','2025-10-22 23:42:01'),(44,22,'km','សង់ខ្យាដូង','បង្អែមសង់ខ្យាដូងខ្មែរប្រពៃណី','2025-10-22 23:42:01','2025-10-22 23:42:01'),(45,23,'en','Coconut Ice Cream','Creamy coconut ice cream made with fresh coconut milk','2025-10-22 23:42:01','2025-10-22 23:42:01'),(46,23,'km','ការ៉េមដូង','ការ៉េមដូងក្រែមធ្វើពីទឹកដូងស្រស់','2025-10-22 23:42:01','2025-10-22 23:42:01'),(47,24,'en','Mango Ice Cream','Rich and creamy mango ice cream made with fresh mangoes','2025-10-22 23:42:01','2025-10-22 23:42:01'),(48,24,'km','ការ៉េមស្វាយ','ការ៉េមស្វាយក្រែមធ្វើពីស្វាយស្រស់','2025-10-22 23:42:01','2025-10-22 23:42:01'),(49,25,'en','Chocolate Cake','Rich chocolate cake with smooth chocolate ganache','2025-10-22 23:42:01','2025-10-22 23:42:01'),(50,25,'km','នំកេកសូកូឡា','នំកេកសូកូឡាក្រែមជាមួយសូកូឡាហ្គាណាស','2025-10-22 23:42:01','2025-10-22 23:42:01'),(51,26,'en','Traditional Cambodian Coffee','Strong Cambodian coffee served with condensed milk','2025-10-22 23:42:01','2025-10-22 23:42:01'),(52,26,'km','កាហ្វេខ្មែរ','កាហ្វេខ្មែរខ្លាំងជាមួយទឹកដោះគោបង្រួម','2025-10-22 23:42:01','2025-10-22 23:42:01'),(53,27,'en','Jasmine Tea','Fragrant jasmine tea served hot','2025-10-22 23:42:01','2025-10-22 23:42:01'),(54,27,'km','តែម្លិះ','តែម្លិះក្រអូបក្តៅៗ','2025-10-22 23:42:01','2025-10-22 23:42:01'),(55,28,'en','Iced Coffee','Refreshing iced coffee with condensed milk','2025-10-22 23:42:01','2025-10-22 23:42:01'),(56,28,'km','កាហ្វេទឹកកក','កាហ្វេទឹកកកធ្វើឱ្យស្រស់ជាមួយទឹកដោះគោបង្រួម','2025-10-22 23:42:01','2025-10-22 23:42:01'),(57,29,'en','Soft Drinks','Selection of carbonated soft drinks','2025-10-22 23:42:01','2025-10-22 23:42:01'),(58,29,'km','ភេសជ្ជៈបែបកាបូន','ជម្រើសភេសជ្ជៈបែបកាបូន','2025-10-22 23:42:01','2025-10-22 23:42:01'),(59,30,'en','Fresh Orange Juice','Freshly squeezed orange juice','2025-10-22 23:42:01','2025-10-22 23:42:01'),(60,30,'km','ទឹកក្រូចស្រស់','ទឹកក្រូចច្របាច់ស្រស់','2025-10-22 23:42:01','2025-10-22 23:42:01'),(61,31,'en','Watermelon Juice','Fresh watermelon juice, perfect for hot weather','2025-10-22 23:42:01','2025-10-22 23:42:01'),(62,31,'km','ទឹកឪឡឹក','ទឹកឪឡឹកស្រស់ល្អសម្រាប់អាកាសធាតុក្តៅ','2025-10-22 23:42:01','2025-10-22 23:42:01'),(63,32,'en','Angkor Beer','Cambodia\'s premium local beer','2025-10-22 23:42:01','2025-10-22 23:42:01'),(64,32,'km','ស្រាបៀរអង្គរ','ស្រាបៀរក្នុងស្រុកពិសេសរបស់កម្ពុជា','2025-10-22 23:42:01','2025-10-22 23:42:01'),(65,33,'en','House Red Wine','Our selection of red wine by the glass','2025-10-22 23:42:01','2025-10-22 23:42:01'),(66,33,'km','ស្រាវ៉ាំក្រហម','ស្រាវ៉ាំក្រហមជម្រើសរបស់យើង','2025-10-22 23:42:01','2025-10-22 23:42:01'),(67,34,'en','Fresh Spring Rolls','Crispy spring rolls filled with fresh vegetables and herbs, served with sweet chili sauce','2025-10-22 23:42:01','2025-10-22 23:42:01'),(68,34,'km','នំបញ្ចុំ','នំបញ្ចុំគ្រឿងសម្រាប់ដាក់បន្លែស្រស់ និង ស្លឹកឈូក ជាមួយទឹកជ្រលក់ផ្អែម','2025-10-22 23:42:01','2025-10-22 23:42:01'),(69,35,'en','Chicken Satay','Grilled chicken skewers marinated in aromatic spices, served with peanut sauce','2025-10-22 23:42:01','2025-10-22 23:42:01'),(70,35,'km','សាច់មាន់អាំង','សាច់មាន់អាំងជាមួយគ្រឿងទេស ផ្តល់ជាមួយទឹកជ្រលក់សណ្តែកដី','2025-10-22 23:42:01','2025-10-22 23:42:01'),(71,36,'en','Cambodian Fish Cakes','Traditional fish cakes made with fresh river fish and aromatic herbs','2025-10-22 23:42:01','2025-10-22 23:42:01'),(72,36,'km','អាម៉ុកត្រី','អាម៉ុកត្រីប្រពៃណីធ្វើពីត្រីស្រស់ និង ស្លឹកឈូក','2025-10-22 23:42:01','2025-10-22 23:42:01'),(73,37,'en','Green Papaya Salad','Fresh and tangy salad with shredded green papaya, tomatoes, and lime dressing','2025-10-22 23:42:01','2025-10-22 23:42:01'),(74,37,'km','បុកល្ហុង','សាឡាត់ល្ហុងបៃតងស្រស់ជាមួយប៉េងប៉ោះ និង ទឹកក្រូចឆ្មា','2025-10-22 23:42:01','2025-10-22 23:42:01'),(75,38,'en','Cambodian Beef Salad','Tender beef slices with fresh herbs, vegetables and tangy lime dressing','2025-10-22 23:42:01','2025-10-22 23:42:01'),(76,38,'km','ភ្លាសាច់គោ','សាច់គោជាមួយស្លឹកឈូកស្រស់ និង ទឹកក្រូចឆ្មា','2025-10-22 23:42:01','2025-10-22 23:42:01'),(77,39,'en','Mixed Appetizer Platter','A selection of our finest appetizers perfect for sharing','2025-10-22 23:42:01','2025-10-22 23:42:01'),(78,39,'km','ចានម្ហូបបំប៉នចម្រុះ','ម្ហូបបំប៉នពិសេសៗសម្រាប់ចែករំលែក','2025-10-22 23:42:01','2025-10-22 23:42:01'),(79,40,'en','Grilled Beef in Lolot Leaves','Premium beef wrapped in aromatic lolot leaves and grilled to perfection','2025-10-22 23:42:01','2025-10-22 23:42:01'),(80,40,'km','សាច់គោអាំងស្លឹកលលត','សាច់គោពិសេសរុំស្លឹកលលត អាំងឱ្យបានល្អ','2025-10-22 23:42:01','2025-10-22 23:42:01'),(81,41,'en','Grilled Pork Ribs','Tender pork ribs marinated in special sauce and grilled over charcoal','2025-10-22 23:42:01','2025-10-22 23:42:01'),(82,41,'km','ជំនីសាច់ជ្រូកអាំង','ជំនីសាច់ជ្រូកទន់ជាមួយទឹកជ្រលក់ពិសេស អាំងលើធ្យូង','2025-10-22 23:42:01','2025-10-22 23:42:01'),(83,42,'en','Grilled Chicken Wings','Juicy chicken wings marinated in herbs and spices, grilled to golden perfection','2025-10-22 23:42:01','2025-10-22 23:42:01'),(84,42,'km','ស្លាបមាន់អាំង','ស្លាបមាន់ជាមួយគ្រឿងទេស អាំងឱ្យបានពណ៌មាស','2025-10-22 23:42:01','2025-10-22 23:42:01'),(85,43,'en','Traditional Khmer Noodle Soup','Authentic Cambodian noodle soup with rich broth and fresh herbs','2025-10-22 23:42:01','2025-10-22 23:42:01'),(86,43,'km','គុយទាវខ្មែរ','គុយទាវខ្មែរប្រពៃណីជាមួយទឹកស៊ុបឈុំ និង ស្លឹកឈូក','2025-10-22 23:42:01','2025-10-22 23:42:01'),(87,44,'en','Pad Thai','Classic Thai stir-fried noodles with shrimp, tofu, and bean sprouts','2025-10-22 23:42:01','2025-10-22 23:42:01'),(88,44,'km','មីឆាថៃ','មីឆាថៃបុរាណជាមួយបង្គា តៅហ៊ូ និង សណ្តែកខ្ចី','2025-10-22 23:42:01','2025-10-22 23:42:01'),(89,45,'en','Spaghetti Carbonara','Classic Italian pasta with creamy sauce, bacon, and parmesan cheese','2025-10-22 23:42:01','2025-10-22 23:42:01'),(90,45,'km','ស្ប៉ាហ្គេទីកាបូណារ៉ា','ប៉ាស្តាអ៊ីតាលីជាមួយទឹកជ្រលក់ក្រែម និង ឈីសប៉ាម៉េសាន់','2025-10-22 23:42:01','2025-10-22 23:42:01'),(91,46,'en','Grilled Fish in Banana Leaf','Fresh fish grilled in banana leaf with traditional Khmer spices','2025-10-22 23:42:01','2025-10-22 23:42:01'),(92,46,'km','ត្រីអាំងស្លឹកចេក','ត្រីស្រស់អាំងក្នុងស្លឹកចេកជាមួយគ្រឿងទេសខ្មែរ','2025-10-22 23:42:01','2025-10-22 23:42:01'),(93,47,'en','Steamed Fish with Ginger','Delicate steamed fish with fresh ginger and soy sauce','2025-10-22 23:42:01','2025-10-22 23:42:01'),(94,47,'km','ត្រីចំហុយខ្ញី','ត្រីចំហុយជាមួយខ្ញីស្រស់ និង ទឹកស៊ីអ៊ីវ','2025-10-22 23:42:01','2025-10-22 23:42:01'),(95,48,'en','Prawns in Tamarind Sauce','Fresh prawns cooked in sweet and sour tamarind sauce','2025-10-22 23:42:01','2025-10-22 23:42:01'),(96,48,'km','បង្គាអំពិលទុំ','បង្គាស្រស់ចម្អិនជាមួយអំពិលទុំផ្អែមឆ្មា','2025-10-22 23:42:01','2025-10-22 23:42:01'),(97,49,'en','Stir-fried Morning Glory','Fresh water spinach stir-fried with garlic and oyster sauce','2025-10-22 23:42:01','2025-10-22 23:42:01'),(98,49,'km','ត្រកួនឆាកតិច','ត្រកួនស្រស់ឆាជាមួយកតិច និង ទឹកជ្រលក់ហោយ','2025-10-22 23:42:01','2025-10-22 23:42:01'),(99,50,'en','Tofu Red Curry','Silky tofu in aromatic red curry with vegetables','2025-10-22 23:42:01','2025-10-22 23:42:01'),(100,50,'km','ការីក្រហមតៅហ៊ូ','តៅហ៊ូក្នុងការីក្រហមជាមួយបន្លែ','2025-10-22 23:42:01','2025-10-22 23:42:01'),(101,51,'en','Sour Fish Soup','Traditional Cambodian sour soup with fresh fish and vegetables','2025-10-22 23:42:01','2025-10-22 23:42:01'),(102,51,'km','សម្លម្ជូរត្រី','សម្លម្ជូរខ្មែរប្រពៃណីជាមួយត្រីស្រស់ និង បន្លែ','2025-10-22 23:42:01','2025-10-22 23:42:01'),(103,52,'en','Chicken Coconut Soup','Creamy coconut soup with tender chicken and aromatic herbs','2025-10-22 23:42:01','2025-10-22 23:42:01'),(104,52,'km','សម្លដូងមាន់','សម្លដូងក្រែមជាមួយសាច់មាន់ទន់ និង ស្លឹកឈូក','2025-10-22 23:42:01','2025-10-22 23:42:01'),(105,53,'en','Lotus Stem Salad','Crunchy lotus stem salad with herbs and lime dressing','2025-10-22 23:42:01','2025-10-22 23:42:01'),(106,53,'km','ញាំងជ្រួញ','ញាំងជ្រួញកកេបជាមួយស្លឹកឈូក និង ទឹកក្រូចឆ្មា','2025-10-22 23:42:01','2025-10-22 23:42:01'),(107,54,'en','Sticky Rice with Mango','Sweet sticky rice served with fresh mango slices and coconut milk','2025-10-22 23:42:01','2025-10-22 23:42:01'),(108,54,'km','បាយដំណើបស្វាយ','បាយដំណើបផ្អែមជាមួយស្វាយស្រស់ និង ទឹកដូង','2025-10-22 23:42:01','2025-10-22 23:42:01'),(109,55,'en','Coconut Custard','Traditional Cambodian coconut custard dessert','2025-10-22 23:42:01','2025-10-22 23:42:01'),(110,55,'km','សង់ខ្យាដូង','បង្អែមសង់ខ្យាដូងខ្មែរប្រពៃណី','2025-10-22 23:42:01','2025-10-22 23:42:01'),(111,56,'en','Coconut Ice Cream','Creamy coconut ice cream made with fresh coconut milk','2025-10-22 23:42:01','2025-10-22 23:42:01'),(112,56,'km','ការ៉េមដូង','ការ៉េមដូងក្រែមធ្វើពីទឹកដូងស្រស់','2025-10-22 23:42:01','2025-10-22 23:42:01'),(113,57,'en','Mango Ice Cream','Rich and creamy mango ice cream made with fresh mangoes','2025-10-22 23:42:01','2025-10-22 23:42:01'),(114,57,'km','ការ៉េមស្វាយ','ការ៉េមស្វាយក្រែមធ្វើពីស្វាយស្រស់','2025-10-22 23:42:01','2025-10-22 23:42:01'),(115,58,'en','Chocolate Cake','Rich chocolate cake with smooth chocolate ganache','2025-10-22 23:42:01','2025-10-22 23:42:01'),(116,58,'km','នំកេកសូកូឡា','នំកេកសូកូឡាក្រែមជាមួយសូកូឡាហ្គាណាស','2025-10-22 23:42:01','2025-10-22 23:42:01'),(117,59,'en','Traditional Cambodian Coffee','Strong Cambodian coffee served with condensed milk','2025-10-22 23:42:01','2025-10-22 23:42:01'),(118,59,'km','កាហ្វេខ្មែរ','កាហ្វេខ្មែរខ្លាំងជាមួយទឹកដោះគោបង្រួម','2025-10-22 23:42:01','2025-10-22 23:42:01'),(119,60,'en','Jasmine Tea','Fragrant jasmine tea served hot','2025-10-22 23:42:01','2025-10-22 23:42:01'),(120,60,'km','តែម្លិះ','តែម្លិះក្រអូបក្តៅៗ','2025-10-22 23:42:01','2025-10-22 23:42:01'),(121,61,'en','Iced Coffee','Refreshing iced coffee with condensed milk','2025-10-22 23:42:01','2025-10-22 23:42:01'),(122,61,'km','កាហ្វេទឹកកក','កាហ្វេទឹកកកធ្វើឱ្យស្រស់ជាមួយទឹកដោះគោបង្រួម','2025-10-22 23:42:01','2025-10-22 23:42:01'),(123,62,'en','Soft Drinks','Selection of carbonated soft drinks','2025-10-22 23:42:01','2025-10-22 23:42:01'),(124,62,'km','ភេសជ្ជៈបែបកាបូន','ជម្រើសភេសជ្ជៈបែបកាបូន','2025-10-22 23:42:01','2025-10-22 23:42:01'),(125,63,'en','Fresh Orange Juice','Freshly squeezed orange juice','2025-10-22 23:42:01','2025-10-22 23:42:01'),(126,63,'km','ទឹកក្រូចស្រស់','ទឹកក្រូចច្របាច់ស្រស់','2025-10-22 23:42:01','2025-10-22 23:42:01'),(127,64,'en','Watermelon Juice','Fresh watermelon juice, perfect for hot weather','2025-10-22 23:42:01','2025-10-22 23:42:01'),(128,64,'km','ទឹកឪឡឹក','ទឹកឪឡឹកស្រស់ល្អសម្រាប់អាកាសធាតុក្តៅ','2025-10-22 23:42:01','2025-10-22 23:42:01'),(129,65,'en','Angkor Beer','Cambodia\'s premium local beer','2025-10-22 23:42:01','2025-10-22 23:42:01'),(130,65,'km','ស្រាបៀរអង្គរ','ស្រាបៀរក្នុងស្រុកពិសេសរបស់កម្ពុជា','2025-10-22 23:42:01','2025-10-22 23:42:01'),(131,66,'en','House Red Wine','Our selection of red wine by the glass','2025-10-22 23:42:01','2025-10-22 23:42:01'),(132,66,'km','ស្រាវ៉ាំក្រហម','ស្រាវ៉ាំក្រហមជម្រើសរបស់យើង','2025-10-22 23:42:01','2025-10-22 23:42:01'),(133,67,'en','Fresh Spring Rolls','Crispy spring rolls filled with fresh vegetables and herbs, served with sweet chili sauce','2025-10-22 23:42:01','2025-10-22 23:42:01'),(134,67,'km','នំបញ្ចុំ','នំបញ្ចុំគ្រឿងសម្រាប់ដាក់បន្លែស្រស់ និង ស្លឹកឈូក ជាមួយទឹកជ្រលក់ផ្អែម','2025-10-22 23:42:01','2025-10-22 23:42:01'),(135,68,'en','Chicken Satay','Grilled chicken skewers marinated in aromatic spices, served with peanut sauce','2025-10-22 23:42:01','2025-10-22 23:42:01'),(136,68,'km','សាច់មាន់អាំង','សាច់មាន់អាំងជាមួយគ្រឿងទេស ផ្តល់ជាមួយទឹកជ្រលក់សណ្តែកដី','2025-10-22 23:42:01','2025-10-22 23:42:01'),(137,69,'en','Cambodian Fish Cakes','Traditional fish cakes made with fresh river fish and aromatic herbs','2025-10-22 23:42:01','2025-10-22 23:42:01'),(138,69,'km','អាម៉ុកត្រី','អាម៉ុកត្រីប្រពៃណីធ្វើពីត្រីស្រស់ និង ស្លឹកឈូក','2025-10-22 23:42:01','2025-10-22 23:42:01'),(139,70,'en','Green Papaya Salad','Fresh and tangy salad with shredded green papaya, tomatoes, and lime dressing','2025-10-22 23:42:01','2025-10-22 23:42:01'),(140,70,'km','បុកល្ហុង','សាឡាត់ល្ហុងបៃតងស្រស់ជាមួយប៉េងប៉ោះ និង ទឹកក្រូចឆ្មា','2025-10-22 23:42:01','2025-10-22 23:42:01'),(141,71,'en','Cambodian Beef Salad','Tender beef slices with fresh herbs, vegetables and tangy lime dressing','2025-10-22 23:42:01','2025-10-22 23:42:01'),(142,71,'km','ភ្លាសាច់គោ','សាច់គោជាមួយស្លឹកឈូកស្រស់ និង ទឹកក្រូចឆ្មា','2025-10-22 23:42:01','2025-10-22 23:42:01'),(143,72,'en','Mixed Appetizer Platter','A selection of our finest appetizers perfect for sharing','2025-10-22 23:42:01','2025-10-22 23:42:01'),(144,72,'km','ចានម្ហូបបំប៉នចម្រុះ','ម្ហូបបំប៉នពិសេសៗសម្រាប់ចែករំលែក','2025-10-22 23:42:01','2025-10-22 23:42:01'),(145,73,'en','Grilled Beef in Lolot Leaves','Premium beef wrapped in aromatic lolot leaves and grilled to perfection','2025-10-22 23:42:01','2025-10-22 23:42:01'),(146,73,'km','សាច់គោអាំងស្លឹកលលត','សាច់គោពិសេសរុំស្លឹកលលត អាំងឱ្យបានល្អ','2025-10-22 23:42:01','2025-10-22 23:42:01'),(147,74,'en','Grilled Pork Ribs','Tender pork ribs marinated in special sauce and grilled over charcoal','2025-10-22 23:42:01','2025-10-22 23:42:01'),(148,74,'km','ជំនីសាច់ជ្រូកអាំង','ជំនីសាច់ជ្រូកទន់ជាមួយទឹកជ្រលក់ពិសេស អាំងលើធ្យូង','2025-10-22 23:42:01','2025-10-22 23:42:01'),(149,75,'en','Grilled Chicken Wings','Juicy chicken wings marinated in herbs and spices, grilled to golden perfection','2025-10-22 23:42:01','2025-10-22 23:42:01'),(150,75,'km','ស្លាបមាន់អាំង','ស្លាបមាន់ជាមួយគ្រឿងទេស អាំងឱ្យបានពណ៌មាស','2025-10-22 23:42:01','2025-10-22 23:42:01'),(151,76,'en','Traditional Khmer Noodle Soup','Authentic Cambodian noodle soup with rich broth and fresh herbs','2025-10-22 23:42:01','2025-10-22 23:42:01'),(152,76,'km','គុយទាវខ្មែរ','គុយទាវខ្មែរប្រពៃណីជាមួយទឹកស៊ុបឈុំ និង ស្លឹកឈូក','2025-10-22 23:42:01','2025-10-22 23:42:01'),(153,77,'en','Pad Thai','Classic Thai stir-fried noodles with shrimp, tofu, and bean sprouts','2025-10-22 23:42:01','2025-10-22 23:42:01'),(154,77,'km','មីឆាថៃ','មីឆាថៃបុរាណជាមួយបង្គា តៅហ៊ូ និង សណ្តែកខ្ចី','2025-10-22 23:42:01','2025-10-22 23:42:01'),(155,78,'en','Spaghetti Carbonara','Classic Italian pasta with creamy sauce, bacon, and parmesan cheese','2025-10-22 23:42:01','2025-10-22 23:42:01'),(156,78,'km','ស្ប៉ាហ្គេទីកាបូណារ៉ា','ប៉ាស្តាអ៊ីតាលីជាមួយទឹកជ្រលក់ក្រែម និង ឈីសប៉ាម៉េសាន់','2025-10-22 23:42:01','2025-10-22 23:42:01'),(157,79,'en','Grilled Fish in Banana Leaf','Fresh fish grilled in banana leaf with traditional Khmer spices','2025-10-22 23:42:01','2025-10-22 23:42:01'),(158,79,'km','ត្រីអាំងស្លឹកចេក','ត្រីស្រស់អាំងក្នុងស្លឹកចេកជាមួយគ្រឿងទេសខ្មែរ','2025-10-22 23:42:01','2025-10-22 23:42:01'),(159,80,'en','Steamed Fish with Ginger','Delicate steamed fish with fresh ginger and soy sauce','2025-10-22 23:42:01','2025-10-22 23:42:01'),(160,80,'km','ត្រីចំហុយខ្ញី','ត្រីចំហុយជាមួយខ្ញីស្រស់ និង ទឹកស៊ីអ៊ីវ','2025-10-22 23:42:01','2025-10-22 23:42:01'),(161,81,'en','Prawns in Tamarind Sauce','Fresh prawns cooked in sweet and sour tamarind sauce','2025-10-22 23:42:01','2025-10-22 23:42:01'),(162,81,'km','បង្គាអំពិលទុំ','បង្គាស្រស់ចម្អិនជាមួយអំពិលទុំផ្អែមឆ្មា','2025-10-22 23:42:01','2025-10-22 23:42:01'),(163,82,'en','Stir-fried Morning Glory','Fresh water spinach stir-fried with garlic and oyster sauce','2025-10-22 23:42:01','2025-10-22 23:42:01'),(164,82,'km','ត្រកួនឆាកតិច','ត្រកួនស្រស់ឆាជាមួយកតិច និង ទឹកជ្រលក់ហោយ','2025-10-22 23:42:01','2025-10-22 23:42:01'),(165,83,'en','Tofu Red Curry','Silky tofu in aromatic red curry with vegetables','2025-10-22 23:42:01','2025-10-22 23:42:01'),(166,83,'km','ការីក្រហមតៅហ៊ូ','តៅហ៊ូក្នុងការីក្រហមជាមួយបន្លែ','2025-10-22 23:42:01','2025-10-22 23:42:01'),(167,84,'en','Sour Fish Soup','Traditional Cambodian sour soup with fresh fish and vegetables','2025-10-22 23:42:01','2025-10-22 23:42:01'),(168,84,'km','សម្លម្ជូរត្រី','សម្លម្ជូរខ្មែរប្រពៃណីជាមួយត្រីស្រស់ និង បន្លែ','2025-10-22 23:42:01','2025-10-22 23:42:01'),(169,85,'en','Chicken Coconut Soup','Creamy coconut soup with tender chicken and aromatic herbs','2025-10-22 23:42:01','2025-10-22 23:42:01'),(170,85,'km','សម្លដូងមាន់','សម្លដូងក្រែមជាមួយសាច់មាន់ទន់ និង ស្លឹកឈូក','2025-10-22 23:42:01','2025-10-22 23:42:01'),(171,86,'en','Lotus Stem Salad','Crunchy lotus stem salad with herbs and lime dressing','2025-10-22 23:42:01','2025-10-22 23:42:01'),(172,86,'km','ញាំងជ្រួញ','ញាំងជ្រួញកកេបជាមួយស្លឹកឈូក និង ទឹកក្រូចឆ្មា','2025-10-22 23:42:01','2025-10-22 23:42:01'),(173,87,'en','Sticky Rice with Mango','Sweet sticky rice served with fresh mango slices and coconut milk','2025-10-22 23:42:01','2025-10-22 23:42:01'),(174,87,'km','បាយដំណើបស្វាយ','បាយដំណើបផ្អែមជាមួយស្វាយស្រស់ និង ទឹកដូង','2025-10-22 23:42:01','2025-10-22 23:42:01'),(175,88,'en','Coconut Custard','Traditional Cambodian coconut custard dessert','2025-10-22 23:42:01','2025-10-22 23:42:01'),(176,88,'km','សង់ខ្យាដូង','បង្អែមសង់ខ្យាដូងខ្មែរប្រពៃណី','2025-10-22 23:42:01','2025-10-22 23:42:01'),(177,89,'en','Coconut Ice Cream','Creamy coconut ice cream made with fresh coconut milk','2025-10-22 23:42:01','2025-10-22 23:42:01'),(178,89,'km','ការ៉េមដូង','ការ៉េមដូងក្រែមធ្វើពីទឹកដូងស្រស់','2025-10-22 23:42:01','2025-10-22 23:42:01'),(179,90,'en','Mango Ice Cream','Rich and creamy mango ice cream made with fresh mangoes','2025-10-22 23:42:01','2025-10-22 23:42:01'),(180,90,'km','ការ៉េមស្វាយ','ការ៉េមស្វាយក្រែមធ្វើពីស្វាយស្រស់','2025-10-22 23:42:01','2025-10-22 23:42:01'),(181,91,'en','Chocolate Cake','Rich chocolate cake with smooth chocolate ganache','2025-10-22 23:42:01','2025-10-22 23:42:01'),(182,91,'km','នំកេកសូកូឡា','នំកេកសូកូឡាក្រែមជាមួយសូកូឡាហ្គាណាស','2025-10-22 23:42:01','2025-10-22 23:42:01'),(183,92,'en','Traditional Cambodian Coffee','Strong Cambodian coffee served with condensed milk','2025-10-22 23:42:01','2025-10-22 23:42:01'),(184,92,'km','កាហ្វេខ្មែរ','កាហ្វេខ្មែរខ្លាំងជាមួយទឹកដោះគោបង្រួម','2025-10-22 23:42:01','2025-10-22 23:42:01'),(185,93,'en','Jasmine Tea','Fragrant jasmine tea served hot','2025-10-22 23:42:01','2025-10-22 23:42:01'),(186,93,'km','តែម្លិះ','តែម្លិះក្រអូបក្តៅៗ','2025-10-22 23:42:01','2025-10-22 23:42:01'),(187,94,'en','Iced Coffee','Refreshing iced coffee with condensed milk','2025-10-22 23:42:01','2025-10-22 23:42:01'),(188,94,'km','កាហ្វេទឹកកក','កាហ្វេទឹកកកធ្វើឱ្យស្រស់ជាមួយទឹកដោះគោបង្រួម','2025-10-22 23:42:01','2025-10-22 23:42:01'),(189,95,'en','Soft Drinks','Selection of carbonated soft drinks','2025-10-22 23:42:01','2025-10-22 23:42:01'),(190,95,'km','ភេសជ្ជៈបែបកាបូន','ជម្រើសភេសជ្ជៈបែបកាបូន','2025-10-22 23:42:01','2025-10-22 23:42:01'),(191,96,'en','Fresh Orange Juice','Freshly squeezed orange juice','2025-10-22 23:42:01','2025-10-22 23:42:01'),(192,96,'km','ទឹកក្រូចស្រស់','ទឹកក្រូចច្របាច់ស្រស់','2025-10-22 23:42:01','2025-10-22 23:42:01'),(193,97,'en','Watermelon Juice','Fresh watermelon juice, perfect for hot weather','2025-10-22 23:42:01','2025-10-22 23:42:01'),(194,97,'km','ទឹកឪឡឹក','ទឹកឪឡឹកស្រស់ល្អសម្រាប់អាកាសធាតុក្តៅ','2025-10-22 23:42:01','2025-10-22 23:42:01'),(195,98,'en','Angkor Beer','Cambodia\'s premium local beer','2025-10-22 23:42:01','2025-10-22 23:42:01'),(196,98,'km','ស្រាបៀរអង្គរ','ស្រាបៀរក្នុងស្រុកពិសេសរបស់កម្ពុជា','2025-10-22 23:42:01','2025-10-22 23:42:01'),(197,99,'en','House Red Wine','Our selection of red wine by the glass','2025-10-22 23:42:01','2025-10-22 23:42:01'),(198,99,'km','ស្រាវ៉ាំក្រហម','ស្រាវ៉ាំក្រហមជម្រើសរបស់យើង','2025-10-22 23:42:01','2025-10-22 23:42:01'),(199,100,'en','Fresh Spring Rolls','Crispy spring rolls filled with fresh vegetables and herbs, served with sweet chili sauce','2025-10-22 23:42:01','2025-10-22 23:42:01'),(200,100,'km','នំបញ្ចុំ','នំបញ្ចុំគ្រឿងសម្រាប់ដាក់បន្លែស្រស់ និង ស្លឹកឈូក ជាមួយទឹកជ្រលក់ផ្អែម','2025-10-22 23:42:01','2025-10-22 23:42:01'),(201,101,'en','Chicken Satay','Grilled chicken skewers marinated in aromatic spices, served with peanut sauce','2025-10-22 23:42:01','2025-10-22 23:42:01'),(202,101,'km','សាច់មាន់អាំង','សាច់មាន់អាំងជាមួយគ្រឿងទេស ផ្តល់ជាមួយទឹកជ្រលក់សណ្តែកដី','2025-10-22 23:42:01','2025-10-22 23:42:01'),(203,102,'en','Cambodian Fish Cakes','Traditional fish cakes made with fresh river fish and aromatic herbs','2025-10-22 23:42:01','2025-10-22 23:42:01'),(204,102,'km','អាម៉ុកត្រី','អាម៉ុកត្រីប្រពៃណីធ្វើពីត្រីស្រស់ និង ស្លឹកឈូក','2025-10-22 23:42:01','2025-10-22 23:42:01'),(205,103,'en','Green Papaya Salad','Fresh and tangy salad with shredded green papaya, tomatoes, and lime dressing','2025-10-22 23:42:01','2025-10-22 23:42:01'),(206,103,'km','បុកល្ហុង','សាឡាត់ល្ហុងបៃតងស្រស់ជាមួយប៉េងប៉ោះ និង ទឹកក្រូចឆ្មា','2025-10-22 23:42:01','2025-10-22 23:42:01'),(207,104,'en','Cambodian Beef Salad','Tender beef slices with fresh herbs, vegetables and tangy lime dressing','2025-10-22 23:42:01','2025-10-22 23:42:01'),(208,104,'km','ភ្លាសាច់គោ','សាច់គោជាមួយស្លឹកឈូកស្រស់ និង ទឹកក្រូចឆ្មា','2025-10-22 23:42:01','2025-10-22 23:42:01'),(209,105,'en','Mixed Appetizer Platter','A selection of our finest appetizers perfect for sharing','2025-10-22 23:42:01','2025-10-22 23:42:01'),(210,105,'km','ចានម្ហូបបំប៉នចម្រុះ','ម្ហូបបំប៉នពិសេសៗសម្រាប់ចែករំលែក','2025-10-22 23:42:01','2025-10-22 23:42:01'),(211,106,'en','Grilled Beef in Lolot Leaves','Premium beef wrapped in aromatic lolot leaves and grilled to perfection','2025-10-22 23:42:01','2025-10-22 23:42:01'),(212,106,'km','សាច់គោអាំងស្លឹកលលត','សាច់គោពិសេសរុំស្លឹកលលត អាំងឱ្យបានល្អ','2025-10-22 23:42:01','2025-10-22 23:42:01'),(213,107,'en','Grilled Pork Ribs','Tender pork ribs marinated in special sauce and grilled over charcoal','2025-10-22 23:42:01','2025-10-22 23:42:01'),(214,107,'km','ជំនីសាច់ជ្រូកអាំង','ជំនីសាច់ជ្រូកទន់ជាមួយទឹកជ្រលក់ពិសេស អាំងលើធ្យូង','2025-10-22 23:42:01','2025-10-22 23:42:01'),(215,108,'en','Grilled Chicken Wings','Juicy chicken wings marinated in herbs and spices, grilled to golden perfection','2025-10-22 23:42:01','2025-10-22 23:42:01'),(216,108,'km','ស្លាបមាន់អាំង','ស្លាបមាន់ជាមួយគ្រឿងទេស អាំងឱ្យបានពណ៌មាស','2025-10-22 23:42:01','2025-10-22 23:42:01'),(217,109,'en','Traditional Khmer Noodle Soup','Authentic Cambodian noodle soup with rich broth and fresh herbs','2025-10-22 23:42:01','2025-10-22 23:42:01'),(218,109,'km','គុយទាវខ្មែរ','គុយទាវខ្មែរប្រពៃណីជាមួយទឹកស៊ុបឈុំ និង ស្លឹកឈូក','2025-10-22 23:42:01','2025-10-22 23:42:01'),(219,110,'en','Pad Thai','Classic Thai stir-fried noodles with shrimp, tofu, and bean sprouts','2025-10-22 23:42:01','2025-10-22 23:42:01'),(220,110,'km','មីឆាថៃ','មីឆាថៃបុរាណជាមួយបង្គា តៅហ៊ូ និង សណ្តែកខ្ចី','2025-10-22 23:42:01','2025-10-22 23:42:01'),(221,111,'en','Spaghetti Carbonara','Classic Italian pasta with creamy sauce, bacon, and parmesan cheese','2025-10-22 23:42:01','2025-10-22 23:42:01'),(222,111,'km','ស្ប៉ាហ្គេទីកាបូណារ៉ា','ប៉ាស្តាអ៊ីតាលីជាមួយទឹកជ្រលក់ក្រែម និង ឈីសប៉ាម៉េសាន់','2025-10-22 23:42:01','2025-10-22 23:42:01'),(223,112,'en','Grilled Fish in Banana Leaf','Fresh fish grilled in banana leaf with traditional Khmer spices','2025-10-22 23:42:01','2025-10-22 23:42:01'),(224,112,'km','ត្រីអាំងស្លឹកចេក','ត្រីស្រស់អាំងក្នុងស្លឹកចេកជាមួយគ្រឿងទេសខ្មែរ','2025-10-22 23:42:01','2025-10-22 23:42:01'),(225,113,'en','Steamed Fish with Ginger','Delicate steamed fish with fresh ginger and soy sauce','2025-10-22 23:42:01','2025-10-22 23:42:01'),(226,113,'km','ត្រីចំហុយខ្ញី','ត្រីចំហុយជាមួយខ្ញីស្រស់ និង ទឹកស៊ីអ៊ីវ','2025-10-22 23:42:01','2025-10-22 23:42:01'),(227,114,'en','Prawns in Tamarind Sauce','Fresh prawns cooked in sweet and sour tamarind sauce','2025-10-22 23:42:01','2025-10-22 23:42:01'),(228,114,'km','បង្គាអំពិលទុំ','បង្គាស្រស់ចម្អិនជាមួយអំពិលទុំផ្អែមឆ្មា','2025-10-22 23:42:01','2025-10-22 23:42:01'),(229,115,'en','Stir-fried Morning Glory','Fresh water spinach stir-fried with garlic and oyster sauce','2025-10-22 23:42:01','2025-10-22 23:42:01'),(230,115,'km','ត្រកួនឆាកតិច','ត្រកួនស្រស់ឆាជាមួយកតិច និង ទឹកជ្រលក់ហោយ','2025-10-22 23:42:01','2025-10-22 23:42:01'),(231,116,'en','Tofu Red Curry','Silky tofu in aromatic red curry with vegetables','2025-10-22 23:42:01','2025-10-22 23:42:01'),(232,116,'km','ការីក្រហមតៅហ៊ូ','តៅហ៊ូក្នុងការីក្រហមជាមួយបន្លែ','2025-10-22 23:42:01','2025-10-22 23:42:01'),(233,117,'en','Sour Fish Soup','Traditional Cambodian sour soup with fresh fish and vegetables','2025-10-22 23:42:01','2025-10-22 23:42:01'),(234,117,'km','សម្លម្ជូរត្រី','សម្លម្ជូរខ្មែរប្រពៃណីជាមួយត្រីស្រស់ និង បន្លែ','2025-10-22 23:42:01','2025-10-22 23:42:01'),(235,118,'en','Chicken Coconut Soup','Creamy coconut soup with tender chicken and aromatic herbs','2025-10-22 23:42:01','2025-10-22 23:42:01'),(236,118,'km','សម្លដូងមាន់','សម្លដូងក្រែមជាមួយសាច់មាន់ទន់ និង ស្លឹកឈូក','2025-10-22 23:42:01','2025-10-22 23:42:01'),(237,119,'en','Lotus Stem Salad','Crunchy lotus stem salad with herbs and lime dressing','2025-10-22 23:42:01','2025-10-22 23:42:01'),(238,119,'km','ញាំងជ្រួញ','ញាំងជ្រួញកកេបជាមួយស្លឹកឈូក និង ទឹកក្រូចឆ្មា','2025-10-22 23:42:01','2025-10-22 23:42:01'),(239,120,'en','Sticky Rice with Mango','Sweet sticky rice served with fresh mango slices and coconut milk','2025-10-22 23:42:01','2025-10-22 23:42:01'),(240,120,'km','បាយដំណើបស្វាយ','បាយដំណើបផ្អែមជាមួយស្វាយស្រស់ និង ទឹកដូង','2025-10-22 23:42:01','2025-10-22 23:42:01'),(241,121,'en','Coconut Custard','Traditional Cambodian coconut custard dessert','2025-10-22 23:42:01','2025-10-22 23:42:01'),(242,121,'km','សង់ខ្យាដូង','បង្អែមសង់ខ្យាដូងខ្មែរប្រពៃណី','2025-10-22 23:42:01','2025-10-22 23:42:01'),(243,122,'en','Coconut Ice Cream','Creamy coconut ice cream made with fresh coconut milk','2025-10-22 23:42:01','2025-10-22 23:42:01'),(244,122,'km','ការ៉េមដូង','ការ៉េមដូងក្រែមធ្វើពីទឹកដូងស្រស់','2025-10-22 23:42:01','2025-10-22 23:42:01'),(245,123,'en','Mango Ice Cream','Rich and creamy mango ice cream made with fresh mangoes','2025-10-22 23:42:01','2025-10-22 23:42:01'),(246,123,'km','ការ៉េមស្វាយ','ការ៉េមស្វាយក្រែមធ្វើពីស្វាយស្រស់','2025-10-22 23:42:01','2025-10-22 23:42:01'),(247,124,'en','Chocolate Cake','Rich chocolate cake with smooth chocolate ganache','2025-10-22 23:42:01','2025-10-22 23:42:01'),(248,124,'km','នំកេកសូកូឡា','នំកេកសូកូឡាក្រែមជាមួយសូកូឡាហ្គាណាស','2025-10-22 23:42:01','2025-10-22 23:42:01'),(249,125,'en','Traditional Cambodian Coffee','Strong Cambodian coffee served with condensed milk','2025-10-22 23:42:01','2025-10-22 23:42:01'),(250,125,'km','កាហ្វេខ្មែរ','កាហ្វេខ្មែរខ្លាំងជាមួយទឹកដោះគោបង្រួម','2025-10-22 23:42:01','2025-10-22 23:42:01'),(251,126,'en','Jasmine Tea','Fragrant jasmine tea served hot','2025-10-22 23:42:01','2025-10-22 23:42:01'),(252,126,'km','តែម្លិះ','តែម្លិះក្រអូបក្តៅៗ','2025-10-22 23:42:01','2025-10-22 23:42:01'),(253,127,'en','Iced Coffee','Refreshing iced coffee with condensed milk','2025-10-22 23:42:01','2025-10-22 23:42:01'),(254,127,'km','កាហ្វេទឹកកក','កាហ្វេទឹកកកធ្វើឱ្យស្រស់ជាមួយទឹកដោះគោបង្រួម','2025-10-22 23:42:01','2025-10-22 23:42:01'),(255,128,'en','Soft Drinks','Selection of carbonated soft drinks','2025-10-22 23:42:01','2025-10-22 23:42:01'),(256,128,'km','ភេសជ្ជៈបែបកាបូន','ជម្រើសភេសជ្ជៈបែបកាបូន','2025-10-22 23:42:01','2025-10-22 23:42:01'),(257,129,'en','Fresh Orange Juice','Freshly squeezed orange juice','2025-10-22 23:42:01','2025-10-22 23:42:01'),(258,129,'km','ទឹកក្រូចស្រស់','ទឹកក្រូចច្របាច់ស្រស់','2025-10-22 23:42:01','2025-10-22 23:42:01'),(259,130,'en','Watermelon Juice','Fresh watermelon juice, perfect for hot weather','2025-10-22 23:42:01','2025-10-22 23:42:01'),(260,130,'km','ទឹកឪឡឹក','ទឹកឪឡឹកស្រស់ល្អសម្រាប់អាកាសធាតុក្តៅ','2025-10-22 23:42:01','2025-10-22 23:42:01'),(261,131,'en','Angkor Beer','Cambodia\'s premium local beer','2025-10-22 23:42:01','2025-10-22 23:42:01'),(262,131,'km','ស្រាបៀរអង្គរ','ស្រាបៀរក្នុងស្រុកពិសេសរបស់កម្ពុជា','2025-10-22 23:42:01','2025-10-22 23:42:01'),(263,132,'en','House Red Wine','Our selection of red wine by the glass','2025-10-22 23:42:01','2025-10-22 23:42:01'),(264,132,'km','ស្រាវ៉ាំក្រហម','ស្រាវ៉ាំក្រហមជម្រើសរបស់យើង','2025-10-22 23:42:01','2025-10-22 23:42:01');
/*!40000 ALTER TABLE `menu_item_translations` ENABLE KEYS */;
UNLOCK TABLES;

--
-- Table structure for table `menu_items`
--

DROP TABLE IF EXISTS `menu_items`;
/*!40101 SET @saved_cs_client     = @@character_set_client */;
/*!50503 SET character_set_client = utf8mb4 */;
CREATE TABLE `menu_items` (
  `id` bigint unsigned NOT NULL AUTO_INCREMENT,
  `location_id` bigint unsigned NOT NULL,
  `category_id` bigint unsigned DEFAULT NULL,
  `sku` varchar(50) COLLATE utf8mb4_unicode_ci DEFAULT NULL,
  `slug` varchar(150) COLLATE utf8mb4_unicode_ci NOT NULL,
  `price` decimal(12,2) NOT NULL,
  `cost` decimal(12,2) DEFAULT NULL,
  `prep_time` int DEFAULT NULL,
  `calories` int DEFAULT NULL,
  `image_path` varchar(255) COLLATE utf8mb4_unicode_ci DEFAULT NULL,
  `image` varchar(255) COLLATE utf8mb4_unicode_ci DEFAULT NULL,
  `is_popular` tinyint(1) NOT NULL DEFAULT '0',
  `is_active` tinyint(1) NOT NULL DEFAULT '1',
  `display_order` int unsigned NOT NULL DEFAULT '0',
  `created_at` timestamp NULL DEFAULT NULL,
  `updated_at` timestamp NULL DEFAULT NULL,
  `deleted_at` timestamp NULL DEFAULT NULL,
  PRIMARY KEY (`id`),
  UNIQUE KEY `menu_items_location_id_slug_unique` (`location_id`,`slug`),
  UNIQUE KEY `menu_items_location_id_sku_unique` (`location_id`,`sku`),
  KEY `menu_items_category_id_foreign` (`category_id`),
  KEY `menu_items_slug_index` (`slug`),
  KEY `menu_items_is_popular_index` (`is_popular`),
  KEY `menu_items_is_active_index` (`is_active`),
  CONSTRAINT `menu_items_category_id_foreign` FOREIGN KEY (`category_id`) REFERENCES `categories` (`id`) ON DELETE SET NULL ON UPDATE CASCADE,
  CONSTRAINT `menu_items_location_id_foreign` FOREIGN KEY (`location_id`) REFERENCES `locations` (`id`) ON DELETE RESTRICT ON UPDATE CASCADE
) ENGINE=InnoDB AUTO_INCREMENT=133 DEFAULT CHARSET=utf8mb4 COLLATE=utf8mb4_unicode_ci;
/*!40101 SET character_set_client = @saved_cs_client */;

--
-- Dumping data for table `menu_items`
--

LOCK TABLES `menu_items` WRITE;
/*!40000 ALTER TABLE `menu_items` DISABLE KEYS */;
INSERT INTO `menu_items` VALUES (1,1,6,NULL,'spring-rolls',8.50,3.20,15,180,'/images/menu-items/spring-rolls.jpg','https://images.unsplash.com/photo-1569718212165-3a8278d5f624?w=400&h=300&fit=crop',1,1,0,'2025-10-22 23:42:00','2025-10-22 23:42:00',NULL),(2,1,6,NULL,'chicken-satay',12.00,4.50,20,250,'/images/menu-items/chicken-satay.jpg','https://images.unsplash.com/photo-1599487488170-d11ec9c172f0?w=400&h=300&fit=crop',1,1,0,'2025-10-22 23:42:00','2025-10-22 23:42:00',NULL),(3,1,6,NULL,'fish-cakes',10.50,4.00,18,220,'/images/menu-items/cambodian-fish-cakes.jpg','https://images.unsplash.com/photo-1565299624946-b28f40a0ca4b?w=400&h=300&fit=crop',0,1,0,'2025-10-22 23:42:00','2025-10-22 23:42:00',NULL),(4,1,7,NULL,'papaya-salad',9.00,2.50,10,120,'/images/menu-items/green-sapaya-salad.jpg','https://images.unsplash.com/photo-1596040033229-a9821ebd058d?w=400&h=300&fit=crop',1,1,0,'2025-10-22 23:42:00','2025-10-22 23:42:00',NULL),(5,1,7,NULL,'beef-salad',13.50,5.00,15,280,'/images/menu-items/cambodian-beef-salad.jpg','https://images.unsplash.com/photo-1540189549336-e6e99c3679fe?w=400&h=300&fit=crop',1,1,0,'2025-10-22 23:42:00','2025-10-22 23:42:00',NULL),(6,1,8,NULL,'mixed-appetizer-platter',28.00,12.00,25,850,'/images/menu-items/mixed-appetizer-platter.jpg','https://images.unsplash.com/photo-1544025162-d76694265947?w=400&h=300&fit=crop',1,1,0,'2025-10-22 23:42:00','2025-10-22 23:42:00',NULL),(7,1,9,NULL,'grilled-beef-lolot',18.50,7.50,25,420,'/images/menu-items/grilled-beef-in-lolot-leaves.jpg','https://images.unsplash.com/photo-1544025162-d76694265947?w=400&h=300&fit=crop',1,1,0,'2025-10-22 23:42:00','2025-10-22 23:42:00',NULL),(8,1,9,NULL,'grilled-pork-ribs',22.00,9.00,35,580,'/images/menu-items/grilled-pork-ribs.jpg','https://images.unsplash.com/photo-1544025162-d76694265947?w=400&h=300&fit=crop',1,1,0,'2025-10-22 23:42:00','2025-10-22 23:42:00',NULL),(9,1,9,NULL,'grilled-chicken-wings',15.00,5.50,20,380,'/images/menu-items/grilled-chicken-wings.jpg','https://images.unsplash.com/photo-1527477396000-e27163b481c2?w=400&h=300&fit=crop',1,1,0,'2025-10-22 23:42:00','2025-10-22 23:42:00',NULL),(10,1,10,NULL,'khmer-noodle-soup',12.50,4.00,20,450,'/images/menu-items/traditional-khmer-noodle-soup.jpg','https://images.unsplash.com/photo-1569718212165-3a8278d5f624?w=400&h=300&fit=crop',1,1,0,'2025-10-22 23:42:00','2025-10-22 23:42:00',NULL),(11,1,10,NULL,'pad-thai',14.00,4.50,18,520,'/images/menu-items/pad-thai.jpg','https://images.unsplash.com/photo-1559314809-0f31657def5e?w=400&h=300&fit=crop',1,1,0,'2025-10-22 23:42:00','2025-10-22 23:42:00',NULL),(12,1,10,NULL,'spaghetti-carbonara',16.50,5.50,22,680,'/images/menu-items/spaghetti-carbonara.jpg','https://images.unsplash.com/photo-1621996346565-e3dbc353d2e5?w=400&h=300&fit=crop',0,1,0,'2025-10-22 23:42:00','2025-10-22 23:42:00',NULL),(13,1,11,NULL,'grilled-fish-banana-leaf',25.00,10.00,30,380,'/images/menu-items/grilled-fish-in-banana-leaf.jpg','https://images.unsplash.com/photo-1544025162-d76694265947?w=400&h=300&fit=crop',1,1,0,'2025-10-22 23:42:00','2025-10-22 23:42:00',NULL),(14,1,11,NULL,'steamed-fish-ginger',28.00,12.00,25,320,'/images/menu-items/steamed-fish-with-ginger.jpg','https://images.unsplash.com/photo-1544025162-d76694265947?w=400&h=300&fit=crop',1,1,0,'2025-10-22 23:42:00','2025-10-22 23:42:00',NULL),(15,1,11,NULL,'prawns-tamarind-sauce',32.00,14.00,20,420,'/images/menu-items/prawns-in-samarind-sauce.jpg','https://images.unsplash.com/photo-1565299624946-b28f40a0ca4b?w=400&h=300&fit=crop',1,1,0,'2025-10-22 23:42:00','2025-10-22 23:42:00',NULL),(16,1,12,NULL,'stir-fried-morning-glory',8.00,2.00,12,150,'/images/menu-items/stir-fried-morning-glory.jpg','https://images.unsplash.com/photo-1512621776951-a57141f2eefd?w=400&h=300&fit=crop',1,1,0,'2025-10-22 23:42:00','2025-10-22 23:42:00',NULL),(17,1,12,NULL,'tofu-curry',11.50,3.50,18,280,'/images/menu-items/tofu-red-curry.jpg','https://images.unsplash.com/photo-1565299624946-b28f40a0ca4b?w=400&h=300&fit=crop',0,1,0,'2025-10-22 23:42:00','2025-10-22 23:42:00',NULL),(18,1,13,NULL,'sour-soup-fish',15.00,5.50,25,320,'/images/menu-items/sour-fish-soup.jpg','https://images.unsplash.com/photo-1547592180-85f173990554?w=400&h=300&fit=crop',1,1,0,'2025-10-22 23:42:00','2025-10-22 23:42:00',NULL),(19,1,13,NULL,'chicken-coconut-soup',13.50,4.50,20,380,'/images/menu-items/chicken-coconut-soup.jpg','https://images.unsplash.com/photo-1547592180-85f173990554?w=400&h=300&fit=crop',1,1,0,'2025-10-22 23:42:00','2025-10-22 23:42:00',NULL),(20,1,14,NULL,'lotus-stem-salad',10.00,3.00,15,180,'/images/menu-items/lotus-stem-salad.jpg','https://images.unsplash.com/photo-1540189549336-e6e99c3679fe?w=400&h=300&fit=crop',0,1,0,'2025-10-22 23:42:00','2025-10-22 23:42:00',NULL),(21,1,15,NULL,'sticky-rice-mango',7.50,2.50,10,320,'/images/menu-items/sticky-rice-with-mango.jpg','https://images.unsplash.com/photo-1551024506-0bccd828d307?w=400&h=300&fit=crop',1,1,0,'2025-10-22 23:42:00','2025-10-22 23:42:00',NULL),(22,1,15,NULL,'coconut-custard',6.50,2.00,8,280,'/images/menu-items/coconut-custard.jpg','https://images.unsplash.com/photo-1551024506-0bccd828d307?w=400&h=300&fit=crop',1,1,0,'2025-10-22 23:42:00','2025-10-22 23:42:00',NULL),(23,1,16,NULL,'coconut-ice-cream',5.50,1.50,5,220,'/images/menu-items/coconut-ice-cream.jpg','https://images.unsplash.com/photo-1551024506-0bccd828d307?w=400&h=300&fit=crop',1,1,0,'2025-10-22 23:42:00','2025-10-22 23:42:00',NULL),(24,1,16,NULL,'mango-ice-cream',6.00,1.80,5,240,'/images/menu-items/mango-ice-cream.jpg','https://images.unsplash.com/photo-1551024506-0bccd828d307?w=400&h=300&fit=crop',1,1,0,'2025-10-22 23:42:00','2025-10-22 23:42:00',NULL),(25,1,17,NULL,'chocolate-cake',8.50,3.00,5,420,NULL,'https://images.unsplash.com/photo-1551024506-0bccd828d307?w=400&h=300&fit=crop',1,1,0,'2025-10-22 23:42:00','2025-10-22 23:42:00',NULL),(26,1,18,NULL,'cambodian-coffee',4.50,1.00,5,120,NULL,'https://images.unsplash.com/photo-1544145945-f90425340c7e?w=400&h=300&fit=crop',1,1,0,'2025-10-22 23:42:00','2025-10-22 23:42:00',NULL),(27,1,18,NULL,'jasmine-tea',3.50,0.80,3,5,NULL,'https://images.unsplash.com/photo-1544145945-f90425340c7e?w=400&h=300&fit=crop',1,1,0,'2025-10-22 23:42:00','2025-10-22 23:42:00',NULL),(28,1,19,NULL,'iced-coffee',4.00,1.20,3,150,NULL,'https://images.unsplash.com/photo-1544145945-f90425340c7e?w=400&h=300&fit=crop',1,1,0,'2025-10-22 23:42:00','2025-10-22 23:42:00',NULL),(29,1,19,NULL,'soft-drinks',2.50,0.80,1,140,NULL,'https://images.unsplash.com/photo-1544145945-f90425340c7e?w=400&h=300&fit=crop',1,1,0,'2025-10-22 23:42:00','2025-10-22 23:42:00',NULL),(30,1,20,NULL,'fresh-orange-juice',5.50,2.00,5,110,NULL,'https://images.unsplash.com/photo-1544145945-f90425340c7e?w=400&h=300&fit=crop',1,1,0,'2025-10-22 23:42:00','2025-10-22 23:42:00',NULL),(31,1,20,NULL,'watermelon-juice',4.50,1.50,5,90,NULL,'https://images.unsplash.com/photo-1544145945-f90425340c7e?w=400&h=300&fit=crop',1,1,0,'2025-10-22 23:42:00','2025-10-22 23:42:00',NULL),(32,1,21,NULL,'angkor-beer',3.50,1.50,1,150,NULL,'https://images.unsplash.com/photo-1544145945-f90425340c7e?w=400&h=300&fit=crop',1,1,0,'2025-10-22 23:42:00','2025-10-22 23:42:00',NULL),(33,1,21,NULL,'house-wine-red',8.50,3.50,2,125,'\\images\\menu-items\\house-wine-red.jpg','https://images.unsplash.com/photo-1544145945-f90425340c7e?w=400&h=300&fit=crop',0,1,0,'2025-10-22 23:42:00','2025-10-22 23:42:00',NULL),(34,2,27,NULL,'spring-rolls',8.50,3.20,15,180,NULL,'https://images.unsplash.com/photo-1569718212165-3a8278d5f624?w=400&h=300&fit=crop',1,1,0,'2025-10-22 23:42:00','2025-10-22 23:42:00',NULL),(35,2,27,NULL,'chicken-satay',12.00,4.50,20,250,NULL,'https://images.unsplash.com/photo-1599487488170-d11ec9c172f0?w=400&h=300&fit=crop',1,1,0,'2025-10-22 23:42:00','2025-10-22 23:42:00',NULL),(36,2,27,NULL,'fish-cakes',10.50,4.00,18,220,NULL,'https://images.unsplash.com/photo-1565299624946-b28f40a0ca4b?w=400&h=300&fit=crop',0,1,0,'2025-10-22 23:42:00','2025-10-22 23:42:00',NULL),(37,2,28,NULL,'papaya-salad',9.00,2.50,10,120,NULL,'https://images.unsplash.com/photo-1596040033229-a9821ebd058d?w=400&h=300&fit=crop',1,1,0,'2025-10-22 23:42:00','2025-10-22 23:42:00',NULL),(38,2,28,NULL,'beef-salad',13.50,5.00,15,280,NULL,'https://images.unsplash.com/photo-1540189549336-e6e99c3679fe?w=400&h=300&fit=crop',1,1,0,'2025-10-22 23:42:00','2025-10-22 23:42:00',NULL),(39,2,29,NULL,'mixed-appetizer-platter',28.00,12.00,25,850,NULL,'https://images.unsplash.com/photo-1544025162-d76694265947?w=400&h=300&fit=crop',1,1,0,'2025-10-22 23:42:00','2025-10-22 23:42:00',NULL),(40,2,30,NULL,'grilled-beef-lolot',18.50,7.50,25,420,NULL,'https://images.unsplash.com/photo-1544025162-d76694265947?w=400&h=300&fit=crop',1,1,0,'2025-10-22 23:42:00','2025-10-22 23:42:00',NULL),(41,2,30,NULL,'grilled-pork-ribs',22.00,9.00,35,580,NULL,'https://images.unsplash.com/photo-1544025162-d76694265947?w=400&h=300&fit=crop',1,1,0,'2025-10-22 23:42:00','2025-10-22 23:42:00',NULL),(42,2,30,NULL,'grilled-chicken-wings',15.00,5.50,20,380,NULL,'https://images.unsplash.com/photo-1527477396000-e27163b481c2?w=400&h=300&fit=crop',1,1,0,'2025-10-22 23:42:00','2025-10-22 23:42:00',NULL),(43,2,31,NULL,'khmer-noodle-soup',12.50,4.00,20,450,NULL,'https://images.unsplash.com/photo-1569718212165-3a8278d5f624?w=400&h=300&fit=crop',1,1,0,'2025-10-22 23:42:00','2025-10-22 23:42:00',NULL),(44,2,31,NULL,'pad-thai',14.00,4.50,18,520,NULL,'https://images.unsplash.com/photo-1559314809-0f31657def5e?w=400&h=300&fit=crop',1,1,0,'2025-10-22 23:42:00','2025-10-22 23:42:00',NULL),(45,2,31,NULL,'spaghetti-carbonara',16.50,5.50,22,680,NULL,'https://images.unsplash.com/photo-1621996346565-e3dbc353d2e5?w=400&h=300&fit=crop',0,1,0,'2025-10-22 23:42:00','2025-10-22 23:42:00',NULL),(46,2,32,NULL,'grilled-fish-banana-leaf',25.00,10.00,30,380,NULL,'https://images.unsplash.com/photo-1544025162-d76694265947?w=400&h=300&fit=crop',1,1,0,'2025-10-22 23:42:00','2025-10-22 23:42:00',NULL),(47,2,32,NULL,'steamed-fish-ginger',28.00,12.00,25,320,NULL,'https://images.unsplash.com/photo-1544025162-d76694265947?w=400&h=300&fit=crop',1,1,0,'2025-10-22 23:42:00','2025-10-22 23:42:00',NULL),(48,2,32,NULL,'prawns-tamarind-sauce',32.00,14.00,20,420,NULL,'https://images.unsplash.com/photo-1565299624946-b28f40a0ca4b?w=400&h=300&fit=crop',1,1,0,'2025-10-22 23:42:00','2025-10-22 23:42:00',NULL),(49,2,33,NULL,'stir-fried-morning-glory',8.00,2.00,12,150,NULL,'https://images.unsplash.com/photo-1512621776951-a57141f2eefd?w=400&h=300&fit=crop',1,1,0,'2025-10-22 23:42:00','2025-10-22 23:42:00',NULL),(50,2,33,NULL,'tofu-curry',11.50,3.50,18,280,NULL,'https://images.unsplash.com/photo-1565299624946-b28f40a0ca4b?w=400&h=300&fit=crop',0,1,0,'2025-10-22 23:42:00','2025-10-22 23:42:00',NULL),(51,2,34,NULL,'sour-soup-fish',15.00,5.50,25,320,NULL,'https://images.unsplash.com/photo-1547592180-85f173990554?w=400&h=300&fit=crop',1,1,0,'2025-10-22 23:42:00','2025-10-22 23:42:00',NULL),(52,2,34,NULL,'chicken-coconut-soup',13.50,4.50,20,380,NULL,'https://images.unsplash.com/photo-1547592180-85f173990554?w=400&h=300&fit=crop',1,1,0,'2025-10-22 23:42:00','2025-10-22 23:42:00',NULL),(53,2,35,NULL,'lotus-stem-salad',10.00,3.00,15,180,NULL,'https://images.unsplash.com/photo-1540189549336-e6e99c3679fe?w=400&h=300&fit=crop',0,1,0,'2025-10-22 23:42:00','2025-10-22 23:42:00',NULL),(54,2,36,NULL,'sticky-rice-mango',7.50,2.50,10,320,NULL,'https://images.unsplash.com/photo-1551024506-0bccd828d307?w=400&h=300&fit=crop',1,1,0,'2025-10-22 23:42:00','2025-10-22 23:42:00',NULL),(55,2,36,NULL,'coconut-custard',6.50,2.00,8,280,NULL,'https://images.unsplash.com/photo-1551024506-0bccd828d307?w=400&h=300&fit=crop',1,1,0,'2025-10-22 23:42:00','2025-10-22 23:42:00',NULL),(56,2,37,NULL,'coconut-ice-cream',5.50,1.50,5,220,NULL,'https://images.unsplash.com/photo-1551024506-0bccd828d307?w=400&h=300&fit=crop',1,1,0,'2025-10-22 23:42:00','2025-10-22 23:42:00',NULL),(57,2,37,NULL,'mango-ice-cream',6.00,1.80,5,240,NULL,'https://images.unsplash.com/photo-1551024506-0bccd828d307?w=400&h=300&fit=crop',1,1,0,'2025-10-22 23:42:00','2025-10-22 23:42:00',NULL),(58,2,38,NULL,'chocolate-cake',8.50,3.00,5,420,NULL,'https://images.unsplash.com/photo-1551024506-0bccd828d307?w=400&h=300&fit=crop',1,1,0,'2025-10-22 23:42:00','2025-10-22 23:42:00',NULL),(59,2,39,NULL,'cambodian-coffee',4.50,1.00,5,120,NULL,'https://images.unsplash.com/photo-1544145945-f90425340c7e?w=400&h=300&fit=crop',1,1,0,'2025-10-22 23:42:00','2025-10-22 23:42:00',NULL),(60,2,39,NULL,'jasmine-tea',3.50,0.80,3,5,NULL,'https://images.unsplash.com/photo-1544145945-f90425340c7e?w=400&h=300&fit=crop',1,1,0,'2025-10-22 23:42:00','2025-10-22 23:42:00',NULL),(61,2,40,NULL,'iced-coffee',4.00,1.20,3,150,NULL,'https://images.unsplash.com/photo-1544145945-f90425340c7e?w=400&h=300&fit=crop',1,1,0,'2025-10-22 23:42:00','2025-10-22 23:42:00',NULL),(62,2,40,NULL,'soft-drinks',2.50,0.80,1,140,NULL,'https://images.unsplash.com/photo-1544145945-f90425340c7e?w=400&h=300&fit=crop',1,1,0,'2025-10-22 23:42:00','2025-10-22 23:42:00',NULL),(63,2,41,NULL,'fresh-orange-juice',5.50,2.00,5,110,NULL,'https://images.unsplash.com/photo-1544145945-f90425340c7e?w=400&h=300&fit=crop',1,1,0,'2025-10-22 23:42:00','2025-10-22 23:42:00',NULL),(64,2,41,NULL,'watermelon-juice',4.50,1.50,5,90,NULL,'https://images.unsplash.com/photo-1544145945-f90425340c7e?w=400&h=300&fit=crop',1,1,0,'2025-10-22 23:42:00','2025-10-22 23:42:00',NULL),(65,2,42,NULL,'angkor-beer',3.50,1.50,1,150,NULL,'https://images.unsplash.com/photo-1544145945-f90425340c7e?w=400&h=300&fit=crop',1,1,0,'2025-10-22 23:42:00','2025-10-22 23:42:00',NULL),(66,2,42,NULL,'house-wine-red',8.50,3.50,2,125,'\\images\\menu-items\\house-wine-red.jpg','https://images.unsplash.com/photo-1544145945-f90425340c7e?w=400&h=300&fit=crop',0,1,0,'2025-10-22 23:42:00','2025-10-22 23:42:00',NULL),(67,3,48,NULL,'spring-rolls',8.50,3.20,15,180,NULL,'https://images.unsplash.com/photo-1569718212165-3a8278d5f624?w=400&h=300&fit=crop',1,1,0,'2025-10-22 23:42:00','2025-10-22 23:42:00',NULL),(68,3,48,NULL,'chicken-satay',12.00,4.50,20,250,NULL,'https://images.unsplash.com/photo-1599487488170-d11ec9c172f0?w=400&h=300&fit=crop',1,1,0,'2025-10-22 23:42:00','2025-10-22 23:42:00',NULL),(69,3,48,NULL,'fish-cakes',10.50,4.00,18,220,NULL,'https://images.unsplash.com/photo-1565299624946-b28f40a0ca4b?w=400&h=300&fit=crop',0,1,0,'2025-10-22 23:42:00','2025-10-22 23:42:00',NULL),(70,3,49,NULL,'papaya-salad',9.00,2.50,10,120,NULL,'https://images.unsplash.com/photo-1596040033229-a9821ebd058d?w=400&h=300&fit=crop',1,1,0,'2025-10-22 23:42:00','2025-10-22 23:42:00',NULL),(71,3,49,NULL,'beef-salad',13.50,5.00,15,280,NULL,'https://images.unsplash.com/photo-1540189549336-e6e99c3679fe?w=400&h=300&fit=crop',1,1,0,'2025-10-22 23:42:00','2025-10-22 23:42:00',NULL),(72,3,50,NULL,'mixed-appetizer-platter',28.00,12.00,25,850,NULL,'https://images.unsplash.com/photo-1544025162-d76694265947?w=400&h=300&fit=crop',1,1,0,'2025-10-22 23:42:00','2025-10-22 23:42:00',NULL),(73,3,51,NULL,'grilled-beef-lolot',18.50,7.50,25,420,NULL,'https://images.unsplash.com/photo-1544025162-d76694265947?w=400&h=300&fit=crop',1,1,0,'2025-10-22 23:42:00','2025-10-22 23:42:00',NULL),(74,3,51,NULL,'grilled-pork-ribs',22.00,9.00,35,580,NULL,'https://images.unsplash.com/photo-1544025162-d76694265947?w=400&h=300&fit=crop',1,1,0,'2025-10-22 23:42:00','2025-10-22 23:42:00',NULL),(75,3,51,NULL,'grilled-chicken-wings',15.00,5.50,20,380,NULL,'https://images.unsplash.com/photo-1527477396000-e27163b481c2?w=400&h=300&fit=crop',1,1,0,'2025-10-22 23:42:00','2025-10-22 23:42:00',NULL),(76,3,52,NULL,'khmer-noodle-soup',12.50,4.00,20,450,NULL,'https://images.unsplash.com/photo-1569718212165-3a8278d5f624?w=400&h=300&fit=crop',1,1,0,'2025-10-22 23:42:00','2025-10-22 23:42:00',NULL),(77,3,52,NULL,'pad-thai',14.00,4.50,18,520,NULL,'https://images.unsplash.com/photo-1559314809-0f31657def5e?w=400&h=300&fit=crop',1,1,0,'2025-10-22 23:42:00','2025-10-22 23:42:00',NULL),(78,3,52,NULL,'spaghetti-carbonara',16.50,5.50,22,680,NULL,'https://images.unsplash.com/photo-1621996346565-e3dbc353d2e5?w=400&h=300&fit=crop',0,1,0,'2025-10-22 23:42:00','2025-10-22 23:42:00',NULL),(79,3,53,NULL,'grilled-fish-banana-leaf',25.00,10.00,30,380,NULL,'https://images.unsplash.com/photo-1544025162-d76694265947?w=400&h=300&fit=crop',1,1,0,'2025-10-22 23:42:00','2025-10-22 23:42:00',NULL),(80,3,53,NULL,'steamed-fish-ginger',28.00,12.00,25,320,NULL,'https://images.unsplash.com/photo-1544025162-d76694265947?w=400&h=300&fit=crop',1,1,0,'2025-10-22 23:42:00','2025-10-22 23:42:00',NULL),(81,3,53,NULL,'prawns-tamarind-sauce',32.00,14.00,20,420,NULL,'https://images.unsplash.com/photo-1565299624946-b28f40a0ca4b?w=400&h=300&fit=crop',1,1,0,'2025-10-22 23:42:00','2025-10-22 23:42:00',NULL),(82,3,54,NULL,'stir-fried-morning-glory',8.00,2.00,12,150,NULL,'https://images.unsplash.com/photo-1512621776951-a57141f2eefd?w=400&h=300&fit=crop',1,1,0,'2025-10-22 23:42:00','2025-10-22 23:42:00',NULL),(83,3,54,NULL,'tofu-curry',11.50,3.50,18,280,NULL,'https://images.unsplash.com/photo-1565299624946-b28f40a0ca4b?w=400&h=300&fit=crop',0,1,0,'2025-10-22 23:42:00','2025-10-22 23:42:00',NULL),(84,3,55,NULL,'sour-soup-fish',15.00,5.50,25,320,NULL,'https://images.unsplash.com/photo-1547592180-85f173990554?w=400&h=300&fit=crop',1,1,0,'2025-10-22 23:42:00','2025-10-22 23:42:00',NULL),(85,3,55,NULL,'chicken-coconut-soup',13.50,4.50,20,380,NULL,'https://images.unsplash.com/photo-1547592180-85f173990554?w=400&h=300&fit=crop',1,1,0,'2025-10-22 23:42:01','2025-10-22 23:42:01',NULL),(86,3,56,NULL,'lotus-stem-salad',10.00,3.00,15,180,NULL,'https://images.unsplash.com/photo-1540189549336-e6e99c3679fe?w=400&h=300&fit=crop',0,1,0,'2025-10-22 23:42:01','2025-10-22 23:42:01',NULL),(87,3,57,NULL,'sticky-rice-mango',7.50,2.50,10,320,NULL,'https://images.unsplash.com/photo-1551024506-0bccd828d307?w=400&h=300&fit=crop',1,1,0,'2025-10-22 23:42:01','2025-10-22 23:42:01',NULL),(88,3,57,NULL,'coconut-custard',6.50,2.00,8,280,NULL,'https://images.unsplash.com/photo-1551024506-0bccd828d307?w=400&h=300&fit=crop',1,1,0,'2025-10-22 23:42:01','2025-10-22 23:42:01',NULL),(89,3,58,NULL,'coconut-ice-cream',5.50,1.50,5,220,NULL,'https://images.unsplash.com/photo-1551024506-0bccd828d307?w=400&h=300&fit=crop',1,1,0,'2025-10-22 23:42:01','2025-10-22 23:42:01',NULL),(90,3,58,NULL,'mango-ice-cream',6.00,1.80,5,240,NULL,'https://images.unsplash.com/photo-1551024506-0bccd828d307?w=400&h=300&fit=crop',1,1,0,'2025-10-22 23:42:01','2025-10-22 23:42:01',NULL),(91,3,59,NULL,'chocolate-cake',8.50,3.00,5,420,NULL,'https://images.unsplash.com/photo-1551024506-0bccd828d307?w=400&h=300&fit=crop',1,1,0,'2025-10-22 23:42:01','2025-10-22 23:42:01',NULL),(92,3,60,NULL,'cambodian-coffee',4.50,1.00,5,120,NULL,'https://images.unsplash.com/photo-1544145945-f90425340c7e?w=400&h=300&fit=crop',1,1,0,'2025-10-22 23:42:01','2025-10-22 23:42:01',NULL),(93,3,60,NULL,'jasmine-tea',3.50,0.80,3,5,NULL,'https://images.unsplash.com/photo-1544145945-f90425340c7e?w=400&h=300&fit=crop',1,1,0,'2025-10-22 23:42:01','2025-10-22 23:42:01',NULL),(94,3,61,NULL,'iced-coffee',4.00,1.20,3,150,NULL,'https://images.unsplash.com/photo-1544145945-f90425340c7e?w=400&h=300&fit=crop',1,1,0,'2025-10-22 23:42:01','2025-10-22 23:42:01',NULL),(95,3,61,NULL,'soft-drinks',2.50,0.80,1,140,NULL,'https://images.unsplash.com/photo-1544145945-f90425340c7e?w=400&h=300&fit=crop',1,1,0,'2025-10-22 23:42:01','2025-10-22 23:42:01',NULL),(96,3,62,NULL,'fresh-orange-juice',5.50,2.00,5,110,NULL,'https://images.unsplash.com/photo-1544145945-f90425340c7e?w=400&h=300&fit=crop',1,1,0,'2025-10-22 23:42:01','2025-10-22 23:42:01',NULL),(97,3,62,NULL,'watermelon-juice',4.50,1.50,5,90,NULL,'https://images.unsplash.com/photo-1544145945-f90425340c7e?w=400&h=300&fit=crop',1,1,0,'2025-10-22 23:42:01','2025-10-22 23:42:01',NULL),(98,3,63,NULL,'angkor-beer',3.50,1.50,1,150,NULL,'https://images.unsplash.com/photo-1544145945-f90425340c7e?w=400&h=300&fit=crop',1,1,0,'2025-10-22 23:42:01','2025-10-22 23:42:01',NULL),(99,3,63,NULL,'house-wine-red',8.50,3.50,2,125,'\\images\\menu-items\\house-wine-red.jpg','https://images.unsplash.com/photo-1544145945-f90425340c7e?w=400&h=300&fit=crop',0,1,0,'2025-10-22 23:42:01','2025-10-22 23:42:01',NULL),(100,4,69,NULL,'spring-rolls',8.50,3.20,15,180,NULL,'https://images.unsplash.com/photo-1569718212165-3a8278d5f624?w=400&h=300&fit=crop',1,1,0,'2025-10-22 23:42:01','2025-10-22 23:42:01',NULL),(101,4,69,NULL,'chicken-satay',12.00,4.50,20,250,NULL,'https://images.unsplash.com/photo-1599487488170-d11ec9c172f0?w=400&h=300&fit=crop',1,1,0,'2025-10-22 23:42:01','2025-10-22 23:42:01',NULL),(102,4,69,NULL,'fish-cakes',10.50,4.00,18,220,NULL,'https://images.unsplash.com/photo-1565299624946-b28f40a0ca4b?w=400&h=300&fit=crop',0,1,0,'2025-10-22 23:42:01','2025-10-22 23:42:01',NULL),(103,4,70,NULL,'papaya-salad',9.00,2.50,10,120,NULL,'https://images.unsplash.com/photo-1596040033229-a9821ebd058d?w=400&h=300&fit=crop',1,1,0,'2025-10-22 23:42:01','2025-10-22 23:42:01',NULL),(104,4,70,NULL,'beef-salad',13.50,5.00,15,280,NULL,'https://images.unsplash.com/photo-1540189549336-e6e99c3679fe?w=400&h=300&fit=crop',1,1,0,'2025-10-22 23:42:01','2025-10-22 23:42:01',NULL),(105,4,71,NULL,'mixed-appetizer-platter',28.00,12.00,25,850,NULL,'https://images.unsplash.com/photo-1544025162-d76694265947?w=400&h=300&fit=crop',1,1,0,'2025-10-22 23:42:01','2025-10-22 23:42:01',NULL),(106,4,72,NULL,'grilled-beef-lolot',18.50,7.50,25,420,NULL,'https://images.unsplash.com/photo-1544025162-d76694265947?w=400&h=300&fit=crop',1,1,0,'2025-10-22 23:42:01','2025-10-22 23:42:01',NULL),(107,4,72,NULL,'grilled-pork-ribs',22.00,9.00,35,580,NULL,'https://images.unsplash.com/photo-1544025162-d76694265947?w=400&h=300&fit=crop',1,1,0,'2025-10-22 23:42:01','2025-10-22 23:42:01',NULL),(108,4,72,NULL,'grilled-chicken-wings',15.00,5.50,20,380,NULL,'https://images.unsplash.com/photo-1527477396000-e27163b481c2?w=400&h=300&fit=crop',1,1,0,'2025-10-22 23:42:01','2025-10-22 23:42:01',NULL),(109,4,73,NULL,'khmer-noodle-soup',12.50,4.00,20,450,NULL,'https://images.unsplash.com/photo-1569718212165-3a8278d5f624?w=400&h=300&fit=crop',1,1,0,'2025-10-22 23:42:01','2025-10-22 23:42:01',NULL),(110,4,73,NULL,'pad-thai',14.00,4.50,18,520,NULL,'https://images.unsplash.com/photo-1559314809-0f31657def5e?w=400&h=300&fit=crop',1,1,0,'2025-10-22 23:42:01','2025-10-22 23:42:01',NULL),(111,4,73,NULL,'spaghetti-carbonara',16.50,5.50,22,680,NULL,'https://images.unsplash.com/photo-1621996346565-e3dbc353d2e5?w=400&h=300&fit=crop',0,1,0,'2025-10-22 23:42:01','2025-10-22 23:42:01',NULL),(112,4,74,NULL,'grilled-fish-banana-leaf',25.00,10.00,30,380,NULL,'https://images.unsplash.com/photo-1544025162-d76694265947?w=400&h=300&fit=crop',1,1,0,'2025-10-22 23:42:01','2025-10-22 23:42:01',NULL),(113,4,74,NULL,'steamed-fish-ginger',28.00,12.00,25,320,NULL,'https://images.unsplash.com/photo-1544025162-d76694265947?w=400&h=300&fit=crop',1,1,0,'2025-10-22 23:42:01','2025-10-22 23:42:01',NULL),(114,4,74,NULL,'prawns-tamarind-sauce',32.00,14.00,20,420,NULL,'https://images.unsplash.com/photo-1565299624946-b28f40a0ca4b?w=400&h=300&fit=crop',1,1,0,'2025-10-22 23:42:01','2025-10-22 23:42:01',NULL),(115,4,75,NULL,'stir-fried-morning-glory',8.00,2.00,12,150,NULL,'https://images.unsplash.com/photo-1512621776951-a57141f2eefd?w=400&h=300&fit=crop',1,1,0,'2025-10-22 23:42:01','2025-10-22 23:42:01',NULL),(116,4,75,NULL,'tofu-curry',11.50,3.50,18,280,NULL,'https://images.unsplash.com/photo-1565299624946-b28f40a0ca4b?w=400&h=300&fit=crop',0,1,0,'2025-10-22 23:42:01','2025-10-22 23:42:01',NULL),(117,4,76,NULL,'sour-soup-fish',15.00,5.50,25,320,NULL,'https://images.unsplash.com/photo-1547592180-85f173990554?w=400&h=300&fit=crop',1,1,0,'2025-10-22 23:42:01','2025-10-22 23:42:01',NULL),(118,4,76,NULL,'chicken-coconut-soup',13.50,4.50,20,380,NULL,'https://images.unsplash.com/photo-1547592180-85f173990554?w=400&h=300&fit=crop',1,1,0,'2025-10-22 23:42:01','2025-10-22 23:42:01',NULL),(119,4,77,NULL,'lotus-stem-salad',10.00,3.00,15,180,NULL,'https://images.unsplash.com/photo-1540189549336-e6e99c3679fe?w=400&h=300&fit=crop',0,1,0,'2025-10-22 23:42:01','2025-10-22 23:42:01',NULL),(120,4,78,NULL,'sticky-rice-mango',7.50,2.50,10,320,NULL,'https://images.unsplash.com/photo-1551024506-0bccd828d307?w=400&h=300&fit=crop',1,1,0,'2025-10-22 23:42:01','2025-10-22 23:42:01',NULL),(121,4,78,NULL,'coconut-custard',6.50,2.00,8,280,NULL,'https://images.unsplash.com/photo-1551024506-0bccd828d307?w=400&h=300&fit=crop',1,1,0,'2025-10-22 23:42:01','2025-10-22 23:42:01',NULL),(122,4,79,NULL,'coconut-ice-cream',5.50,1.50,5,220,NULL,'https://images.unsplash.com/photo-1551024506-0bccd828d307?w=400&h=300&fit=crop',1,1,0,'2025-10-22 23:42:01','2025-10-22 23:42:01',NULL),(123,4,79,NULL,'mango-ice-cream',6.00,1.80,5,240,NULL,'https://images.unsplash.com/photo-1551024506-0bccd828d307?w=400&h=300&fit=crop',1,1,0,'2025-10-22 23:42:01','2025-10-22 23:42:01',NULL),(124,4,80,NULL,'chocolate-cake',8.50,3.00,5,420,NULL,'https://images.unsplash.com/photo-1551024506-0bccd828d307?w=400&h=300&fit=crop',1,1,0,'2025-10-22 23:42:01','2025-10-22 23:42:01',NULL),(125,4,81,NULL,'cambodian-coffee',4.50,1.00,5,120,NULL,'https://images.unsplash.com/photo-1544145945-f90425340c7e?w=400&h=300&fit=crop',1,1,0,'2025-10-22 23:42:01','2025-10-22 23:42:01',NULL),(126,4,81,NULL,'jasmine-tea',3.50,0.80,3,5,NULL,'https://images.unsplash.com/photo-1544145945-f90425340c7e?w=400&h=300&fit=crop',1,1,0,'2025-10-22 23:42:01','2025-10-22 23:42:01',NULL),(127,4,82,NULL,'iced-coffee',4.00,1.20,3,150,NULL,'https://images.unsplash.com/photo-1544145945-f90425340c7e?w=400&h=300&fit=crop',1,1,0,'2025-10-22 23:42:01','2025-10-22 23:42:01',NULL),(128,4,82,NULL,'soft-drinks',2.50,0.80,1,140,NULL,'https://images.unsplash.com/photo-1544145945-f90425340c7e?w=400&h=300&fit=crop',1,1,0,'2025-10-22 23:42:01','2025-10-22 23:42:01',NULL),(129,4,83,NULL,'fresh-orange-juice',5.50,2.00,5,110,NULL,'https://images.unsplash.com/photo-1544145945-f90425340c7e?w=400&h=300&fit=crop',1,1,0,'2025-10-22 23:42:01','2025-10-22 23:42:01',NULL),(130,4,83,NULL,'watermelon-juice',4.50,1.50,5,90,NULL,'https://images.unsplash.com/photo-1544145945-f90425340c7e?w=400&h=300&fit=crop',1,1,0,'2025-10-22 23:42:01','2025-10-22 23:42:01',NULL),(131,4,84,NULL,'angkor-beer',3.50,1.50,1,150,NULL,'https://images.unsplash.com/photo-1544145945-f90425340c7e?w=400&h=300&fit=crop',1,1,0,'2025-10-22 23:42:01','2025-10-22 23:42:01',NULL),(132,4,84,NULL,'house-wine-red',8.50,3.50,2,125,'\\images\\menu-items\\house-wine-red.jpg','https://images.unsplash.com/photo-1544145945-f90425340c7e?w=400&h=300&fit=crop',0,1,0,'2025-10-22 23:42:01','2025-10-22 23:42:01',NULL);
/*!40000 ALTER TABLE `menu_items` ENABLE KEYS */;
UNLOCK TABLES;

--
-- Table structure for table `migrations`
--

DROP TABLE IF EXISTS `migrations`;
/*!40101 SET @saved_cs_client     = @@character_set_client */;
/*!50503 SET character_set_client = utf8mb4 */;
CREATE TABLE `migrations` (
  `id` int unsigned NOT NULL AUTO_INCREMENT,
  `migration` varchar(255) COLLATE utf8mb4_unicode_ci NOT NULL,
  `batch` int NOT NULL,
  PRIMARY KEY (`id`)
) ENGINE=InnoDB AUTO_INCREMENT=73 DEFAULT CHARSET=utf8mb4 COLLATE=utf8mb4_unicode_ci;
/*!40101 SET character_set_client = @saved_cs_client */;

--
-- Dumping data for table `migrations`
--

LOCK TABLES `migrations` WRITE;
/*!40000 ALTER TABLE `migrations` DISABLE KEYS */;
INSERT INTO `migrations` VALUES (1,'0001_01_01_000000_create_users_table',1),(2,'0001_01_01_000001_create_cache_table',1),(3,'0001_01_01_000002_create_jobs_table',1),(4,'2025_09_18_080023_create_locations_table',1),(5,'2025_09_18_080024_create_settings_table',1),(6,'2025_09_18_080025_alter_users_add_profile_fields',1),(7,'2025_09_18_080026_create_roles_table',1),(8,'2025_09_18_080027_create_permissions_table',1),(9,'2025_09_18_080028_create_role_permission_table',1),(10,'2025_09_18_080029_create_role_user_table',1),(11,'2025_09_18_080030_create_audit_logs_table',1),(12,'2025_09_18_080031_create_positions_table',1),(13,'2025_09_18_080032_create_employees_table',1),(14,'2025_09_18_080033_create_attendances_table',1),(15,'2025_09_18_080034_create_payrolls_table',1),(16,'2025_09_18_080035_create_leave_requests_table',1),(17,'2025_09_18_080036_create_categories_table',1),(18,'2025_09_18_080037_create_category_translations_table',1),(19,'2025_09_18_080038_create_menu_items_table',1),(20,'2025_09_18_080039_create_menu_item_translations_table',1),(21,'2025_09_18_080040_create_recipes_table',1),(22,'2025_09_18_080043_create_ingredients_table',1),(23,'2025_09_18_080044_create_purchase_orders_table',1),(24,'2025_09_18_080044_create_suppliers_table',1),(25,'2025_09_18_080045_create_purchase_order_items_table',1),(26,'2025_09_18_080046_create_inventory_transactions_table',1),(27,'2025_09_18_080048_create_floors_table',1),(28,'2025_09_18_080049_create_tables_table',1),(29,'2025_09_18_080051_create_payment_methods_table',1),(30,'2025_09_18_080052_create_orders_table',1),(31,'2025_09_18_080053_create_order_items_table',1),(32,'2025_09_18_080054_create_invoices_table',1),(33,'2025_09_18_080057_create_customers_table',1),(34,'2025_09_18_080058_create_feedback_table',1),(35,'2025_09_18_080058_create_reservations_table',1),(36,'2025_09_18_080059_create_promotions_table',1),(37,'2025_09_18_080100_create_loyalty_points_table',1),(38,'2025_09_18_080101_create_expense_categories_table',1),(39,'2025_09_18_080102_create_expenses_table',1),(40,'2025_09_18_102300_create_recipe_ingredients_table',1),(41,'2025_09_18_110000_create_customer_addresses_table',1),(42,'2025_09_18_110100_create_operating_hours_table',1),(43,'2025_09_18_110200_add_online_flags_to_locations_table',1),(44,'2025_09_18_110300_create_order_time_slots_table',1),(45,'2025_09_18_110400_add_online_ordering_fields_to_orders_table',1),(46,'2025_09_18_120000_update_orders_base_structure',1),(47,'2025_09_18_120010_update_payment_methods_structure',1),(48,'2025_09_18_120020_update_customers_structure',1),(49,'2025_09_18_130000_create_personal_access_tokens_table',1),(50,'2025_09_19_140500_fix_schema_relationships_phase1',1),(51,'2025_09_19_141000_fix_schema_relationships_phase2',1),(52,'2025_09_28_160000_fix_order_status_enum',1),(53,'2025_09_29_120000_add_order_preparation_fields',1),(54,'2025_09_29_120000_add_payment_method_fields',1),(55,'2025_09_30_033700_add_hierarchy_to_categories',1),(56,'2025_10_21_000002_add_missing_fields_to_menu_items_table',1),(57,'2025_10_21_000003_create_customer_requests_table',1),(58,'2025_10_21_093333_rename_total_column_in_orders_table',1),(59,'2025_10_21_093600_create_order_items_table',1),(60,'2025_10_21_093601_create_invoices_table',1),(61,'2025_10_21_093601_create_payments_table',1),(62,'2025_10_21_094728_add_image_to_categories_table',1),(63,'2025_10_21_094841_add_fields_to_menu_items_table',1),(64,'2025_10_21_094953_add_image_to_menu_items_table',1),(65,'2025_10_21_095047_add_role_to_users_table',1),(66,'2025_10_21_095159_add_customer_code_to_customers_table',1),(67,'2025_10_21_095331_add_additional_fields_to_customers_table',1),(68,'2025_10_21_100100_add_fields_to_payment_methods_table',1),(69,'2025_10_21_100200_align_order_table_columns',1),(70,'2025_10_21_100300_align_order_items_columns',1),(71,'2025_10_21_100400_align_invoice_columns',1),(72,'2025_10_21_100600_recreate_payments_table',1);
/*!40000 ALTER TABLE `migrations` ENABLE KEYS */;
UNLOCK TABLES;

--
-- Table structure for table `operating_hours`
--

DROP TABLE IF EXISTS `operating_hours`;
/*!40101 SET @saved_cs_client     = @@character_set_client */;
/*!50503 SET character_set_client = utf8mb4 */;
CREATE TABLE `operating_hours` (
  `id` bigint unsigned NOT NULL AUTO_INCREMENT,
  `location_id` bigint unsigned NOT NULL,
  `day_of_week` tinyint unsigned NOT NULL,
  `service_type` enum('dine-in','pickup','delivery') COLLATE utf8mb4_unicode_ci NOT NULL,
  `opening_time` time NOT NULL,
  `closing_time` time NOT NULL,
  `created_at` timestamp NULL DEFAULT NULL,
  `updated_at` timestamp NULL DEFAULT NULL,
  PRIMARY KEY (`id`),
  UNIQUE KEY `operating_hours_location_id_day_of_week_service_type_unique` (`location_id`,`day_of_week`,`service_type`),
  CONSTRAINT `operating_hours_location_id_foreign` FOREIGN KEY (`location_id`) REFERENCES `locations` (`id`) ON DELETE CASCADE ON UPDATE CASCADE
) ENGINE=InnoDB DEFAULT CHARSET=utf8mb4 COLLATE=utf8mb4_unicode_ci;
/*!40101 SET character_set_client = @saved_cs_client */;

--
-- Dumping data for table `operating_hours`
--

LOCK TABLES `operating_hours` WRITE;
/*!40000 ALTER TABLE `operating_hours` DISABLE KEYS */;
/*!40000 ALTER TABLE `operating_hours` ENABLE KEYS */;
UNLOCK TABLES;

--
-- Table structure for table `order_items`
--

DROP TABLE IF EXISTS `order_items`;
/*!40101 SET @saved_cs_client     = @@character_set_client */;
/*!50503 SET character_set_client = utf8mb4 */;
CREATE TABLE `order_items` (
  `id` bigint unsigned NOT NULL AUTO_INCREMENT,
  `order_id` bigint unsigned NOT NULL,
  `menu_item_id` bigint unsigned NOT NULL,
  `quantity` smallint unsigned NOT NULL DEFAULT '1',
  `unit_price` decimal(12,2) NOT NULL,
  `discount_amount` decimal(12,2) NOT NULL DEFAULT '0.00',
  `tax_amount` decimal(12,2) NOT NULL DEFAULT '0.00',
  `total_price` decimal(12,2) NOT NULL,
  `status` enum('pending','preparing','ready','served','cancelled') COLLATE utf8mb4_unicode_ci NOT NULL DEFAULT 'pending',
  `special_instructions` text COLLATE utf8mb4_unicode_ci,
  `created_at` timestamp NULL DEFAULT NULL,
  `updated_at` timestamp NULL DEFAULT NULL,
  PRIMARY KEY (`id`),
  KEY `order_items_menu_item_id_index` (`menu_item_id`),
  KEY `order_items_kitchen_status_index` (`status`),
  KEY `idx_order_item_menu` (`order_id`,`menu_item_id`),
  CONSTRAINT `order_items_menu_item_id_foreign` FOREIGN KEY (`menu_item_id`) REFERENCES `menu_items` (`id`) ON DELETE RESTRICT ON UPDATE CASCADE,
  CONSTRAINT `order_items_order_id_foreign` FOREIGN KEY (`order_id`) REFERENCES `orders` (`id`) ON DELETE CASCADE ON UPDATE CASCADE
) ENGINE=InnoDB AUTO_INCREMENT=931 DEFAULT CHARSET=utf8mb4 COLLATE=utf8mb4_unicode_ci;
/*!40101 SET character_set_client = @saved_cs_client */;

--
-- Dumping data for table `order_items`
--

LOCK TABLES `order_items` WRITE;
/*!40000 ALTER TABLE `order_items` DISABLE KEYS */;
INSERT INTO `order_items` VALUES (1,1,15,1,32.00,0.00,0.00,32.00,'pending','No vegetables','2025-10-22 23:42:03','2025-10-22 23:42:03'),(2,1,29,3,2.50,0.00,0.00,7.50,'pending','No onions','2025-10-22 23:42:03','2025-10-22 23:42:03'),(3,1,1,2,8.50,0.00,0.00,17.00,'pending','Well done','2025-10-22 23:42:03','2025-10-22 23:42:03'),(4,1,14,1,28.00,0.00,0.00,28.00,'pending','Medium rare','2025-10-22 23:42:03','2025-10-22 23:42:03'),(5,1,17,3,11.50,0.00,0.00,34.50,'pending',NULL,'2025-10-22 23:42:03','2025-10-22 23:42:03'),(6,2,58,3,8.50,0.00,0.00,25.50,'pending',NULL,'2025-10-22 23:42:03','2025-10-22 23:42:03'),(7,2,55,1,6.50,0.00,0.00,6.50,'pending','Medium rare','2025-10-22 23:42:03','2025-10-22 23:42:03'),(8,2,36,3,10.50,0.00,0.00,31.50,'pending','Extra spicy','2025-10-22 23:42:03','2025-10-22 23:42:03'),(9,2,42,3,15.00,0.00,0.00,45.00,'pending','Mild spice','2025-10-22 23:42:03','2025-10-22 23:42:03'),(10,2,41,1,22.00,0.00,0.00,22.00,'pending','Extra sauce','2025-10-22 23:42:03','2025-10-22 23:42:03'),(11,2,43,2,12.50,0.00,0.00,25.00,'pending','On the side','2025-10-22 23:42:03','2025-10-22 23:42:03'),(12,3,89,2,5.50,0.00,0.00,11.00,'pending','Mild spice','2025-10-22 23:42:03','2025-10-22 23:42:03'),(13,3,80,2,28.00,0.00,0.00,56.00,'pending','Mild spice','2025-10-22 23:42:03','2025-10-22 23:42:03'),(14,4,41,2,22.00,0.00,0.00,44.00,'pending','Well done','2025-10-22 23:42:03','2025-10-22 23:42:03'),(15,5,124,2,8.50,0.00,0.00,17.00,'pending','No vegetables','2025-10-22 23:42:03','2025-10-22 23:42:03'),(16,5,112,1,25.00,0.00,0.00,25.00,'pending','Well done','2025-10-22 23:42:03','2025-10-22 23:42:03'),(17,5,132,3,8.50,0.00,0.00,25.50,'pending',NULL,'2025-10-22 23:42:03','2025-10-22 23:42:03'),(18,5,119,1,10.00,0.00,0.00,10.00,'pending',NULL,'2025-10-22 23:42:03','2025-10-22 23:42:03'),(19,5,123,3,6.00,0.00,0.00,18.00,'pending','Extra sauce','2025-10-22 23:42:03','2025-10-22 23:42:03'),(20,5,116,1,11.50,0.00,0.00,11.50,'pending','On the side','2025-10-22 23:42:03','2025-10-22 23:42:03'),(21,6,98,2,3.50,0.00,0.00,7.00,'pending',NULL,'2025-10-22 23:42:03','2025-10-22 23:42:03'),(22,6,89,1,5.50,0.00,0.00,5.50,'pending','Extra sauce','2025-10-22 23:42:03','2025-10-22 23:42:03'),(23,6,74,1,22.00,0.00,0.00,22.00,'pending','Extra cheese','2025-10-22 23:42:03','2025-10-22 23:42:03'),(24,6,99,2,8.50,0.00,0.00,17.00,'pending','Well done','2025-10-22 23:42:03','2025-10-22 23:42:03'),(25,6,67,3,8.50,0.00,0.00,25.50,'pending','Well done','2025-10-22 23:42:03','2025-10-22 23:42:03'),(26,6,87,3,7.50,0.00,0.00,22.50,'pending','Extra sauce','2025-10-22 23:42:03','2025-10-22 23:42:03'),(27,7,52,3,13.50,0.00,0.00,40.50,'pending','Well done','2025-10-22 23:42:03','2025-10-22 23:42:03'),(28,7,57,2,6.00,0.00,0.00,12.00,'pending','No onions','2025-10-22 23:42:03','2025-10-22 23:42:03'),(29,7,48,3,32.00,0.00,0.00,96.00,'pending',NULL,'2025-10-22 23:42:03','2025-10-22 23:42:03'),(30,7,45,1,16.50,0.00,0.00,16.50,'pending','Mild spice','2025-10-22 23:42:03','2025-10-22 23:42:03'),(31,8,33,1,8.50,0.00,0.00,8.50,'pending',NULL,'2025-10-22 23:42:03','2025-10-22 23:42:03'),(32,8,31,2,4.50,0.00,0.00,9.00,'pending','On the side','2025-10-22 23:42:03','2025-10-22 23:42:03'),(33,9,46,1,25.00,0.00,0.00,25.00,'pending',NULL,'2025-10-22 23:42:03','2025-10-22 23:42:03'),(34,9,50,3,11.50,0.00,0.00,34.50,'pending','Mild spice','2025-10-22 23:42:03','2025-10-22 23:42:03'),(35,10,69,1,10.50,0.00,0.00,10.50,'pending','Well done','2025-10-22 23:42:03','2025-10-22 23:42:03'),(36,10,76,1,12.50,0.00,0.00,12.50,'pending','On the side','2025-10-22 23:42:03','2025-10-22 23:42:03'),(37,10,78,2,16.50,0.00,0.00,33.00,'pending','No onions','2025-10-22 23:42:03','2025-10-22 23:42:03'),(38,10,67,2,8.50,0.00,0.00,17.00,'pending',NULL,'2025-10-22 23:42:03','2025-10-22 23:42:03'),(39,10,87,2,7.50,0.00,0.00,15.00,'pending','On the side','2025-10-22 23:42:03','2025-10-22 23:42:03'),(40,10,82,3,8.00,0.00,0.00,24.00,'pending',NULL,'2025-10-22 23:42:03','2025-10-22 23:42:03'),(41,11,13,2,25.00,0.00,0.00,50.00,'pending','Extra sauce','2025-10-22 23:42:03','2025-10-22 23:42:03'),(42,11,8,3,22.00,0.00,0.00,66.00,'pending','On the side','2025-10-22 23:42:03','2025-10-22 23:42:03'),(43,11,10,3,12.50,0.00,0.00,37.50,'pending',NULL,'2025-10-22 23:42:03','2025-10-22 23:42:03'),(44,11,24,1,6.00,0.00,0.00,6.00,'pending','No onions','2025-10-22 23:42:03','2025-10-22 23:42:03'),(45,12,107,2,22.00,0.00,0.00,44.00,'pending','Mild spice','2025-10-22 23:42:03','2025-10-22 23:42:03'),(46,13,58,2,8.50,0.00,0.00,17.00,'pending','Extra cheese','2025-10-22 23:42:04','2025-10-22 23:42:04'),(47,13,56,2,5.50,0.00,0.00,11.00,'pending','No onions','2025-10-22 23:42:04','2025-10-22 23:42:04'),(48,13,66,2,8.50,0.00,0.00,17.00,'pending',NULL,'2025-10-22 23:42:04','2025-10-22 23:42:04'),(49,13,60,2,3.50,0.00,0.00,7.00,'pending','On the side','2025-10-22 23:42:04','2025-10-22 23:42:04'),(50,14,106,3,18.50,0.00,0.00,55.50,'pending',NULL,'2025-10-22 23:42:04','2025-10-22 23:42:04'),(51,14,127,3,4.00,0.00,0.00,12.00,'pending','Extra herbs','2025-10-22 23:42:04','2025-10-22 23:42:04'),(52,14,126,1,3.50,0.00,0.00,3.50,'pending',NULL,'2025-10-22 23:42:04','2025-10-22 23:42:04'),(53,14,100,2,8.50,0.00,0.00,17.00,'pending',NULL,'2025-10-22 23:42:04','2025-10-22 23:42:04'),(54,15,16,1,8.00,0.00,0.00,8.00,'pending','No vegetables','2025-10-22 23:42:04','2025-10-22 23:42:04'),(55,16,116,3,11.50,0.00,0.00,34.50,'pending','Extra sauce','2025-10-22 23:42:04','2025-10-22 23:42:04'),(56,17,89,2,5.50,0.00,0.00,11.00,'pending','Extra sauce','2025-10-22 23:42:04','2025-10-22 23:42:04'),(57,17,79,1,25.00,0.00,0.00,25.00,'pending','Extra cheese','2025-10-22 23:42:04','2025-10-22 23:42:04'),(58,17,99,3,8.50,0.00,0.00,25.50,'pending',NULL,'2025-10-22 23:42:04','2025-10-22 23:42:04'),(59,17,94,3,4.00,0.00,0.00,12.00,'pending',NULL,'2025-10-22 23:42:04','2025-10-22 23:42:04'),(60,17,82,3,8.00,0.00,0.00,24.00,'pending',NULL,'2025-10-22 23:42:04','2025-10-22 23:42:04'),(61,17,83,1,11.50,0.00,0.00,11.50,'pending','Extra cheese','2025-10-22 23:42:04','2025-10-22 23:42:04'),(62,18,42,1,15.00,0.00,0.00,15.00,'pending',NULL,'2025-10-22 23:42:04','2025-10-22 23:42:04'),(63,18,43,2,12.50,0.00,0.00,25.00,'pending','Mild spice','2025-10-22 23:42:04','2025-10-22 23:42:04'),(64,18,48,3,32.00,0.00,0.00,96.00,'pending',NULL,'2025-10-22 23:42:04','2025-10-22 23:42:04'),(65,18,47,1,28.00,0.00,0.00,28.00,'pending','Extra cheese','2025-10-22 23:42:04','2025-10-22 23:42:04'),(66,19,91,3,8.50,0.00,0.00,25.50,'pending',NULL,'2025-10-22 23:42:04','2025-10-22 23:42:04'),(67,19,94,1,4.00,0.00,0.00,4.00,'pending','Extra sauce','2025-10-22 23:42:04','2025-10-22 23:42:04'),(68,20,97,3,4.50,0.00,0.00,13.50,'pending','Extra cheese','2025-10-22 23:42:04','2025-10-22 23:42:04'),(69,21,52,2,13.50,0.00,0.00,27.00,'pending','Extra herbs','2025-10-22 23:42:04','2025-10-22 23:42:04'),(70,21,36,1,10.50,0.00,0.00,10.50,'pending','Extra herbs','2025-10-22 23:42:04','2025-10-22 23:42:04'),(71,21,46,2,25.00,0.00,0.00,50.00,'pending','Mild spice','2025-10-22 23:42:04','2025-10-22 23:42:04'),(72,21,49,2,8.00,0.00,0.00,16.00,'pending','No vegetables','2025-10-22 23:42:04','2025-10-22 23:42:04'),(73,21,50,1,11.50,0.00,0.00,11.50,'pending','Extra cheese','2025-10-22 23:42:04','2025-10-22 23:42:04'),(74,22,25,3,8.50,0.00,0.00,25.50,'pending',NULL,'2025-10-22 23:42:04','2025-10-22 23:42:04'),(75,22,13,1,25.00,0.00,0.00,25.00,'pending','Well done','2025-10-22 23:42:04','2025-10-22 23:42:04'),(76,22,8,2,22.00,0.00,0.00,44.00,'pending','Extra herbs','2025-10-22 23:42:04','2025-10-22 23:42:04'),(77,22,27,1,3.50,0.00,0.00,3.50,'pending','Mild spice','2025-10-22 23:42:04','2025-10-22 23:42:04'),(78,22,6,2,28.00,0.00,0.00,56.00,'pending','Well done','2025-10-22 23:42:04','2025-10-22 23:42:04'),(79,22,31,3,4.50,0.00,0.00,13.50,'pending','Mild spice','2025-10-22 23:42:04','2025-10-22 23:42:04'),(80,23,68,2,12.00,0.00,0.00,24.00,'pending','No onions','2025-10-22 23:42:04','2025-10-22 23:42:04'),(81,23,94,1,4.00,0.00,0.00,4.00,'pending','On the side','2025-10-22 23:42:04','2025-10-22 23:42:04'),(82,23,86,1,10.00,0.00,0.00,10.00,'pending','Medium rare','2025-10-22 23:42:04','2025-10-22 23:42:04'),(83,23,81,3,32.00,0.00,0.00,96.00,'pending','Extra spicy','2025-10-22 23:42:04','2025-10-22 23:42:04'),(84,23,80,3,28.00,0.00,0.00,84.00,'pending','No vegetables','2025-10-22 23:42:04','2025-10-22 23:42:04'),(85,23,87,2,7.50,0.00,0.00,15.00,'pending','Mild spice','2025-10-22 23:42:04','2025-10-22 23:42:04'),(86,24,128,1,2.50,0.00,0.00,2.50,'pending',NULL,'2025-10-22 23:42:04','2025-10-22 23:42:04'),(87,25,2,3,12.00,0.00,0.00,36.00,'pending',NULL,'2025-10-22 23:42:04','2025-10-22 23:42:04'),(88,25,20,3,10.00,0.00,0.00,30.00,'pending','Extra herbs','2025-10-22 23:42:04','2025-10-22 23:42:04'),(89,25,1,1,8.50,0.00,0.00,8.50,'pending','Extra herbs','2025-10-22 23:42:04','2025-10-22 23:42:04'),(90,26,5,1,13.50,0.00,0.00,13.50,'pending',NULL,'2025-10-22 23:42:04','2025-10-22 23:42:04'),(91,26,25,1,8.50,0.00,0.00,8.50,'pending','No vegetables','2025-10-22 23:42:04','2025-10-22 23:42:04'),(92,26,8,1,22.00,0.00,0.00,22.00,'pending',NULL,'2025-10-22 23:42:04','2025-10-22 23:42:04'),(93,26,10,2,12.50,0.00,0.00,25.00,'pending','Mild spice','2025-10-22 23:42:04','2025-10-22 23:42:04'),(94,26,20,2,10.00,0.00,0.00,20.00,'pending','On the side','2025-10-22 23:42:04','2025-10-22 23:42:04'),(95,26,24,1,6.00,0.00,0.00,6.00,'pending','Extra sauce','2025-10-22 23:42:04','2025-10-22 23:42:04'),(96,27,7,1,18.50,0.00,0.00,18.50,'pending','Extra spicy','2025-10-22 23:42:04','2025-10-22 23:42:04'),(97,27,13,3,25.00,0.00,0.00,75.00,'pending','No onions','2025-10-22 23:42:04','2025-10-22 23:42:04'),(98,27,8,1,22.00,0.00,0.00,22.00,'pending','Well done','2025-10-22 23:42:04','2025-10-22 23:42:04'),(99,27,11,3,14.00,0.00,0.00,42.00,'pending','Medium rare','2025-10-22 23:42:04','2025-10-22 23:42:04'),(100,27,18,2,15.00,0.00,0.00,30.00,'pending','Well done','2025-10-22 23:42:04','2025-10-22 23:42:04'),(101,27,31,3,4.50,0.00,0.00,13.50,'pending',NULL,'2025-10-22 23:42:04','2025-10-22 23:42:04'),(102,28,35,1,12.00,0.00,0.00,12.00,'pending','Medium rare','2025-10-22 23:42:04','2025-10-22 23:42:04'),(103,29,52,1,13.50,0.00,0.00,13.50,'pending',NULL,'2025-10-22 23:42:04','2025-10-22 23:42:04'),(104,29,58,1,8.50,0.00,0.00,8.50,'pending','On the side','2025-10-22 23:42:04','2025-10-22 23:42:04'),(105,29,40,3,18.50,0.00,0.00,55.50,'pending',NULL,'2025-10-22 23:42:04','2025-10-22 23:42:04'),(106,29,42,3,15.00,0.00,0.00,45.00,'pending','Medium rare','2025-10-22 23:42:04','2025-10-22 23:42:04'),(107,29,34,2,8.50,0.00,0.00,17.00,'pending','Extra spicy','2025-10-22 23:42:04','2025-10-22 23:42:04'),(108,29,54,1,7.50,0.00,0.00,7.50,'pending','No vegetables','2025-10-22 23:42:04','2025-10-22 23:42:04'),(109,30,19,1,13.50,0.00,0.00,13.50,'pending','On the side','2025-10-22 23:42:04','2025-10-22 23:42:04'),(110,30,9,2,15.00,0.00,0.00,30.00,'pending',NULL,'2025-10-22 23:42:04','2025-10-22 23:42:04'),(111,30,33,2,8.50,0.00,0.00,17.00,'pending','No vegetables','2025-10-22 23:42:04','2025-10-22 23:42:04'),(112,30,16,3,8.00,0.00,0.00,24.00,'pending','Well done','2025-10-22 23:42:04','2025-10-22 23:42:04'),(113,30,31,3,4.50,0.00,0.00,13.50,'pending',NULL,'2025-10-22 23:42:04','2025-10-22 23:42:04'),(114,31,122,1,5.50,0.00,0.00,5.50,'pending',NULL,'2025-10-22 23:42:04','2025-10-22 23:42:04'),(115,31,114,2,32.00,0.00,0.00,64.00,'pending','Well done','2025-10-22 23:42:04','2025-10-22 23:42:04'),(116,31,128,1,2.50,0.00,0.00,2.50,'pending','No onions','2025-10-22 23:42:04','2025-10-22 23:42:04'),(117,32,101,1,12.00,0.00,0.00,12.00,'pending','Extra herbs','2025-10-22 23:42:04','2025-10-22 23:42:04'),(118,32,124,1,8.50,0.00,0.00,8.50,'pending',NULL,'2025-10-22 23:42:04','2025-10-22 23:42:04'),(119,32,107,3,22.00,0.00,0.00,66.00,'pending','On the side','2025-10-22 23:42:04','2025-10-22 23:42:04'),(120,32,110,2,14.00,0.00,0.00,28.00,'pending',NULL,'2025-10-22 23:42:04','2025-10-22 23:42:04'),(121,32,116,2,11.50,0.00,0.00,23.00,'pending','Medium rare','2025-10-22 23:42:04','2025-10-22 23:42:04'),(122,33,55,3,6.50,0.00,0.00,19.50,'pending','No vegetables','2025-10-22 23:42:04','2025-10-22 23:42:04'),(123,33,43,1,12.50,0.00,0.00,12.50,'pending',NULL,'2025-10-22 23:42:04','2025-10-22 23:42:04'),(124,33,47,2,28.00,0.00,0.00,56.00,'pending','Mild spice','2025-10-22 23:42:04','2025-10-22 23:42:04'),(125,33,50,2,11.50,0.00,0.00,23.00,'pending','Mild spice','2025-10-22 23:42:04','2025-10-22 23:42:04'),(126,33,64,3,4.50,0.00,0.00,13.50,'pending','On the side','2025-10-22 23:42:04','2025-10-22 23:42:04'),(127,34,22,1,6.50,0.00,0.00,6.50,'pending','Well done','2025-10-22 23:42:04','2025-10-22 23:42:04'),(128,34,16,1,8.00,0.00,0.00,8.00,'pending',NULL,'2025-10-22 23:42:04','2025-10-22 23:42:04'),(129,35,5,1,13.50,0.00,0.00,13.50,'pending','Medium rare','2025-10-22 23:42:04','2025-10-22 23:42:04'),(130,35,19,1,13.50,0.00,0.00,13.50,'pending','No onions','2025-10-22 23:42:04','2025-10-22 23:42:04'),(131,35,2,2,12.00,0.00,0.00,24.00,'pending','No onions','2025-10-22 23:42:04','2025-10-22 23:42:04'),(132,35,3,3,10.50,0.00,0.00,31.50,'pending','Extra herbs','2025-10-22 23:42:04','2025-10-22 23:42:04'),(133,35,24,3,6.00,0.00,0.00,18.00,'pending','Medium rare','2025-10-22 23:42:04','2025-10-22 23:42:04'),(134,35,1,1,8.50,0.00,0.00,8.50,'pending','No onions','2025-10-22 23:42:04','2025-10-22 23:42:04'),(135,36,55,1,6.50,0.00,0.00,6.50,'pending','On the side','2025-10-22 23:42:04','2025-10-22 23:42:04'),(136,36,36,3,10.50,0.00,0.00,31.50,'pending',NULL,'2025-10-22 23:42:04','2025-10-22 23:42:04'),(137,36,40,3,18.50,0.00,0.00,55.50,'pending','Mild spice','2025-10-22 23:42:04','2025-10-22 23:42:04'),(138,36,48,1,32.00,0.00,0.00,32.00,'pending',NULL,'2025-10-22 23:42:04','2025-10-22 23:42:04'),(139,36,62,2,2.50,0.00,0.00,5.00,'pending',NULL,'2025-10-22 23:42:04','2025-10-22 23:42:04'),(140,37,60,3,3.50,0.00,0.00,10.50,'pending','Well done','2025-10-22 23:42:04','2025-10-22 23:42:04'),(141,38,32,1,3.50,0.00,0.00,3.50,'pending','Medium rare','2025-10-22 23:42:04','2025-10-22 23:42:04'),(142,38,33,1,8.50,0.00,0.00,8.50,'pending','No onions','2025-10-22 23:42:04','2025-10-22 23:42:04'),(143,38,27,1,3.50,0.00,0.00,3.50,'pending','Medium rare','2025-10-22 23:42:04','2025-10-22 23:42:04'),(144,38,1,2,8.50,0.00,0.00,17.00,'pending',NULL,'2025-10-22 23:42:04','2025-10-22 23:42:04'),(145,39,58,2,8.50,0.00,0.00,17.00,'pending','Well done','2025-10-22 23:42:04','2025-10-22 23:42:04'),(146,39,40,2,18.50,0.00,0.00,37.00,'pending',NULL,'2025-10-22 23:42:04','2025-10-22 23:42:04'),(147,39,47,1,28.00,0.00,0.00,28.00,'pending','Extra cheese','2025-10-22 23:42:04','2025-10-22 23:42:04'),(148,39,54,3,7.50,0.00,0.00,22.50,'pending',NULL,'2025-10-22 23:42:04','2025-10-22 23:42:04'),(149,40,121,3,6.50,0.00,0.00,19.50,'pending',NULL,'2025-10-22 23:42:04','2025-10-22 23:42:04'),(150,40,122,1,5.50,0.00,0.00,5.50,'pending','No vegetables','2025-10-22 23:42:04','2025-10-22 23:42:04'),(151,40,119,1,10.00,0.00,0.00,10.00,'pending',NULL,'2025-10-22 23:42:04','2025-10-22 23:42:04'),(152,41,36,3,10.50,0.00,0.00,31.50,'pending','Extra cheese','2025-10-22 23:42:04','2025-10-22 23:42:04'),(153,41,44,1,14.00,0.00,0.00,14.00,'pending','Well done','2025-10-22 23:42:04','2025-10-22 23:42:04'),(154,41,62,1,2.50,0.00,0.00,2.50,'pending','Extra spicy','2025-10-22 23:42:04','2025-10-22 23:42:04'),(155,42,46,3,25.00,0.00,0.00,75.00,'pending','Medium rare','2025-10-22 23:42:04','2025-10-22 23:42:04'),(156,42,43,3,12.50,0.00,0.00,37.50,'pending','Well done','2025-10-22 23:42:04','2025-10-22 23:42:04'),(157,42,49,3,8.00,0.00,0.00,24.00,'pending','Extra cheese','2025-10-22 23:42:04','2025-10-22 23:42:04'),(158,43,25,3,8.50,0.00,0.00,25.50,'pending','Medium rare','2025-10-22 23:42:04','2025-10-22 23:42:04'),(159,43,6,3,28.00,0.00,0.00,84.00,'pending',NULL,'2025-10-22 23:42:04','2025-10-22 23:42:04'),(160,43,11,1,14.00,0.00,0.00,14.00,'pending','Well done','2025-10-22 23:42:04','2025-10-22 23:42:04'),(161,43,4,1,9.00,0.00,0.00,9.00,'pending',NULL,'2025-10-22 23:42:04','2025-10-22 23:42:04'),(162,43,29,3,2.50,0.00,0.00,7.50,'pending','Extra sauce','2025-10-22 23:42:04','2025-10-22 23:42:04'),(163,43,17,3,11.50,0.00,0.00,34.50,'pending','No onions','2025-10-22 23:42:04','2025-10-22 23:42:04'),(164,44,2,3,12.00,0.00,0.00,36.00,'pending',NULL,'2025-10-22 23:42:04','2025-10-22 23:42:04'),(165,44,22,3,6.50,0.00,0.00,19.50,'pending','Well done','2025-10-22 23:42:04','2025-10-22 23:42:04'),(166,44,3,1,10.50,0.00,0.00,10.50,'pending','Extra cheese','2025-10-22 23:42:04','2025-10-22 23:42:04'),(167,44,18,2,15.00,0.00,0.00,30.00,'pending',NULL,'2025-10-22 23:42:04','2025-10-22 23:42:04'),(168,44,31,2,4.50,0.00,0.00,9.00,'pending',NULL,'2025-10-22 23:42:04','2025-10-22 23:42:04'),(169,45,26,2,4.50,0.00,0.00,9.00,'pending',NULL,'2025-10-22 23:42:04','2025-10-22 23:42:04'),(170,45,25,1,8.50,0.00,0.00,8.50,'pending','Medium rare','2025-10-22 23:42:04','2025-10-22 23:42:04'),(171,45,23,3,5.50,0.00,0.00,16.50,'pending','No vegetables','2025-10-22 23:42:04','2025-10-22 23:42:04'),(172,45,24,1,6.00,0.00,0.00,6.00,'pending','On the side','2025-10-22 23:42:04','2025-10-22 23:42:04'),(173,45,21,2,7.50,0.00,0.00,15.00,'pending',NULL,'2025-10-22 23:42:04','2025-10-22 23:42:04'),(174,45,16,3,8.00,0.00,0.00,24.00,'pending','Well done','2025-10-22 23:42:04','2025-10-22 23:42:04'),(175,46,20,2,10.00,0.00,0.00,20.00,'pending','Well done','2025-10-22 23:42:04','2025-10-22 23:42:04'),(176,46,6,1,28.00,0.00,0.00,28.00,'pending','Extra cheese','2025-10-22 23:42:04','2025-10-22 23:42:04'),(177,46,12,3,16.50,0.00,0.00,49.50,'pending','Extra sauce','2025-10-22 23:42:04','2025-10-22 23:42:04'),(178,46,21,1,7.50,0.00,0.00,7.50,'pending','Extra cheese','2025-10-22 23:42:04','2025-10-22 23:42:04'),(179,47,127,1,4.00,0.00,0.00,4.00,'pending','Extra spicy','2025-10-22 23:42:04','2025-10-22 23:42:04'),(180,47,123,2,6.00,0.00,0.00,12.00,'pending','Extra cheese','2025-10-22 23:42:04','2025-10-22 23:42:04'),(181,47,103,2,9.00,0.00,0.00,18.00,'pending','Extra cheese','2025-10-22 23:42:04','2025-10-22 23:42:04'),(182,47,100,1,8.50,0.00,0.00,8.50,'pending','Extra spicy','2025-10-22 23:42:04','2025-10-22 23:42:04'),(183,48,75,1,15.00,0.00,0.00,15.00,'pending','Extra cheese','2025-10-22 23:42:04','2025-10-22 23:42:04'),(184,48,81,1,32.00,0.00,0.00,32.00,'pending','Well done','2025-10-22 23:42:04','2025-10-22 23:42:04'),(185,49,124,3,8.50,0.00,0.00,25.50,'pending','Well done','2025-10-22 23:42:04','2025-10-22 23:42:04'),(186,49,121,2,6.50,0.00,0.00,13.00,'pending','Extra spicy','2025-10-22 23:42:04','2025-10-22 23:42:04'),(187,49,127,3,4.00,0.00,0.00,12.00,'pending',NULL,'2025-10-22 23:42:04','2025-10-22 23:42:04'),(188,49,105,1,28.00,0.00,0.00,28.00,'pending',NULL,'2025-10-22 23:42:04','2025-10-22 23:42:04'),(189,49,115,1,8.00,0.00,0.00,8.00,'pending','On the side','2025-10-22 23:42:04','2025-10-22 23:42:04'),(190,49,130,1,4.50,0.00,0.00,4.50,'pending','Well done','2025-10-22 23:42:04','2025-10-22 23:42:04'),(191,50,122,2,5.50,0.00,0.00,11.00,'pending','No onions','2025-10-22 23:42:04','2025-10-22 23:42:04'),(192,50,108,1,15.00,0.00,0.00,15.00,'pending','Medium rare','2025-10-22 23:42:04','2025-10-22 23:42:04'),(193,50,114,3,32.00,0.00,0.00,96.00,'pending','Mild spice','2025-10-22 23:42:04','2025-10-22 23:42:04'),(194,51,104,1,13.50,0.00,0.00,13.50,'pending','No onions','2025-10-22 23:42:04','2025-10-22 23:42:04'),(195,51,109,3,12.50,0.00,0.00,37.50,'pending','Extra cheese','2025-10-22 23:42:04','2025-10-22 23:42:04'),(196,52,36,2,10.50,0.00,0.00,21.00,'pending',NULL,'2025-10-22 23:42:05','2025-10-22 23:42:05'),(197,52,40,1,18.50,0.00,0.00,18.50,'pending','Extra herbs','2025-10-22 23:42:05','2025-10-22 23:42:05'),(198,52,43,1,12.50,0.00,0.00,12.50,'pending','Extra cheese','2025-10-22 23:42:05','2025-10-22 23:42:05'),(199,52,37,3,9.00,0.00,0.00,27.00,'pending','Extra spicy','2025-10-22 23:42:05','2025-10-22 23:42:05'),(200,53,27,1,3.50,0.00,0.00,3.50,'pending','Extra cheese','2025-10-22 23:42:05','2025-10-22 23:42:05'),(201,53,10,1,12.50,0.00,0.00,12.50,'pending','No vegetables','2025-10-22 23:42:05','2025-10-22 23:42:05'),(202,53,24,3,6.00,0.00,0.00,18.00,'pending','Extra cheese','2025-10-22 23:42:05','2025-10-22 23:42:05'),(203,54,88,3,6.50,0.00,0.00,19.50,'pending','Well done','2025-10-22 23:42:05','2025-10-22 23:42:05'),(204,54,97,3,4.50,0.00,0.00,13.50,'pending','No onions','2025-10-22 23:42:05','2025-10-22 23:42:05'),(205,55,121,1,6.50,0.00,0.00,6.50,'pending','Medium rare','2025-10-22 23:42:05','2025-10-22 23:42:05'),(206,56,72,2,28.00,0.00,0.00,56.00,'pending','Medium rare','2025-10-22 23:42:05','2025-10-22 23:42:05'),(207,56,81,1,32.00,0.00,0.00,32.00,'pending',NULL,'2025-10-22 23:42:05','2025-10-22 23:42:05'),(208,56,80,1,28.00,0.00,0.00,28.00,'pending',NULL,'2025-10-22 23:42:05','2025-10-22 23:42:05'),(209,56,87,1,7.50,0.00,0.00,7.50,'pending','On the side','2025-10-22 23:42:05','2025-10-22 23:42:05'),(210,56,97,3,4.50,0.00,0.00,13.50,'pending','On the side','2025-10-22 23:42:05','2025-10-22 23:42:05'),(211,57,88,1,6.50,0.00,0.00,6.50,'pending',NULL,'2025-10-22 23:42:05','2025-10-22 23:42:05'),(212,58,65,2,3.50,0.00,0.00,7.00,'pending','Extra sauce','2025-10-22 23:42:05','2025-10-22 23:42:05'),(213,58,35,2,12.00,0.00,0.00,24.00,'pending','Extra cheese','2025-10-22 23:42:05','2025-10-22 23:42:05'),(214,58,57,2,6.00,0.00,0.00,12.00,'pending','No vegetables','2025-10-22 23:42:05','2025-10-22 23:42:05'),(215,58,44,2,14.00,0.00,0.00,28.00,'pending','No onions','2025-10-22 23:42:05','2025-10-22 23:42:05'),(216,58,62,2,2.50,0.00,0.00,5.00,'pending','Medium rare','2025-10-22 23:42:05','2025-10-22 23:42:05'),(217,58,51,3,15.00,0.00,0.00,45.00,'pending','Extra sauce','2025-10-22 23:42:05','2025-10-22 23:42:05'),(218,59,58,1,8.50,0.00,0.00,8.50,'pending',NULL,'2025-10-22 23:42:05','2025-10-22 23:42:05'),(219,59,60,2,3.50,0.00,0.00,7.00,'pending','Extra cheese','2025-10-22 23:42:05','2025-10-22 23:42:05'),(220,59,43,1,12.50,0.00,0.00,12.50,'pending',NULL,'2025-10-22 23:42:05','2025-10-22 23:42:05'),(221,59,51,2,15.00,0.00,0.00,30.00,'pending',NULL,'2025-10-22 23:42:05','2025-10-22 23:42:05'),(222,59,50,1,11.50,0.00,0.00,11.50,'pending','On the side','2025-10-22 23:42:05','2025-10-22 23:42:05'),(223,59,64,3,4.50,0.00,0.00,13.50,'pending','Extra spicy','2025-10-22 23:42:05','2025-10-22 23:42:05'),(224,60,68,3,12.00,0.00,0.00,36.00,'pending','Medium rare','2025-10-22 23:42:05','2025-10-22 23:42:05'),(225,60,73,1,18.50,0.00,0.00,18.50,'pending',NULL,'2025-10-22 23:42:05','2025-10-22 23:42:05'),(226,60,79,2,25.00,0.00,0.00,50.00,'pending','No vegetables','2025-10-22 23:42:05','2025-10-22 23:42:05'),(227,60,90,2,6.00,0.00,0.00,12.00,'pending','Medium rare','2025-10-22 23:42:05','2025-10-22 23:42:05'),(228,60,72,3,28.00,0.00,0.00,84.00,'pending',NULL,'2025-10-22 23:42:05','2025-10-22 23:42:05'),(229,61,59,1,4.50,0.00,0.00,4.50,'pending','Medium rare','2025-10-22 23:42:05','2025-10-22 23:42:05'),(230,61,42,1,15.00,0.00,0.00,15.00,'pending',NULL,'2025-10-22 23:42:05','2025-10-22 23:42:05'),(231,61,46,1,25.00,0.00,0.00,25.00,'pending','Extra spicy','2025-10-22 23:42:05','2025-10-22 23:42:05'),(232,61,39,1,28.00,0.00,0.00,28.00,'pending',NULL,'2025-10-22 23:42:05','2025-10-22 23:42:05'),(233,61,54,3,7.50,0.00,0.00,22.50,'pending','Well done','2025-10-22 23:42:05','2025-10-22 23:42:05'),(234,62,32,1,3.50,0.00,0.00,3.50,'pending',NULL,'2025-10-22 23:42:05','2025-10-22 23:42:05'),(235,62,19,2,13.50,0.00,0.00,27.00,'pending','Extra sauce','2025-10-22 23:42:05','2025-10-22 23:42:05'),(236,62,9,3,15.00,0.00,0.00,45.00,'pending','Extra sauce','2025-10-22 23:42:05','2025-10-22 23:42:05'),(237,62,13,1,25.00,0.00,0.00,25.00,'pending','Medium rare','2025-10-22 23:42:05','2025-10-22 23:42:05'),(238,62,12,1,16.50,0.00,0.00,16.50,'pending',NULL,'2025-10-22 23:42:05','2025-10-22 23:42:05'),(239,63,121,3,6.50,0.00,0.00,19.50,'pending','Extra sauce','2025-10-22 23:42:05','2025-10-22 23:42:05'),(240,63,129,2,5.50,0.00,0.00,11.00,'pending',NULL,'2025-10-22 23:42:05','2025-10-22 23:42:05'),(241,63,119,3,10.00,0.00,0.00,30.00,'pending','Medium rare','2025-10-22 23:42:05','2025-10-22 23:42:05'),(242,63,103,3,9.00,0.00,0.00,27.00,'pending','Well done','2025-10-22 23:42:05','2025-10-22 23:42:05'),(243,63,117,3,15.00,0.00,0.00,45.00,'pending','Medium rare','2025-10-22 23:42:05','2025-10-22 23:42:05'),(244,63,100,3,8.50,0.00,0.00,25.50,'pending','No onions','2025-10-22 23:42:05','2025-10-22 23:42:05'),(245,64,71,3,13.50,0.00,0.00,40.50,'pending','On the side','2025-10-22 23:42:05','2025-10-22 23:42:05'),(246,64,92,1,4.50,0.00,0.00,4.50,'pending','Extra cheese','2025-10-22 23:42:05','2025-10-22 23:42:05'),(247,64,85,2,13.50,0.00,0.00,27.00,'pending','On the side','2025-10-22 23:42:05','2025-10-22 23:42:05'),(248,64,91,3,8.50,0.00,0.00,25.50,'pending',NULL,'2025-10-22 23:42:05','2025-10-22 23:42:05'),(249,64,77,3,14.00,0.00,0.00,42.00,'pending',NULL,'2025-10-22 23:42:05','2025-10-22 23:42:05'),(250,65,35,2,12.00,0.00,0.00,24.00,'pending','Mild spice','2025-10-22 23:42:05','2025-10-22 23:42:05'),(251,65,40,3,18.50,0.00,0.00,55.50,'pending','Extra cheese','2025-10-22 23:42:05','2025-10-22 23:42:05'),(252,65,66,3,8.50,0.00,0.00,25.50,'pending',NULL,'2025-10-22 23:42:05','2025-10-22 23:42:05'),(253,65,62,2,2.50,0.00,0.00,5.00,'pending','No onions','2025-10-22 23:42:05','2025-10-22 23:42:05'),(254,66,55,2,6.50,0.00,0.00,13.00,'pending','Medium rare','2025-10-22 23:42:05','2025-10-22 23:42:05'),(255,66,61,2,4.00,0.00,0.00,8.00,'pending','On the side','2025-10-22 23:42:05','2025-10-22 23:42:05'),(256,66,60,3,3.50,0.00,0.00,10.50,'pending','On the side','2025-10-22 23:42:05','2025-10-22 23:42:05'),(257,66,54,2,7.50,0.00,0.00,15.00,'pending',NULL,'2025-10-22 23:42:05','2025-10-22 23:42:05'),(258,67,3,2,10.50,0.00,0.00,21.00,'pending',NULL,'2025-10-22 23:42:05','2025-10-22 23:42:05'),(259,67,33,3,8.50,0.00,0.00,25.50,'pending',NULL,'2025-10-22 23:42:05','2025-10-22 23:42:05'),(260,67,27,1,3.50,0.00,0.00,3.50,'pending',NULL,'2025-10-22 23:42:05','2025-10-22 23:42:05'),(261,67,12,3,16.50,0.00,0.00,49.50,'pending','On the side','2025-10-22 23:42:05','2025-10-22 23:42:05'),(262,67,21,3,7.50,0.00,0.00,22.50,'pending','Extra spicy','2025-10-22 23:42:05','2025-10-22 23:42:05'),(263,68,85,1,13.50,0.00,0.00,13.50,'pending',NULL,'2025-10-22 23:42:05','2025-10-22 23:42:05'),(264,68,68,1,12.00,0.00,0.00,12.00,'pending','Mild spice','2025-10-22 23:42:05','2025-10-22 23:42:05'),(265,68,88,1,6.50,0.00,0.00,6.50,'pending','Extra herbs','2025-10-22 23:42:05','2025-10-22 23:42:05'),(266,68,95,3,2.50,0.00,0.00,7.50,'pending',NULL,'2025-10-22 23:42:05','2025-10-22 23:42:05'),(267,68,78,2,16.50,0.00,0.00,33.00,'pending','Mild spice','2025-10-22 23:42:05','2025-10-22 23:42:05'),(268,69,20,3,10.00,0.00,0.00,30.00,'pending','On the side','2025-10-22 23:42:05','2025-10-22 23:42:05'),(269,69,16,1,8.00,0.00,0.00,8.00,'pending','No onions','2025-10-22 23:42:05','2025-10-22 23:42:05'),(270,70,96,3,5.50,0.00,0.00,16.50,'pending','No vegetables','2025-10-22 23:42:05','2025-10-22 23:42:05'),(271,70,75,2,15.00,0.00,0.00,30.00,'pending','Extra sauce','2025-10-22 23:42:05','2025-10-22 23:42:05'),(272,70,90,3,6.00,0.00,0.00,18.00,'pending',NULL,'2025-10-22 23:42:05','2025-10-22 23:42:05'),(273,70,72,3,28.00,0.00,0.00,84.00,'pending',NULL,'2025-10-22 23:42:05','2025-10-22 23:42:05'),(274,70,95,3,2.50,0.00,0.00,7.50,'pending',NULL,'2025-10-22 23:42:05','2025-10-22 23:42:05'),(275,70,84,1,15.00,0.00,0.00,15.00,'pending',NULL,'2025-10-22 23:42:05','2025-10-22 23:42:05'),(276,71,69,3,10.50,0.00,0.00,31.50,'pending','Extra spicy','2025-10-22 23:42:05','2025-10-22 23:42:05'),(277,71,94,1,4.00,0.00,0.00,4.00,'pending',NULL,'2025-10-22 23:42:05','2025-10-22 23:42:05'),(278,71,86,2,10.00,0.00,0.00,20.00,'pending',NULL,'2025-10-22 23:42:05','2025-10-22 23:42:05'),(279,71,80,2,28.00,0.00,0.00,56.00,'pending','On the side','2025-10-22 23:42:05','2025-10-22 23:42:05'),(280,72,38,1,13.50,0.00,0.00,13.50,'pending','Extra herbs','2025-10-22 23:42:05','2025-10-22 23:42:05'),(281,72,52,1,13.50,0.00,0.00,13.50,'pending',NULL,'2025-10-22 23:42:05','2025-10-22 23:42:05'),(282,72,63,1,5.50,0.00,0.00,5.50,'pending','Extra spicy','2025-10-22 23:42:05','2025-10-22 23:42:05'),(283,72,43,3,12.50,0.00,0.00,37.50,'pending','Medium rare','2025-10-22 23:42:05','2025-10-22 23:42:05'),(284,72,47,2,28.00,0.00,0.00,56.00,'pending','Extra sauce','2025-10-22 23:42:05','2025-10-22 23:42:05'),(285,73,19,3,13.50,0.00,0.00,40.50,'pending','Mild spice','2025-10-22 23:42:05','2025-10-22 23:42:05'),(286,73,23,1,5.50,0.00,0.00,5.50,'pending',NULL,'2025-10-22 23:42:05','2025-10-22 23:42:05'),(287,73,12,1,16.50,0.00,0.00,16.50,'pending','Extra herbs','2025-10-22 23:42:05','2025-10-22 23:42:05'),(288,73,16,1,8.00,0.00,0.00,8.00,'pending',NULL,'2025-10-22 23:42:05','2025-10-22 23:42:05'),(289,74,23,1,5.50,0.00,0.00,5.50,'pending',NULL,'2025-10-22 23:42:05','2025-10-22 23:42:05'),(290,74,8,1,22.00,0.00,0.00,22.00,'pending','Extra cheese','2025-10-22 23:42:05','2025-10-22 23:42:05'),(291,74,18,2,15.00,0.00,0.00,30.00,'pending','Extra sauce','2025-10-22 23:42:05','2025-10-22 23:42:05'),(292,75,55,1,6.50,0.00,0.00,6.50,'pending',NULL,'2025-10-22 23:42:05','2025-10-22 23:42:05'),(293,76,10,1,12.50,0.00,0.00,12.50,'pending',NULL,'2025-10-22 23:42:05','2025-10-22 23:42:05'),(294,76,1,2,8.50,0.00,0.00,17.00,'pending',NULL,'2025-10-22 23:42:05','2025-10-22 23:42:05'),(295,77,67,1,8.50,0.00,0.00,8.50,'pending','Extra sauce','2025-10-22 23:42:05','2025-10-22 23:42:05'),(296,77,97,2,4.50,0.00,0.00,9.00,'pending',NULL,'2025-10-22 23:42:05','2025-10-22 23:42:05'),(297,78,38,1,13.50,0.00,0.00,13.50,'pending','No vegetables','2025-10-22 23:42:05','2025-10-22 23:42:05'),(298,78,61,3,4.00,0.00,0.00,12.00,'pending','Well done','2025-10-22 23:42:05','2025-10-22 23:42:05'),(299,78,39,1,28.00,0.00,0.00,28.00,'pending','Extra spicy','2025-10-22 23:42:05','2025-10-22 23:42:05'),(300,78,37,2,9.00,0.00,0.00,18.00,'pending','Well done','2025-10-22 23:42:05','2025-10-22 23:42:05'),(301,79,104,3,13.50,0.00,0.00,40.50,'pending',NULL,'2025-10-22 23:42:05','2025-10-22 23:42:05'),(302,79,105,1,28.00,0.00,0.00,28.00,'pending','Extra cheese','2025-10-22 23:42:05','2025-10-22 23:42:05'),(303,80,71,1,13.50,0.00,0.00,13.50,'pending','Extra cheese','2025-10-22 23:42:05','2025-10-22 23:42:05'),(304,80,68,1,12.00,0.00,0.00,12.00,'pending','Extra herbs','2025-10-22 23:42:05','2025-10-22 23:42:05'),(305,80,91,2,8.50,0.00,0.00,17.00,'pending','Extra herbs','2025-10-22 23:42:05','2025-10-22 23:42:05'),(306,80,90,3,6.00,0.00,0.00,18.00,'pending',NULL,'2025-10-22 23:42:05','2025-10-22 23:42:05'),(307,80,72,2,28.00,0.00,0.00,56.00,'pending','On the side','2025-10-22 23:42:05','2025-10-22 23:42:05'),(308,80,77,3,14.00,0.00,0.00,42.00,'pending','No onions','2025-10-22 23:42:05','2025-10-22 23:42:05'),(309,81,2,2,12.00,0.00,0.00,24.00,'pending','No vegetables','2025-10-22 23:42:05','2025-10-22 23:42:05'),(310,81,13,2,25.00,0.00,0.00,50.00,'pending','Well done','2025-10-22 23:42:05','2025-10-22 23:42:05'),(311,81,33,2,8.50,0.00,0.00,17.00,'pending','No vegetables','2025-10-22 23:42:05','2025-10-22 23:42:05'),(312,81,20,2,10.00,0.00,0.00,20.00,'pending',NULL,'2025-10-22 23:42:05','2025-10-22 23:42:05'),(313,81,4,3,9.00,0.00,0.00,27.00,'pending',NULL,'2025-10-22 23:42:05','2025-10-22 23:42:05'),(314,82,89,1,5.50,0.00,0.00,5.50,'pending',NULL,'2025-10-22 23:42:05','2025-10-22 23:42:05'),(315,82,96,1,5.50,0.00,0.00,5.50,'pending','Extra cheese','2025-10-22 23:42:05','2025-10-22 23:42:05'),(316,82,81,3,32.00,0.00,0.00,96.00,'pending','No vegetables','2025-10-22 23:42:05','2025-10-22 23:42:05'),(317,83,85,1,13.50,0.00,0.00,13.50,'pending','Extra herbs','2025-10-22 23:42:05','2025-10-22 23:42:05'),(318,83,68,2,12.00,0.00,0.00,24.00,'pending','Mild spice','2025-10-22 23:42:05','2025-10-22 23:42:05'),(319,83,69,3,10.50,0.00,0.00,31.50,'pending','Extra cheese','2025-10-22 23:42:05','2025-10-22 23:42:05'),(320,83,94,1,4.00,0.00,0.00,4.00,'pending',NULL,'2025-10-22 23:42:05','2025-10-22 23:42:05'),(321,83,84,3,15.00,0.00,0.00,45.00,'pending','No vegetables','2025-10-22 23:42:05','2025-10-22 23:42:05'),(322,83,97,2,4.50,0.00,0.00,9.00,'pending',NULL,'2025-10-22 23:42:05','2025-10-22 23:42:05'),(323,84,132,1,8.50,0.00,0.00,8.50,'pending','Extra spicy','2025-10-22 23:42:05','2025-10-22 23:42:05'),(324,84,103,1,9.00,0.00,0.00,9.00,'pending',NULL,'2025-10-22 23:42:05','2025-10-22 23:42:05'),(325,84,111,1,16.50,0.00,0.00,16.50,'pending','Extra cheese','2025-10-22 23:42:05','2025-10-22 23:42:05'),(326,84,120,3,7.50,0.00,0.00,22.50,'pending','No vegetables','2025-10-22 23:42:05','2025-10-22 23:42:05'),(327,84,115,2,8.00,0.00,0.00,16.00,'pending',NULL,'2025-10-22 23:42:05','2025-10-22 23:42:05'),(328,84,130,3,4.50,0.00,0.00,13.50,'pending','No vegetables','2025-10-22 23:42:05','2025-10-22 23:42:05'),(329,85,36,2,10.50,0.00,0.00,21.00,'pending','Extra sauce','2025-10-22 23:42:05','2025-10-22 23:42:05'),(330,86,85,2,13.50,0.00,0.00,27.00,'pending','Extra sauce','2025-10-22 23:42:05','2025-10-22 23:42:05'),(331,86,91,1,8.50,0.00,0.00,8.50,'pending',NULL,'2025-10-22 23:42:05','2025-10-22 23:42:05'),(332,86,74,3,22.00,0.00,0.00,66.00,'pending',NULL,'2025-10-22 23:42:05','2025-10-22 23:42:05'),(333,86,93,1,3.50,0.00,0.00,3.50,'pending',NULL,'2025-10-22 23:42:05','2025-10-22 23:42:05'),(334,86,78,1,16.50,0.00,0.00,16.50,'pending','Well done','2025-10-22 23:42:05','2025-10-22 23:42:05'),(335,87,3,2,10.50,0.00,0.00,21.00,'pending','Medium rare','2025-10-22 23:42:05','2025-10-22 23:42:05'),(336,87,8,1,22.00,0.00,0.00,22.00,'pending','No vegetables','2025-10-22 23:42:05','2025-10-22 23:42:05'),(337,87,6,3,28.00,0.00,0.00,84.00,'pending',NULL,'2025-10-22 23:42:05','2025-10-22 23:42:05'),(338,88,93,1,3.50,0.00,0.00,3.50,'pending','Medium rare','2025-10-22 23:42:05','2025-10-22 23:42:05'),(339,89,35,2,12.00,0.00,0.00,24.00,'pending','Extra cheese','2025-10-22 23:42:05','2025-10-22 23:42:05'),(340,89,56,1,5.50,0.00,0.00,5.50,'pending',NULL,'2025-10-22 23:42:05','2025-10-22 23:42:05'),(341,89,42,2,15.00,0.00,0.00,30.00,'pending','No onions','2025-10-22 23:42:05','2025-10-22 23:42:05'),(342,89,39,1,28.00,0.00,0.00,28.00,'pending','Extra spicy','2025-10-22 23:42:05','2025-10-22 23:42:05'),(343,89,48,2,32.00,0.00,0.00,64.00,'pending',NULL,'2025-10-22 23:42:05','2025-10-22 23:42:05'),(344,89,64,2,4.50,0.00,0.00,9.00,'pending','Well done','2025-10-22 23:42:05','2025-10-22 23:42:05'),(345,90,33,2,8.50,0.00,0.00,17.00,'pending','Mild spice','2025-10-22 23:42:05','2025-10-22 23:42:05'),(346,91,53,1,10.00,0.00,0.00,10.00,'pending','No vegetables','2025-10-22 23:42:05','2025-10-22 23:42:05'),(347,91,44,2,14.00,0.00,0.00,28.00,'pending','Extra spicy','2025-10-22 23:42:05','2025-10-22 23:42:05'),(348,91,34,1,8.50,0.00,0.00,8.50,'pending','No vegetables','2025-10-22 23:42:05','2025-10-22 23:42:05'),(349,92,5,3,13.50,0.00,0.00,40.50,'pending','No onions','2025-10-22 23:42:05','2025-10-22 23:42:05'),(350,92,2,1,12.00,0.00,0.00,12.00,'pending','Extra spicy','2025-10-22 23:42:05','2025-10-22 23:42:05'),(351,92,3,1,10.50,0.00,0.00,10.50,'pending','Medium rare','2025-10-22 23:42:05','2025-10-22 23:42:05'),(352,93,69,3,10.50,0.00,0.00,31.50,'pending',NULL,'2025-10-22 23:42:05','2025-10-22 23:42:05'),(353,94,32,1,3.50,0.00,0.00,3.50,'pending',NULL,'2025-10-22 23:42:05','2025-10-22 23:42:05'),(354,94,23,3,5.50,0.00,0.00,16.50,'pending','No vegetables','2025-10-22 23:42:05','2025-10-22 23:42:05'),(355,94,13,3,25.00,0.00,0.00,75.00,'pending',NULL,'2025-10-22 23:42:05','2025-10-22 23:42:05'),(356,94,11,1,14.00,0.00,0.00,14.00,'pending',NULL,'2025-10-22 23:42:05','2025-10-22 23:42:05'),(357,95,118,3,13.50,0.00,0.00,40.50,'pending',NULL,'2025-10-22 23:42:05','2025-10-22 23:42:05'),(358,95,127,3,4.00,0.00,0.00,12.00,'pending',NULL,'2025-10-22 23:42:05','2025-10-22 23:42:05'),(359,95,120,1,7.50,0.00,0.00,7.50,'pending','Mild spice','2025-10-22 23:42:05','2025-10-22 23:42:05'),(360,96,88,3,6.50,0.00,0.00,19.50,'pending','Medium rare','2025-10-22 23:42:05','2025-10-22 23:42:05'),(361,96,90,2,6.00,0.00,0.00,12.00,'pending','Well done','2025-10-22 23:42:05','2025-10-22 23:42:05'),(362,96,78,2,16.50,0.00,0.00,33.00,'pending','Extra cheese','2025-10-22 23:42:05','2025-10-22 23:42:05'),(363,96,87,2,7.50,0.00,0.00,15.00,'pending','Extra cheese','2025-10-22 23:42:05','2025-10-22 23:42:05'),(364,96,82,3,8.00,0.00,0.00,24.00,'pending','No onions','2025-10-22 23:42:05','2025-10-22 23:42:05'),(365,97,45,1,16.50,0.00,0.00,16.50,'pending','Extra herbs','2025-10-22 23:42:05','2025-10-22 23:42:05'),(366,98,126,2,3.50,0.00,0.00,7.00,'pending','Extra cheese','2025-10-22 23:42:05','2025-10-22 23:42:05'),(367,98,103,1,9.00,0.00,0.00,9.00,'pending','Extra herbs','2025-10-22 23:42:05','2025-10-22 23:42:05'),(368,98,117,2,15.00,0.00,0.00,30.00,'pending',NULL,'2025-10-22 23:42:05','2025-10-22 23:42:05'),(369,99,88,3,6.50,0.00,0.00,19.50,'pending',NULL,'2025-10-22 23:42:05','2025-10-22 23:42:05'),(370,99,69,1,10.50,0.00,0.00,10.50,'pending',NULL,'2025-10-22 23:42:05','2025-10-22 23:42:05'),(371,99,74,1,22.00,0.00,0.00,22.00,'pending',NULL,'2025-10-22 23:42:05','2025-10-22 23:42:05'),(372,99,72,2,28.00,0.00,0.00,56.00,'pending',NULL,'2025-10-22 23:42:05','2025-10-22 23:42:05'),(373,99,70,3,9.00,0.00,0.00,27.00,'pending','Extra sauce','2025-10-22 23:42:05','2025-10-22 23:42:05'),(374,99,81,1,32.00,0.00,0.00,32.00,'pending','No onions','2025-10-22 23:42:05','2025-10-22 23:42:05'),(375,100,118,2,13.50,0.00,0.00,27.00,'pending','Extra cheese','2025-10-22 23:42:05','2025-10-22 23:42:05'),(376,100,103,2,9.00,0.00,0.00,18.00,'pending','On the side','2025-10-22 23:42:05','2025-10-22 23:42:05'),(377,101,56,3,5.50,0.00,0.00,16.50,'pending','Medium rare','2025-10-22 23:42:05','2025-10-22 23:42:05'),(378,101,63,3,5.50,0.00,0.00,16.50,'pending','Well done','2025-10-22 23:42:05','2025-10-22 23:42:05'),(379,101,39,3,28.00,0.00,0.00,84.00,'pending','Extra sauce','2025-10-22 23:42:05','2025-10-22 23:42:05'),(380,101,49,1,8.00,0.00,0.00,8.00,'pending','Extra spicy','2025-10-22 23:42:05','2025-10-22 23:42:05'),(381,102,13,1,25.00,0.00,0.00,25.00,'pending','Extra spicy','2025-10-22 23:42:05','2025-10-22 23:42:05'),(382,103,65,1,3.50,0.00,0.00,3.50,'pending',NULL,'2025-10-22 23:42:05','2025-10-22 23:42:05'),(383,103,52,2,13.50,0.00,0.00,27.00,'pending',NULL,'2025-10-22 23:42:05','2025-10-22 23:42:05'),(384,103,63,3,5.50,0.00,0.00,16.50,'pending','On the side','2025-10-22 23:42:05','2025-10-22 23:42:05'),(385,103,44,2,14.00,0.00,0.00,28.00,'pending','No vegetables','2025-10-22 23:42:05','2025-10-22 23:42:05'),(386,103,64,3,4.50,0.00,0.00,13.50,'pending','On the side','2025-10-22 23:42:05','2025-10-22 23:42:05'),(387,104,58,3,8.50,0.00,0.00,25.50,'pending','Mild spice','2025-10-22 23:42:05','2025-10-22 23:42:05'),(388,104,42,3,15.00,0.00,0.00,45.00,'pending','Extra herbs','2025-10-22 23:42:05','2025-10-22 23:42:05'),(389,104,41,3,22.00,0.00,0.00,66.00,'pending',NULL,'2025-10-22 23:42:06','2025-10-22 23:42:06'),(390,105,8,3,22.00,0.00,0.00,66.00,'pending',NULL,'2025-10-22 23:42:06','2025-10-22 23:42:06'),(391,105,1,1,8.50,0.00,0.00,8.50,'pending','Extra herbs','2025-10-22 23:42:06','2025-10-22 23:42:06'),(392,106,32,1,3.50,0.00,0.00,3.50,'pending','No vegetables','2025-10-22 23:42:06','2025-10-22 23:42:06'),(393,106,26,2,4.50,0.00,0.00,9.00,'pending',NULL,'2025-10-22 23:42:06','2025-10-22 23:42:06'),(394,106,13,2,25.00,0.00,0.00,50.00,'pending','Extra cheese','2025-10-22 23:42:06','2025-10-22 23:42:06'),(395,106,24,1,6.00,0.00,0.00,6.00,'pending',NULL,'2025-10-22 23:42:06','2025-10-22 23:42:06'),(396,106,6,2,28.00,0.00,0.00,56.00,'pending','Extra herbs','2025-10-22 23:42:06','2025-10-22 23:42:06'),(397,106,14,2,28.00,0.00,0.00,56.00,'pending','On the side','2025-10-22 23:42:06','2025-10-22 23:42:06'),(398,107,7,2,18.50,0.00,0.00,37.00,'pending','Extra sauce','2025-10-22 23:42:06','2025-10-22 23:42:06'),(399,107,13,2,25.00,0.00,0.00,50.00,'pending','Extra cheese','2025-10-22 23:42:06','2025-10-22 23:42:06'),(400,107,4,1,9.00,0.00,0.00,9.00,'pending',NULL,'2025-10-22 23:42:06','2025-10-22 23:42:06'),(401,107,18,3,15.00,0.00,0.00,45.00,'pending','Extra cheese','2025-10-22 23:42:06','2025-10-22 23:42:06'),(402,107,12,3,16.50,0.00,0.00,49.50,'pending','Well done','2025-10-22 23:42:06','2025-10-22 23:42:06'),(403,107,1,2,8.50,0.00,0.00,17.00,'pending',NULL,'2025-10-22 23:42:06','2025-10-22 23:42:06'),(404,108,104,1,13.50,0.00,0.00,13.50,'pending','Well done','2025-10-22 23:42:06','2025-10-22 23:42:06'),(405,108,103,1,9.00,0.00,0.00,9.00,'pending',NULL,'2025-10-22 23:42:06','2025-10-22 23:42:06'),(406,108,120,1,7.50,0.00,0.00,7.50,'pending','No onions','2025-10-22 23:42:06','2025-10-22 23:42:06'),(407,109,22,3,6.50,0.00,0.00,19.50,'pending',NULL,'2025-10-22 23:42:06','2025-10-22 23:42:06'),(408,109,20,1,10.00,0.00,0.00,10.00,'pending',NULL,'2025-10-22 23:42:06','2025-10-22 23:42:06'),(409,110,125,3,4.50,0.00,0.00,13.50,'pending','No onions','2025-10-22 23:42:06','2025-10-22 23:42:06'),(410,110,106,2,18.50,0.00,0.00,37.00,'pending','On the side','2025-10-22 23:42:06','2025-10-22 23:42:06'),(411,110,103,2,9.00,0.00,0.00,18.00,'pending','Extra spicy','2025-10-22 23:42:06','2025-10-22 23:42:06'),(412,110,128,3,2.50,0.00,0.00,7.50,'pending','Extra herbs','2025-10-22 23:42:06','2025-10-22 23:42:06'),(413,110,116,3,11.50,0.00,0.00,34.50,'pending','No onions','2025-10-22 23:42:06','2025-10-22 23:42:06'),(414,111,68,1,12.00,0.00,0.00,12.00,'pending',NULL,'2025-10-22 23:42:06','2025-10-22 23:42:06'),(415,111,69,3,10.50,0.00,0.00,31.50,'pending','Extra sauce','2025-10-22 23:42:06','2025-10-22 23:42:06'),(416,111,76,1,12.50,0.00,0.00,12.50,'pending','Medium rare','2025-10-22 23:42:06','2025-10-22 23:42:06'),(417,111,80,3,28.00,0.00,0.00,84.00,'pending','Medium rare','2025-10-22 23:42:06','2025-10-22 23:42:06'),(418,112,32,1,3.50,0.00,0.00,3.50,'pending','Mild spice','2025-10-22 23:42:06','2025-10-22 23:42:06'),(419,112,6,1,28.00,0.00,0.00,28.00,'pending','Extra spicy','2025-10-22 23:42:06','2025-10-22 23:42:06'),(420,113,72,3,28.00,0.00,0.00,84.00,'pending',NULL,'2025-10-22 23:42:06','2025-10-22 23:42:06'),(421,114,7,1,18.50,0.00,0.00,18.50,'pending',NULL,'2025-10-22 23:42:06','2025-10-22 23:42:06'),(422,115,38,2,13.50,0.00,0.00,27.00,'pending','Extra sauce','2025-10-22 23:42:06','2025-10-22 23:42:06'),(423,115,44,3,14.00,0.00,0.00,42.00,'pending','Mild spice','2025-10-22 23:42:06','2025-10-22 23:42:06'),(424,115,51,3,15.00,0.00,0.00,45.00,'pending','Extra herbs','2025-10-22 23:42:06','2025-10-22 23:42:06'),(425,115,45,3,16.50,0.00,0.00,49.50,'pending','Extra sauce','2025-10-22 23:42:06','2025-10-22 23:42:06'),(426,116,66,3,8.50,0.00,0.00,25.50,'pending',NULL,'2025-10-22 23:42:06','2025-10-22 23:42:06'),(427,116,54,1,7.50,0.00,0.00,7.50,'pending',NULL,'2025-10-22 23:42:06','2025-10-22 23:42:06'),(428,117,59,3,4.50,0.00,0.00,13.50,'pending','No onions','2025-10-22 23:42:06','2025-10-22 23:42:06'),(429,117,39,3,28.00,0.00,0.00,84.00,'pending',NULL,'2025-10-22 23:42:06','2025-10-22 23:42:06'),(430,118,32,2,3.50,0.00,0.00,7.00,'pending',NULL,'2025-10-22 23:42:06','2025-10-22 23:42:06'),(431,118,27,1,3.50,0.00,0.00,3.50,'pending','Well done','2025-10-22 23:42:06','2025-10-22 23:42:06'),(432,118,29,2,2.50,0.00,0.00,5.00,'pending','Well done','2025-10-22 23:42:06','2025-10-22 23:42:06'),(433,118,18,1,15.00,0.00,0.00,15.00,'pending','Extra herbs','2025-10-22 23:42:06','2025-10-22 23:42:06'),(434,118,12,1,16.50,0.00,0.00,16.50,'pending',NULL,'2025-10-22 23:42:06','2025-10-22 23:42:06'),(435,118,17,3,11.50,0.00,0.00,34.50,'pending','Mild spice','2025-10-22 23:42:06','2025-10-22 23:42:06'),(436,119,89,3,5.50,0.00,0.00,16.50,'pending',NULL,'2025-10-22 23:42:06','2025-10-22 23:42:06'),(437,120,129,1,5.50,0.00,0.00,5.50,'pending','On the side','2025-10-22 23:42:06','2025-10-22 23:42:06'),(438,120,106,3,18.50,0.00,0.00,55.50,'pending','No vegetables','2025-10-22 23:42:06','2025-10-22 23:42:06'),(439,120,126,1,3.50,0.00,0.00,3.50,'pending','On the side','2025-10-22 23:42:06','2025-10-22 23:42:06'),(440,120,109,3,12.50,0.00,0.00,37.50,'pending','Well done','2025-10-22 23:42:06','2025-10-22 23:42:06'),(441,120,119,2,10.00,0.00,0.00,20.00,'pending','No vegetables','2025-10-22 23:42:06','2025-10-22 23:42:06'),(442,121,18,2,15.00,0.00,0.00,30.00,'pending','No onions','2025-10-22 23:42:06','2025-10-22 23:42:06'),(443,121,31,3,4.50,0.00,0.00,13.50,'pending','No vegetables','2025-10-22 23:42:06','2025-10-22 23:42:06'),(444,122,2,3,12.00,0.00,0.00,36.00,'pending','Mild spice','2025-10-22 23:42:06','2025-10-22 23:42:06'),(445,123,88,1,6.50,0.00,0.00,6.50,'pending',NULL,'2025-10-22 23:42:06','2025-10-22 23:42:06'),(446,123,96,1,5.50,0.00,0.00,5.50,'pending',NULL,'2025-10-22 23:42:06','2025-10-22 23:42:06'),(447,123,90,3,6.00,0.00,0.00,18.00,'pending','Mild spice','2025-10-22 23:42:06','2025-10-22 23:42:06'),(448,123,77,3,14.00,0.00,0.00,42.00,'pending',NULL,'2025-10-22 23:42:06','2025-10-22 23:42:06'),(449,123,67,2,8.50,0.00,0.00,17.00,'pending','On the side','2025-10-22 23:42:06','2025-10-22 23:42:06'),(450,123,82,3,8.00,0.00,0.00,24.00,'pending',NULL,'2025-10-22 23:42:06','2025-10-22 23:42:06'),(451,124,109,3,12.50,0.00,0.00,37.50,'pending','No onions','2025-10-22 23:42:06','2025-10-22 23:42:06'),(452,124,105,1,28.00,0.00,0.00,28.00,'pending','Mild spice','2025-10-22 23:42:06','2025-10-22 23:42:06'),(453,124,111,3,16.50,0.00,0.00,49.50,'pending','No onions','2025-10-22 23:42:06','2025-10-22 23:42:06'),(454,124,116,1,11.50,0.00,0.00,11.50,'pending','Medium rare','2025-10-22 23:42:06','2025-10-22 23:42:06'),(455,125,19,2,13.50,0.00,0.00,27.00,'pending',NULL,'2025-10-22 23:42:06','2025-10-22 23:42:06'),(456,125,22,2,6.50,0.00,0.00,13.00,'pending',NULL,'2025-10-22 23:42:06','2025-10-22 23:42:06'),(457,125,28,3,4.00,0.00,0.00,12.00,'pending','Mild spice','2025-10-22 23:42:06','2025-10-22 23:42:06'),(458,125,27,3,3.50,0.00,0.00,10.50,'pending','Mild spice','2025-10-22 23:42:06','2025-10-22 23:42:06'),(459,125,6,1,28.00,0.00,0.00,28.00,'pending','Extra cheese','2025-10-22 23:42:06','2025-10-22 23:42:06'),(460,125,17,1,11.50,0.00,0.00,11.50,'pending','Extra herbs','2025-10-22 23:42:06','2025-10-22 23:42:06'),(461,126,25,2,8.50,0.00,0.00,17.00,'pending','Medium rare','2025-10-22 23:42:06','2025-10-22 23:42:06'),(462,126,13,1,25.00,0.00,0.00,25.00,'pending',NULL,'2025-10-22 23:42:06','2025-10-22 23:42:06'),(463,126,12,1,16.50,0.00,0.00,16.50,'pending',NULL,'2025-10-22 23:42:06','2025-10-22 23:42:06'),(464,126,1,2,8.50,0.00,0.00,17.00,'pending','Extra herbs','2025-10-22 23:42:06','2025-10-22 23:42:06'),(465,126,21,2,7.50,0.00,0.00,15.00,'pending','Extra cheese','2025-10-22 23:42:06','2025-10-22 23:42:06'),(466,127,73,1,18.50,0.00,0.00,18.50,'pending','Medium rare','2025-10-22 23:42:06','2025-10-22 23:42:06'),(467,127,76,1,12.50,0.00,0.00,12.50,'pending',NULL,'2025-10-22 23:42:06','2025-10-22 23:42:06'),(468,127,67,3,8.50,0.00,0.00,25.50,'pending','Extra sauce','2025-10-22 23:42:06','2025-10-22 23:42:06'),(469,127,82,3,8.00,0.00,0.00,24.00,'pending','No vegetables','2025-10-22 23:42:06','2025-10-22 23:42:06'),(470,128,3,1,10.50,0.00,0.00,10.50,'pending','Mild spice','2025-10-22 23:42:06','2025-10-22 23:42:06'),(471,128,9,1,15.00,0.00,0.00,15.00,'pending','No onions','2025-10-22 23:42:06','2025-10-22 23:42:06'),(472,129,105,2,28.00,0.00,0.00,56.00,'pending','Medium rare','2025-10-22 23:42:06','2025-10-22 23:42:06'),(473,129,128,2,2.50,0.00,0.00,5.00,'pending','Extra herbs','2025-10-22 23:42:06','2025-10-22 23:42:06'),(474,130,68,2,12.00,0.00,0.00,24.00,'pending','On the side','2025-10-22 23:42:06','2025-10-22 23:42:06'),(475,130,86,2,10.00,0.00,0.00,20.00,'pending','Medium rare','2025-10-22 23:42:06','2025-10-22 23:42:06'),(476,130,90,1,6.00,0.00,0.00,6.00,'pending','Well done','2025-10-22 23:42:06','2025-10-22 23:42:06'),(477,130,70,2,9.00,0.00,0.00,18.00,'pending','No vegetables','2025-10-22 23:42:06','2025-10-22 23:42:06'),(478,130,81,1,32.00,0.00,0.00,32.00,'pending','No vegetables','2025-10-22 23:42:06','2025-10-22 23:42:06'),(479,130,82,1,8.00,0.00,0.00,8.00,'pending','Extra cheese','2025-10-22 23:42:06','2025-10-22 23:42:06'),(480,131,131,2,3.50,0.00,0.00,7.00,'pending',NULL,'2025-10-22 23:42:06','2025-10-22 23:42:06'),(481,131,121,2,6.50,0.00,0.00,13.00,'pending','Well done','2025-10-22 23:42:06','2025-10-22 23:42:06'),(482,131,128,1,2.50,0.00,0.00,2.50,'pending','Extra sauce','2025-10-22 23:42:06','2025-10-22 23:42:06'),(483,132,68,2,12.00,0.00,0.00,24.00,'pending','Extra cheese','2025-10-22 23:42:06','2025-10-22 23:42:06'),(484,132,73,1,18.50,0.00,0.00,18.50,'pending','Extra cheese','2025-10-22 23:42:06','2025-10-22 23:42:06'),(485,132,90,3,6.00,0.00,0.00,18.00,'pending','On the side','2025-10-22 23:42:06','2025-10-22 23:42:06'),(486,133,107,3,22.00,0.00,0.00,66.00,'pending','Medium rare','2025-10-22 23:42:06','2025-10-22 23:42:06'),(487,133,127,3,4.00,0.00,0.00,12.00,'pending',NULL,'2025-10-22 23:42:06','2025-10-22 23:42:06'),(488,133,119,3,10.00,0.00,0.00,30.00,'pending','No onions','2025-10-22 23:42:06','2025-10-22 23:42:06'),(489,133,123,1,6.00,0.00,0.00,6.00,'pending','Extra cheese','2025-10-22 23:42:06','2025-10-22 23:42:06'),(490,133,114,3,32.00,0.00,0.00,96.00,'pending','On the side','2025-10-22 23:42:06','2025-10-22 23:42:06'),(491,133,111,1,16.50,0.00,0.00,16.50,'pending','On the side','2025-10-22 23:42:06','2025-10-22 23:42:06'),(492,134,74,2,22.00,0.00,0.00,44.00,'pending',NULL,'2025-10-22 23:42:06','2025-10-22 23:42:06'),(493,134,83,1,11.50,0.00,0.00,11.50,'pending',NULL,'2025-10-22 23:42:06','2025-10-22 23:42:06'),(494,134,97,3,4.50,0.00,0.00,13.50,'pending',NULL,'2025-10-22 23:42:06','2025-10-22 23:42:06'),(495,135,38,2,13.50,0.00,0.00,27.00,'pending','Mild spice','2025-10-22 23:42:06','2025-10-22 23:42:06'),(496,135,59,1,4.50,0.00,0.00,4.50,'pending','Well done','2025-10-22 23:42:06','2025-10-22 23:42:06'),(497,135,39,1,28.00,0.00,0.00,28.00,'pending',NULL,'2025-10-22 23:42:06','2025-10-22 23:42:06'),(498,135,44,3,14.00,0.00,0.00,42.00,'pending',NULL,'2025-10-22 23:42:06','2025-10-22 23:42:06'),(499,136,8,1,22.00,0.00,0.00,22.00,'pending',NULL,'2025-10-22 23:42:06','2025-10-22 23:42:06'),(500,136,27,2,3.50,0.00,0.00,7.00,'pending','No onions','2025-10-22 23:42:06','2025-10-22 23:42:06'),(501,136,12,2,16.50,0.00,0.00,33.00,'pending','No vegetables','2025-10-22 23:42:06','2025-10-22 23:42:06'),(502,136,14,3,28.00,0.00,0.00,84.00,'pending',NULL,'2025-10-22 23:42:06','2025-10-22 23:42:06'),(503,136,31,3,4.50,0.00,0.00,13.50,'pending','Well done','2025-10-22 23:42:06','2025-10-22 23:42:06'),(504,137,127,2,4.00,0.00,0.00,8.00,'pending','Mild spice','2025-10-22 23:42:06','2025-10-22 23:42:06'),(505,137,123,1,6.00,0.00,0.00,6.00,'pending','Mild spice','2025-10-22 23:42:06','2025-10-22 23:42:06'),(506,137,100,1,8.50,0.00,0.00,8.50,'pending','Extra cheese','2025-10-22 23:42:06','2025-10-22 23:42:06'),(507,137,130,1,4.50,0.00,0.00,4.50,'pending',NULL,'2025-10-22 23:42:06','2025-10-22 23:42:06'),(508,138,109,2,12.50,0.00,0.00,25.00,'pending',NULL,'2025-10-22 23:42:06','2025-10-22 23:42:06'),(509,138,119,3,10.00,0.00,0.00,30.00,'pending',NULL,'2025-10-22 23:42:06','2025-10-22 23:42:06'),(510,138,110,3,14.00,0.00,0.00,42.00,'pending','No onions','2025-10-22 23:42:06','2025-10-22 23:42:06'),(511,138,111,1,16.50,0.00,0.00,16.50,'pending',NULL,'2025-10-22 23:42:06','2025-10-22 23:42:06'),(512,139,131,3,3.50,0.00,0.00,10.50,'pending','Well done','2025-10-22 23:42:06','2025-10-22 23:42:06'),(513,139,102,1,10.50,0.00,0.00,10.50,'pending',NULL,'2025-10-22 23:42:06','2025-10-22 23:42:06'),(514,140,49,2,8.00,0.00,0.00,16.00,'pending','Extra sauce','2025-10-22 23:42:06','2025-10-22 23:42:06'),(515,141,68,2,12.00,0.00,0.00,24.00,'pending','Mild spice','2025-10-22 23:42:06','2025-10-22 23:42:06'),(516,141,79,3,25.00,0.00,0.00,75.00,'pending','Extra herbs','2025-10-22 23:42:06','2025-10-22 23:42:06'),(517,141,94,3,4.00,0.00,0.00,12.00,'pending',NULL,'2025-10-22 23:42:06','2025-10-22 23:42:06'),(518,141,93,2,3.50,0.00,0.00,7.00,'pending','Well done','2025-10-22 23:42:06','2025-10-22 23:42:06'),(519,141,77,3,14.00,0.00,0.00,42.00,'pending','Mild spice','2025-10-22 23:42:06','2025-10-22 23:42:06'),(520,142,22,1,6.50,0.00,0.00,6.50,'pending',NULL,'2025-10-22 23:42:06','2025-10-22 23:42:06'),(521,142,6,3,28.00,0.00,0.00,84.00,'pending','Well done','2025-10-22 23:42:06','2025-10-22 23:42:06'),(522,142,12,2,16.50,0.00,0.00,33.00,'pending','Well done','2025-10-22 23:42:06','2025-10-22 23:42:06'),(523,142,21,2,7.50,0.00,0.00,15.00,'pending','Extra spicy','2025-10-22 23:42:06','2025-10-22 23:42:06'),(524,143,35,2,12.00,0.00,0.00,24.00,'pending','On the side','2025-10-22 23:42:06','2025-10-22 23:42:06'),(525,143,56,3,5.50,0.00,0.00,16.50,'pending','On the side','2025-10-22 23:42:06','2025-10-22 23:42:06'),(526,143,36,2,10.50,0.00,0.00,21.00,'pending',NULL,'2025-10-22 23:42:06','2025-10-22 23:42:06'),(527,143,39,3,28.00,0.00,0.00,84.00,'pending','No onions','2025-10-22 23:42:06','2025-10-22 23:42:06'),(528,143,51,1,15.00,0.00,0.00,15.00,'pending',NULL,'2025-10-22 23:42:06','2025-10-22 23:42:06'),(529,143,49,3,8.00,0.00,0.00,24.00,'pending','No vegetables','2025-10-22 23:42:06','2025-10-22 23:42:06'),(530,144,131,1,3.50,0.00,0.00,3.50,'pending','Extra cheese','2025-10-22 23:42:06','2025-10-22 23:42:06'),(531,144,124,2,8.50,0.00,0.00,17.00,'pending','No vegetables','2025-10-22 23:42:06','2025-10-22 23:42:06'),(532,144,108,2,15.00,0.00,0.00,30.00,'pending','Extra cheese','2025-10-22 23:42:06','2025-10-22 23:42:06'),(533,144,109,1,12.50,0.00,0.00,12.50,'pending',NULL,'2025-10-22 23:42:06','2025-10-22 23:42:06'),(534,144,103,3,9.00,0.00,0.00,27.00,'pending','Medium rare','2025-10-22 23:42:06','2025-10-22 23:42:06'),(535,145,88,2,6.50,0.00,0.00,13.00,'pending',NULL,'2025-10-22 23:42:06','2025-10-22 23:42:06'),(536,145,73,3,18.50,0.00,0.00,55.50,'pending',NULL,'2025-10-22 23:42:06','2025-10-22 23:42:06'),(537,145,79,1,25.00,0.00,0.00,25.00,'pending','Medium rare','2025-10-22 23:42:06','2025-10-22 23:42:06'),(538,145,80,2,28.00,0.00,0.00,56.00,'pending','Extra herbs','2025-10-22 23:42:06','2025-10-22 23:42:06'),(539,145,82,3,8.00,0.00,0.00,24.00,'pending','Mild spice','2025-10-22 23:42:06','2025-10-22 23:42:06'),(540,146,101,1,12.00,0.00,0.00,12.00,'pending','Extra sauce','2025-10-22 23:42:06','2025-10-22 23:42:06'),(541,146,129,1,5.50,0.00,0.00,5.50,'pending',NULL,'2025-10-22 23:42:06','2025-10-22 23:42:06'),(542,146,106,2,18.50,0.00,0.00,37.00,'pending','Extra herbs','2025-10-22 23:42:06','2025-10-22 23:42:06'),(543,146,109,1,12.50,0.00,0.00,12.50,'pending','Well done','2025-10-22 23:42:06','2025-10-22 23:42:06'),(544,147,96,2,5.50,0.00,0.00,11.00,'pending','No onions','2025-10-22 23:42:06','2025-10-22 23:42:06'),(545,148,118,3,13.50,0.00,0.00,40.50,'pending','Medium rare','2025-10-22 23:42:06','2025-10-22 23:42:06'),(546,148,122,3,5.50,0.00,0.00,16.50,'pending','Well done','2025-10-22 23:42:06','2025-10-22 23:42:06'),(547,148,112,1,25.00,0.00,0.00,25.00,'pending','Well done','2025-10-22 23:42:06','2025-10-22 23:42:06'),(548,148,109,3,12.50,0.00,0.00,37.50,'pending',NULL,'2025-10-22 23:42:06','2025-10-22 23:42:06'),(549,148,105,3,28.00,0.00,0.00,84.00,'pending',NULL,'2025-10-22 23:42:06','2025-10-22 23:42:06'),(550,148,130,2,4.50,0.00,0.00,9.00,'pending','On the side','2025-10-22 23:42:06','2025-10-22 23:42:06'),(551,149,104,2,13.50,0.00,0.00,27.00,'pending','No vegetables','2025-10-22 23:42:06','2025-10-22 23:42:06'),(552,149,105,2,28.00,0.00,0.00,56.00,'pending',NULL,'2025-10-22 23:42:06','2025-10-22 23:42:06'),(553,149,103,1,9.00,0.00,0.00,9.00,'pending','Extra herbs','2025-10-22 23:42:06','2025-10-22 23:42:06'),(554,150,92,2,4.50,0.00,0.00,9.00,'pending','Medium rare','2025-10-22 23:42:06','2025-10-22 23:42:06'),(555,150,90,3,6.00,0.00,0.00,18.00,'pending','Extra spicy','2025-10-22 23:42:06','2025-10-22 23:42:06'),(556,151,124,2,8.50,0.00,0.00,17.00,'pending','Well done','2025-10-22 23:42:06','2025-10-22 23:42:06'),(557,151,119,2,10.00,0.00,0.00,20.00,'pending',NULL,'2025-10-22 23:42:06','2025-10-22 23:42:06'),(558,151,105,2,28.00,0.00,0.00,56.00,'pending',NULL,'2025-10-22 23:42:06','2025-10-22 23:42:06'),(559,151,111,3,16.50,0.00,0.00,49.50,'pending','Extra spicy','2025-10-22 23:42:06','2025-10-22 23:42:06'),(560,151,115,3,8.00,0.00,0.00,24.00,'pending',NULL,'2025-10-22 23:42:06','2025-10-22 23:42:06'),(561,152,30,2,5.50,0.00,0.00,11.00,'pending','Extra sauce','2025-10-22 23:42:06','2025-10-22 23:42:06'),(562,152,27,2,3.50,0.00,0.00,7.00,'pending',NULL,'2025-10-22 23:42:06','2025-10-22 23:42:06'),(563,152,29,3,2.50,0.00,0.00,7.50,'pending','Extra sauce','2025-10-22 23:42:06','2025-10-22 23:42:06'),(564,153,2,1,12.00,0.00,0.00,12.00,'pending','Extra spicy','2025-10-22 23:42:06','2025-10-22 23:42:06'),(565,153,24,1,6.00,0.00,0.00,6.00,'pending','Extra sauce','2025-10-22 23:42:06','2025-10-22 23:42:06'),(566,153,15,2,32.00,0.00,0.00,64.00,'pending','Well done','2025-10-22 23:42:06','2025-10-22 23:42:06'),(567,153,17,2,11.50,0.00,0.00,23.00,'pending','Extra cheese','2025-10-22 23:42:06','2025-10-22 23:42:06'),(568,154,90,3,6.00,0.00,0.00,18.00,'pending',NULL,'2025-10-22 23:42:06','2025-10-22 23:42:06'),(569,154,84,3,15.00,0.00,0.00,45.00,'pending',NULL,'2025-10-22 23:42:06','2025-10-22 23:42:06'),(570,154,80,3,28.00,0.00,0.00,84.00,'pending','Medium rare','2025-10-22 23:42:06','2025-10-22 23:42:06'),(571,155,25,2,8.50,0.00,0.00,17.00,'pending','No vegetables','2025-10-22 23:42:06','2025-10-22 23:42:06'),(572,155,3,2,10.50,0.00,0.00,21.00,'pending','Extra herbs','2025-10-22 23:42:06','2025-10-22 23:42:06'),(573,155,6,1,28.00,0.00,0.00,28.00,'pending',NULL,'2025-10-22 23:42:06','2025-10-22 23:42:06'),(574,155,16,1,8.00,0.00,0.00,8.00,'pending','No vegetables','2025-10-22 23:42:06','2025-10-22 23:42:06'),(575,155,17,1,11.50,0.00,0.00,11.50,'pending','Mild spice','2025-10-22 23:42:06','2025-10-22 23:42:06'),(576,156,122,1,5.50,0.00,0.00,5.50,'pending','Extra cheese','2025-10-22 23:42:06','2025-10-22 23:42:06'),(577,156,106,1,18.50,0.00,0.00,18.50,'pending',NULL,'2025-10-22 23:42:06','2025-10-22 23:42:06'),(578,156,126,1,3.50,0.00,0.00,3.50,'pending','Medium rare','2025-10-22 23:42:06','2025-10-22 23:42:06'),(579,156,111,3,16.50,0.00,0.00,49.50,'pending',NULL,'2025-10-22 23:42:06','2025-10-22 23:42:06'),(580,157,81,1,32.00,0.00,0.00,32.00,'pending','Well done','2025-10-22 23:42:06','2025-10-22 23:42:06'),(581,157,84,2,15.00,0.00,0.00,30.00,'pending','Mild spice','2025-10-22 23:42:06','2025-10-22 23:42:06'),(582,157,80,3,28.00,0.00,0.00,84.00,'pending','On the side','2025-10-22 23:42:06','2025-10-22 23:42:06'),(583,158,58,1,8.50,0.00,0.00,8.50,'pending','Extra spicy','2025-10-22 23:42:06','2025-10-22 23:42:06'),(584,158,36,3,10.50,0.00,0.00,31.50,'pending',NULL,'2025-10-22 23:42:06','2025-10-22 23:42:06'),(585,158,42,1,15.00,0.00,0.00,15.00,'pending','Extra spicy','2025-10-22 23:42:06','2025-10-22 23:42:06'),(586,158,53,1,10.00,0.00,0.00,10.00,'pending','Extra sauce','2025-10-22 23:42:06','2025-10-22 23:42:06'),(587,158,39,2,28.00,0.00,0.00,56.00,'pending','Extra herbs','2025-10-22 23:42:06','2025-10-22 23:42:06'),(588,158,54,2,7.50,0.00,0.00,15.00,'pending','Well done','2025-10-22 23:42:06','2025-10-22 23:42:06'),(589,159,25,1,8.50,0.00,0.00,8.50,'pending','Extra sauce','2025-10-22 23:42:06','2025-10-22 23:42:06'),(590,159,28,3,4.00,0.00,0.00,12.00,'pending',NULL,'2025-10-22 23:42:06','2025-10-22 23:42:06'),(591,159,27,2,3.50,0.00,0.00,7.00,'pending','No onions','2025-10-22 23:42:06','2025-10-22 23:42:06'),(592,159,6,1,28.00,0.00,0.00,28.00,'pending',NULL,'2025-10-22 23:42:06','2025-10-22 23:42:06'),(593,159,12,3,16.50,0.00,0.00,49.50,'pending','Well done','2025-10-22 23:42:06','2025-10-22 23:42:06'),(594,160,33,1,8.50,0.00,0.00,8.50,'pending','Extra cheese','2025-10-22 23:42:07','2025-10-22 23:42:07'),(595,160,27,2,3.50,0.00,0.00,7.00,'pending','On the side','2025-10-22 23:42:07','2025-10-22 23:42:07'),(596,160,4,1,9.00,0.00,0.00,9.00,'pending',NULL,'2025-10-22 23:42:07','2025-10-22 23:42:07'),(597,161,39,3,28.00,0.00,0.00,84.00,'pending','On the side','2025-10-22 23:42:07','2025-10-22 23:42:07'),(598,161,48,3,32.00,0.00,0.00,96.00,'pending',NULL,'2025-10-22 23:42:07','2025-10-22 23:42:07'),(599,161,34,3,8.50,0.00,0.00,25.50,'pending',NULL,'2025-10-22 23:42:07','2025-10-22 23:42:07'),(600,162,28,3,4.00,0.00,0.00,12.00,'pending','No onions','2025-10-22 23:42:07','2025-10-22 23:42:07'),(601,162,31,2,4.50,0.00,0.00,9.00,'pending','Extra herbs','2025-10-22 23:42:07','2025-10-22 23:42:07'),(602,163,118,1,13.50,0.00,0.00,13.50,'pending',NULL,'2025-10-22 23:42:07','2025-10-22 23:42:07'),(603,163,107,3,22.00,0.00,0.00,66.00,'pending','Extra herbs','2025-10-22 23:42:07','2025-10-22 23:42:07'),(604,163,109,3,12.50,0.00,0.00,37.50,'pending','Extra sauce','2025-10-22 23:42:07','2025-10-22 23:42:07'),(605,163,111,2,16.50,0.00,0.00,33.00,'pending','Extra sauce','2025-10-22 23:42:07','2025-10-22 23:42:07'),(606,164,104,2,13.50,0.00,0.00,27.00,'pending','Well done','2025-10-22 23:42:07','2025-10-22 23:42:07'),(607,164,125,1,4.50,0.00,0.00,4.50,'pending','Extra spicy','2025-10-22 23:42:07','2025-10-22 23:42:07'),(608,164,106,3,18.50,0.00,0.00,55.50,'pending','No vegetables','2025-10-22 23:42:07','2025-10-22 23:42:07'),(609,164,123,3,6.00,0.00,0.00,18.00,'pending','No vegetables','2025-10-22 23:42:07','2025-10-22 23:42:07'),(610,164,110,3,14.00,0.00,0.00,42.00,'pending','Well done','2025-10-22 23:42:07','2025-10-22 23:42:07'),(611,164,120,1,7.50,0.00,0.00,7.50,'pending','Extra cheese','2025-10-22 23:42:07','2025-10-22 23:42:07'),(612,165,131,1,3.50,0.00,0.00,3.50,'pending','Well done','2025-10-22 23:42:07','2025-10-22 23:42:07'),(613,165,104,3,13.50,0.00,0.00,40.50,'pending','On the side','2025-10-22 23:42:07','2025-10-22 23:42:07'),(614,165,125,2,4.50,0.00,0.00,9.00,'pending','No vegetables','2025-10-22 23:42:07','2025-10-22 23:42:07'),(615,165,113,1,28.00,0.00,0.00,28.00,'pending','No onions','2025-10-22 23:42:07','2025-10-22 23:42:07'),(616,165,116,1,11.50,0.00,0.00,11.50,'pending','Extra spicy','2025-10-22 23:42:07','2025-10-22 23:42:07'),(617,166,105,1,28.00,0.00,0.00,28.00,'pending',NULL,'2025-10-22 23:42:07','2025-10-22 23:42:07'),(618,166,113,1,28.00,0.00,0.00,28.00,'pending','Extra spicy','2025-10-22 23:42:07','2025-10-22 23:42:07'),(619,166,120,1,7.50,0.00,0.00,7.50,'pending',NULL,'2025-10-22 23:42:07','2025-10-22 23:42:07'),(620,167,7,1,18.50,0.00,0.00,18.50,'pending',NULL,'2025-10-22 23:42:07','2025-10-22 23:42:07'),(621,167,33,2,8.50,0.00,0.00,17.00,'pending',NULL,'2025-10-22 23:42:07','2025-10-22 23:42:07'),(622,167,6,1,28.00,0.00,0.00,28.00,'pending',NULL,'2025-10-22 23:42:07','2025-10-22 23:42:07'),(623,167,4,3,9.00,0.00,0.00,27.00,'pending','Extra cheese','2025-10-22 23:42:07','2025-10-22 23:42:07'),(624,167,1,3,8.50,0.00,0.00,25.50,'pending','Mild spice','2025-10-22 23:42:07','2025-10-22 23:42:07'),(625,167,14,1,28.00,0.00,0.00,28.00,'pending','On the side','2025-10-22 23:42:07','2025-10-22 23:42:07'),(626,168,2,3,12.00,0.00,0.00,36.00,'pending','Extra sauce','2025-10-22 23:42:07','2025-10-22 23:42:07'),(627,168,16,1,8.00,0.00,0.00,8.00,'pending',NULL,'2025-10-22 23:42:07','2025-10-22 23:42:07'),(628,169,3,3,10.50,0.00,0.00,31.50,'pending','No onions','2025-10-22 23:42:07','2025-10-22 23:42:07'),(629,169,30,3,5.50,0.00,0.00,16.50,'pending','Mild spice','2025-10-22 23:42:07','2025-10-22 23:42:07'),(630,169,11,2,14.00,0.00,0.00,28.00,'pending','Extra herbs','2025-10-22 23:42:07','2025-10-22 23:42:07'),(631,169,18,2,15.00,0.00,0.00,30.00,'pending','On the side','2025-10-22 23:42:07','2025-10-22 23:42:07'),(632,169,12,1,16.50,0.00,0.00,16.50,'pending',NULL,'2025-10-22 23:42:07','2025-10-22 23:42:07'),(633,169,14,1,28.00,0.00,0.00,28.00,'pending',NULL,'2025-10-22 23:42:07','2025-10-22 23:42:07'),(634,170,73,1,18.50,0.00,0.00,18.50,'pending','Mild spice','2025-10-22 23:42:07','2025-10-22 23:42:07'),(635,170,97,2,4.50,0.00,0.00,9.00,'pending',NULL,'2025-10-22 23:42:07','2025-10-22 23:42:07'),(636,171,65,1,3.50,0.00,0.00,3.50,'pending','Well done','2025-10-22 23:42:07','2025-10-22 23:42:07'),(637,171,38,1,13.50,0.00,0.00,13.50,'pending',NULL,'2025-10-22 23:42:07','2025-10-22 23:42:07'),(638,171,40,1,18.50,0.00,0.00,18.50,'pending',NULL,'2025-10-22 23:42:07','2025-10-22 23:42:07'),(639,171,66,3,8.50,0.00,0.00,25.50,'pending','Mild spice','2025-10-22 23:42:07','2025-10-22 23:42:07'),(640,171,37,3,9.00,0.00,0.00,27.00,'pending','No onions','2025-10-22 23:42:07','2025-10-22 23:42:07'),(641,171,48,3,32.00,0.00,0.00,96.00,'pending',NULL,'2025-10-22 23:42:07','2025-10-22 23:42:07'),(642,172,121,1,6.50,0.00,0.00,6.50,'pending','Well done','2025-10-22 23:42:07','2025-10-22 23:42:07'),(643,172,132,2,8.50,0.00,0.00,17.00,'pending','No onions','2025-10-22 23:42:07','2025-10-22 23:42:07'),(644,173,52,2,13.50,0.00,0.00,27.00,'pending','Extra spicy','2025-10-22 23:42:07','2025-10-22 23:42:07'),(645,174,44,2,14.00,0.00,0.00,28.00,'pending','No onions','2025-10-22 23:42:07','2025-10-22 23:42:07'),(646,174,51,3,15.00,0.00,0.00,45.00,'pending',NULL,'2025-10-22 23:42:07','2025-10-22 23:42:07'),(647,174,34,1,8.50,0.00,0.00,8.50,'pending','Medium rare','2025-10-22 23:42:07','2025-10-22 23:42:07'),(648,175,91,2,8.50,0.00,0.00,17.00,'pending','Medium rare','2025-10-22 23:42:07','2025-10-22 23:42:07'),(649,175,96,3,5.50,0.00,0.00,16.50,'pending','No vegetables','2025-10-22 23:42:07','2025-10-22 23:42:07'),(650,175,67,3,8.50,0.00,0.00,25.50,'pending','Well done','2025-10-22 23:42:07','2025-10-22 23:42:07'),(651,175,87,1,7.50,0.00,0.00,7.50,'pending',NULL,'2025-10-22 23:42:07','2025-10-22 23:42:07'),(652,176,56,3,5.50,0.00,0.00,16.50,'pending',NULL,'2025-10-22 23:42:07','2025-10-22 23:42:07'),(653,176,46,3,25.00,0.00,0.00,75.00,'pending','Mild spice','2025-10-22 23:42:07','2025-10-22 23:42:07'),(654,176,37,3,9.00,0.00,0.00,27.00,'pending',NULL,'2025-10-22 23:42:07','2025-10-22 23:42:07'),(655,176,50,2,11.50,0.00,0.00,23.00,'pending','Extra cheese','2025-10-22 23:42:07','2025-10-22 23:42:07'),(656,177,125,3,4.50,0.00,0.00,13.50,'pending',NULL,'2025-10-22 23:42:07','2025-10-22 23:42:07'),(657,177,105,1,28.00,0.00,0.00,28.00,'pending',NULL,'2025-10-22 23:42:07','2025-10-22 23:42:07'),(658,177,114,3,32.00,0.00,0.00,96.00,'pending','Extra herbs','2025-10-22 23:42:07','2025-10-22 23:42:07'),(659,178,32,1,3.50,0.00,0.00,3.50,'pending',NULL,'2025-10-22 23:42:07','2025-10-22 23:42:07'),(660,178,22,1,6.50,0.00,0.00,6.50,'pending',NULL,'2025-10-22 23:42:07','2025-10-22 23:42:07'),(661,178,6,2,28.00,0.00,0.00,56.00,'pending','Medium rare','2025-10-22 23:42:07','2025-10-22 23:42:07'),(662,178,17,3,11.50,0.00,0.00,34.50,'pending','No onions','2025-10-22 23:42:07','2025-10-22 23:42:07'),(663,179,26,1,4.50,0.00,0.00,4.50,'pending',NULL,'2025-10-22 23:42:07','2025-10-22 23:42:07'),(664,179,13,1,25.00,0.00,0.00,25.00,'pending',NULL,'2025-10-22 23:42:07','2025-10-22 23:42:07'),(665,179,33,2,8.50,0.00,0.00,17.00,'pending','Extra spicy','2025-10-22 23:42:07','2025-10-22 23:42:07'),(666,179,11,3,14.00,0.00,0.00,42.00,'pending','On the side','2025-10-22 23:42:07','2025-10-22 23:42:07'),(667,180,114,2,32.00,0.00,0.00,64.00,'pending','Extra sauce','2025-10-22 23:42:07','2025-10-22 23:42:07'),(668,181,55,1,6.50,0.00,0.00,6.50,'pending',NULL,'2025-10-22 23:42:07','2025-10-22 23:42:07'),(669,181,37,3,9.00,0.00,0.00,27.00,'pending','Extra sauce','2025-10-22 23:42:07','2025-10-22 23:42:07'),(670,181,54,3,7.50,0.00,0.00,22.50,'pending','Mild spice','2025-10-22 23:42:07','2025-10-22 23:42:07'),(671,182,26,1,4.50,0.00,0.00,4.50,'pending','Extra herbs','2025-10-22 23:42:07','2025-10-22 23:42:07'),(672,182,30,3,5.50,0.00,0.00,16.50,'pending','Mild spice','2025-10-22 23:42:07','2025-10-22 23:42:07'),(673,182,24,1,6.00,0.00,0.00,6.00,'pending','Extra herbs','2025-10-22 23:42:07','2025-10-22 23:42:07'),(674,182,6,3,28.00,0.00,0.00,84.00,'pending','No vegetables','2025-10-22 23:42:07','2025-10-22 23:42:07'),(675,182,16,1,8.00,0.00,0.00,8.00,'pending','No onions','2025-10-22 23:42:07','2025-10-22 23:42:07'),(676,183,40,1,18.50,0.00,0.00,18.50,'pending','Extra spicy','2025-10-22 23:42:07','2025-10-22 23:42:07'),(677,183,66,1,8.50,0.00,0.00,8.50,'pending','Extra cheese','2025-10-22 23:42:07','2025-10-22 23:42:07'),(678,183,48,1,32.00,0.00,0.00,32.00,'pending','Extra spicy','2025-10-22 23:42:07','2025-10-22 23:42:07'),(679,184,126,2,3.50,0.00,0.00,7.00,'pending','Extra sauce','2025-10-22 23:42:07','2025-10-22 23:42:07'),(680,184,123,1,6.00,0.00,0.00,6.00,'pending','Extra cheese','2025-10-22 23:42:07','2025-10-22 23:42:07'),(681,184,100,1,8.50,0.00,0.00,8.50,'pending','On the side','2025-10-22 23:42:07','2025-10-22 23:42:07'),(682,185,106,1,18.50,0.00,0.00,18.50,'pending','Well done','2025-10-22 23:42:07','2025-10-22 23:42:07'),(683,185,110,1,14.00,0.00,0.00,14.00,'pending','Extra cheese','2025-10-22 23:42:07','2025-10-22 23:42:07'),(684,185,114,1,32.00,0.00,0.00,32.00,'pending',NULL,'2025-10-22 23:42:07','2025-10-22 23:42:07'),(685,186,98,3,3.50,0.00,0.00,10.50,'pending',NULL,'2025-10-22 23:42:07','2025-10-22 23:42:07'),(686,186,68,2,12.00,0.00,0.00,24.00,'pending','Extra herbs','2025-10-22 23:42:07','2025-10-22 23:42:07'),(687,186,79,2,25.00,0.00,0.00,50.00,'pending','Mild spice','2025-10-22 23:42:07','2025-10-22 23:42:07'),(688,186,82,2,8.00,0.00,0.00,16.00,'pending','Medium rare','2025-10-22 23:42:07','2025-10-22 23:42:07'),(689,187,19,1,13.50,0.00,0.00,13.50,'pending','No vegetables','2025-10-22 23:42:07','2025-10-22 23:42:07'),(690,187,2,1,12.00,0.00,0.00,12.00,'pending','Extra sauce','2025-10-22 23:42:07','2025-10-22 23:42:07'),(691,187,3,3,10.50,0.00,0.00,31.50,'pending','Extra cheese','2025-10-22 23:42:07','2025-10-22 23:42:07'),(692,187,15,1,32.00,0.00,0.00,32.00,'pending',NULL,'2025-10-22 23:42:07','2025-10-22 23:42:07'),(693,187,14,3,28.00,0.00,0.00,84.00,'pending','Well done','2025-10-22 23:42:07','2025-10-22 23:42:07'),(694,188,98,3,3.50,0.00,0.00,10.50,'pending','Extra spicy','2025-10-22 23:42:07','2025-10-22 23:42:07'),(695,188,92,2,4.50,0.00,0.00,9.00,'pending',NULL,'2025-10-22 23:42:07','2025-10-22 23:42:07'),(696,188,85,3,13.50,0.00,0.00,40.50,'pending','Mild spice','2025-10-22 23:42:07','2025-10-22 23:42:07'),(697,188,67,3,8.50,0.00,0.00,25.50,'pending',NULL,'2025-10-22 23:42:07','2025-10-22 23:42:07'),(698,189,92,3,4.50,0.00,0.00,13.50,'pending','Medium rare','2025-10-22 23:42:07','2025-10-22 23:42:07'),(699,189,85,3,13.50,0.00,0.00,40.50,'pending','Medium rare','2025-10-22 23:42:07','2025-10-22 23:42:07'),(700,189,99,3,8.50,0.00,0.00,25.50,'pending','Extra herbs','2025-10-22 23:42:07','2025-10-22 23:42:07'),(701,189,90,2,6.00,0.00,0.00,12.00,'pending','Extra cheese','2025-10-22 23:42:07','2025-10-22 23:42:07'),(702,189,78,3,16.50,0.00,0.00,49.50,'pending','Mild spice','2025-10-22 23:42:07','2025-10-22 23:42:07'),(703,189,67,2,8.50,0.00,0.00,17.00,'pending','Extra cheese','2025-10-22 23:42:07','2025-10-22 23:42:07'),(704,190,55,1,6.50,0.00,0.00,6.50,'pending','Mild spice','2025-10-22 23:42:07','2025-10-22 23:42:07'),(705,190,36,1,10.50,0.00,0.00,10.50,'pending','Extra spicy','2025-10-22 23:42:07','2025-10-22 23:42:07'),(706,190,53,1,10.00,0.00,0.00,10.00,'pending','No onions','2025-10-22 23:42:07','2025-10-22 23:42:07'),(707,190,51,3,15.00,0.00,0.00,45.00,'pending','Mild spice','2025-10-22 23:42:07','2025-10-22 23:42:07'),(708,190,47,2,28.00,0.00,0.00,56.00,'pending','No onions','2025-10-22 23:42:07','2025-10-22 23:42:07'),(709,190,50,2,11.50,0.00,0.00,23.00,'pending',NULL,'2025-10-22 23:42:07','2025-10-22 23:42:07'),(710,191,65,2,3.50,0.00,0.00,7.00,'pending','Mild spice','2025-10-22 23:42:07','2025-10-22 23:42:07'),(711,191,52,3,13.50,0.00,0.00,40.50,'pending','Mild spice','2025-10-22 23:42:07','2025-10-22 23:42:07'),(712,191,55,1,6.50,0.00,0.00,6.50,'pending','No vegetables','2025-10-22 23:42:07','2025-10-22 23:42:07'),(713,191,42,1,15.00,0.00,0.00,15.00,'pending','Extra cheese','2025-10-22 23:42:07','2025-10-22 23:42:07'),(714,191,66,1,8.50,0.00,0.00,8.50,'pending','Medium rare','2025-10-22 23:42:07','2025-10-22 23:42:07'),(715,191,34,1,8.50,0.00,0.00,8.50,'pending','No onions','2025-10-22 23:42:07','2025-10-22 23:42:07'),(716,192,85,3,13.50,0.00,0.00,40.50,'pending','Well done','2025-10-22 23:42:07','2025-10-22 23:42:07'),(717,192,68,1,12.00,0.00,0.00,12.00,'pending','On the side','2025-10-22 23:42:07','2025-10-22 23:42:07'),(718,192,69,3,10.50,0.00,0.00,31.50,'pending',NULL,'2025-10-22 23:42:07','2025-10-22 23:42:07'),(719,192,73,2,18.50,0.00,0.00,37.00,'pending','Extra herbs','2025-10-22 23:42:07','2025-10-22 23:42:07'),(720,192,86,1,10.00,0.00,0.00,10.00,'pending','No onions','2025-10-22 23:42:07','2025-10-22 23:42:07'),(721,192,95,2,2.50,0.00,0.00,5.00,'pending',NULL,'2025-10-22 23:42:07','2025-10-22 23:42:07'),(722,193,25,2,8.50,0.00,0.00,17.00,'pending','No onions','2025-10-22 23:42:07','2025-10-22 23:42:07'),(723,193,9,3,15.00,0.00,0.00,45.00,'pending','No onions','2025-10-22 23:42:07','2025-10-22 23:42:07'),(724,193,33,1,8.50,0.00,0.00,8.50,'pending',NULL,'2025-10-22 23:42:07','2025-10-22 23:42:07'),(725,193,4,1,9.00,0.00,0.00,9.00,'pending','Extra cheese','2025-10-22 23:42:07','2025-10-22 23:42:07'),(726,193,18,3,15.00,0.00,0.00,45.00,'pending','No vegetables','2025-10-22 23:42:07','2025-10-22 23:42:07'),(727,194,25,3,8.50,0.00,0.00,25.50,'pending','Extra cheese','2025-10-22 23:42:07','2025-10-22 23:42:07'),(728,194,10,3,12.50,0.00,0.00,37.50,'pending',NULL,'2025-10-22 23:42:07','2025-10-22 23:42:07'),(729,194,1,2,8.50,0.00,0.00,17.00,'pending','Extra cheese','2025-10-22 23:42:07','2025-10-22 23:42:07'),(730,194,14,3,28.00,0.00,0.00,84.00,'pending',NULL,'2025-10-22 23:42:07','2025-10-22 23:42:07'),(731,194,17,3,11.50,0.00,0.00,34.50,'pending',NULL,'2025-10-22 23:42:07','2025-10-22 23:42:07'),(732,194,31,2,4.50,0.00,0.00,9.00,'pending',NULL,'2025-10-22 23:42:07','2025-10-22 23:42:07'),(733,195,35,3,12.00,0.00,0.00,36.00,'pending',NULL,'2025-10-22 23:42:07','2025-10-22 23:42:07'),(734,195,56,3,5.50,0.00,0.00,16.50,'pending','Extra herbs','2025-10-22 23:42:07','2025-10-22 23:42:07'),(735,195,66,3,8.50,0.00,0.00,25.50,'pending',NULL,'2025-10-22 23:42:07','2025-10-22 23:42:07'),(736,195,43,3,12.50,0.00,0.00,37.50,'pending',NULL,'2025-10-22 23:42:07','2025-10-22 23:42:07'),(737,195,50,3,11.50,0.00,0.00,34.50,'pending','No vegetables','2025-10-22 23:42:07','2025-10-22 23:42:07'),(738,196,89,1,5.50,0.00,0.00,5.50,'pending','Extra cheese','2025-10-22 23:42:07','2025-10-22 23:42:07'),(739,196,70,3,9.00,0.00,0.00,27.00,'pending','On the side','2025-10-22 23:42:07','2025-10-22 23:42:07'),(740,196,87,1,7.50,0.00,0.00,7.50,'pending','Medium rare','2025-10-22 23:42:07','2025-10-22 23:42:07'),(741,196,97,1,4.50,0.00,0.00,4.50,'pending',NULL,'2025-10-22 23:42:07','2025-10-22 23:42:07'),(742,197,25,1,8.50,0.00,0.00,8.50,'pending','Medium rare','2025-10-22 23:42:07','2025-10-22 23:42:07'),(743,197,27,2,3.50,0.00,0.00,7.00,'pending','Extra cheese','2025-10-22 23:42:07','2025-10-22 23:42:07'),(744,197,1,2,8.50,0.00,0.00,17.00,'pending','Medium rare','2025-10-22 23:42:07','2025-10-22 23:42:07'),(745,197,17,2,11.50,0.00,0.00,23.00,'pending','Extra herbs','2025-10-22 23:42:07','2025-10-22 23:42:07'),(746,197,31,3,4.50,0.00,0.00,13.50,'pending','Medium rare','2025-10-22 23:42:07','2025-10-22 23:42:07'),(747,198,6,3,28.00,0.00,0.00,84.00,'pending','On the side','2025-10-22 23:42:07','2025-10-22 23:42:07'),(748,198,31,2,4.50,0.00,0.00,9.00,'pending',NULL,'2025-10-22 23:42:07','2025-10-22 23:42:07'),(749,199,92,2,4.50,0.00,0.00,9.00,'pending','Medium rare','2025-10-22 23:42:07','2025-10-22 23:42:07'),(750,200,35,1,12.00,0.00,0.00,12.00,'pending',NULL,'2025-10-22 23:42:07','2025-10-22 23:42:07'),(751,200,55,1,6.50,0.00,0.00,6.50,'pending','On the side','2025-10-22 23:42:07','2025-10-22 23:42:07'),(752,200,42,1,15.00,0.00,0.00,15.00,'pending','Medium rare','2025-10-22 23:42:07','2025-10-22 23:42:07'),(753,200,46,2,25.00,0.00,0.00,50.00,'pending','Extra sauce','2025-10-22 23:42:07','2025-10-22 23:42:07'),(754,200,51,3,15.00,0.00,0.00,45.00,'pending',NULL,'2025-10-22 23:42:07','2025-10-22 23:42:07'),(755,200,49,3,8.00,0.00,0.00,24.00,'pending','Extra sauce','2025-10-22 23:42:07','2025-10-22 23:42:07'),(756,201,13,2,25.00,0.00,0.00,50.00,'pending',NULL,'2025-10-22 23:42:07','2025-10-22 23:42:07'),(757,201,18,1,15.00,0.00,0.00,15.00,'pending','Extra spicy','2025-10-22 23:42:07','2025-10-22 23:42:07'),(758,201,17,3,11.50,0.00,0.00,34.50,'pending',NULL,'2025-10-22 23:42:07','2025-10-22 23:42:07'),(759,202,92,3,4.50,0.00,0.00,13.50,'pending','Well done','2025-10-22 23:42:07','2025-10-22 23:42:07'),(760,202,89,2,5.50,0.00,0.00,11.00,'pending',NULL,'2025-10-22 23:42:07','2025-10-22 23:42:07'),(761,202,96,3,5.50,0.00,0.00,16.50,'pending','Extra spicy','2025-10-22 23:42:07','2025-10-22 23:42:07'),(762,202,99,1,8.50,0.00,0.00,8.50,'pending',NULL,'2025-10-22 23:42:07','2025-10-22 23:42:07'),(763,202,78,1,16.50,0.00,0.00,16.50,'pending',NULL,'2025-10-22 23:42:07','2025-10-22 23:42:07'),(764,202,83,2,11.50,0.00,0.00,23.00,'pending','No onions','2025-10-22 23:42:07','2025-10-22 23:42:07'),(765,203,105,3,28.00,0.00,0.00,84.00,'pending','Extra sauce','2025-10-22 23:42:07','2025-10-22 23:42:07'),(766,203,117,1,15.00,0.00,0.00,15.00,'pending',NULL,'2025-10-22 23:42:07','2025-10-22 23:42:07'),(767,203,120,3,7.50,0.00,0.00,22.50,'pending','Medium rare','2025-10-22 23:42:07','2025-10-22 23:42:07'),(768,203,115,1,8.00,0.00,0.00,8.00,'pending',NULL,'2025-10-22 23:42:07','2025-10-22 23:42:07'),(769,203,130,3,4.50,0.00,0.00,13.50,'pending','Extra cheese','2025-10-22 23:42:07','2025-10-22 23:42:07'),(770,204,71,3,13.50,0.00,0.00,40.50,'pending','Extra sauce','2025-10-22 23:42:07','2025-10-22 23:42:07'),(771,204,90,2,6.00,0.00,0.00,12.00,'pending','No vegetables','2025-10-22 23:42:07','2025-10-22 23:42:07'),(772,205,124,2,8.50,0.00,0.00,17.00,'pending',NULL,'2025-10-22 23:42:07','2025-10-22 23:42:07'),(773,205,127,3,4.00,0.00,0.00,12.00,'pending','Medium rare','2025-10-22 23:42:07','2025-10-22 23:42:07'),(774,205,123,3,6.00,0.00,0.00,18.00,'pending','No onions','2025-10-22 23:42:07','2025-10-22 23:42:07'),(775,205,115,3,8.00,0.00,0.00,24.00,'pending','Extra herbs','2025-10-22 23:42:07','2025-10-22 23:42:07'),(776,206,114,2,32.00,0.00,0.00,64.00,'pending','Extra spicy','2025-10-22 23:42:07','2025-10-22 23:42:07'),(777,206,113,3,28.00,0.00,0.00,84.00,'pending','Mild spice','2025-10-22 23:42:07','2025-10-22 23:42:07'),(778,206,130,1,4.50,0.00,0.00,4.50,'pending',NULL,'2025-10-22 23:42:07','2025-10-22 23:42:07'),(779,207,129,2,5.50,0.00,0.00,11.00,'pending','On the side','2025-10-22 23:42:07','2025-10-22 23:42:07'),(780,208,18,3,15.00,0.00,0.00,45.00,'pending','Mild spice','2025-10-22 23:42:07','2025-10-22 23:42:07'),(781,209,132,3,8.50,0.00,0.00,25.50,'pending',NULL,'2025-10-22 23:42:07','2025-10-22 23:42:07'),(782,210,121,3,6.50,0.00,0.00,19.50,'pending',NULL,'2025-10-22 23:42:07','2025-10-22 23:42:07'),(783,210,129,3,5.50,0.00,0.00,16.50,'pending',NULL,'2025-10-22 23:42:07','2025-10-22 23:42:07'),(784,210,109,3,12.50,0.00,0.00,37.50,'pending','Well done','2025-10-22 23:42:07','2025-10-22 23:42:07'),(785,210,105,3,28.00,0.00,0.00,84.00,'pending','Extra herbs','2025-10-22 23:42:07','2025-10-22 23:42:07'),(786,211,29,2,2.50,0.00,0.00,5.00,'pending','Extra spicy','2025-10-22 23:42:08','2025-10-22 23:42:08'),(787,211,16,1,8.00,0.00,0.00,8.00,'pending','Extra sauce','2025-10-22 23:42:08','2025-10-22 23:42:08'),(788,212,104,3,13.50,0.00,0.00,40.50,'pending',NULL,'2025-10-22 23:42:08','2025-10-22 23:42:08'),(789,212,124,1,8.50,0.00,0.00,8.50,'pending','Extra spicy','2025-10-22 23:42:08','2025-10-22 23:42:08'),(790,212,123,2,6.00,0.00,0.00,12.00,'pending','Extra herbs','2025-10-22 23:42:08','2025-10-22 23:42:08'),(791,213,132,1,8.50,0.00,0.00,8.50,'pending',NULL,'2025-10-22 23:42:08','2025-10-22 23:42:08'),(792,214,132,2,8.50,0.00,0.00,17.00,'pending','Extra cheese','2025-10-22 23:42:08','2025-10-22 23:42:08'),(793,215,7,3,18.50,0.00,0.00,55.50,'pending',NULL,'2025-10-22 23:42:08','2025-10-22 23:42:08'),(794,215,13,1,25.00,0.00,0.00,25.00,'pending','On the side','2025-10-22 23:42:08','2025-10-22 23:42:08'),(795,215,24,3,6.00,0.00,0.00,18.00,'pending','No onions','2025-10-22 23:42:08','2025-10-22 23:42:08'),(796,215,6,3,28.00,0.00,0.00,84.00,'pending',NULL,'2025-10-22 23:42:08','2025-10-22 23:42:08'),(797,215,12,1,16.50,0.00,0.00,16.50,'pending','Well done','2025-10-22 23:42:08','2025-10-22 23:42:08'),(798,216,104,1,13.50,0.00,0.00,13.50,'pending',NULL,'2025-10-22 23:42:08','2025-10-22 23:42:08'),(799,216,101,3,12.00,0.00,0.00,36.00,'pending',NULL,'2025-10-22 23:42:08','2025-10-22 23:42:08'),(800,216,102,3,10.50,0.00,0.00,31.50,'pending','Mild spice','2025-10-22 23:42:08','2025-10-22 23:42:08'),(801,216,132,3,8.50,0.00,0.00,25.50,'pending','On the side','2025-10-22 23:42:08','2025-10-22 23:42:08'),(802,216,128,2,2.50,0.00,0.00,5.00,'pending','No onions','2025-10-22 23:42:08','2025-10-22 23:42:08'),(803,216,113,1,28.00,0.00,0.00,28.00,'pending',NULL,'2025-10-22 23:42:08','2025-10-22 23:42:08'),(804,217,131,2,3.50,0.00,0.00,7.00,'pending','Well done','2025-10-22 23:42:08','2025-10-22 23:42:08'),(805,217,101,1,12.00,0.00,0.00,12.00,'pending','Extra sauce','2025-10-22 23:42:08','2025-10-22 23:42:08'),(806,217,129,3,5.50,0.00,0.00,16.50,'pending','Extra sauce','2025-10-22 23:42:08','2025-10-22 23:42:08'),(807,218,94,1,4.00,0.00,0.00,4.00,'pending','Extra cheese','2025-10-22 23:42:08','2025-10-22 23:42:08'),(808,218,81,2,32.00,0.00,0.00,64.00,'pending','Mild spice','2025-10-22 23:42:08','2025-10-22 23:42:08'),(809,219,65,3,3.50,0.00,0.00,10.50,'pending',NULL,'2025-10-22 23:42:08','2025-10-22 23:42:08'),(810,219,66,3,8.50,0.00,0.00,25.50,'pending','Extra herbs','2025-10-22 23:42:08','2025-10-22 23:42:08'),(811,220,13,3,25.00,0.00,0.00,75.00,'pending','Extra sauce','2025-10-22 23:42:08','2025-10-22 23:42:08'),(812,220,33,3,8.50,0.00,0.00,25.50,'pending',NULL,'2025-10-22 23:42:08','2025-10-22 23:42:08'),(813,221,65,1,3.50,0.00,0.00,3.50,'pending',NULL,'2025-10-22 23:42:08','2025-10-22 23:42:08'),(814,221,35,3,12.00,0.00,0.00,36.00,'pending',NULL,'2025-10-22 23:42:08','2025-10-22 23:42:08'),(815,221,56,3,5.50,0.00,0.00,16.50,'pending',NULL,'2025-10-22 23:42:08','2025-10-22 23:42:08'),(816,221,45,2,16.50,0.00,0.00,33.00,'pending','Extra herbs','2025-10-22 23:42:08','2025-10-22 23:42:08'),(817,222,35,3,12.00,0.00,0.00,36.00,'pending','No onions','2025-10-22 23:42:08','2025-10-22 23:42:08'),(818,222,66,1,8.50,0.00,0.00,8.50,'pending','Extra spicy','2025-10-22 23:42:08','2025-10-22 23:42:08'),(819,222,37,2,9.00,0.00,0.00,18.00,'pending','Well done','2025-10-22 23:42:08','2025-10-22 23:42:08'),(820,222,48,1,32.00,0.00,0.00,32.00,'pending','Extra herbs','2025-10-22 23:42:08','2025-10-22 23:42:08'),(821,222,49,3,8.00,0.00,0.00,24.00,'pending',NULL,'2025-10-22 23:42:08','2025-10-22 23:42:08'),(822,222,50,3,11.50,0.00,0.00,34.50,'pending','Extra herbs','2025-10-22 23:42:08','2025-10-22 23:42:08'),(823,223,49,2,8.00,0.00,0.00,16.00,'pending','Medium rare','2025-10-22 23:42:08','2025-10-22 23:42:08'),(824,224,22,1,6.50,0.00,0.00,6.50,'pending',NULL,'2025-10-22 23:42:08','2025-10-22 23:42:08'),(825,224,20,1,10.00,0.00,0.00,10.00,'pending','Well done','2025-10-22 23:42:08','2025-10-22 23:42:08'),(826,224,6,2,28.00,0.00,0.00,56.00,'pending',NULL,'2025-10-22 23:42:08','2025-10-22 23:42:08'),(827,224,11,3,14.00,0.00,0.00,42.00,'pending','Medium rare','2025-10-22 23:42:08','2025-10-22 23:42:08'),(828,224,15,3,32.00,0.00,0.00,96.00,'pending',NULL,'2025-10-22 23:42:08','2025-10-22 23:42:08'),(829,224,1,3,8.50,0.00,0.00,25.50,'pending',NULL,'2025-10-22 23:42:08','2025-10-22 23:42:08'),(830,225,9,1,15.00,0.00,0.00,15.00,'pending','Medium rare','2025-10-22 23:42:08','2025-10-22 23:42:08'),(831,225,10,1,12.50,0.00,0.00,12.50,'pending',NULL,'2025-10-22 23:42:08','2025-10-22 23:42:08'),(832,225,12,3,16.50,0.00,0.00,49.50,'pending','Extra spicy','2025-10-22 23:42:08','2025-10-22 23:42:08'),(833,225,16,2,8.00,0.00,0.00,16.00,'pending','No onions','2025-10-22 23:42:08','2025-10-22 23:42:08'),(834,226,69,2,10.50,0.00,0.00,21.00,'pending',NULL,'2025-10-22 23:42:08','2025-10-22 23:42:08'),(835,226,94,1,4.00,0.00,0.00,4.00,'pending',NULL,'2025-10-22 23:42:08','2025-10-22 23:42:08'),(836,226,86,2,10.00,0.00,0.00,20.00,'pending','Mild spice','2025-10-22 23:42:08','2025-10-22 23:42:08'),(837,226,87,3,7.50,0.00,0.00,22.50,'pending','Extra cheese','2025-10-22 23:42:08','2025-10-22 23:42:08'),(838,226,97,2,4.50,0.00,0.00,9.00,'pending','On the side','2025-10-22 23:42:08','2025-10-22 23:42:08'),(839,227,12,3,16.50,0.00,0.00,49.50,'pending','Mild spice','2025-10-22 23:42:08','2025-10-22 23:42:08'),(840,227,1,3,8.50,0.00,0.00,25.50,'pending',NULL,'2025-10-22 23:42:08','2025-10-22 23:42:08'),(841,227,16,3,8.00,0.00,0.00,24.00,'pending','Medium rare','2025-10-22 23:42:08','2025-10-22 23:42:08'),(842,228,52,3,13.50,0.00,0.00,40.50,'pending','Extra sauce','2025-10-22 23:42:08','2025-10-22 23:42:08'),(843,228,35,2,12.00,0.00,0.00,24.00,'pending',NULL,'2025-10-22 23:42:08','2025-10-22 23:42:08'),(844,228,63,1,5.50,0.00,0.00,5.50,'pending','No vegetables','2025-10-22 23:42:08','2025-10-22 23:42:08'),(845,228,60,1,3.50,0.00,0.00,3.50,'pending',NULL,'2025-10-22 23:42:08','2025-10-22 23:42:08'),(846,228,57,3,6.00,0.00,0.00,18.00,'pending',NULL,'2025-10-22 23:42:08','2025-10-22 23:42:08'),(847,228,44,3,14.00,0.00,0.00,42.00,'pending',NULL,'2025-10-22 23:42:08','2025-10-22 23:42:08'),(848,229,85,1,13.50,0.00,0.00,13.50,'pending','No onions','2025-10-22 23:42:08','2025-10-22 23:42:08'),(849,229,75,2,15.00,0.00,0.00,30.00,'pending','No vegetables','2025-10-22 23:42:08','2025-10-22 23:42:08'),(850,229,67,3,8.50,0.00,0.00,25.50,'pending','Mild spice','2025-10-22 23:42:08','2025-10-22 23:42:08'),(851,229,87,3,7.50,0.00,0.00,22.50,'pending',NULL,'2025-10-22 23:42:08','2025-10-22 23:42:08'),(852,230,73,2,18.50,0.00,0.00,37.00,'pending',NULL,'2025-10-22 23:42:08','2025-10-22 23:42:08'),(853,230,84,1,15.00,0.00,0.00,15.00,'pending','Medium rare','2025-10-22 23:42:08','2025-10-22 23:42:08'),(854,230,87,1,7.50,0.00,0.00,7.50,'pending','Well done','2025-10-22 23:42:08','2025-10-22 23:42:08'),(855,231,58,3,8.50,0.00,0.00,25.50,'pending','On the side','2025-10-22 23:42:08','2025-10-22 23:42:08'),(856,231,55,1,6.50,0.00,0.00,6.50,'pending','On the side','2025-10-22 23:42:08','2025-10-22 23:42:08'),(857,231,40,3,18.50,0.00,0.00,55.50,'pending','Extra herbs','2025-10-22 23:42:08','2025-10-22 23:42:08'),(858,231,46,1,25.00,0.00,0.00,25.00,'pending','Extra sauce','2025-10-22 23:42:08','2025-10-22 23:42:08'),(859,231,50,3,11.50,0.00,0.00,34.50,'pending','Extra cheese','2025-10-22 23:42:08','2025-10-22 23:42:08'),(860,232,35,3,12.00,0.00,0.00,36.00,'pending',NULL,'2025-10-22 23:42:08','2025-10-22 23:42:08'),(861,232,46,3,25.00,0.00,0.00,75.00,'pending','Mild spice','2025-10-22 23:42:08','2025-10-22 23:42:08'),(862,232,66,1,8.50,0.00,0.00,8.50,'pending','Extra sauce','2025-10-22 23:42:08','2025-10-22 23:42:08'),(863,232,43,2,12.50,0.00,0.00,25.00,'pending','Mild spice','2025-10-22 23:42:08','2025-10-22 23:42:08'),(864,232,37,1,9.00,0.00,0.00,9.00,'pending','Extra herbs','2025-10-22 23:42:08','2025-10-22 23:42:08'),(865,232,34,2,8.50,0.00,0.00,17.00,'pending',NULL,'2025-10-22 23:42:08','2025-10-22 23:42:08'),(866,233,131,1,3.50,0.00,0.00,3.50,'pending','Extra spicy','2025-10-22 23:42:08','2025-10-22 23:42:08'),(867,233,129,1,5.50,0.00,0.00,5.50,'pending','On the side','2025-10-22 23:42:08','2025-10-22 23:42:08'),(868,233,127,2,4.00,0.00,0.00,8.00,'pending',NULL,'2025-10-22 23:42:08','2025-10-22 23:42:08'),(869,233,111,2,16.50,0.00,0.00,33.00,'pending',NULL,'2025-10-22 23:42:08','2025-10-22 23:42:08'),(870,233,100,1,8.50,0.00,0.00,8.50,'pending','Extra spicy','2025-10-22 23:42:08','2025-10-22 23:42:08'),(871,233,120,2,7.50,0.00,0.00,15.00,'pending',NULL,'2025-10-22 23:42:08','2025-10-22 23:42:08'),(872,234,32,3,3.50,0.00,0.00,10.50,'pending','On the side','2025-10-22 23:42:08','2025-10-22 23:42:08'),(873,234,22,1,6.50,0.00,0.00,6.50,'pending','Medium rare','2025-10-22 23:42:08','2025-10-22 23:42:08'),(874,234,8,2,22.00,0.00,0.00,44.00,'pending',NULL,'2025-10-22 23:42:08','2025-10-22 23:42:08'),(875,234,27,3,3.50,0.00,0.00,10.50,'pending','Extra spicy','2025-10-22 23:42:08','2025-10-22 23:42:08'),(876,234,31,1,4.50,0.00,0.00,4.50,'pending',NULL,'2025-10-22 23:42:08','2025-10-22 23:42:08'),(877,235,89,2,5.50,0.00,0.00,11.00,'pending',NULL,'2025-10-22 23:42:08','2025-10-22 23:42:08'),(878,235,69,1,10.50,0.00,0.00,10.50,'pending','On the side','2025-10-22 23:42:08','2025-10-22 23:42:08'),(879,235,74,3,22.00,0.00,0.00,66.00,'pending',NULL,'2025-10-22 23:42:08','2025-10-22 23:42:08'),(880,235,86,1,10.00,0.00,0.00,10.00,'pending','Extra spicy','2025-10-22 23:42:08','2025-10-22 23:42:08'),(881,236,60,2,3.50,0.00,0.00,7.00,'pending',NULL,'2025-10-22 23:42:08','2025-10-22 23:42:08'),(882,236,51,1,15.00,0.00,0.00,15.00,'pending','Extra spicy','2025-10-22 23:42:08','2025-10-22 23:42:08'),(883,237,95,3,2.50,0.00,0.00,7.50,'pending',NULL,'2025-10-22 23:42:08','2025-10-22 23:42:08'),(884,237,84,1,15.00,0.00,0.00,15.00,'pending','Extra cheese','2025-10-22 23:42:08','2025-10-22 23:42:08'),(885,237,67,2,8.50,0.00,0.00,17.00,'pending','Extra sauce','2025-10-22 23:42:08','2025-10-22 23:42:08'),(886,238,26,1,4.50,0.00,0.00,4.50,'pending','Well done','2025-10-22 23:42:08','2025-10-22 23:42:08'),(887,238,23,2,5.50,0.00,0.00,11.00,'pending','Well done','2025-10-22 23:42:08','2025-10-22 23:42:08'),(888,238,7,3,18.50,0.00,0.00,55.50,'pending','Well done','2025-10-22 23:42:08','2025-10-22 23:42:08'),(889,238,27,1,3.50,0.00,0.00,3.50,'pending',NULL,'2025-10-22 23:42:08','2025-10-22 23:42:08'),(890,238,11,2,14.00,0.00,0.00,28.00,'pending','Extra cheese','2025-10-22 23:42:08','2025-10-22 23:42:08'),(891,238,4,2,9.00,0.00,0.00,18.00,'pending','On the side','2025-10-22 23:42:08','2025-10-22 23:42:08'),(892,239,131,2,3.50,0.00,0.00,7.00,'pending','Medium rare','2025-10-22 23:42:08','2025-10-22 23:42:08'),(893,239,102,1,10.50,0.00,0.00,10.50,'pending','Extra herbs','2025-10-22 23:42:08','2025-10-22 23:42:08'),(894,239,106,3,18.50,0.00,0.00,55.50,'pending','No onions','2025-10-22 23:42:08','2025-10-22 23:42:08'),(895,239,112,1,25.00,0.00,0.00,25.00,'pending','Well done','2025-10-22 23:42:08','2025-10-22 23:42:08'),(896,240,102,2,10.50,0.00,0.00,21.00,'pending','Well done','2025-10-22 23:42:08','2025-10-22 23:42:08'),(897,241,91,2,8.50,0.00,0.00,17.00,'pending','Extra cheese','2025-10-22 23:42:08','2025-10-22 23:42:08'),(898,242,52,3,13.50,0.00,0.00,40.50,'pending','Extra herbs','2025-10-22 23:42:08','2025-10-22 23:42:08'),(899,243,78,1,16.50,0.00,0.00,16.50,'pending',NULL,'2025-10-22 23:42:08','2025-10-22 23:42:08'),(900,243,67,2,8.50,0.00,0.00,17.00,'pending','No onions','2025-10-22 23:42:08','2025-10-22 23:42:08'),(901,244,52,2,13.50,0.00,0.00,27.00,'pending','On the side','2025-10-22 23:42:08','2025-10-22 23:42:08'),(902,244,58,3,8.50,0.00,0.00,25.50,'pending',NULL,'2025-10-22 23:42:08','2025-10-22 23:42:08'),(903,244,46,2,25.00,0.00,0.00,50.00,'pending','Extra spicy','2025-10-22 23:42:08','2025-10-22 23:42:08'),(904,244,43,2,12.50,0.00,0.00,25.00,'pending','Extra cheese','2025-10-22 23:42:08','2025-10-22 23:42:08'),(905,244,62,3,2.50,0.00,0.00,7.50,'pending',NULL,'2025-10-22 23:42:08','2025-10-22 23:42:08'),(906,244,54,3,7.50,0.00,0.00,22.50,'pending',NULL,'2025-10-22 23:42:08','2025-10-22 23:42:08'),(907,245,129,1,5.50,0.00,0.00,5.50,'pending',NULL,'2025-10-22 23:42:08','2025-10-22 23:42:08'),(908,245,107,2,22.00,0.00,0.00,44.00,'pending',NULL,'2025-10-22 23:42:08','2025-10-22 23:42:08'),(909,246,121,3,6.50,0.00,0.00,19.50,'pending',NULL,'2025-10-22 23:42:08','2025-10-22 23:42:08'),(910,246,108,3,15.00,0.00,0.00,45.00,'pending',NULL,'2025-10-22 23:42:08','2025-10-22 23:42:08'),(911,246,105,3,28.00,0.00,0.00,84.00,'pending','Extra cheese','2025-10-22 23:42:08','2025-10-22 23:42:08'),(912,247,121,1,6.50,0.00,0.00,6.50,'pending','No onions','2025-10-22 23:42:08','2025-10-22 23:42:08'),(913,247,127,1,4.00,0.00,0.00,4.00,'pending',NULL,'2025-10-22 23:42:08','2025-10-22 23:42:08'),(914,247,116,2,11.50,0.00,0.00,23.00,'pending',NULL,'2025-10-22 23:42:08','2025-10-22 23:42:08'),(915,248,65,3,3.50,0.00,0.00,10.50,'pending','Medium rare','2025-10-22 23:42:08','2025-10-22 23:42:08'),(916,248,66,3,8.50,0.00,0.00,25.50,'pending',NULL,'2025-10-22 23:42:08','2025-10-22 23:42:08'),(917,248,48,2,32.00,0.00,0.00,64.00,'pending',NULL,'2025-10-22 23:42:08','2025-10-22 23:42:08'),(918,248,45,2,16.50,0.00,0.00,33.00,'pending',NULL,'2025-10-22 23:42:08','2025-10-22 23:42:08'),(919,248,34,2,8.50,0.00,0.00,17.00,'pending',NULL,'2025-10-22 23:42:08','2025-10-22 23:42:08'),(920,249,122,2,5.50,0.00,0.00,11.00,'pending',NULL,'2025-10-22 23:42:08','2025-10-22 23:42:08'),(921,249,106,1,18.50,0.00,0.00,18.50,'pending',NULL,'2025-10-22 23:42:08','2025-10-22 23:42:08'),(922,249,109,1,12.50,0.00,0.00,12.50,'pending','Extra spicy','2025-10-22 23:42:08','2025-10-22 23:42:08'),(923,249,103,2,9.00,0.00,0.00,18.00,'pending',NULL,'2025-10-22 23:42:08','2025-10-22 23:42:08'),(924,249,111,3,16.50,0.00,0.00,49.50,'pending','Well done','2025-10-22 23:42:08','2025-10-22 23:42:08'),(925,249,116,2,11.50,0.00,0.00,23.00,'pending',NULL,'2025-10-22 23:42:08','2025-10-22 23:42:08'),(926,250,104,3,13.50,0.00,0.00,40.50,'pending','Medium rare','2025-10-22 23:42:08','2025-10-22 23:42:08'),(927,250,125,2,4.50,0.00,0.00,9.00,'pending','No vegetables','2025-10-22 23:42:08','2025-10-22 23:42:08'),(928,250,107,1,22.00,0.00,0.00,22.00,'pending','On the side','2025-10-22 23:42:08','2025-10-22 23:42:08'),(929,250,123,2,6.00,0.00,0.00,12.00,'pending',NULL,'2025-10-22 23:42:08','2025-10-22 23:42:08'),(930,250,113,1,28.00,0.00,0.00,28.00,'pending',NULL,'2025-10-22 23:42:08','2025-10-22 23:42:08');
/*!40000 ALTER TABLE `order_items` ENABLE KEYS */;
UNLOCK TABLES;

--
-- Table structure for table `order_time_slots`
--

DROP TABLE IF EXISTS `order_time_slots`;
/*!40101 SET @saved_cs_client     = @@character_set_client */;
/*!50503 SET character_set_client = utf8mb4 */;
CREATE TABLE `order_time_slots` (
  `id` bigint unsigned NOT NULL AUTO_INCREMENT,
  `location_id` bigint unsigned NOT NULL,
  `slot_date` date NOT NULL,
  `slot_start_time` time NOT NULL,
  `slot_type` enum('pickup','delivery') COLLATE utf8mb4_unicode_ci NOT NULL,
  `max_orders` int unsigned NOT NULL,
  `current_orders` int unsigned NOT NULL DEFAULT '0',
  `created_at` timestamp NULL DEFAULT NULL,
  `updated_at` timestamp NULL DEFAULT NULL,
  PRIMARY KEY (`id`),
  UNIQUE KEY `order_time_slots_unique` (`location_id`,`slot_date`,`slot_start_time`,`slot_type`),
  KEY `order_time_slots_slot_date_slot_type_index` (`slot_date`,`slot_type`),
  KEY `order_time_slots_slot_type_index` (`slot_type`),
  CONSTRAINT `order_time_slots_location_id_foreign` FOREIGN KEY (`location_id`) REFERENCES `locations` (`id`) ON DELETE CASCADE ON UPDATE CASCADE
) ENGINE=InnoDB DEFAULT CHARSET=utf8mb4 COLLATE=utf8mb4_unicode_ci;
/*!40101 SET character_set_client = @saved_cs_client */;

--
-- Dumping data for table `order_time_slots`
--

LOCK TABLES `order_time_slots` WRITE;
/*!40000 ALTER TABLE `order_time_slots` DISABLE KEYS */;
/*!40000 ALTER TABLE `order_time_slots` ENABLE KEYS */;
UNLOCK TABLES;

--
-- Table structure for table `orders`
--

DROP TABLE IF EXISTS `orders`;
/*!40101 SET @saved_cs_client     = @@character_set_client */;
/*!50503 SET character_set_client = utf8mb4 */;
CREATE TABLE `orders` (
  `id` bigint unsigned NOT NULL AUTO_INCREMENT,
  `location_id` bigint unsigned NOT NULL,
  `table_id` bigint unsigned DEFAULT NULL,
  `customer_id` bigint unsigned DEFAULT NULL,
  `employee_id` bigint unsigned DEFAULT NULL,
  `order_number` varchar(50) COLLATE utf8mb4_unicode_ci NOT NULL,
  `preparation_status` enum('pending','preparing','ready','served') COLLATE utf8mb4_unicode_ci NOT NULL DEFAULT 'pending',
  `priority` int NOT NULL DEFAULT '0',
  `status` enum('pending','received','preparing','ready','completed','cancelled') COLLATE utf8mb4_unicode_ci NOT NULL DEFAULT 'pending',
  `subtotal` decimal(12,2) NOT NULL DEFAULT '0.00',
  `tax_amount` decimal(12,2) NOT NULL DEFAULT '0.00',
  `discount_amount` decimal(12,2) NOT NULL DEFAULT '0.00',
  `total_amount` decimal(12,2) NOT NULL DEFAULT '0.00',
  `service_charge` decimal(12,2) NOT NULL DEFAULT '0.00',
  `currency` varchar(3) COLLATE utf8mb4_unicode_ci NOT NULL DEFAULT 'USD',
  `ordered_at` timestamp NULL DEFAULT NULL,
  `completed_at` timestamp NULL DEFAULT NULL,
  `special_instructions` text COLLATE utf8mb4_unicode_ci,
  `estimated_ready_time` timestamp NULL DEFAULT NULL,
  `created_at` timestamp NULL DEFAULT NULL,
  `updated_at` timestamp NULL DEFAULT NULL,
  `order_type` enum('dine-in','pickup','delivery') COLLATE utf8mb4_unicode_ci NOT NULL DEFAULT 'dine-in',
  `customer_address_id` bigint unsigned DEFAULT NULL,
  `payment_status` enum('unpaid','paid','refunded') COLLATE utf8mb4_unicode_ci NOT NULL DEFAULT 'unpaid',
  `scheduled_at` timestamp NULL DEFAULT NULL,
  `kitchen_submitted_at` timestamp NULL DEFAULT NULL,
  `approved_at` timestamp NULL DEFAULT NULL,
  `rejected_at` timestamp NULL DEFAULT NULL,
  PRIMARY KEY (`id`),
  UNIQUE KEY `orders_location_order_unique` (`location_id`,`order_number`),
  UNIQUE KEY `orders_location_id_order_number_unique` (`location_id`,`order_number`),
  KEY `orders_table_id_foreign` (`table_id`),
  KEY `orders_employee_id_foreign` (`employee_id`),
  KEY `orders_customer_id_index` (`customer_id`),
  KEY `orders_status_index` (`status`),
  KEY `orders_placed_at_index` (`ordered_at`),
  KEY `orders_closed_at_index` (`completed_at`),
  KEY `orders_customer_address_id_foreign` (`customer_address_id`),
  KEY `orders_order_type_index` (`order_type`),
  KEY `orders_payment_status_index` (`payment_status`),
  KEY `orders_scheduled_at_index` (`scheduled_at`),
  KEY `orders_preparation_status_index` (`preparation_status`),
  CONSTRAINT `fk_orders_customer_id` FOREIGN KEY (`customer_id`) REFERENCES `customers` (`id`) ON DELETE SET NULL ON UPDATE CASCADE,
  CONSTRAINT `orders_customer_address_id_foreign` FOREIGN KEY (`customer_address_id`) REFERENCES `customer_addresses` (`id`) ON DELETE SET NULL ON UPDATE CASCADE,
  CONSTRAINT `orders_employee_id_foreign` FOREIGN KEY (`employee_id`) REFERENCES `employees` (`id`) ON DELETE SET NULL ON UPDATE CASCADE,
  CONSTRAINT `orders_location_id_foreign` FOREIGN KEY (`location_id`) REFERENCES `locations` (`id`) ON DELETE RESTRICT ON UPDATE CASCADE,
  CONSTRAINT `orders_table_id_foreign` FOREIGN KEY (`table_id`) REFERENCES `tables` (`id`) ON DELETE SET NULL ON UPDATE CASCADE
) ENGINE=InnoDB AUTO_INCREMENT=251 DEFAULT CHARSET=utf8mb4 COLLATE=utf8mb4_unicode_ci;
/*!40101 SET character_set_client = @saved_cs_client */;

--
-- Dumping data for table `orders`
--

LOCK TABLES `orders` WRITE;
/*!40000 ALTER TABLE `orders` DISABLE KEYS */;
INSERT INTO `orders` VALUES (1,1,NULL,16,NULL,'NKH-DT-20250901-9346-96d','pending',0,'completed',119.00,11.90,0.00,130.90,0.00,'USD','2025-09-01 05:03:46','2025-09-01 05:03:46',NULL,'2025-09-01 04:37:46','2025-10-22 23:42:02','2025-10-22 23:42:03','pickup',NULL,'unpaid',NULL,NULL,NULL,NULL),(2,2,NULL,15,NULL,'NKH-SR-20250824-6402-900','pending',0,'ready',155.50,15.55,0.00,171.05,0.00,'USD','2025-08-24 14:08:27',NULL,'Extra vegetables','2025-08-24 14:36:27','2025-10-22 23:42:02','2025-10-22 23:42:03','pickup',NULL,'unpaid',NULL,NULL,NULL,NULL),(3,3,NULL,5,NULL,'NKH-BB-20250911-4533-44f','pending',0,'preparing',67.00,6.70,0.00,73.70,0.00,'USD','2025-09-11 00:32:43',NULL,'Make it spicy','2025-09-11 01:14:43','2025-10-22 23:42:02','2025-10-22 23:42:03','delivery',NULL,'unpaid',NULL,NULL,NULL,NULL),(4,2,NULL,18,NULL,'NKH-SR-20250726-8216-12b','pending',0,'received',44.00,4.40,0.00,48.40,0.00,'USD','2025-07-26 13:51:08',NULL,'Extra sauce','2025-07-26 14:30:08','2025-10-22 23:42:02','2025-10-22 23:42:03','delivery',NULL,'unpaid',NULL,NULL,NULL,NULL),(5,4,NULL,17,NULL,'NKH-KP-20250815-4878-65b','pending',0,'completed',107.00,10.70,0.00,117.70,0.00,'USD','2025-08-14 22:50:54','2025-08-14 22:50:54','No onions','2025-08-14 22:33:54','2025-10-22 23:42:02','2025-10-22 23:42:03','delivery',NULL,'unpaid',NULL,NULL,NULL,NULL),(6,3,NULL,25,NULL,'NKH-BB-20251010-8963-4d8','pending',0,'ready',99.50,9.95,0.00,109.45,0.00,'USD','2025-10-10 12:25:07',NULL,'No spicy please','2025-10-10 13:06:07','2025-10-22 23:42:02','2025-10-22 23:42:03','delivery',NULL,'unpaid',NULL,NULL,NULL,NULL),(7,2,66,21,NULL,'NKH-SR-20250920-8413-7a4','pending',0,'received',165.00,16.50,0.00,181.50,0.00,'USD','2025-09-19 18:11:52',NULL,'Less salt','2025-09-19 18:40:52','2025-10-22 23:42:02','2025-10-22 23:42:03','dine-in',NULL,'unpaid',NULL,NULL,NULL,NULL),(8,1,NULL,11,NULL,'NKH-DT-20250904-8860-a8f','pending',0,'preparing',17.50,1.75,0.00,19.25,0.00,'USD','2025-09-03 23:14:18',NULL,'No spicy please','2025-09-03 23:57:18','2025-10-22 23:42:02','2025-10-22 23:42:03','delivery',NULL,'unpaid',NULL,NULL,NULL,NULL),(9,2,NULL,20,NULL,'NKH-SR-20250825-9321-ecd','pending',0,'received',59.50,5.95,3.29,62.16,0.00,'USD','2025-08-25 16:03:36',NULL,NULL,'2025-08-25 16:33:36','2025-10-22 23:42:02','2025-10-22 23:42:03','delivery',NULL,'unpaid',NULL,NULL,NULL,NULL),(10,3,91,8,NULL,'NKH-BB-20251020-8816-c0e','pending',0,'pending',112.00,11.20,0.00,123.20,0.00,'USD','2025-10-20 16:24:05',NULL,'Make it spicy','2025-10-20 16:53:05','2025-10-22 23:42:02','2025-10-22 23:42:03','dine-in',NULL,'unpaid',NULL,NULL,NULL,NULL),(11,1,NULL,7,NULL,'NKH-DT-20251008-6446-ef5','pending',0,'ready',159.50,15.95,4.89,170.56,0.00,'USD','2025-10-08 14:37:55',NULL,'Less salt','2025-10-08 15:10:55','2025-10-22 23:42:02','2025-10-22 23:42:03','delivery',NULL,'unpaid',NULL,NULL,NULL,NULL),(12,4,124,12,NULL,'NKH-KP-20250904-7963-190','pending',0,'completed',44.00,4.40,0.00,48.40,0.00,'USD','2025-09-04 06:05:53','2025-09-04 06:05:53',NULL,'2025-09-04 06:08:53','2025-10-22 23:42:02','2025-10-22 23:42:04','dine-in',NULL,'unpaid',NULL,NULL,NULL,NULL),(13,2,NULL,15,NULL,'NKH-SR-20250914-0258-722','pending',0,'ready',52.00,5.20,0.00,57.20,0.00,'USD','2025-09-14 01:04:09',NULL,'On the side','2025-09-14 01:29:09','2025-10-22 23:42:02','2025-10-22 23:42:04','pickup',NULL,'unpaid',NULL,NULL,NULL,NULL),(14,4,NULL,21,NULL,'NKH-KP-20250914-4267-56e','pending',0,'pending',88.00,8.80,5.10,91.70,0.00,'USD','2025-09-14 15:42:20',NULL,'Extra sauce','2025-09-14 16:08:20','2025-10-22 23:42:02','2025-10-22 23:42:04','pickup',NULL,'unpaid',NULL,NULL,NULL,NULL),(15,1,NULL,6,NULL,'NKH-DT-20250810-3285-06d','pending',0,'received',8.00,0.80,0.00,8.80,0.00,'USD','2025-08-10 09:34:43',NULL,'No spicy please','2025-08-10 10:11:43','2025-10-22 23:42:02','2025-10-22 23:42:04','delivery',NULL,'unpaid',NULL,NULL,NULL,NULL),(16,4,111,11,NULL,'NKH-KP-20250916-3425-3c0','pending',0,'preparing',34.50,3.45,0.00,37.95,0.00,'USD','2025-09-16 10:57:13',NULL,NULL,'2025-09-16 11:25:13','2025-10-22 23:42:02','2025-10-22 23:42:04','dine-in',NULL,'unpaid',NULL,NULL,NULL,NULL),(17,3,NULL,24,NULL,'NKH-BB-20250725-3302-846','pending',0,'received',109.00,10.90,0.00,119.90,0.00,'USD','2025-07-25 05:10:04',NULL,'Well done','2025-07-25 05:46:04','2025-10-22 23:42:02','2025-10-22 23:42:04','delivery',NULL,'unpaid',NULL,NULL,NULL,NULL),(18,2,NULL,10,NULL,'NKH-SR-20250910-5298-fd7','pending',0,'preparing',164.00,16.40,0.00,180.40,0.00,'USD','2025-09-10 02:04:43',NULL,'Gluten free preparation','2025-09-10 02:24:43','2025-10-22 23:42:02','2025-10-22 23:42:04','pickup',NULL,'unpaid',NULL,NULL,NULL,NULL),(19,3,NULL,4,NULL,'NKH-BB-20251018-8046-4b4','pending',0,'preparing',29.50,2.95,0.00,32.45,0.00,'USD','2025-10-18 08:07:28',NULL,'On the side','2025-10-18 08:45:28','2025-10-22 23:42:02','2025-10-22 23:42:04','delivery',NULL,'unpaid',NULL,NULL,NULL,NULL),(20,3,NULL,1,NULL,'NKH-BB-20251008-9502-721','pending',0,'preparing',13.50,1.35,0.00,14.85,0.00,'USD','2025-10-08 14:58:38',NULL,'Make it spicy','2025-10-08 15:32:38','2025-10-22 23:42:02','2025-10-22 23:42:04','delivery',NULL,'unpaid',NULL,NULL,NULL,NULL),(21,2,NULL,2,NULL,'NKH-SR-20250829-1213-6ca','pending',0,'received',115.00,11.50,4.68,121.82,0.00,'USD','2025-08-29 06:44:40',NULL,NULL,'2025-08-29 07:33:40','2025-10-22 23:42:02','2025-10-22 23:42:04','delivery',NULL,'unpaid',NULL,NULL,NULL,NULL),(22,1,NULL,25,NULL,'NKH-DT-20250919-8430-ed0','pending',0,'preparing',167.50,16.75,0.00,184.25,0.00,'USD','2025-09-18 20:02:16',NULL,'Well done','2025-09-18 20:52:16','2025-10-22 23:42:02','2025-10-22 23:42:04','delivery',NULL,'unpaid',NULL,NULL,NULL,NULL),(23,3,NULL,15,NULL,'NKH-BB-20250902-1922-861','pending',0,'ready',233.00,23.30,0.00,256.30,0.00,'USD','2025-09-02 05:36:37',NULL,'Extra sauce','2025-09-02 06:22:37','2025-10-22 23:42:02','2025-10-22 23:42:04','delivery',NULL,'unpaid',NULL,NULL,NULL,NULL),(24,4,NULL,6,NULL,'NKH-KP-20251011-1861-a65','pending',0,'preparing',2.50,0.25,0.00,2.75,0.00,'USD','2025-10-11 05:42:23',NULL,NULL,'2025-10-11 06:14:23','2025-10-22 23:42:02','2025-10-22 23:42:04','delivery',NULL,'unpaid',NULL,NULL,NULL,NULL),(25,1,NULL,25,NULL,'NKH-DT-20250810-1996-0db','pending',0,'pending',74.50,7.45,0.00,81.95,0.00,'USD','2025-08-09 23:05:22',NULL,'Extra sauce','2025-08-09 23:37:22','2025-10-22 23:42:02','2025-10-22 23:42:04','pickup',NULL,'unpaid',NULL,NULL,NULL,NULL),(26,1,NULL,16,NULL,'NKH-DT-20250819-6819-5a7','pending',0,'completed',95.00,9.50,0.00,104.50,0.00,'USD','2025-08-19 11:12:07','2025-08-19 11:12:07','No onions','2025-08-19 11:22:07','2025-10-22 23:42:02','2025-10-22 23:42:04','delivery',NULL,'unpaid',NULL,NULL,NULL,NULL),(27,1,17,18,NULL,'NKH-DT-20250907-8268-771','pending',0,'received',201.00,20.10,0.00,221.10,0.00,'USD','2025-09-07 13:13:33',NULL,'Make it spicy','2025-09-07 13:37:33','2025-10-22 23:42:02','2025-10-22 23:42:04','dine-in',NULL,'unpaid',NULL,NULL,NULL,NULL),(28,2,57,13,NULL,'NKH-SR-20251010-7943-c1d','pending',0,'completed',12.00,1.20,0.00,13.20,0.00,'USD','2025-10-10 01:06:23','2025-10-10 01:06:23','Less salt','2025-10-10 00:51:23','2025-10-22 23:42:02','2025-10-22 23:42:04','dine-in',NULL,'unpaid',NULL,NULL,NULL,NULL),(29,2,47,7,NULL,'NKH-SR-20250815-9360-24e','pending',0,'pending',147.00,14.70,0.00,161.70,0.00,'USD','2025-08-14 19:30:47',NULL,'Make it spicy','2025-08-14 19:59:47','2025-10-22 23:42:02','2025-10-22 23:42:04','dine-in',NULL,'unpaid',NULL,NULL,NULL,NULL),(30,1,NULL,10,NULL,'NKH-DT-20250921-5125-a08','pending',0,'received',98.00,9.80,7.81,99.99,0.00,'USD','2025-09-21 13:11:53',NULL,'No onions','2025-09-21 13:45:53','2025-10-22 23:42:02','2025-10-22 23:42:04','delivery',NULL,'unpaid',NULL,NULL,NULL,NULL),(31,4,NULL,21,NULL,'NKH-KP-20250814-7629-348','pending',0,'completed',72.00,7.20,0.00,79.20,0.00,'USD','2025-08-14 04:28:51','2025-08-14 04:28:51','No spicy please','2025-08-14 03:54:51','2025-10-22 23:42:02','2025-10-22 23:42:04','pickup',NULL,'unpaid',NULL,NULL,NULL,NULL),(32,4,111,19,NULL,'NKH-KP-20251003-9050-94a','pending',0,'preparing',137.50,13.75,7.31,143.94,0.00,'USD','2025-10-03 12:27:35',NULL,'On the side','2025-10-03 12:52:35','2025-10-22 23:42:02','2025-10-22 23:42:04','dine-in',NULL,'unpaid',NULL,NULL,NULL,NULL),(33,2,61,12,NULL,'NKH-SR-20251018-2760-3da','pending',0,'received',124.50,12.45,0.00,136.95,0.00,'USD','2025-10-18 07:03:29',NULL,'No spicy please','2025-10-18 07:24:29','2025-10-22 23:42:02','2025-10-22 23:42:04','dine-in',NULL,'unpaid',NULL,NULL,NULL,NULL),(34,1,NULL,14,NULL,'NKH-DT-20250807-6861-316','pending',0,'preparing',14.50,1.45,9.13,6.82,0.00,'USD','2025-08-06 17:39:10',NULL,NULL,'2025-08-06 18:11:10','2025-10-22 23:42:02','2025-10-22 23:42:04','pickup',NULL,'unpaid',NULL,NULL,NULL,NULL),(35,1,NULL,25,NULL,'NKH-DT-20250731-5135-0ec','pending',0,'received',109.00,10.90,0.00,119.90,0.00,'USD','2025-07-31 11:20:58',NULL,'No onions','2025-07-31 11:57:58','2025-10-22 23:42:02','2025-10-22 23:42:04','delivery',NULL,'unpaid',NULL,NULL,NULL,NULL),(36,2,43,22,NULL,'NKH-SR-20250908-9549-ee8','pending',0,'pending',130.50,13.05,0.00,143.55,0.00,'USD','2025-09-08 10:08:41',NULL,'No onions','2025-09-08 10:28:41','2025-10-22 23:42:02','2025-10-22 23:42:04','dine-in',NULL,'unpaid',NULL,NULL,NULL,NULL),(37,2,NULL,2,NULL,'NKH-SR-20250918-7002-9fd','pending',0,'ready',10.50,1.05,0.00,11.55,0.00,'USD','2025-09-18 14:25:00',NULL,'Extra sauce','2025-09-18 14:57:00','2025-10-22 23:42:02','2025-10-22 23:42:04','pickup',NULL,'unpaid',NULL,NULL,NULL,NULL),(38,1,20,12,NULL,'NKH-DT-20251013-8327-48e','pending',0,'completed',32.50,3.25,3.25,32.50,0.00,'USD','2025-10-13 02:01:27','2025-10-13 02:01:27','Less salt','2025-10-13 01:51:27','2025-10-22 23:42:02','2025-10-22 23:42:04','dine-in',NULL,'unpaid',NULL,NULL,NULL,NULL),(39,2,NULL,25,NULL,'NKH-SR-20251017-1329-d36','pending',0,'ready',104.50,10.45,0.00,114.95,0.00,'USD','2025-10-17 16:36:35',NULL,'Make it spicy','2025-10-17 17:12:35','2025-10-22 23:42:02','2025-10-22 23:42:04','delivery',NULL,'unpaid',NULL,NULL,NULL,NULL),(40,4,NULL,21,NULL,'NKH-KP-20250728-6743-469','pending',0,'preparing',35.00,3.50,0.00,38.50,0.00,'USD','2025-07-28 06:56:27',NULL,'Extra sauce','2025-07-28 07:17:27','2025-10-22 23:42:02','2025-10-22 23:42:04','pickup',NULL,'unpaid',NULL,NULL,NULL,NULL),(41,2,NULL,18,NULL,'NKH-SR-20250824-3376-b64','pending',0,'pending',48.00,4.80,0.00,52.80,0.00,'USD','2025-08-24 06:02:48',NULL,'On the side','2025-08-24 06:36:48','2025-10-22 23:42:02','2025-10-22 23:42:04','delivery',NULL,'unpaid',NULL,NULL,NULL,NULL),(42,2,NULL,25,NULL,'NKH-SR-20251019-8111-e4b','pending',0,'received',136.50,13.65,0.00,150.15,0.00,'USD','2025-10-18 17:54:04',NULL,'Extra vegetables','2025-10-18 18:36:04','2025-10-22 23:42:02','2025-10-22 23:42:04','delivery',NULL,'unpaid',NULL,NULL,NULL,NULL),(43,1,NULL,21,NULL,'NKH-DT-20250811-1983-b55','pending',0,'preparing',174.50,17.45,0.00,191.95,0.00,'USD','2025-08-11 16:49:56',NULL,'On the side','2025-08-11 17:34:56','2025-10-22 23:42:02','2025-10-22 23:42:04','delivery',NULL,'unpaid',NULL,NULL,NULL,NULL),(44,1,NULL,13,NULL,'NKH-DT-20250729-0803-0f7','pending',0,'ready',105.00,10.50,0.00,115.50,0.00,'USD','2025-07-29 02:56:29',NULL,'No spicy please','2025-07-29 03:36:29','2025-10-22 23:42:02','2025-10-22 23:42:04','delivery',NULL,'unpaid',NULL,NULL,NULL,NULL),(45,1,27,9,NULL,'NKH-DT-20250918-6981-e13','pending',0,'received',79.00,7.90,0.00,86.90,0.00,'USD','2025-09-18 06:33:13',NULL,'Extra vegetables','2025-09-18 06:57:13','2025-10-22 23:42:02','2025-10-22 23:42:04','dine-in',NULL,'unpaid',NULL,NULL,NULL,NULL),(46,1,NULL,3,NULL,'NKH-DT-20250827-1046-b0d','pending',0,'ready',105.00,10.50,0.00,115.50,0.00,'USD','2025-08-27 10:20:44',NULL,'No spicy please','2025-08-27 10:51:44','2025-10-22 23:42:02','2025-10-22 23:42:04','pickup',NULL,'unpaid',NULL,NULL,NULL,NULL),(47,4,NULL,4,NULL,'NKH-KP-20250902-7682-310','pending',0,'preparing',42.50,4.25,0.00,46.75,0.00,'USD','2025-09-02 02:11:03',NULL,'Make it spicy','2025-09-02 02:43:03','2025-10-22 23:42:02','2025-10-22 23:42:04','pickup',NULL,'unpaid',NULL,NULL,NULL,NULL),(48,3,76,13,NULL,'NKH-BB-20250911-6261-fa9','pending',0,'preparing',47.00,4.70,0.00,51.70,0.00,'USD','2025-09-11 08:20:50',NULL,NULL,'2025-09-11 08:46:50','2025-10-22 23:42:02','2025-10-22 23:42:04','dine-in',NULL,'unpaid',NULL,NULL,NULL,NULL),(49,4,NULL,17,NULL,'NKH-KP-20250829-0109-56c','pending',0,'completed',91.00,9.10,0.00,100.10,0.00,'USD','2025-08-28 22:46:12','2025-08-28 22:46:12','Make it spicy','2025-08-28 22:20:12','2025-10-22 23:42:02','2025-10-22 23:42:04','delivery',NULL,'unpaid',NULL,NULL,NULL,NULL),(50,4,NULL,18,NULL,'NKH-KP-20250829-1726-346','pending',0,'completed',122.00,12.20,6.19,128.01,0.00,'USD','2025-08-29 05:46:34','2025-08-29 05:46:34','On the side','2025-08-29 06:00:34','2025-10-22 23:42:02','2025-10-22 23:42:04','delivery',NULL,'unpaid',NULL,NULL,NULL,NULL),(51,4,124,5,NULL,'NKH-KP-20250819-6747-39b','pending',0,'received',51.00,5.10,0.00,56.10,0.00,'USD','2025-08-19 00:50:07',NULL,'Vegetarian option','2025-08-19 01:15:07','2025-10-22 23:42:02','2025-10-22 23:42:04','dine-in',NULL,'unpaid',NULL,NULL,NULL,NULL),(52,2,NULL,17,NULL,'NKH-SR-20250729-9268-665','pending',0,'preparing',79.00,7.90,0.00,86.90,0.00,'USD','2025-07-29 03:04:08',NULL,'On the side','2025-07-29 03:42:08','2025-10-22 23:42:02','2025-10-22 23:42:05','delivery',NULL,'unpaid',NULL,NULL,NULL,NULL),(53,1,NULL,13,NULL,'NKH-DT-20250802-5216-e3f','pending',0,'ready',34.00,3.40,0.00,37.40,0.00,'USD','2025-08-02 14:03:01',NULL,'Make it spicy','2025-08-02 14:53:01','2025-10-22 23:42:02','2025-10-22 23:42:05','delivery',NULL,'unpaid',NULL,NULL,NULL,NULL),(54,3,NULL,23,NULL,'NKH-BB-20251020-6004-31a','pending',0,'completed',33.00,3.30,6.40,29.90,0.00,'USD','2025-10-19 18:52:14','2025-10-19 18:52:14',NULL,'2025-10-19 19:07:14','2025-10-22 23:42:02','2025-10-22 23:42:05','delivery',NULL,'unpaid',NULL,NULL,NULL,NULL),(55,4,116,25,NULL,'NKH-KP-20250820-3151-a39','pending',0,'preparing',6.50,0.65,5.72,1.43,0.00,'USD','2025-08-20 02:03:01',NULL,NULL,'2025-08-20 02:33:01','2025-10-22 23:42:02','2025-10-22 23:42:05','dine-in',NULL,'unpaid',NULL,NULL,NULL,NULL),(56,3,NULL,9,NULL,'NKH-BB-20250822-4704-e6f','pending',0,'preparing',137.00,13.70,0.00,150.70,0.00,'USD','2025-08-22 12:18:12',NULL,NULL,'2025-08-22 12:50:12','2025-10-22 23:42:02','2025-10-22 23:42:05','pickup',NULL,'unpaid',NULL,NULL,NULL,NULL),(57,3,NULL,13,NULL,'NKH-BB-20251013-6140-821','pending',0,'preparing',6.50,0.65,5.74,1.41,0.00,'USD','2025-10-12 18:45:43',NULL,'Extra vegetables','2025-10-12 19:33:43','2025-10-22 23:42:02','2025-10-22 23:42:05','delivery',NULL,'unpaid',NULL,NULL,NULL,NULL),(58,2,45,12,NULL,'NKH-SR-20250824-9350-fb2','pending',0,'received',121.00,12.10,7.79,125.31,0.00,'USD','2025-08-23 21:21:15',NULL,'Extra sauce','2025-08-23 21:48:15','2025-10-22 23:42:02','2025-10-22 23:42:05','dine-in',NULL,'unpaid',NULL,NULL,NULL,NULL),(59,2,NULL,16,NULL,'NKH-SR-20251005-2624-40b','pending',0,'completed',83.00,8.30,0.00,91.30,0.00,'USD','2025-10-05 07:41:08','2025-10-05 07:41:08','No spicy please','2025-10-05 07:15:08','2025-10-22 23:42:02','2025-10-22 23:42:05','pickup',NULL,'unpaid',NULL,NULL,NULL,NULL),(60,3,NULL,10,NULL,'NKH-BB-20250905-2310-ea2','pending',0,'completed',200.50,20.05,0.00,220.55,0.00,'USD','2025-09-05 15:55:21','2025-09-05 15:55:21',NULL,'2025-09-05 15:20:21','2025-10-22 23:42:02','2025-10-22 23:42:05','pickup',NULL,'unpaid',NULL,NULL,NULL,NULL),(61,2,NULL,5,NULL,'NKH-SR-20250915-3290-9e2','pending',0,'ready',95.00,9.50,8.18,96.32,0.00,'USD','2025-09-14 22:18:07',NULL,NULL,'2025-09-14 22:40:07','2025-10-22 23:42:02','2025-10-22 23:42:05','pickup',NULL,'unpaid',NULL,NULL,NULL,NULL),(62,1,NULL,2,NULL,'NKH-DT-20251021-9778-f0b','pending',0,'completed',117.00,11.70,0.00,128.70,0.00,'USD','2025-10-21 07:12:33','2025-10-21 07:12:33','Extra sauce','2025-10-21 07:01:33','2025-10-22 23:42:02','2025-10-22 23:42:05','pickup',NULL,'unpaid',NULL,NULL,NULL,NULL),(63,4,NULL,11,NULL,'NKH-KP-20250823-6758-6b7','pending',0,'completed',158.00,15.80,0.00,173.80,0.00,'USD','2025-08-23 13:53:49','2025-08-23 13:53:49','Vegetarian option','2025-08-23 13:33:49','2025-10-22 23:42:02','2025-10-22 23:42:05','delivery',NULL,'unpaid',NULL,NULL,NULL,NULL),(64,3,87,24,NULL,'NKH-BB-20251002-1165-dc6','pending',0,'received',139.50,13.95,6.59,146.86,0.00,'USD','2025-10-02 09:02:31',NULL,'No spicy please','2025-10-02 09:30:31','2025-10-22 23:42:02','2025-10-22 23:42:05','dine-in',NULL,'unpaid',NULL,NULL,NULL,NULL),(65,2,53,17,NULL,'NKH-SR-20250827-7606-fd1','pending',0,'ready',110.00,11.00,0.00,121.00,0.00,'USD','2025-08-27 06:50:42',NULL,'No onions','2025-08-27 07:15:42','2025-10-22 23:42:02','2025-10-22 23:42:05','dine-in',NULL,'unpaid',NULL,NULL,NULL,NULL),(66,2,54,16,NULL,'NKH-SR-20250921-4419-690','pending',0,'ready',46.50,4.65,0.00,51.15,0.00,'USD','2025-09-21 15:43:41',NULL,'Extra vegetables','2025-09-21 16:03:41','2025-10-22 23:42:02','2025-10-22 23:42:05','dine-in',NULL,'unpaid',NULL,NULL,NULL,NULL),(67,1,NULL,9,NULL,'NKH-DT-20251003-7483-39e','pending',0,'pending',122.00,12.20,0.00,134.20,0.00,'USD','2025-10-03 01:16:02',NULL,'Extra vegetables','2025-10-03 01:39:02','2025-10-22 23:42:02','2025-10-22 23:42:05','pickup',NULL,'unpaid',NULL,NULL,NULL,NULL),(68,3,NULL,1,NULL,'NKH-BB-20250904-2176-007','pending',0,'ready',72.50,7.25,0.00,79.75,0.00,'USD','2025-09-04 02:06:58',NULL,'Vegetarian option','2025-09-04 02:27:58','2025-10-22 23:42:02','2025-10-22 23:42:05','pickup',NULL,'unpaid',NULL,NULL,NULL,NULL),(69,1,NULL,2,NULL,'NKH-DT-20250802-8996-ff5','pending',0,'preparing',38.00,3.80,0.00,41.80,0.00,'USD','2025-08-02 06:24:07',NULL,'No spicy please','2025-08-02 06:56:07','2025-10-22 23:42:03','2025-10-22 23:42:05','pickup',NULL,'unpaid',NULL,NULL,NULL,NULL),(70,3,78,15,NULL,'NKH-BB-20251011-8095-00d','pending',0,'pending',171.00,17.10,0.00,188.10,0.00,'USD','2025-10-11 04:29:08',NULL,NULL,'2025-10-11 04:49:08','2025-10-22 23:42:03','2025-10-22 23:42:05','dine-in',NULL,'unpaid',NULL,NULL,NULL,NULL),(71,3,NULL,25,NULL,'NKH-BB-20251008-7401-7fa','pending',0,'ready',111.50,11.15,2.21,120.44,0.00,'USD','2025-10-07 23:17:01',NULL,'Less salt','2025-10-07 23:51:01','2025-10-22 23:42:03','2025-10-22 23:42:05','delivery',NULL,'unpaid',NULL,NULL,NULL,NULL),(72,2,NULL,10,NULL,'NKH-SR-20250804-4672-74a','pending',0,'pending',126.00,12.60,0.00,138.60,0.00,'USD','2025-08-04 00:07:35',NULL,'On the side','2025-08-04 00:38:35','2025-10-22 23:42:03','2025-10-22 23:42:05','delivery',NULL,'unpaid',NULL,NULL,NULL,NULL),(73,1,15,15,NULL,'NKH-DT-20250929-0788-da9','pending',0,'pending',70.50,7.05,4.04,73.51,0.00,'USD','2025-09-29 07:53:25',NULL,'On the side','2025-09-29 08:20:25','2025-10-22 23:42:03','2025-10-22 23:42:05','dine-in',NULL,'unpaid',NULL,NULL,NULL,NULL),(74,1,3,16,NULL,'NKH-DT-20251015-7846-5b0','pending',0,'pending',57.50,5.75,0.00,63.25,0.00,'USD','2025-10-15 07:37:46',NULL,NULL,'2025-10-15 08:07:46','2025-10-22 23:42:03','2025-10-22 23:42:05','dine-in',NULL,'unpaid',NULL,NULL,NULL,NULL),(75,2,NULL,19,NULL,'NKH-SR-20250829-1314-a29','pending',0,'received',6.50,0.65,0.00,7.15,0.00,'USD','2025-08-29 13:11:34',NULL,NULL,'2025-08-29 13:45:34','2025-10-22 23:42:03','2025-10-22 23:42:05','pickup',NULL,'unpaid',NULL,NULL,NULL,NULL),(76,1,NULL,17,NULL,'NKH-DT-20250825-4354-2f7','pending',0,'received',29.50,2.95,0.00,32.45,0.00,'USD','2025-08-25 05:00:32',NULL,NULL,'2025-08-25 05:42:32','2025-10-22 23:42:03','2025-10-22 23:42:05','delivery',NULL,'unpaid',NULL,NULL,NULL,NULL),(77,3,79,25,NULL,'NKH-BB-20250825-8721-62f','pending',0,'ready',17.50,1.75,0.00,19.25,0.00,'USD','2025-08-25 05:13:28',NULL,'No onions','2025-08-25 05:43:28','2025-10-22 23:42:03','2025-10-22 23:42:05','dine-in',NULL,'unpaid',NULL,NULL,NULL,NULL),(78,2,NULL,10,NULL,'NKH-SR-20251021-4421-2f3','pending',0,'received',71.50,7.15,0.00,78.65,0.00,'USD','2025-10-20 21:48:20',NULL,'Gluten free preparation','2025-10-20 22:25:20','2025-10-22 23:42:03','2025-10-22 23:42:05','delivery',NULL,'unpaid',NULL,NULL,NULL,NULL),(79,4,NULL,20,NULL,'NKH-KP-20250927-4225-0b1','pending',0,'pending',68.50,6.85,0.00,75.35,0.00,'USD','2025-09-27 05:20:26',NULL,'Vegetarian option','2025-09-27 06:01:26','2025-10-22 23:42:03','2025-10-22 23:42:05','delivery',NULL,'unpaid',NULL,NULL,NULL,NULL),(80,3,70,17,NULL,'NKH-BB-20251010-5043-883','pending',0,'pending',158.50,15.85,0.00,174.35,0.00,'USD','2025-10-10 09:00:00',NULL,'No spicy please','2025-10-10 09:22:00','2025-10-22 23:42:03','2025-10-22 23:42:05','dine-in',NULL,'unpaid',NULL,NULL,NULL,NULL),(81,1,10,13,NULL,'NKH-DT-20250928-1204-194','pending',0,'preparing',138.00,13.80,2.30,149.50,0.00,'USD','2025-09-28 14:57:41',NULL,'Gluten free preparation','2025-09-28 15:19:41','2025-10-22 23:42:03','2025-10-22 23:42:05','dine-in',NULL,'unpaid',NULL,NULL,NULL,NULL),(82,3,NULL,11,NULL,'NKH-BB-20250924-7863-9ac','pending',0,'completed',107.00,10.70,0.00,117.70,0.00,'USD','2025-09-23 22:22:19','2025-09-23 22:22:19','Gluten free preparation','2025-09-23 22:07:19','2025-10-22 23:42:03','2025-10-22 23:42:05','pickup',NULL,'unpaid',NULL,NULL,NULL,NULL),(83,3,NULL,14,NULL,'NKH-BB-20250925-6724-258','pending',0,'completed',127.00,12.70,0.00,139.70,0.00,'USD','2025-09-24 22:17:47','2025-09-24 22:17:47','Extra vegetables','2025-09-24 22:17:47','2025-10-22 23:42:03','2025-10-22 23:42:05','pickup',NULL,'unpaid',NULL,NULL,NULL,NULL),(84,4,NULL,16,NULL,'NKH-KP-20251021-9928-595','pending',0,'received',86.00,8.60,0.00,94.60,0.00,'USD','2025-10-21 04:18:48',NULL,NULL,'2025-10-21 05:00:48','2025-10-22 23:42:03','2025-10-22 23:42:05','delivery',NULL,'unpaid',NULL,NULL,NULL,NULL),(85,2,61,17,NULL,'NKH-SR-20250924-2565-f54','pending',0,'received',21.00,2.10,0.00,23.10,0.00,'USD','2025-09-24 01:57:02',NULL,NULL,'2025-09-24 02:24:02','2025-10-22 23:42:03','2025-10-22 23:42:05','dine-in',NULL,'unpaid',NULL,NULL,NULL,NULL),(86,3,NULL,1,NULL,'NKH-BB-20250819-2861-15e','pending',0,'pending',121.50,12.15,0.00,133.65,0.00,'USD','2025-08-19 03:43:30',NULL,'On the side','2025-08-19 04:26:30','2025-10-22 23:42:03','2025-10-22 23:42:05','delivery',NULL,'unpaid',NULL,NULL,NULL,NULL),(87,1,7,20,NULL,'NKH-DT-20250904-1254-3bc','pending',0,'completed',127.00,12.70,0.00,139.70,0.00,'USD','2025-09-03 21:17:01','2025-09-03 21:17:01','On the side','2025-09-03 20:51:01','2025-10-22 23:42:03','2025-10-22 23:42:05','dine-in',NULL,'unpaid',NULL,NULL,NULL,NULL),(88,3,73,22,NULL,'NKH-BB-20250912-8974-f7b','pending',0,'preparing',3.50,0.35,0.00,3.85,0.00,'USD','2025-09-12 07:21:58',NULL,NULL,'2025-09-12 07:47:58','2025-10-22 23:42:03','2025-10-22 23:42:05','dine-in',NULL,'unpaid',NULL,NULL,NULL,NULL),(89,2,NULL,18,NULL,'NKH-SR-20250927-1992-fbb','pending',0,'preparing',160.50,16.05,0.00,176.55,0.00,'USD','2025-09-26 19:35:26',NULL,'No onions','2025-09-26 20:00:26','2025-10-22 23:42:03','2025-10-22 23:42:05','pickup',NULL,'unpaid',NULL,NULL,NULL,NULL),(90,1,23,13,NULL,'NKH-DT-20250823-9540-2b3','pending',0,'ready',17.00,1.70,3.10,15.60,0.00,'USD','2025-08-23 11:54:37',NULL,'On the side','2025-08-23 12:23:37','2025-10-22 23:42:03','2025-10-22 23:42:05','dine-in',NULL,'unpaid',NULL,NULL,NULL,NULL),(91,2,NULL,14,NULL,'NKH-SR-20250912-8806-c5d','pending',0,'ready',46.50,4.65,0.00,51.15,0.00,'USD','2025-09-11 22:19:37',NULL,'No onions','2025-09-11 22:54:37','2025-10-22 23:42:03','2025-10-22 23:42:05','pickup',NULL,'unpaid',NULL,NULL,NULL,NULL),(92,1,12,9,NULL,'NKH-DT-20250928-9977-b57','pending',0,'preparing',63.00,6.30,5.19,64.11,0.00,'USD','2025-09-28 11:02:26',NULL,'Less salt','2025-09-28 11:25:26','2025-10-22 23:42:03','2025-10-22 23:42:05','dine-in',NULL,'unpaid',NULL,NULL,NULL,NULL),(93,3,NULL,6,NULL,'NKH-BB-20250915-4550-e09','pending',0,'ready',31.50,3.15,2.89,31.76,0.00,'USD','2025-09-15 01:33:00',NULL,'Extra sauce','2025-09-15 02:19:00','2025-10-22 23:42:03','2025-10-22 23:42:05','delivery',NULL,'unpaid',NULL,NULL,NULL,NULL),(94,1,NULL,25,NULL,'NKH-DT-20251008-0322-9b4','pending',0,'preparing',109.00,10.90,0.00,119.90,0.00,'USD','2025-10-08 02:54:51',NULL,NULL,'2025-10-08 03:26:51','2025-10-22 23:42:03','2025-10-22 23:42:05','delivery',NULL,'unpaid',NULL,NULL,NULL,NULL),(95,4,NULL,12,NULL,'NKH-KP-20251014-7800-b74','pending',0,'received',60.00,6.00,0.00,66.00,0.00,'USD','2025-10-13 19:40:34',NULL,'Extra sauce','2025-10-13 20:18:34','2025-10-22 23:42:03','2025-10-22 23:42:05','delivery',NULL,'unpaid',NULL,NULL,NULL,NULL),(96,3,NULL,9,NULL,'NKH-BB-20251012-7469-653','pending',0,'ready',103.50,10.35,2.11,111.74,0.00,'USD','2025-10-12 10:14:29',NULL,NULL,'2025-10-12 10:43:29','2025-10-22 23:42:03','2025-10-22 23:42:05','pickup',NULL,'unpaid',NULL,NULL,NULL,NULL),(97,2,NULL,24,NULL,'NKH-SR-20250801-5635-c4c','pending',0,'preparing',16.50,1.65,0.00,18.15,0.00,'USD','2025-08-01 03:10:10',NULL,'Less salt','2025-08-01 03:46:10','2025-10-22 23:42:03','2025-10-22 23:42:05','delivery',NULL,'unpaid',NULL,NULL,NULL,NULL),(98,4,NULL,22,NULL,'NKH-KP-20250923-0919-abf','pending',0,'received',46.00,4.60,0.00,50.60,0.00,'USD','2025-09-22 19:33:36',NULL,'Vegetarian option','2025-09-22 19:53:36','2025-10-22 23:42:03','2025-10-22 23:42:05','pickup',NULL,'unpaid',NULL,NULL,NULL,NULL),(99,3,NULL,6,NULL,'NKH-BB-20250911-7773-018','pending',0,'received',167.00,16.70,9.95,173.75,0.00,'USD','2025-09-10 19:20:07',NULL,'Well done','2025-09-10 19:42:07','2025-10-22 23:42:03','2025-10-22 23:42:05','pickup',NULL,'unpaid',NULL,NULL,NULL,NULL),(100,4,NULL,7,NULL,'NKH-KP-20250723-9321-6ae','pending',0,'received',45.00,4.50,0.00,49.50,0.00,'USD','2025-07-23 09:17:17',NULL,NULL,'2025-07-23 09:42:17','2025-10-22 23:42:03','2025-10-22 23:42:05','pickup',NULL,'unpaid',NULL,NULL,NULL,NULL),(101,2,NULL,17,NULL,'NKH-SR-20250829-5667-3a4','pending',0,'completed',125.00,12.50,0.00,137.50,0.00,'USD','2025-08-28 18:12:20','2025-08-28 18:12:20',NULL,'2025-08-28 18:09:20','2025-10-22 23:42:03','2025-10-22 23:42:05','delivery',NULL,'unpaid',NULL,NULL,NULL,NULL),(102,1,NULL,24,NULL,'NKH-DT-20250922-3431-6e2','pending',0,'completed',25.00,2.50,0.00,27.50,0.00,'USD','2025-09-21 21:39:05','2025-09-21 21:39:05','Well done','2025-09-21 21:42:05','2025-10-22 23:42:03','2025-10-22 23:42:05','pickup',NULL,'unpaid',NULL,NULL,NULL,NULL),(103,2,60,20,NULL,'NKH-SR-20250809-6863-a6a','pending',0,'ready',88.50,8.85,4.69,92.66,0.00,'USD','2025-08-09 00:36:44',NULL,'Extra sauce','2025-08-09 01:00:44','2025-10-22 23:42:03','2025-10-22 23:42:05','dine-in',NULL,'unpaid',NULL,NULL,NULL,NULL),(104,2,37,10,NULL,'NKH-SR-20250918-0239-14a','pending',0,'received',136.50,13.65,0.00,150.15,0.00,'USD','2025-09-18 12:27:26',NULL,'No spicy please','2025-09-18 12:49:26','2025-10-22 23:42:03','2025-10-22 23:42:06','dine-in',NULL,'unpaid',NULL,NULL,NULL,NULL),(105,1,NULL,10,NULL,'NKH-DT-20250902-5632-046','pending',0,'preparing',74.50,7.45,0.00,81.95,0.00,'USD','2025-09-02 05:55:14',NULL,'Vegetarian option','2025-09-02 06:41:14','2025-10-22 23:42:03','2025-10-22 23:42:06','delivery',NULL,'unpaid',NULL,NULL,NULL,NULL),(106,1,19,9,NULL,'NKH-DT-20251017-5846-83b','pending',0,'preparing',180.50,18.05,0.00,198.55,0.00,'USD','2025-10-17 00:41:44',NULL,NULL,'2025-10-17 01:05:44','2025-10-22 23:42:03','2025-10-22 23:42:06','dine-in',NULL,'unpaid',NULL,NULL,NULL,NULL),(107,1,21,13,NULL,'NKH-DT-20250927-9365-ad9','pending',0,'ready',207.50,20.75,0.00,228.25,0.00,'USD','2025-09-27 11:27:02',NULL,'No onions','2025-09-27 11:48:02','2025-10-22 23:42:03','2025-10-22 23:42:06','dine-in',NULL,'unpaid',NULL,NULL,NULL,NULL),(108,4,104,23,NULL,'NKH-KP-20251005-1672-748','pending',0,'pending',30.00,3.00,0.00,33.00,0.00,'USD','2025-10-05 13:27:03',NULL,'Less salt','2025-10-05 13:51:03','2025-10-22 23:42:03','2025-10-22 23:42:06','dine-in',NULL,'unpaid',NULL,NULL,NULL,NULL),(109,1,NULL,4,NULL,'NKH-DT-20250802-0590-97f','pending',0,'preparing',29.50,2.95,0.00,32.45,0.00,'USD','2025-08-02 15:52:35',NULL,'No spicy please','2025-08-02 16:18:35','2025-10-22 23:42:03','2025-10-22 23:42:06','pickup',NULL,'unpaid',NULL,NULL,NULL,NULL),(110,4,NULL,10,NULL,'NKH-KP-20251020-6076-71d','pending',0,'preparing',110.50,11.05,0.00,121.55,0.00,'USD','2025-10-20 13:24:21',NULL,'No spicy please','2025-10-20 13:49:21','2025-10-22 23:42:03','2025-10-22 23:42:06','pickup',NULL,'unpaid',NULL,NULL,NULL,NULL),(111,3,NULL,16,NULL,'NKH-BB-20250822-8025-cd7','pending',0,'completed',140.00,14.00,0.00,154.00,0.00,'USD','2025-08-21 19:29:20','2025-08-21 19:29:20',NULL,'2025-08-21 19:50:20','2025-10-22 23:42:03','2025-10-22 23:42:06','delivery',NULL,'unpaid',NULL,NULL,NULL,NULL),(112,1,20,11,NULL,'NKH-DT-20250904-9647-3fa','pending',0,'preparing',31.50,3.15,0.00,34.65,0.00,'USD','2025-09-04 07:11:30',NULL,'Well done','2025-09-04 07:39:30','2025-10-22 23:42:03','2025-10-22 23:42:06','dine-in',NULL,'unpaid',NULL,NULL,NULL,NULL),(113,3,76,17,NULL,'NKH-BB-20250908-8928-1d3','pending',0,'completed',84.00,8.40,0.00,92.40,0.00,'USD','2025-09-08 03:35:30','2025-09-08 03:35:30','Extra vegetables','2025-09-08 03:20:30','2025-10-22 23:42:03','2025-10-22 23:42:06','dine-in',NULL,'unpaid',NULL,NULL,NULL,NULL),(114,1,NULL,22,NULL,'NKH-DT-20251021-9991-9d4','pending',0,'completed',18.50,1.85,0.00,20.35,0.00,'USD','2025-10-21 08:27:29','2025-10-21 08:27:29','Extra vegetables','2025-10-21 08:15:29','2025-10-22 23:42:03','2025-10-22 23:42:06','delivery',NULL,'unpaid',NULL,NULL,NULL,NULL),(115,2,NULL,2,NULL,'NKH-SR-20251016-5594-045','pending',0,'received',163.50,16.35,0.00,179.85,0.00,'USD','2025-10-16 03:29:35',NULL,'Well done','2025-10-16 03:56:35','2025-10-22 23:42:03','2025-10-22 23:42:06','pickup',NULL,'unpaid',NULL,NULL,NULL,NULL),(116,2,NULL,9,NULL,'NKH-SR-20250916-1055-e31','pending',0,'preparing',33.00,3.30,0.00,36.30,0.00,'USD','2025-09-15 19:31:41',NULL,'On the side','2025-09-15 20:20:41','2025-10-22 23:42:03','2025-10-22 23:42:06','delivery',NULL,'unpaid',NULL,NULL,NULL,NULL),(117,2,NULL,22,NULL,'NKH-SR-20250831-8183-33c','pending',0,'preparing',97.50,9.75,0.00,107.25,0.00,'USD','2025-08-30 18:16:35',NULL,'Extra vegetables','2025-08-30 18:54:35','2025-10-22 23:42:03','2025-10-22 23:42:06','delivery',NULL,'unpaid',NULL,NULL,NULL,NULL),(118,1,NULL,4,NULL,'NKH-DT-20250817-5259-80f','pending',0,'pending',81.50,8.15,0.00,89.65,0.00,'USD','2025-08-17 03:03:57',NULL,'No onions','2025-08-17 03:29:57','2025-10-22 23:42:03','2025-10-22 23:42:06','pickup',NULL,'unpaid',NULL,NULL,NULL,NULL),(119,3,NULL,5,NULL,'NKH-BB-20250924-1193-d76','pending',0,'completed',16.50,1.65,0.00,18.15,0.00,'USD','2025-09-23 20:26:46','2025-09-23 20:26:46','Extra vegetables','2025-09-23 20:31:46','2025-10-22 23:42:03','2025-10-22 23:42:06','delivery',NULL,'unpaid',NULL,NULL,NULL,NULL),(120,4,NULL,10,NULL,'NKH-KP-20251021-6604-356','pending',0,'preparing',122.00,12.20,0.00,134.20,0.00,'USD','2025-10-21 02:04:51',NULL,'On the side','2025-10-21 02:33:51','2025-10-22 23:42:03','2025-10-22 23:42:06','pickup',NULL,'unpaid',NULL,NULL,NULL,NULL),(121,1,NULL,13,NULL,'NKH-DT-20251010-0619-50d','pending',0,'received',43.50,4.35,0.00,47.85,0.00,'USD','2025-10-10 11:51:11',NULL,NULL,'2025-10-10 12:38:11','2025-10-22 23:42:03','2025-10-22 23:42:06','delivery',NULL,'unpaid',NULL,NULL,NULL,NULL),(122,1,29,14,NULL,'NKH-DT-20251014-6069-b91','pending',0,'received',36.00,3.60,0.00,39.60,0.00,'USD','2025-10-14 01:54:11',NULL,'Vegetarian option','2025-10-14 02:17:11','2025-10-22 23:42:03','2025-10-22 23:42:06','dine-in',NULL,'unpaid',NULL,NULL,NULL,NULL),(123,3,80,9,NULL,'NKH-BB-20250802-5436-d67','pending',0,'ready',113.00,11.30,0.00,124.30,0.00,'USD','2025-08-02 08:51:57',NULL,NULL,'2025-08-02 09:17:57','2025-10-22 23:42:03','2025-10-22 23:42:06','dine-in',NULL,'unpaid',NULL,NULL,NULL,NULL),(124,4,114,18,NULL,'NKH-KP-20250807-5767-440','pending',0,'completed',126.50,12.65,0.00,139.15,0.00,'USD','2025-08-07 17:56:03','2025-08-07 17:56:03',NULL,'2025-08-07 17:22:03','2025-10-22 23:42:03','2025-10-22 23:42:06','dine-in',NULL,'unpaid',NULL,NULL,NULL,NULL),(125,1,21,19,NULL,'NKH-DT-20250817-0997-b97','pending',0,'ready',102.00,10.20,0.00,112.20,0.00,'USD','2025-08-16 18:40:05',NULL,'Extra vegetables','2025-08-16 19:07:05','2025-10-22 23:42:03','2025-10-22 23:42:06','dine-in',NULL,'unpaid',NULL,NULL,NULL,NULL),(126,1,6,2,NULL,'NKH-DT-20250914-7425-6d1','pending',0,'completed',90.50,9.05,0.00,99.55,0.00,'USD','2025-09-14 09:49:20','2025-09-14 09:49:20','Make it spicy','2025-09-14 09:48:20','2025-10-22 23:42:03','2025-10-22 23:42:06','dine-in',NULL,'unpaid',NULL,NULL,NULL,NULL),(127,3,85,5,NULL,'NKH-BB-20250928-3663-565','pending',0,'preparing',80.50,8.05,0.00,88.55,0.00,'USD','2025-09-28 10:55:21',NULL,'On the side','2025-09-28 11:16:21','2025-10-22 23:42:03','2025-10-22 23:42:06','dine-in',NULL,'unpaid',NULL,NULL,NULL,NULL),(128,1,NULL,17,NULL,'NKH-DT-20250925-8390-36a','pending',0,'received',25.50,2.55,0.00,28.05,0.00,'USD','2025-09-25 00:04:56',NULL,'Well done','2025-09-25 00:40:56','2025-10-22 23:42:03','2025-10-22 23:42:06','delivery',NULL,'unpaid',NULL,NULL,NULL,NULL),(129,4,122,7,NULL,'NKH-KP-20250907-4077-4ea','pending',0,'preparing',61.00,6.10,0.00,67.10,0.00,'USD','2025-09-06 20:03:18',NULL,'Make it spicy','2025-09-06 20:33:18','2025-10-22 23:42:03','2025-10-22 23:42:06','dine-in',NULL,'unpaid',NULL,NULL,NULL,NULL),(130,3,NULL,3,NULL,'NKH-BB-20250923-0342-0b4','pending',0,'ready',108.00,10.80,0.00,118.80,0.00,'USD','2025-09-23 07:36:29',NULL,'No onions','2025-09-23 08:03:29','2025-10-22 23:42:03','2025-10-22 23:42:06','pickup',NULL,'unpaid',NULL,NULL,NULL,NULL),(131,4,99,17,NULL,'NKH-KP-20250925-1340-95e','pending',0,'ready',22.50,2.25,0.00,24.75,0.00,'USD','2025-09-24 21:28:00',NULL,'Gluten free preparation','2025-09-24 21:48:00','2025-10-22 23:42:03','2025-10-22 23:42:06','dine-in',NULL,'unpaid',NULL,NULL,NULL,NULL),(132,3,NULL,3,NULL,'NKH-BB-20250811-7685-1c4','pending',0,'received',60.50,6.05,0.00,66.55,0.00,'USD','2025-08-11 09:44:07',NULL,'Extra sauce','2025-08-11 10:17:07','2025-10-22 23:42:03','2025-10-22 23:42:06','pickup',NULL,'unpaid',NULL,NULL,NULL,NULL),(133,4,NULL,18,NULL,'NKH-KP-20250925-5383-6d7','pending',0,'pending',226.50,22.65,0.00,249.15,0.00,'USD','2025-09-24 20:42:58',NULL,'Less salt','2025-09-24 21:18:58','2025-10-22 23:42:03','2025-10-22 23:42:06','delivery',NULL,'unpaid',NULL,NULL,NULL,NULL),(134,3,85,8,NULL,'NKH-BB-20250820-5955-a14','pending',0,'preparing',69.00,6.90,0.00,75.90,0.00,'USD','2025-08-20 01:53:49',NULL,'Extra vegetables','2025-08-20 02:15:49','2025-10-22 23:42:03','2025-10-22 23:42:06','dine-in',NULL,'unpaid',NULL,NULL,NULL,NULL),(135,2,NULL,10,NULL,'NKH-SR-20251004-0553-2be','pending',0,'received',101.50,10.15,0.00,111.65,0.00,'USD','2025-10-03 17:19:43',NULL,NULL,'2025-10-03 17:40:43','2025-10-22 23:42:03','2025-10-22 23:42:06','pickup',NULL,'unpaid',NULL,NULL,NULL,NULL),(136,1,NULL,23,NULL,'NKH-DT-20251007-2852-0ad','pending',0,'ready',159.50,15.95,0.00,175.45,0.00,'USD','2025-10-07 10:02:41',NULL,'Less salt','2025-10-07 10:34:41','2025-10-22 23:42:03','2025-10-22 23:42:06','pickup',NULL,'unpaid',NULL,NULL,NULL,NULL),(137,4,124,4,NULL,'NKH-KP-20250825-6262-b18','pending',0,'pending',27.00,2.70,0.00,29.70,0.00,'USD','2025-08-24 20:41:17',NULL,'Vegetarian option','2025-08-24 21:02:17','2025-10-22 23:42:03','2025-10-22 23:42:06','dine-in',NULL,'unpaid',NULL,NULL,NULL,NULL),(138,4,NULL,9,NULL,'NKH-KP-20250825-4911-e76','pending',0,'pending',113.50,11.35,0.00,124.85,0.00,'USD','2025-08-25 01:22:00',NULL,'Extra sauce','2025-08-25 01:54:00','2025-10-22 23:42:03','2025-10-22 23:42:06','delivery',NULL,'unpaid',NULL,NULL,NULL,NULL),(139,4,126,1,NULL,'NKH-KP-20250831-3804-867','pending',0,'pending',21.00,2.10,0.00,23.10,0.00,'USD','2025-08-30 17:49:08',NULL,'Extra sauce','2025-08-30 18:15:08','2025-10-22 23:42:03','2025-10-22 23:42:06','dine-in',NULL,'unpaid',NULL,NULL,NULL,NULL),(140,2,NULL,21,NULL,'NKH-SR-20250911-9729-1b2','pending',0,'completed',16.00,1.60,0.00,17.60,0.00,'USD','2025-09-11 07:13:35','2025-09-11 07:13:35','Less salt','2025-09-11 07:36:35','2025-10-22 23:42:03','2025-10-22 23:42:06','delivery',NULL,'unpaid',NULL,NULL,NULL,NULL),(141,3,NULL,17,NULL,'NKH-BB-20250909-4044-0c9','pending',0,'completed',160.00,16.00,6.85,169.15,0.00,'USD','2025-09-09 04:56:09','2025-09-09 04:56:09','Gluten free preparation','2025-09-09 04:47:09','2025-10-22 23:42:03','2025-10-22 23:42:06','pickup',NULL,'unpaid',NULL,NULL,NULL,NULL),(142,1,NULL,1,NULL,'NKH-DT-20251001-8621-990','pending',0,'ready',138.50,13.85,9.24,143.11,0.00,'USD','2025-10-01 07:38:49',NULL,NULL,'2025-10-01 08:28:49','2025-10-22 23:42:03','2025-10-22 23:42:06','delivery',NULL,'unpaid',NULL,NULL,NULL,NULL),(143,2,NULL,17,NULL,'NKH-SR-20250815-5021-8aa','pending',0,'completed',184.50,18.45,0.00,202.95,0.00,'USD','2025-08-14 22:03:40','2025-08-14 22:03:40','Make it spicy','2025-08-14 21:56:40','2025-10-22 23:42:03','2025-10-22 23:42:06','pickup',NULL,'unpaid',NULL,NULL,NULL,NULL),(144,4,115,22,NULL,'NKH-KP-20251011-9017-b96','pending',0,'preparing',90.00,9.00,0.00,99.00,0.00,'USD','2025-10-11 15:02:25',NULL,'Extra sauce','2025-10-11 15:26:25','2025-10-22 23:42:03','2025-10-22 23:42:06','dine-in',NULL,'unpaid',NULL,NULL,NULL,NULL),(145,3,NULL,5,NULL,'NKH-BB-20250911-8179-cd0','pending',0,'received',173.50,17.35,0.00,190.85,0.00,'USD','2025-09-11 11:32:16',NULL,'Vegetarian option','2025-09-11 12:17:16','2025-10-22 23:42:03','2025-10-22 23:42:06','delivery',NULL,'unpaid',NULL,NULL,NULL,NULL),(146,4,NULL,25,NULL,'NKH-KP-20251003-7803-2b1','pending',0,'completed',67.00,6.70,0.00,73.70,0.00,'USD','2025-10-03 01:40:48','2025-10-03 01:40:48','No onions','2025-10-03 01:45:48','2025-10-22 23:42:03','2025-10-22 23:42:06','pickup',NULL,'unpaid',NULL,NULL,NULL,NULL),(147,3,NULL,2,NULL,'NKH-BB-20250821-8922-56e','pending',0,'preparing',11.00,1.10,0.00,12.10,0.00,'USD','2025-08-21 07:02:31',NULL,'Extra vegetables','2025-08-21 07:29:31','2025-10-22 23:42:03','2025-10-22 23:42:06','pickup',NULL,'unpaid',NULL,NULL,NULL,NULL),(148,4,99,24,NULL,'NKH-KP-20250903-8382-6bf','pending',0,'preparing',212.50,21.25,0.00,233.75,0.00,'USD','2025-09-03 16:07:14',NULL,'No spicy please','2025-09-03 16:34:14','2025-10-22 23:42:03','2025-10-22 23:42:06','dine-in',NULL,'unpaid',NULL,NULL,NULL,NULL),(149,4,NULL,2,NULL,'NKH-KP-20251019-5970-bd1','pending',0,'ready',92.00,9.20,0.00,101.20,0.00,'USD','2025-10-19 06:10:18',NULL,'Make it spicy','2025-10-19 06:40:18','2025-10-22 23:42:03','2025-10-22 23:42:06','delivery',NULL,'unpaid',NULL,NULL,NULL,NULL),(150,3,NULL,23,NULL,'NKH-BB-20250922-3368-ac7','pending',0,'completed',27.00,2.70,0.00,29.70,0.00,'USD','2025-09-22 15:09:26','2025-09-22 15:09:26','Well done','2025-09-22 15:29:26','2025-10-22 23:42:03','2025-10-22 23:42:06','delivery',NULL,'unpaid',NULL,NULL,NULL,NULL),(151,4,NULL,5,NULL,'NKH-KP-20250927-1978-8de','pending',0,'ready',166.50,16.65,0.00,183.15,0.00,'USD','2025-09-26 22:33:54',NULL,'Make it spicy','2025-09-26 23:06:54','2025-10-22 23:42:03','2025-10-22 23:42:06','pickup',NULL,'unpaid',NULL,NULL,NULL,NULL),(152,1,NULL,2,NULL,'NKH-DT-20250824-0875-bf9','pending',0,'completed',25.50,2.55,0.00,28.05,0.00,'USD','2025-08-24 08:24:45','2025-08-24 08:24:45',NULL,'2025-08-24 08:11:45','2025-10-22 23:42:03','2025-10-22 23:42:06','delivery',NULL,'unpaid',NULL,NULL,NULL,NULL),(153,1,NULL,19,NULL,'NKH-DT-20250725-9839-0aa','pending',0,'completed',105.00,10.50,0.00,115.50,0.00,'USD','2025-07-24 20:59:10','2025-07-24 20:59:10','Vegetarian option','2025-07-24 20:49:10','2025-10-22 23:42:03','2025-10-22 23:42:06','pickup',NULL,'unpaid',NULL,NULL,NULL,NULL),(154,3,NULL,14,NULL,'NKH-BB-20251021-7721-b85','pending',0,'pending',147.00,14.70,0.00,161.70,0.00,'USD','2025-10-21 08:17:43',NULL,'Gluten free preparation','2025-10-21 08:44:43','2025-10-22 23:42:03','2025-10-22 23:42:06','pickup',NULL,'unpaid',NULL,NULL,NULL,NULL),(155,1,NULL,23,NULL,'NKH-DT-20251003-2155-5cb','pending',0,'completed',85.50,8.55,0.00,94.05,0.00,'USD','2025-10-03 08:22:26','2025-10-03 08:22:26','Make it spicy','2025-10-03 08:24:26','2025-10-22 23:42:03','2025-10-22 23:42:06','delivery',NULL,'unpaid',NULL,NULL,NULL,NULL),(156,4,103,12,NULL,'NKH-KP-20250916-6606-4e7','pending',0,'preparing',77.00,7.70,0.00,84.70,0.00,'USD','2025-09-15 22:54:51',NULL,'No onions','2025-09-15 23:21:51','2025-10-22 23:42:03','2025-10-22 23:42:06','dine-in',NULL,'unpaid',NULL,NULL,NULL,NULL),(157,3,82,18,NULL,'NKH-BB-20250920-1963-d12','pending',0,'ready',146.00,14.60,0.00,160.60,0.00,'USD','2025-09-20 11:01:11',NULL,NULL,'2025-09-20 11:21:11','2025-10-22 23:42:03','2025-10-22 23:42:06','dine-in',NULL,'unpaid',NULL,NULL,NULL,NULL),(158,2,37,1,NULL,'NKH-SR-20251015-0070-eca','pending',0,'preparing',136.00,13.60,0.00,149.60,0.00,'USD','2025-10-15 00:27:24',NULL,'On the side','2025-10-15 00:49:24','2025-10-22 23:42:03','2025-10-22 23:42:06','dine-in',NULL,'unpaid',NULL,NULL,NULL,NULL),(159,1,NULL,14,NULL,'NKH-DT-20250827-0193-4e1','pending',0,'completed',105.00,10.50,0.00,115.50,0.00,'USD','2025-08-26 22:25:58','2025-08-26 22:25:58',NULL,'2025-08-26 22:26:58','2025-10-22 23:42:03','2025-10-22 23:42:06','delivery',NULL,'unpaid',NULL,NULL,NULL,NULL),(160,1,NULL,19,NULL,'NKH-DT-20250822-2480-103','pending',0,'completed',24.50,2.45,0.00,26.95,0.00,'USD','2025-08-22 16:49:29','2025-08-22 16:49:29','Extra sauce','2025-08-22 16:33:29','2025-10-22 23:42:03','2025-10-22 23:42:07','delivery',NULL,'unpaid',NULL,NULL,NULL,NULL),(161,2,NULL,1,NULL,'NKH-SR-20250924-2350-6f7','pending',0,'received',205.50,20.55,0.00,226.05,0.00,'USD','2025-09-23 17:52:35',NULL,'No spicy please','2025-09-23 18:13:35','2025-10-22 23:42:03','2025-10-22 23:42:07','pickup',NULL,'unpaid',NULL,NULL,NULL,NULL),(162,1,NULL,21,NULL,'NKH-DT-20250909-2742-916','pending',0,'ready',21.00,2.10,0.00,23.10,0.00,'USD','2025-09-09 09:43:15',NULL,NULL,'2025-09-09 10:17:15','2025-10-22 23:42:03','2025-10-22 23:42:07','pickup',NULL,'unpaid',NULL,NULL,NULL,NULL),(163,4,NULL,14,NULL,'NKH-KP-20251014-7025-b75','pending',0,'ready',150.00,15.00,0.00,165.00,0.00,'USD','2025-10-13 20:53:06',NULL,'Well done','2025-10-13 21:20:06','2025-10-22 23:42:03','2025-10-22 23:42:07','pickup',NULL,'unpaid',NULL,NULL,NULL,NULL),(164,4,123,2,NULL,'NKH-KP-20251004-5670-5cd','pending',0,'completed',154.50,15.45,0.00,169.95,0.00,'USD','2025-10-04 16:45:23','2025-10-04 16:45:23','Extra sauce','2025-10-04 16:17:23','2025-10-22 23:42:03','2025-10-22 23:42:07','dine-in',NULL,'unpaid',NULL,NULL,NULL,NULL),(165,4,NULL,23,NULL,'NKH-KP-20250807-6315-299','pending',0,'received',92.50,9.25,0.00,101.75,0.00,'USD','2025-08-06 19:13:56',NULL,NULL,'2025-08-06 19:45:56','2025-10-22 23:42:03','2025-10-22 23:42:07','delivery',NULL,'unpaid',NULL,NULL,NULL,NULL),(166,4,110,1,NULL,'NKH-KP-20250929-4876-cc4','pending',0,'completed',63.50,6.35,4.57,65.28,0.00,'USD','2025-09-28 22:05:29','2025-09-28 22:05:29','On the side','2025-09-28 21:31:29','2025-10-22 23:42:03','2025-10-22 23:42:07','dine-in',NULL,'unpaid',NULL,NULL,NULL,NULL),(167,1,NULL,10,NULL,'NKH-DT-20250810-6479-d20','pending',0,'received',144.00,14.40,0.00,158.40,0.00,'USD','2025-08-10 15:45:36',NULL,NULL,'2025-08-10 16:13:36','2025-10-22 23:42:03','2025-10-22 23:42:07','pickup',NULL,'unpaid',NULL,NULL,NULL,NULL),(168,1,NULL,9,NULL,'NKH-DT-20250917-4534-361','pending',0,'preparing',44.00,4.40,7.06,41.34,0.00,'USD','2025-09-17 06:10:35',NULL,'No onions','2025-09-17 06:35:35','2025-10-22 23:42:03','2025-10-22 23:42:07','pickup',NULL,'unpaid',NULL,NULL,NULL,NULL),(169,1,18,19,NULL,'NKH-DT-20251014-9744-ae8','pending',0,'preparing',150.50,15.05,0.00,165.55,0.00,'USD','2025-10-14 01:14:59',NULL,'Extra vegetables','2025-10-14 01:39:59','2025-10-22 23:42:03','2025-10-22 23:42:07','dine-in',NULL,'unpaid',NULL,NULL,NULL,NULL),(170,3,NULL,18,NULL,'NKH-BB-20251002-4861-00e','pending',0,'completed',27.50,2.75,0.00,30.25,0.00,'USD','2025-10-02 17:42:19','2025-10-02 17:42:19',NULL,'2025-10-02 17:16:19','2025-10-22 23:42:03','2025-10-22 23:42:07','pickup',NULL,'unpaid',NULL,NULL,NULL,NULL),(171,2,NULL,19,NULL,'NKH-SR-20251021-1556-dbb','pending',0,'received',184.00,18.40,0.00,202.40,0.00,'USD','2025-10-21 10:16:06',NULL,'Make it spicy','2025-10-21 10:55:06','2025-10-22 23:42:03','2025-10-22 23:42:07','delivery',NULL,'unpaid',NULL,NULL,NULL,NULL),(172,4,108,3,NULL,'NKH-KP-20250911-9914-154','pending',0,'received',23.50,2.35,0.00,25.85,0.00,'USD','2025-09-11 15:01:08',NULL,NULL,'2025-09-11 15:28:08','2025-10-22 23:42:03','2025-10-22 23:42:07','dine-in',NULL,'unpaid',NULL,NULL,NULL,NULL),(173,2,63,6,NULL,'NKH-SR-20250829-6214-7c7','pending',0,'ready',27.00,2.70,0.00,29.70,0.00,'USD','2025-08-28 23:05:16',NULL,'On the side','2025-08-28 23:34:16','2025-10-22 23:42:03','2025-10-22 23:42:07','dine-in',NULL,'unpaid',NULL,NULL,NULL,NULL),(174,2,47,5,NULL,'NKH-SR-20250923-9996-402','pending',0,'received',81.50,8.15,0.00,89.65,0.00,'USD','2025-09-23 10:32:11',NULL,'Less salt','2025-09-23 10:59:11','2025-10-22 23:42:03','2025-10-22 23:42:07','dine-in',NULL,'unpaid',NULL,NULL,NULL,NULL),(175,3,NULL,11,NULL,'NKH-BB-20251018-5086-c99','pending',0,'ready',66.50,6.65,0.00,73.15,0.00,'USD','2025-10-18 13:05:25',NULL,'Extra vegetables','2025-10-18 13:41:25','2025-10-22 23:42:03','2025-10-22 23:42:07','delivery',NULL,'unpaid',NULL,NULL,NULL,NULL),(176,2,NULL,20,NULL,'NKH-SR-20250811-1902-8ba','pending',0,'pending',141.50,14.15,0.00,155.65,0.00,'USD','2025-08-10 23:36:34',NULL,NULL,'2025-08-10 23:56:34','2025-10-22 23:42:03','2025-10-22 23:42:07','pickup',NULL,'unpaid',NULL,NULL,NULL,NULL),(177,4,NULL,19,NULL,'NKH-KP-20251014-9813-10d','pending',0,'ready',137.50,13.75,0.00,151.25,0.00,'USD','2025-10-14 02:44:25',NULL,'Less salt','2025-10-14 03:09:25','2025-10-22 23:42:03','2025-10-22 23:42:07','pickup',NULL,'unpaid',NULL,NULL,NULL,NULL),(178,1,NULL,22,NULL,'NKH-DT-20250919-7834-995','pending',0,'ready',100.50,10.05,0.00,110.55,0.00,'USD','2025-09-19 04:01:00',NULL,NULL,'2025-09-19 04:22:00','2025-10-22 23:42:03','2025-10-22 23:42:07','pickup',NULL,'unpaid',NULL,NULL,NULL,NULL),(179,1,23,13,NULL,'NKH-DT-20250731-1915-6e8','pending',0,'pending',88.50,8.85,0.00,97.35,0.00,'USD','2025-07-30 19:05:35',NULL,'No spicy please','2025-07-30 19:28:35','2025-10-22 23:42:03','2025-10-22 23:42:07','dine-in',NULL,'unpaid',NULL,NULL,NULL,NULL),(180,4,NULL,14,NULL,'NKH-KP-20250730-4827-596','pending',0,'preparing',64.00,6.40,0.00,70.40,0.00,'USD','2025-07-30 04:30:45',NULL,'No spicy please','2025-07-30 05:00:45','2025-10-22 23:42:03','2025-10-22 23:42:07','delivery',NULL,'unpaid',NULL,NULL,NULL,NULL),(181,2,NULL,5,NULL,'NKH-SR-20250818-9323-ea7','pending',0,'ready',56.00,5.60,5.72,55.88,0.00,'USD','2025-08-18 06:42:41',NULL,'Extra vegetables','2025-08-18 07:03:41','2025-10-22 23:42:03','2025-10-22 23:42:07','pickup',NULL,'unpaid',NULL,NULL,NULL,NULL),(182,1,25,19,NULL,'NKH-DT-20250904-7618-75d','pending',0,'preparing',119.00,11.90,0.00,130.90,0.00,'USD','2025-09-03 18:47:38',NULL,'No onions','2025-09-03 19:08:38','2025-10-22 23:42:03','2025-10-22 23:42:07','dine-in',NULL,'unpaid',NULL,NULL,NULL,NULL),(183,2,45,15,NULL,'NKH-SR-20250912-4828-4c6','pending',0,'ready',59.00,5.90,0.00,64.90,0.00,'USD','2025-09-11 21:20:35',NULL,NULL,'2025-09-11 21:50:35','2025-10-22 23:42:03','2025-10-22 23:42:07','dine-in',NULL,'unpaid',NULL,NULL,NULL,NULL),(184,4,121,12,NULL,'NKH-KP-20250801-1174-f09','pending',0,'completed',21.50,2.15,0.00,23.65,0.00,'USD','2025-08-01 09:54:20','2025-08-01 09:54:20','Extra vegetables','2025-08-01 09:33:20','2025-10-22 23:42:03','2025-10-22 23:42:07','dine-in',NULL,'unpaid',NULL,NULL,NULL,NULL),(185,4,NULL,12,NULL,'NKH-KP-20250812-5274-c81','pending',0,'pending',64.50,6.45,3.18,67.77,0.00,'USD','2025-08-12 09:42:01',NULL,'Extra vegetables','2025-08-12 10:23:01','2025-10-22 23:42:03','2025-10-22 23:42:07','delivery',NULL,'unpaid',NULL,NULL,NULL,NULL),(186,3,77,9,NULL,'NKH-BB-20250904-8857-4c3','pending',0,'ready',100.50,10.05,0.00,110.55,0.00,'USD','2025-09-03 21:48:08',NULL,'Well done','2025-09-03 22:11:08','2025-10-22 23:42:03','2025-10-22 23:42:07','dine-in',NULL,'unpaid',NULL,NULL,NULL,NULL),(187,1,NULL,13,NULL,'NKH-DT-20250914-3333-c37','pending',0,'preparing',173.00,17.30,0.00,190.30,0.00,'USD','2025-09-14 00:51:41',NULL,NULL,'2025-09-14 01:20:41','2025-10-22 23:42:03','2025-10-22 23:42:07','pickup',NULL,'unpaid',NULL,NULL,NULL,NULL),(188,3,74,12,NULL,'NKH-BB-20250927-9788-fa8','pending',0,'received',85.50,8.55,0.00,94.05,0.00,'USD','2025-09-26 23:06:56',NULL,'Gluten free preparation','2025-09-26 23:27:56','2025-10-22 23:42:03','2025-10-22 23:42:07','dine-in',NULL,'unpaid',NULL,NULL,NULL,NULL),(189,3,NULL,2,NULL,'NKH-BB-20250823-2856-403','pending',0,'ready',158.00,15.80,0.00,173.80,0.00,'USD','2025-08-23 15:08:03',NULL,'Make it spicy','2025-08-23 15:49:03','2025-10-22 23:42:03','2025-10-22 23:42:07','delivery',NULL,'unpaid',NULL,NULL,NULL,NULL),(190,2,NULL,19,NULL,'NKH-SR-20250808-9847-48b','pending',0,'received',151.00,15.10,5.44,160.66,0.00,'USD','2025-08-08 14:01:07',NULL,NULL,'2025-08-08 14:35:07','2025-10-22 23:42:03','2025-10-22 23:42:07','pickup',NULL,'unpaid',NULL,NULL,NULL,NULL),(191,2,NULL,10,NULL,'NKH-SR-20251013-3848-330','pending',0,'received',86.00,8.60,0.00,94.60,0.00,'USD','2025-10-12 17:46:56',NULL,'Vegetarian option','2025-10-12 18:28:56','2025-10-22 23:42:03','2025-10-22 23:42:07','delivery',NULL,'unpaid',NULL,NULL,NULL,NULL),(192,3,NULL,15,NULL,'NKH-BB-20250808-3878-584','pending',0,'completed',136.00,13.60,0.00,149.60,0.00,'USD','2025-08-08 09:37:24','2025-08-08 09:37:24',NULL,'2025-08-08 09:49:24','2025-10-22 23:42:03','2025-10-22 23:42:07','delivery',NULL,'unpaid',NULL,NULL,NULL,NULL),(193,1,5,6,NULL,'NKH-DT-20251007-1988-95f','pending',0,'pending',124.50,12.45,9.78,127.17,0.00,'USD','2025-10-06 18:32:28',NULL,NULL,'2025-10-06 18:53:28','2025-10-22 23:42:03','2025-10-22 23:42:07','dine-in',NULL,'unpaid',NULL,NULL,NULL,NULL),(194,1,28,15,NULL,'NKH-DT-20250829-2763-ceb','pending',0,'ready',207.50,20.75,0.00,228.25,0.00,'USD','2025-08-29 05:47:50',NULL,NULL,'2025-08-29 06:14:50','2025-10-22 23:42:03','2025-10-22 23:42:07','dine-in',NULL,'unpaid',NULL,NULL,NULL,NULL),(195,2,NULL,2,NULL,'NKH-SR-20251007-1622-92f','pending',0,'completed',150.00,15.00,0.00,165.00,0.00,'USD','2025-10-07 12:17:21','2025-10-07 12:17:21',NULL,'2025-10-07 11:59:21','2025-10-22 23:42:03','2025-10-22 23:42:07','delivery',NULL,'unpaid',NULL,NULL,NULL,NULL),(196,3,NULL,23,NULL,'NKH-BB-20250728-4698-faa','pending',0,'completed',44.50,4.45,3.97,44.98,0.00,'USD','2025-07-27 18:29:45','2025-07-27 18:29:45',NULL,'2025-07-27 18:32:45','2025-10-22 23:42:03','2025-10-22 23:42:07','pickup',NULL,'unpaid',NULL,NULL,NULL,NULL),(197,1,NULL,17,NULL,'NKH-DT-20250807-9005-a86','pending',0,'pending',69.00,6.90,0.00,75.90,0.00,'USD','2025-08-07 15:05:59',NULL,'No onions','2025-08-07 15:25:59','2025-10-22 23:42:03','2025-10-22 23:42:07','pickup',NULL,'unpaid',NULL,NULL,NULL,NULL),(198,1,NULL,22,NULL,'NKH-DT-20250816-4885-73d','pending',0,'preparing',93.00,9.30,0.00,102.30,0.00,'USD','2025-08-15 22:57:57',NULL,'Vegetarian option','2025-08-15 23:46:57','2025-10-22 23:42:03','2025-10-22 23:42:07','delivery',NULL,'unpaid',NULL,NULL,NULL,NULL),(199,3,NULL,22,NULL,'NKH-BB-20250828-2445-fea','pending',0,'pending',9.00,0.90,0.00,9.90,0.00,'USD','2025-08-28 08:37:40',NULL,'On the side','2025-08-28 09:12:40','2025-10-22 23:42:03','2025-10-22 23:42:07','delivery',NULL,'unpaid',NULL,NULL,NULL,NULL),(200,2,NULL,11,NULL,'NKH-SR-20250921-5710-3ef','pending',0,'completed',152.50,15.25,0.00,167.75,0.00,'USD','2025-09-21 07:29:06','2025-09-21 07:29:06','Make it spicy','2025-09-21 07:01:06','2025-10-22 23:42:03','2025-10-22 23:42:07','delivery',NULL,'unpaid',NULL,NULL,NULL,NULL),(201,1,NULL,16,NULL,'NKH-DT-20250723-0636-756','pending',0,'ready',99.50,9.95,5.75,103.70,0.00,'USD','2025-07-23 08:25:36',NULL,NULL,'2025-07-23 08:51:36','2025-10-22 23:42:03','2025-10-22 23:42:07','pickup',NULL,'unpaid',NULL,NULL,NULL,NULL),(202,3,NULL,21,NULL,'NKH-BB-20250818-7489-67a','pending',0,'completed',89.00,8.90,0.00,97.90,0.00,'USD','2025-08-18 13:05:06','2025-08-18 13:05:06','Vegetarian option','2025-08-18 12:42:06','2025-10-22 23:42:03','2025-10-22 23:42:07','pickup',NULL,'unpaid',NULL,NULL,NULL,NULL),(203,4,109,5,NULL,'NKH-KP-20251005-1346-3b9','pending',0,'received',143.00,14.30,0.00,157.30,0.00,'USD','2025-10-04 18:32:20',NULL,NULL,'2025-10-04 18:59:20','2025-10-22 23:42:03','2025-10-22 23:42:07','dine-in',NULL,'unpaid',NULL,NULL,NULL,NULL),(204,3,76,18,NULL,'NKH-BB-20250827-1149-9c9','pending',0,'received',52.50,5.25,9.00,48.75,0.00,'USD','2025-08-27 11:04:32',NULL,'Gluten free preparation','2025-08-27 11:34:32','2025-10-22 23:42:03','2025-10-22 23:42:07','dine-in',NULL,'unpaid',NULL,NULL,NULL,NULL),(205,4,NULL,11,NULL,'NKH-KP-20251012-8293-f6e','pending',0,'ready',71.00,7.10,0.00,78.10,0.00,'USD','2025-10-12 04:59:02',NULL,'On the side','2025-10-12 05:34:02','2025-10-22 23:42:03','2025-10-22 23:42:07','delivery',NULL,'unpaid',NULL,NULL,NULL,NULL),(206,4,NULL,10,NULL,'NKH-KP-20251003-6835-675','pending',0,'preparing',152.50,15.25,0.00,167.75,0.00,'USD','2025-10-03 09:25:46',NULL,'On the side','2025-10-03 10:04:46','2025-10-22 23:42:03','2025-10-22 23:42:07','delivery',NULL,'unpaid',NULL,NULL,NULL,NULL),(207,4,119,8,NULL,'NKH-KP-20250915-5821-3ff','pending',0,'preparing',11.00,1.10,0.00,12.10,0.00,'USD','2025-09-14 18:29:29',NULL,'Extra vegetables','2025-09-14 18:57:29','2025-10-22 23:42:03','2025-10-22 23:42:07','dine-in',NULL,'unpaid',NULL,NULL,NULL,NULL),(208,1,29,3,NULL,'NKH-DT-20250914-4120-7e8','pending',0,'received',45.00,4.50,0.00,49.50,0.00,'USD','2025-09-13 20:09:47',NULL,NULL,'2025-09-13 20:31:47','2025-10-22 23:42:03','2025-10-22 23:42:07','dine-in',NULL,'unpaid',NULL,NULL,NULL,NULL),(209,4,NULL,5,NULL,'NKH-KP-20250907-6565-c28','pending',0,'ready',25.50,2.55,7.88,20.17,0.00,'USD','2025-09-07 04:11:43',NULL,'No spicy please','2025-09-07 04:35:43','2025-10-22 23:42:03','2025-10-22 23:42:07','pickup',NULL,'unpaid',NULL,NULL,NULL,NULL),(210,4,NULL,2,NULL,'NKH-KP-20250813-5027-a97','pending',0,'received',157.50,15.75,0.00,173.25,0.00,'USD','2025-08-12 23:51:34',NULL,'No onions','2025-08-13 00:19:34','2025-10-22 23:42:03','2025-10-22 23:42:08','pickup',NULL,'unpaid',NULL,NULL,NULL,NULL),(211,1,17,10,NULL,'NKH-DT-20250825-1913-e57','pending',0,'received',13.00,1.30,0.00,14.30,0.00,'USD','2025-08-25 02:10:32',NULL,'Extra vegetables','2025-08-25 02:32:32','2025-10-22 23:42:03','2025-10-22 23:42:08','dine-in',NULL,'unpaid',NULL,NULL,NULL,NULL),(212,4,NULL,25,NULL,'NKH-KP-20250723-9815-a8b','pending',0,'pending',61.00,6.10,0.00,67.10,0.00,'USD','2025-07-23 03:45:15',NULL,NULL,'2025-07-23 04:10:15','2025-10-22 23:42:03','2025-10-22 23:42:08','pickup',NULL,'unpaid',NULL,NULL,NULL,NULL),(213,4,NULL,18,NULL,'NKH-KP-20250923-8652-013','pending',0,'pending',8.50,0.85,5.06,4.29,0.00,'USD','2025-09-22 17:12:36',NULL,'Extra sauce','2025-09-22 17:59:36','2025-10-22 23:42:03','2025-10-22 23:42:08','delivery',NULL,'unpaid',NULL,NULL,NULL,NULL),(214,4,118,5,NULL,'NKH-KP-20250818-0089-a4f','pending',0,'ready',17.00,1.70,0.00,18.70,0.00,'USD','2025-08-17 22:53:22',NULL,'Vegetarian option','2025-08-17 23:21:22','2025-10-22 23:42:03','2025-10-22 23:42:08','dine-in',NULL,'unpaid',NULL,NULL,NULL,NULL),(215,1,NULL,20,NULL,'NKH-DT-20250918-6944-147','pending',0,'completed',199.00,19.90,0.00,218.90,0.00,'USD','2025-09-18 13:49:41','2025-09-18 13:49:41','Less salt','2025-09-18 13:54:41','2025-10-22 23:42:03','2025-10-22 23:42:08','delivery',NULL,'unpaid',NULL,NULL,NULL,NULL),(216,4,109,24,NULL,'NKH-KP-20251023-9429-1b6','pending',0,'pending',139.50,13.95,0.00,153.45,0.00,'USD','2025-10-22 23:11:23',NULL,NULL,'2025-10-22 23:33:23','2025-10-22 23:42:03','2025-10-22 23:42:08','dine-in',NULL,'unpaid',NULL,NULL,NULL,NULL),(217,4,NULL,23,NULL,'NKH-KP-20251015-7589-041','pending',0,'pending',35.50,3.55,2.25,36.80,0.00,'USD','2025-10-15 11:46:05',NULL,'Make it spicy','2025-10-15 12:24:05','2025-10-22 23:42:03','2025-10-22 23:42:08','delivery',NULL,'unpaid',NULL,NULL,NULL,NULL),(218,3,88,25,NULL,'NKH-BB-20250810-4241-85a','pending',0,'received',68.00,6.80,0.00,74.80,0.00,'USD','2025-08-09 17:23:15',NULL,'No onions','2025-08-09 17:46:15','2025-10-22 23:42:03','2025-10-22 23:42:08','dine-in',NULL,'unpaid',NULL,NULL,NULL,NULL),(219,2,NULL,17,NULL,'NKH-SR-20250802-5340-caf','pending',0,'ready',36.00,3.60,0.00,39.60,0.00,'USD','2025-08-02 13:52:25',NULL,NULL,'2025-08-02 14:16:25','2025-10-22 23:42:03','2025-10-22 23:42:08','pickup',NULL,'unpaid',NULL,NULL,NULL,NULL),(220,1,14,24,NULL,'NKH-DT-20250724-6871-1ed','pending',0,'ready',100.50,10.05,0.00,110.55,0.00,'USD','2025-07-24 05:19:26',NULL,NULL,'2025-07-24 05:47:26','2025-10-22 23:42:03','2025-10-22 23:42:08','dine-in',NULL,'unpaid',NULL,NULL,NULL,NULL),(221,2,NULL,11,NULL,'NKH-SR-20250903-2046-459','pending',0,'received',89.00,8.90,0.00,97.90,0.00,'USD','2025-09-03 13:44:54',NULL,NULL,'2025-09-03 14:18:54','2025-10-22 23:42:03','2025-10-22 23:42:08','delivery',NULL,'unpaid',NULL,NULL,NULL,NULL),(222,2,NULL,23,NULL,'NKH-SR-20250929-6679-854','pending',0,'pending',153.00,15.30,0.00,168.30,0.00,'USD','2025-09-29 06:48:13',NULL,'Extra vegetables','2025-09-29 07:22:13','2025-10-22 23:42:03','2025-10-22 23:42:08','pickup',NULL,'unpaid',NULL,NULL,NULL,NULL),(223,2,NULL,15,NULL,'NKH-SR-20251002-5691-2a8','pending',0,'ready',16.00,1.60,0.00,17.60,0.00,'USD','2025-10-02 14:27:47',NULL,NULL,'2025-10-02 14:57:47','2025-10-22 23:42:03','2025-10-22 23:42:08','delivery',NULL,'unpaid',NULL,NULL,NULL,NULL),(224,1,3,15,NULL,'NKH-DT-20250808-6809-242','pending',0,'received',236.00,23.60,0.00,259.60,0.00,'USD','2025-08-08 16:26:52',NULL,NULL,'2025-08-08 16:48:52','2025-10-22 23:42:03','2025-10-22 23:42:08','dine-in',NULL,'unpaid',NULL,NULL,NULL,NULL),(225,1,32,1,NULL,'NKH-DT-20250822-6085-45d','pending',0,'received',93.00,9.30,0.00,102.30,0.00,'USD','2025-08-21 22:29:12',NULL,'Make it spicy','2025-08-21 22:56:12','2025-10-22 23:42:03','2025-10-22 23:42:08','dine-in',NULL,'unpaid',NULL,NULL,NULL,NULL),(226,3,80,7,NULL,'NKH-BB-20251011-6163-a66','pending',0,'pending',76.50,7.65,0.00,84.15,0.00,'USD','2025-10-10 23:32:08',NULL,'On the side','2025-10-11 00:00:08','2025-10-22 23:42:03','2025-10-22 23:42:08','dine-in',NULL,'unpaid',NULL,NULL,NULL,NULL),(227,1,NULL,8,NULL,'NKH-DT-20251021-1813-06e','pending',0,'preparing',99.00,9.90,5.23,103.67,0.00,'USD','2025-10-20 19:50:09',NULL,'Gluten free preparation','2025-10-20 20:24:09','2025-10-22 23:42:03','2025-10-22 23:42:08','pickup',NULL,'unpaid',NULL,NULL,NULL,NULL),(228,2,NULL,16,NULL,'NKH-SR-20250909-4451-6e4','pending',0,'ready',133.50,13.35,0.00,146.85,0.00,'USD','2025-09-08 21:35:58',NULL,NULL,'2025-09-08 22:08:58','2025-10-22 23:42:03','2025-10-22 23:42:08','pickup',NULL,'unpaid',NULL,NULL,NULL,NULL),(229,3,NULL,2,NULL,'NKH-BB-20250926-1330-d55','pending',0,'received',91.50,9.15,0.00,100.65,0.00,'USD','2025-09-25 20:57:29',NULL,NULL,'2025-09-25 21:25:29','2025-10-22 23:42:03','2025-10-22 23:42:08','pickup',NULL,'unpaid',NULL,NULL,NULL,NULL),(230,3,NULL,9,NULL,'NKH-BB-20250827-1659-48c','pending',0,'preparing',59.50,5.95,0.00,65.45,0.00,'USD','2025-08-26 20:27:59',NULL,'On the side','2025-08-26 21:03:59','2025-10-22 23:42:03','2025-10-22 23:42:08','delivery',NULL,'unpaid',NULL,NULL,NULL,NULL),(231,2,NULL,5,NULL,'NKH-SR-20250920-3325-526','pending',0,'preparing',147.00,14.70,0.00,161.70,0.00,'USD','2025-09-20 07:10:34',NULL,'Less salt','2025-09-20 07:40:34','2025-10-22 23:42:03','2025-10-22 23:42:08','pickup',NULL,'unpaid',NULL,NULL,NULL,NULL),(232,2,NULL,21,NULL,'NKH-SR-20250817-9800-11d','pending',0,'pending',170.50,17.05,4.25,183.30,0.00,'USD','2025-08-17 14:20:42',NULL,NULL,'2025-08-17 15:01:42','2025-10-22 23:42:03','2025-10-22 23:42:08','delivery',NULL,'unpaid',NULL,NULL,NULL,NULL),(233,4,113,25,NULL,'NKH-KP-20250903-7146-af7','pending',0,'preparing',73.50,7.35,0.00,80.85,0.00,'USD','2025-09-03 12:52:25',NULL,'Less salt','2025-09-03 13:12:25','2025-10-22 23:42:03','2025-10-22 23:42:08','dine-in',NULL,'unpaid',NULL,NULL,NULL,NULL),(234,1,2,10,NULL,'NKH-DT-20250923-5042-370','pending',0,'ready',76.00,7.60,0.00,83.60,0.00,'USD','2025-09-23 16:46:36',NULL,NULL,'2025-09-23 17:14:36','2025-10-22 23:42:03','2025-10-22 23:42:08','dine-in',NULL,'unpaid',NULL,NULL,NULL,NULL),(235,3,77,7,NULL,'NKH-BB-20250728-0281-d92','pending',0,'received',97.50,9.75,0.00,107.25,0.00,'USD','2025-07-28 12:04:09',NULL,'No onions','2025-07-28 12:33:09','2025-10-22 23:42:03','2025-10-22 23:42:08','dine-in',NULL,'unpaid',NULL,NULL,NULL,NULL),(236,2,NULL,4,NULL,'NKH-SR-20250901-2792-b6f','pending',0,'ready',22.00,2.20,7.70,16.50,0.00,'USD','2025-08-31 18:53:59',NULL,'Gluten free preparation','2025-08-31 19:38:59','2025-10-22 23:42:03','2025-10-22 23:42:08','delivery',NULL,'unpaid',NULL,NULL,NULL,NULL),(237,3,NULL,15,NULL,'NKH-BB-20250930-0119-952','pending',0,'pending',39.50,3.95,0.00,43.45,0.00,'USD','2025-09-30 04:37:13',NULL,'Vegetarian option','2025-09-30 05:08:13','2025-10-22 23:42:03','2025-10-22 23:42:08','pickup',NULL,'unpaid',NULL,NULL,NULL,NULL),(238,1,21,1,NULL,'NKH-DT-20250923-8338-09d','pending',0,'preparing',120.50,12.05,0.00,132.55,0.00,'USD','2025-09-22 17:08:39',NULL,'Make it spicy','2025-09-22 17:35:39','2025-10-22 23:42:03','2025-10-22 23:42:08','dine-in',NULL,'unpaid',NULL,NULL,NULL,NULL),(239,4,NULL,21,NULL,'NKH-KP-20251008-8902-772','pending',0,'preparing',98.00,9.80,0.00,107.80,0.00,'USD','2025-10-07 22:48:26',NULL,'No onions','2025-10-07 23:28:26','2025-10-22 23:42:03','2025-10-22 23:42:08','delivery',NULL,'unpaid',NULL,NULL,NULL,NULL),(240,4,NULL,8,NULL,'NKH-KP-20250911-6388-678','pending',0,'completed',21.00,2.10,0.00,23.10,0.00,'USD','2025-09-11 08:01:00','2025-09-11 08:01:00','On the side','2025-09-11 08:14:00','2025-10-22 23:42:03','2025-10-22 23:42:08','delivery',NULL,'unpaid',NULL,NULL,NULL,NULL),(241,3,72,14,NULL,'NKH-BB-20251017-2457-fc2','pending',0,'preparing',17.00,1.70,0.00,18.70,0.00,'USD','2025-10-17 08:33:48',NULL,NULL,'2025-10-17 08:53:48','2025-10-22 23:42:03','2025-10-22 23:42:08','dine-in',NULL,'unpaid',NULL,NULL,NULL,NULL),(242,2,NULL,24,NULL,'NKH-SR-20251011-5537-07b','pending',0,'ready',40.50,4.05,0.00,44.55,0.00,'USD','2025-10-10 20:28:22',NULL,'Extra vegetables','2025-10-10 21:17:22','2025-10-22 23:42:03','2025-10-22 23:42:08','delivery',NULL,'unpaid',NULL,NULL,NULL,NULL),(243,3,NULL,1,NULL,'NKH-BB-20250725-4035-289','pending',0,'preparing',33.50,3.35,0.00,36.85,0.00,'USD','2025-07-24 22:35:42',NULL,'Make it spicy','2025-07-24 23:05:42','2025-10-22 23:42:03','2025-10-22 23:42:08','delivery',NULL,'unpaid',NULL,NULL,NULL,NULL),(244,2,NULL,3,NULL,'NKH-SR-20250905-7627-e32','pending',0,'ready',157.50,15.75,0.00,173.25,0.00,'USD','2025-09-04 23:11:25',NULL,'No onions','2025-09-04 23:31:25','2025-10-22 23:42:03','2025-10-22 23:42:08','pickup',NULL,'unpaid',NULL,NULL,NULL,NULL),(245,4,NULL,6,NULL,'NKH-KP-20250818-1979-d64','pending',0,'ready',49.50,4.95,0.00,54.45,0.00,'USD','2025-08-18 02:26:02',NULL,NULL,'2025-08-18 02:47:02','2025-10-22 23:42:03','2025-10-22 23:42:08','pickup',NULL,'unpaid',NULL,NULL,NULL,NULL),(246,4,111,18,NULL,'NKH-KP-20250826-5225-01e','pending',0,'completed',148.50,14.85,4.63,158.72,0.00,'USD','2025-08-25 22:43:55','2025-08-25 22:43:55','Less salt','2025-08-25 22:21:55','2025-10-22 23:42:03','2025-10-22 23:42:08','dine-in',NULL,'unpaid',NULL,NULL,NULL,NULL),(247,4,NULL,9,NULL,'NKH-KP-20250804-8027-a7d','pending',0,'preparing',33.50,3.35,8.27,28.58,0.00,'USD','2025-08-03 21:14:30',NULL,'No onions','2025-08-03 21:40:30','2025-10-22 23:42:03','2025-10-22 23:42:08','pickup',NULL,'unpaid',NULL,NULL,NULL,NULL),(248,2,52,14,NULL,'NKH-SR-20250824-7901-86a','pending',0,'pending',150.00,15.00,0.00,165.00,0.00,'USD','2025-08-23 22:49:20',NULL,'Vegetarian option','2025-08-23 23:16:20','2025-10-22 23:42:03','2025-10-22 23:42:08','dine-in',NULL,'unpaid',NULL,NULL,NULL,NULL),(249,4,NULL,12,NULL,'NKH-KP-20251020-0166-bdb','pending',0,'received',132.50,13.25,0.00,145.75,0.00,'USD','2025-10-20 02:38:05',NULL,NULL,'2025-10-20 03:23:05','2025-10-22 23:42:03','2025-10-22 23:42:08','delivery',NULL,'unpaid',NULL,NULL,NULL,NULL),(250,4,NULL,18,NULL,'NKH-KP-20251002-4668-802','pending',0,'pending',111.50,11.15,0.00,122.65,0.00,'USD','2025-10-02 00:37:23',NULL,'Well done','2025-10-02 01:15:23','2025-10-22 23:42:03','2025-10-22 23:42:08','delivery',NULL,'unpaid',NULL,NULL,NULL,NULL);
/*!40000 ALTER TABLE `orders` ENABLE KEYS */;
UNLOCK TABLES;

--
-- Table structure for table `password_reset_tokens`
--

DROP TABLE IF EXISTS `password_reset_tokens`;
/*!40101 SET @saved_cs_client     = @@character_set_client */;
/*!50503 SET character_set_client = utf8mb4 */;
CREATE TABLE `password_reset_tokens` (
  `email` varchar(255) COLLATE utf8mb4_unicode_ci NOT NULL,
  `token` varchar(255) COLLATE utf8mb4_unicode_ci NOT NULL,
  `created_at` timestamp NULL DEFAULT NULL,
  PRIMARY KEY (`email`)
) ENGINE=InnoDB DEFAULT CHARSET=utf8mb4 COLLATE=utf8mb4_unicode_ci;
/*!40101 SET character_set_client = @saved_cs_client */;

--
-- Dumping data for table `password_reset_tokens`
--

LOCK TABLES `password_reset_tokens` WRITE;
/*!40000 ALTER TABLE `password_reset_tokens` DISABLE KEYS */;
/*!40000 ALTER TABLE `password_reset_tokens` ENABLE KEYS */;
UNLOCK TABLES;

--
-- Table structure for table `payment_methods`
--

DROP TABLE IF EXISTS `payment_methods`;
/*!40101 SET @saved_cs_client     = @@character_set_client */;
/*!50503 SET character_set_client = utf8mb4 */;
CREATE TABLE `payment_methods` (
  `id` bigint unsigned NOT NULL AUTO_INCREMENT,
  `name` varchar(100) COLLATE utf8mb4_unicode_ci NOT NULL,
  `code` varchar(30) COLLATE utf8mb4_unicode_ci NOT NULL,
  `type` varchar(30) COLLATE utf8mb4_unicode_ci NOT NULL,
  `processing_fee` decimal(5,2) NOT NULL DEFAULT '0.00',
  `description` varchar(255) COLLATE utf8mb4_unicode_ci DEFAULT NULL,
  `display_order` int unsigned NOT NULL DEFAULT '0',
  `is_active` tinyint(1) NOT NULL DEFAULT '1',
  `created_at` timestamp NULL DEFAULT NULL,
  `updated_at` timestamp NULL DEFAULT NULL,
  PRIMARY KEY (`id`),
  UNIQUE KEY `payment_methods_name_unique` (`name`),
  UNIQUE KEY `payment_methods_code_unique` (`code`),
  KEY `payment_methods_is_active_index` (`is_active`)
) ENGINE=InnoDB AUTO_INCREMENT=7 DEFAULT CHARSET=utf8mb4 COLLATE=utf8mb4_unicode_ci;
/*!40101 SET character_set_client = @saved_cs_client */;

--
-- Dumping data for table `payment_methods`
--

LOCK TABLES `payment_methods` WRITE;
/*!40000 ALTER TABLE `payment_methods` DISABLE KEYS */;
INSERT INTO `payment_methods` VALUES (1,'Cash','CASH','cash',0.00,'Cash payment',0,1,'2025-10-22 23:42:02','2025-10-22 23:42:02'),(2,'Credit Card','CREDIT','card',2.50,'Visa, MasterCard, American Express',0,1,'2025-10-22 23:42:02','2025-10-22 23:42:02'),(3,'Debit Card','DEBIT','card',1.50,'Bank debit cards',0,1,'2025-10-22 23:42:02','2025-10-22 23:42:02'),(4,'Mobile Payment','MOBILE','digital',1.00,'ABA Mobile, Wing, Pi Pay',0,1,'2025-10-22 23:42:02','2025-10-22 23:42:02'),(5,'Bank Transfer','TRANSFER','transfer',0.50,'Direct bank transfer',0,1,'2025-10-22 23:42:02','2025-10-22 23:42:02'),(6,'Gift Card','GIFT','voucher',0.00,'Restaurant gift cards',0,1,'2025-10-22 23:42:02','2025-10-22 23:42:02');
/*!40000 ALTER TABLE `payment_methods` ENABLE KEYS */;
UNLOCK TABLES;

--
-- Table structure for table `payments`
--

DROP TABLE IF EXISTS `payments`;
/*!40101 SET @saved_cs_client     = @@character_set_client */;
/*!50503 SET character_set_client = utf8mb4 */;
CREATE TABLE `payments` (
  `id` bigint unsigned NOT NULL AUTO_INCREMENT,
  `invoice_id` bigint unsigned NOT NULL,
  `payment_method_id` bigint unsigned NOT NULL,
  `amount` decimal(12,2) NOT NULL,
  `transaction_id` varchar(100) COLLATE utf8mb4_unicode_ci NOT NULL,
  `reference_number` varchar(100) COLLATE utf8mb4_unicode_ci NOT NULL,
  `status` enum('pending','completed','failed','refunded') COLLATE utf8mb4_unicode_ci NOT NULL DEFAULT 'pending',
  `processed_at` timestamp NULL DEFAULT NULL,
  `notes` text COLLATE utf8mb4_unicode_ci,
  `created_at` timestamp NULL DEFAULT NULL,
  `updated_at` timestamp NULL DEFAULT NULL,
  PRIMARY KEY (`id`),
  UNIQUE KEY `payments_transaction_id_unique` (`transaction_id`),
  UNIQUE KEY `payments_reference_number_unique` (`reference_number`),
  KEY `payments_invoice_id_foreign` (`invoice_id`),
  KEY `payments_payment_method_id_foreign` (`payment_method_id`),
  KEY `payments_status_processed_at_index` (`status`,`processed_at`),
  CONSTRAINT `payments_invoice_id_foreign` FOREIGN KEY (`invoice_id`) REFERENCES `invoices` (`id`) ON DELETE CASCADE ON UPDATE CASCADE,
  CONSTRAINT `payments_payment_method_id_foreign` FOREIGN KEY (`payment_method_id`) REFERENCES `payment_methods` (`id`) ON DELETE RESTRICT ON UPDATE CASCADE
) ENGINE=InnoDB AUTO_INCREMENT=44 DEFAULT CHARSET=utf8mb4 COLLATE=utf8mb4_unicode_ci;
/*!40101 SET character_set_client = @saved_cs_client */;

--
-- Dumping data for table `payments`
--

LOCK TABLES `payments` WRITE;
/*!40000 ALTER TABLE `payments` DISABLE KEYS */;
INSERT INTO `payments` VALUES (1,2,3,171.05,'CARD-68F9CE413964D','REF-20251023-9408','pending','2025-08-24 15:04:27',NULL,'2025-10-22 23:42:09','2025-10-22 23:42:09'),(2,3,5,117.70,'BANK-68F9CE413A6C2','REF-20251023-6108','completed','2025-08-14 23:17:54','Gift card redemption','2025-10-22 23:42:09','2025-10-22 23:42:09'),(3,11,6,79.20,'GIFT-68F9CE413B326','REF-20251023-4209','completed','2025-08-14 05:07:51','Corporate payment','2025-10-22 23:42:09','2025-10-22 23:42:09'),(4,12,3,11.55,'CARD-68F9CE413BEBB','REF-20251023-5851','completed','2025-09-18 15:32:00',NULL,'2025-10-22 23:42:09','2025-10-22 23:42:09'),(5,14,3,114.95,'CARD-68F9CE413C8FB','REF-20251023-5482','completed','2025-10-17 18:09:35','Manual entry by cashier','2025-10-22 23:42:09','2025-10-22 23:42:09'),(6,15,3,115.50,'CARD-68F9CE413D3A7','REF-20251023-4608','completed','2025-09-16 21:40:01','Payment processed successfully','2025-10-22 23:42:09','2025-10-22 23:42:09'),(7,18,5,128.01,'BANK-68F9CE413DE14','REF-20251023-3094','completed','2025-09-19 03:00:41','Manual entry by cashier','2025-10-22 23:42:09','2025-10-22 23:42:09'),(8,19,2,37.40,'CARD-68F9CE413E932','REF-20251023-2343','failed','2025-08-02 15:06:01',NULL,'2025-10-22 23:42:09','2025-10-22 23:42:09'),(9,21,2,91.30,'CARD-68F9CE413F767','REF-20251023-8878','completed','2025-10-05 07:53:08','Payment processed successfully','2025-10-22 23:42:09','2025-10-22 23:42:09'),(10,24,2,128.70,'CARD-68F9CE4140668','REF-20251023-1225','completed','2025-10-22 12:30:39','Gift card redemption','2025-10-22 23:42:09','2025-10-22 23:42:09'),(11,25,1,173.80,'CASH-68F9CE41414A1','REF-20251023-0405','failed','2025-08-23 14:29:49','Tips included','2025-10-22 23:42:09','2025-10-22 23:42:09'),(12,27,3,51.15,'CARD-68F9CE4142845','REF-20251023-9787','completed','2025-09-21 17:30:41','Payment verification required','2025-10-22 23:42:09','2025-10-22 23:42:09'),(13,28,4,79.75,'DIGI-68F9CE41433EA','REF-20251023-1791','pending','2025-10-02 22:01:49',NULL,'2025-10-22 23:42:09','2025-10-22 23:42:09'),(14,29,6,120.44,'GIFT-68F9CE414442A','REF-20251023-2772','pending','2025-10-19 17:39:37','Manual entry by cashier','2025-10-22 23:42:09','2025-10-22 23:42:09'),(15,30,6,19.25,'GIFT-68F9CE4144E7E','REF-20251023-7048','completed','2025-10-11 10:08:16','Refund processed','2025-10-22 23:42:09','2025-10-22 23:42:09'),(16,35,3,51.15,'CARD-68F9CE4145B7F','REF-20251023-3130','failed','2025-09-11 23:39:37','Refund processed','2025-10-22 23:42:09','2025-10-22 23:42:09'),(17,37,3,111.74,'CARD-68F9CE4146D14','REF-20251023-3222','completed','2025-10-12 11:52:29',NULL,'2025-10-22 23:42:09','2025-10-22 23:42:09'),(18,43,3,92.40,'CARD-68F9CE4147C02','REF-20251023-2560','failed','2025-09-26 08:38:45',NULL,'2025-10-22 23:42:09','2025-10-22 23:42:09'),(19,44,5,20.35,'BANK-68F9CE4149589','REF-20251023-1363','completed','2025-10-21 09:04:29','Automatic payment','2025-10-22 23:42:09','2025-10-22 23:42:09'),(20,46,6,124.30,'GIFT-68F9CE414A463','REF-20251023-9274','completed','2025-08-02 10:06:57',NULL,'2025-10-22 23:42:09','2025-10-22 23:42:09'),(21,47,6,139.15,'GIFT-68F9CE414B44E','REF-20251023-1784','completed','2025-08-07 18:47:03',NULL,'2025-10-22 23:42:09','2025-10-22 23:42:09'),(22,48,6,112.20,'GIFT-68F9CE414C087','REF-20251023-9658','completed','2025-09-20 01:32:50','Manual entry by cashier','2025-10-22 23:42:09','2025-10-22 23:42:09'),(23,49,1,99.55,'CASH-68F9CE414C9DA','REF-20251023-1458','failed','2025-09-23 19:09:49',NULL,'2025-10-22 23:42:09','2025-10-22 23:42:09'),(24,50,5,118.80,'BANK-68F9CE414D334','REF-20251023-1089','completed','2025-09-23 08:44:29','Payment processed successfully','2025-10-22 23:42:09','2025-10-22 23:42:09'),(25,52,3,175.45,'CARD-68F9CE414DF93','REF-20251023-2120','failed','2025-10-09 23:15:16',NULL,'2025-10-22 23:42:09','2025-10-22 23:42:09'),(26,55,1,143.11,'CASH-68F9CE414EE44','REF-20251023-1493','completed','2025-10-20 01:28:13',NULL,'2025-10-22 23:42:09','2025-10-22 23:42:09'),(27,63,1,94.05,'CASH-68F9CE414F99E','REF-20251023-9601','pending','2025-10-17 08:43:08','Change given','2025-10-22 23:42:09','2025-10-22 23:42:09'),(28,67,2,23.10,'CARD-68F9CE4150653','REF-20251023-6901','completed','2025-09-22 07:52:25',NULL,'2025-10-22 23:42:09','2025-10-22 23:42:09'),(29,68,4,165.00,'DIGI-68F9CE415100C','REF-20251023-6503','pending','2025-10-13 22:20:06','Corporate payment','2025-10-22 23:42:09','2025-10-22 23:42:09'),(30,69,2,169.95,'CARD-68F9CE4151AC0','REF-20251023-1968','completed','2025-10-04 17:33:23',NULL,'2025-10-22 23:42:09','2025-10-22 23:42:09'),(31,71,6,30.25,'GIFT-68F9CE415254B','REF-20251023-7363','failed','2025-10-21 09:05:11','Split payment','2025-10-22 23:42:09','2025-10-22 23:42:09'),(32,72,3,29.70,'CARD-68F9CE4153032','REF-20251023-7138','failed','2025-08-29 00:57:16','Gift card redemption','2025-10-22 23:42:09','2025-10-22 23:42:09'),(33,73,4,73.15,'DIGI-68F9CE4153A6F','REF-20251023-5203','completed','2025-10-18 14:00:25','Payment processed successfully','2025-10-22 23:42:09','2025-10-22 23:42:09'),(34,74,4,151.25,'DIGI-68F9CE4154531','REF-20251023-3587','pending','2025-10-14 03:58:25','Gift card redemption','2025-10-22 23:42:09','2025-10-22 23:42:09'),(35,80,1,173.80,'CASH-68F9CE4154EC1','REF-20251023-4421','failed','2025-08-23 16:48:03','Tips included','2025-10-22 23:42:09','2025-10-22 23:42:09'),(36,89,5,20.17,'BANK-68F9CE4155A39','REF-20251023-9057','completed','2025-09-07 05:34:43','Automatic payment','2025-10-22 23:42:09','2025-10-22 23:42:09'),(37,91,5,218.90,'BANK-68F9CE4156402','REF-20251023-8535','completed','2025-09-18 14:22:41',NULL,'2025-10-22 23:42:09','2025-10-22 23:42:09'),(38,93,3,110.55,'CARD-68F9CE4156DC5','REF-20251023-3316','failed','2025-07-24 06:56:26','Manual entry by cashier','2025-10-22 23:42:09','2025-10-22 23:42:09'),(39,94,2,17.60,'CARD-68F9CE41576B1','REF-20251023-1053','completed','2025-10-02 16:18:47','Corporate payment','2025-10-22 23:42:09','2025-10-22 23:42:09'),(40,95,4,146.85,'DIGI-68F9CE4157FA2','REF-20251023-9370','completed','2025-09-08 22:57:58','Corporate payment','2025-10-22 23:42:09','2025-10-22 23:42:09'),(41,96,2,83.60,'CARD-68F9CE415885C','REF-20251023-2860','completed','2025-09-23 17:58:36','Manual entry by cashier','2025-10-22 23:42:09','2025-10-22 23:42:09'),(42,100,2,173.25,'CARD-68F9CE4159208','REF-20251023-2743','failed','2025-10-17 03:43:56',NULL,'2025-10-22 23:42:09','2025-10-22 23:42:09'),(43,102,6,158.72,'GIFT-68F9CE4159B8E','REF-20251023-6675','failed','2025-08-25 23:08:55','Refund processed','2025-10-22 23:42:09','2025-10-22 23:42:09');
/*!40000 ALTER TABLE `payments` ENABLE KEYS */;
UNLOCK TABLES;

--
-- Table structure for table `payrolls`
--

DROP TABLE IF EXISTS `payrolls`;
/*!40101 SET @saved_cs_client     = @@character_set_client */;
/*!50503 SET character_set_client = utf8mb4 */;
CREATE TABLE `payrolls` (
  `id` bigint unsigned NOT NULL AUTO_INCREMENT,
  `employee_id` bigint unsigned NOT NULL,
  `period_start` date NOT NULL,
  `period_end` date NOT NULL,
  `gross_pay` decimal(12,2) NOT NULL,
  `bonuses` decimal(12,2) NOT NULL DEFAULT '0.00',
  `deductions` decimal(12,2) NOT NULL DEFAULT '0.00',
  `net_pay` decimal(12,2) NOT NULL,
  `status` enum('draft','paid','cancelled') COLLATE utf8mb4_unicode_ci NOT NULL DEFAULT 'draft',
  `paid_at` timestamp NULL DEFAULT NULL,
  `created_at` timestamp NULL DEFAULT NULL,
  `updated_at` timestamp NULL DEFAULT NULL,
  PRIMARY KEY (`id`),
  KEY `payrolls_employee_id_period_start_period_end_index` (`employee_id`,`period_start`,`period_end`),
  KEY `payrolls_period_start_index` (`period_start`),
  KEY `payrolls_period_end_index` (`period_end`),
  KEY `payrolls_status_index` (`status`),
  CONSTRAINT `payrolls_employee_id_foreign` FOREIGN KEY (`employee_id`) REFERENCES `employees` (`id`) ON DELETE CASCADE ON UPDATE CASCADE
) ENGINE=InnoDB DEFAULT CHARSET=utf8mb4 COLLATE=utf8mb4_unicode_ci;
/*!40101 SET character_set_client = @saved_cs_client */;

--
-- Dumping data for table `payrolls`
--

LOCK TABLES `payrolls` WRITE;
/*!40000 ALTER TABLE `payrolls` DISABLE KEYS */;
/*!40000 ALTER TABLE `payrolls` ENABLE KEYS */;
UNLOCK TABLES;

--
-- Table structure for table `permissions`
--

DROP TABLE IF EXISTS `permissions`;
/*!40101 SET @saved_cs_client     = @@character_set_client */;
/*!50503 SET character_set_client = utf8mb4 */;
CREATE TABLE `permissions` (
  `id` bigint unsigned NOT NULL AUTO_INCREMENT,
  `name` varchar(120) COLLATE utf8mb4_unicode_ci NOT NULL,
  `slug` varchar(120) COLLATE utf8mb4_unicode_ci NOT NULL,
  `description` text COLLATE utf8mb4_unicode_ci,
  `created_at` timestamp NULL DEFAULT NULL,
  `updated_at` timestamp NULL DEFAULT NULL,
  PRIMARY KEY (`id`),
  UNIQUE KEY `permissions_name_unique` (`name`),
  UNIQUE KEY `permissions_slug_unique` (`slug`)
) ENGINE=InnoDB DEFAULT CHARSET=utf8mb4 COLLATE=utf8mb4_unicode_ci;
/*!40101 SET character_set_client = @saved_cs_client */;

--
-- Dumping data for table `permissions`
--

LOCK TABLES `permissions` WRITE;
/*!40000 ALTER TABLE `permissions` DISABLE KEYS */;
/*!40000 ALTER TABLE `permissions` ENABLE KEYS */;
UNLOCK TABLES;

--
-- Table structure for table `personal_access_tokens`
--

DROP TABLE IF EXISTS `personal_access_tokens`;
/*!40101 SET @saved_cs_client     = @@character_set_client */;
/*!50503 SET character_set_client = utf8mb4 */;
CREATE TABLE `personal_access_tokens` (
  `id` bigint unsigned NOT NULL AUTO_INCREMENT,
  `tokenable_type` varchar(255) COLLATE utf8mb4_unicode_ci NOT NULL,
  `tokenable_id` bigint unsigned NOT NULL,
  `name` varchar(255) COLLATE utf8mb4_unicode_ci NOT NULL,
  `token` varchar(64) COLLATE utf8mb4_unicode_ci NOT NULL,
  `abilities` text COLLATE utf8mb4_unicode_ci,
  `last_used_at` timestamp NULL DEFAULT NULL,
  `expires_at` timestamp NULL DEFAULT NULL,
  `created_at` timestamp NULL DEFAULT NULL,
  `updated_at` timestamp NULL DEFAULT NULL,
  PRIMARY KEY (`id`),
  UNIQUE KEY `personal_access_tokens_token_unique` (`token`),
  KEY `personal_access_tokens_tokenable_type_tokenable_id_index` (`tokenable_type`,`tokenable_id`)
) ENGINE=InnoDB DEFAULT CHARSET=utf8mb4 COLLATE=utf8mb4_unicode_ci;
/*!40101 SET character_set_client = @saved_cs_client */;

--
-- Dumping data for table `personal_access_tokens`
--

LOCK TABLES `personal_access_tokens` WRITE;
/*!40000 ALTER TABLE `personal_access_tokens` DISABLE KEYS */;
/*!40000 ALTER TABLE `personal_access_tokens` ENABLE KEYS */;
UNLOCK TABLES;

--
-- Table structure for table `positions`
--

DROP TABLE IF EXISTS `positions`;
/*!40101 SET @saved_cs_client     = @@character_set_client */;
/*!50503 SET character_set_client = utf8mb4 */;
CREATE TABLE `positions` (
  `id` bigint unsigned NOT NULL AUTO_INCREMENT,
  `title` varchar(120) COLLATE utf8mb4_unicode_ci NOT NULL,
  `description` text COLLATE utf8mb4_unicode_ci,
  `is_active` tinyint(1) NOT NULL DEFAULT '1',
  `created_at` timestamp NULL DEFAULT NULL,
  `updated_at` timestamp NULL DEFAULT NULL,
  PRIMARY KEY (`id`),
  UNIQUE KEY `positions_title_unique` (`title`),
  KEY `positions_is_active_index` (`is_active`)
) ENGINE=InnoDB AUTO_INCREMENT=14 DEFAULT CHARSET=utf8mb4 COLLATE=utf8mb4_unicode_ci;
/*!40101 SET character_set_client = @saved_cs_client */;

--
-- Dumping data for table `positions`
--

LOCK TABLES `positions` WRITE;
/*!40000 ALTER TABLE `positions` DISABLE KEYS */;
INSERT INTO `positions` VALUES (1,'General Manager','Overall restaurant operations management',1,'2025-10-22 23:41:57','2025-10-22 23:41:57'),(2,'Assistant Manager','Assists in daily operations and staff supervision',1,'2025-10-22 23:41:57','2025-10-22 23:41:57'),(3,'Head Chef','Kitchen operations and menu development',1,'2025-10-22 23:41:57','2025-10-22 23:41:57'),(4,'Sous Chef','Assists head chef and manages kitchen staff',1,'2025-10-22 23:41:57','2025-10-22 23:41:57'),(5,'Line Cook','Food preparation and cooking',1,'2025-10-22 23:41:57','2025-10-22 23:41:57'),(6,'Prep Cook','Food preparation and ingredient prep',1,'2025-10-22 23:41:57','2025-10-22 23:41:57'),(7,'Head Waiter','Supervises wait staff and ensures service quality',1,'2025-10-22 23:41:57','2025-10-22 23:41:57'),(8,'Waiter','Customer service and order taking',1,'2025-10-22 23:41:57','2025-10-22 23:41:57'),(9,'Bartender','Beverage preparation and bar service',1,'2025-10-22 23:41:57','2025-10-22 23:41:57'),(10,'Cashier','Payment processing and customer checkout',1,'2025-10-22 23:41:57','2025-10-22 23:41:57'),(11,'Host/Hostess','Guest greeting and seating coordination',1,'2025-10-22 23:41:57','2025-10-22 23:41:57'),(12,'Dishwasher','Kitchen cleaning and dishware maintenance',1,'2025-10-22 23:41:57','2025-10-22 23:41:57'),(13,'Cleaner','Restaurant cleaning and maintenance',1,'2025-10-22 23:41:57','2025-10-22 23:41:57');
/*!40000 ALTER TABLE `positions` ENABLE KEYS */;
UNLOCK TABLES;

--
-- Table structure for table `promotions`
--

DROP TABLE IF EXISTS `promotions`;
/*!40101 SET @saved_cs_client     = @@character_set_client */;
/*!50503 SET character_set_client = utf8mb4 */;
CREATE TABLE `promotions` (
  `id` bigint unsigned NOT NULL AUTO_INCREMENT,
  `created_at` timestamp NULL DEFAULT NULL,
  `updated_at` timestamp NULL DEFAULT NULL,
  PRIMARY KEY (`id`)
) ENGINE=InnoDB DEFAULT CHARSET=utf8mb4 COLLATE=utf8mb4_unicode_ci;
/*!40101 SET character_set_client = @saved_cs_client */;

--
-- Dumping data for table `promotions`
--

LOCK TABLES `promotions` WRITE;
/*!40000 ALTER TABLE `promotions` DISABLE KEYS */;
/*!40000 ALTER TABLE `promotions` ENABLE KEYS */;
UNLOCK TABLES;

--
-- Table structure for table `purchase_order_items`
--

DROP TABLE IF EXISTS `purchase_order_items`;
/*!40101 SET @saved_cs_client     = @@character_set_client */;
/*!50503 SET character_set_client = utf8mb4 */;
CREATE TABLE `purchase_order_items` (
  `id` bigint unsigned NOT NULL AUTO_INCREMENT,
  `purchase_order_id` bigint unsigned NOT NULL,
  `ingredient_id` bigint unsigned NOT NULL,
  `quantity_ordered` decimal(12,3) NOT NULL,
  `quantity_received` decimal(12,3) NOT NULL DEFAULT '0.000',
  `unit_price` decimal(12,2) NOT NULL,
  `discount_amount` decimal(12,2) NOT NULL DEFAULT '0.00',
  `total` decimal(12,2) NOT NULL,
  `status` enum('open','partial','closed','cancelled') COLLATE utf8mb4_unicode_ci NOT NULL DEFAULT 'open',
  `tax_amount` decimal(12,2) NOT NULL DEFAULT '0.00',
  `created_at` timestamp NULL DEFAULT NULL,
  `updated_at` timestamp NULL DEFAULT NULL,
  PRIMARY KEY (`id`),
  KEY `purchase_order_items_purchase_order_id_foreign` (`purchase_order_id`),
  KEY `purchase_order_items_ingredient_id_foreign` (`ingredient_id`),
  KEY `purchase_order_items_status_index` (`status`),
  CONSTRAINT `purchase_order_items_ingredient_id_foreign` FOREIGN KEY (`ingredient_id`) REFERENCES `ingredients` (`id`) ON DELETE RESTRICT ON UPDATE CASCADE,
  CONSTRAINT `purchase_order_items_purchase_order_id_foreign` FOREIGN KEY (`purchase_order_id`) REFERENCES `purchase_orders` (`id`) ON DELETE CASCADE ON UPDATE CASCADE
) ENGINE=InnoDB DEFAULT CHARSET=utf8mb4 COLLATE=utf8mb4_unicode_ci;
/*!40101 SET character_set_client = @saved_cs_client */;

--
-- Dumping data for table `purchase_order_items`
--

LOCK TABLES `purchase_order_items` WRITE;
/*!40000 ALTER TABLE `purchase_order_items` DISABLE KEYS */;
/*!40000 ALTER TABLE `purchase_order_items` ENABLE KEYS */;
UNLOCK TABLES;

--
-- Table structure for table `purchase_orders`
--

DROP TABLE IF EXISTS `purchase_orders`;
/*!40101 SET @saved_cs_client     = @@character_set_client */;
/*!50503 SET character_set_client = utf8mb4 */;
CREATE TABLE `purchase_orders` (
  `id` bigint unsigned NOT NULL AUTO_INCREMENT,
  `location_id` bigint unsigned NOT NULL,
  `supplier_id` bigint unsigned NOT NULL,
  `created_by` bigint unsigned DEFAULT NULL,
  `order_date` date NOT NULL,
  `expected_date` date DEFAULT NULL,
  `received_at` datetime DEFAULT NULL,
  `status` enum('draft','submitted','partial','received','cancelled') COLLATE utf8mb4_unicode_ci NOT NULL DEFAULT 'draft',
  `total` decimal(12,2) NOT NULL DEFAULT '0.00',
  `currency` varchar(3) COLLATE utf8mb4_unicode_ci NOT NULL DEFAULT 'USD',
  `notes` text COLLATE utf8mb4_unicode_ci,
  `discount_total` decimal(12,2) NOT NULL DEFAULT '0.00',
  `tax_total` decimal(12,2) NOT NULL DEFAULT '0.00',
  `subtotal` decimal(12,2) NOT NULL DEFAULT '0.00',
  `created_at` timestamp NULL DEFAULT NULL,
  `updated_at` timestamp NULL DEFAULT NULL,
  PRIMARY KEY (`id`),
  KEY `purchase_orders_location_id_foreign` (`location_id`),
  KEY `purchase_orders_supplier_id_foreign` (`supplier_id`),
  KEY `purchase_orders_created_by_foreign` (`created_by`),
  KEY `purchase_orders_status_index` (`status`),
  CONSTRAINT `purchase_orders_created_by_foreign` FOREIGN KEY (`created_by`) REFERENCES `users` (`id`) ON DELETE SET NULL ON UPDATE CASCADE,
  CONSTRAINT `purchase_orders_location_id_foreign` FOREIGN KEY (`location_id`) REFERENCES `locations` (`id`) ON DELETE CASCADE ON UPDATE CASCADE,
  CONSTRAINT `purchase_orders_supplier_id_foreign` FOREIGN KEY (`supplier_id`) REFERENCES `suppliers` (`id`) ON DELETE RESTRICT ON UPDATE CASCADE
) ENGINE=InnoDB DEFAULT CHARSET=utf8mb4 COLLATE=utf8mb4_unicode_ci;
/*!40101 SET character_set_client = @saved_cs_client */;

--
-- Dumping data for table `purchase_orders`
--

LOCK TABLES `purchase_orders` WRITE;
/*!40000 ALTER TABLE `purchase_orders` DISABLE KEYS */;
/*!40000 ALTER TABLE `purchase_orders` ENABLE KEYS */;
UNLOCK TABLES;

--
-- Table structure for table `recipe_ingredients`
--

DROP TABLE IF EXISTS `recipe_ingredients`;
/*!40101 SET @saved_cs_client     = @@character_set_client */;
/*!50503 SET character_set_client = utf8mb4 */;
CREATE TABLE `recipe_ingredients` (
  `id` bigint unsigned NOT NULL AUTO_INCREMENT,
  `recipe_id` bigint unsigned NOT NULL,
  `ingredient_id` bigint unsigned NOT NULL,
  `quantity` decimal(12,3) NOT NULL,
  `unit` varchar(20) COLLATE utf8mb4_unicode_ci DEFAULT NULL,
  `created_at` timestamp NULL DEFAULT NULL,
  `updated_at` timestamp NULL DEFAULT NULL,
  PRIMARY KEY (`id`),
  UNIQUE KEY `recipe_ingredients_recipe_id_ingredient_id_unique` (`recipe_id`,`ingredient_id`),
  KEY `recipe_ingredients_ingredient_id_foreign` (`ingredient_id`),
  CONSTRAINT `recipe_ingredients_ingredient_id_foreign` FOREIGN KEY (`ingredient_id`) REFERENCES `ingredients` (`id`) ON DELETE RESTRICT ON UPDATE CASCADE,
  CONSTRAINT `recipe_ingredients_recipe_id_foreign` FOREIGN KEY (`recipe_id`) REFERENCES `recipes` (`id`) ON DELETE CASCADE ON UPDATE CASCADE
) ENGINE=InnoDB DEFAULT CHARSET=utf8mb4 COLLATE=utf8mb4_unicode_ci;
/*!40101 SET character_set_client = @saved_cs_client */;

--
-- Dumping data for table `recipe_ingredients`
--

LOCK TABLES `recipe_ingredients` WRITE;
/*!40000 ALTER TABLE `recipe_ingredients` DISABLE KEYS */;
/*!40000 ALTER TABLE `recipe_ingredients` ENABLE KEYS */;
UNLOCK TABLES;

--
-- Table structure for table `recipes`
--

DROP TABLE IF EXISTS `recipes`;
/*!40101 SET @saved_cs_client     = @@character_set_client */;
/*!50503 SET character_set_client = utf8mb4 */;
CREATE TABLE `recipes` (
  `id` bigint unsigned NOT NULL AUTO_INCREMENT,
  `menu_item_id` bigint unsigned NOT NULL,
  `yield_portions` int unsigned NOT NULL DEFAULT '1',
  `instructions` text COLLATE utf8mb4_unicode_ci,
  `created_at` timestamp NULL DEFAULT NULL,
  `updated_at` timestamp NULL DEFAULT NULL,
  PRIMARY KEY (`id`),
  UNIQUE KEY `recipes_menu_item_id_unique` (`menu_item_id`),
  CONSTRAINT `recipes_menu_item_id_foreign` FOREIGN KEY (`menu_item_id`) REFERENCES `menu_items` (`id`) ON DELETE CASCADE ON UPDATE CASCADE
) ENGINE=InnoDB DEFAULT CHARSET=utf8mb4 COLLATE=utf8mb4_unicode_ci;
/*!40101 SET character_set_client = @saved_cs_client */;

--
-- Dumping data for table `recipes`
--

LOCK TABLES `recipes` WRITE;
/*!40000 ALTER TABLE `recipes` DISABLE KEYS */;
/*!40000 ALTER TABLE `recipes` ENABLE KEYS */;
UNLOCK TABLES;

--
-- Table structure for table `reservations`
--

DROP TABLE IF EXISTS `reservations`;
/*!40101 SET @saved_cs_client     = @@character_set_client */;
/*!50503 SET character_set_client = utf8mb4 */;
CREATE TABLE `reservations` (
  `id` bigint unsigned NOT NULL AUTO_INCREMENT,
  `code` varchar(20) COLLATE utf8mb4_unicode_ci NOT NULL,
  `location_id` bigint unsigned NOT NULL,
  `customer_id` bigint unsigned NOT NULL,
  `table_id` bigint unsigned DEFAULT NULL,
  `reservation_number` varchar(50) COLLATE utf8mb4_unicode_ci NOT NULL,
  `reserved_for` varchar(255) COLLATE utf8mb4_unicode_ci DEFAULT NULL,
  `duration_minutes` int unsigned NOT NULL DEFAULT '60',
  `guest_count` int unsigned NOT NULL DEFAULT '2',
  `party_size` int NOT NULL,
  `reservation_date` date NOT NULL,
  `reservation_time` time NOT NULL,
  `status` enum('pending','confirmed','seated','completed','cancelled','no_show') COLLATE utf8mb4_unicode_ci NOT NULL DEFAULT 'pending',
  `special_requests` text COLLATE utf8mb4_unicode_ci,
  `notes` text COLLATE utf8mb4_unicode_ci,
  `created_at` timestamp NULL DEFAULT NULL,
  `updated_at` timestamp NULL DEFAULT NULL,
  PRIMARY KEY (`id`),
  UNIQUE KEY `reservations_code_unique` (`code`),
  UNIQUE KEY `reservations_reservation_number_unique` (`reservation_number`),
  UNIQUE KEY `unique_reservation_slot` (`location_id`,`reservation_date`,`reservation_time`,`table_id`),
  KEY `reservations_customer_id_foreign` (`customer_id`),
  KEY `reservations_table_id_foreign` (`table_id`),
  CONSTRAINT `reservations_customer_id_foreign` FOREIGN KEY (`customer_id`) REFERENCES `customers` (`id`) ON DELETE CASCADE ON UPDATE CASCADE,
  CONSTRAINT `reservations_location_id_foreign` FOREIGN KEY (`location_id`) REFERENCES `locations` (`id`) ON DELETE CASCADE ON UPDATE CASCADE,
  CONSTRAINT `reservations_table_id_foreign` FOREIGN KEY (`table_id`) REFERENCES `tables` (`id`) ON DELETE SET NULL ON UPDATE CASCADE
) ENGINE=InnoDB AUTO_INCREMENT=141 DEFAULT CHARSET=utf8mb4 COLLATE=utf8mb4_unicode_ci;
/*!40101 SET character_set_client = @saved_cs_client */;

--
-- Dumping data for table `reservations`
--

LOCK TABLES `reservations` WRITE;
/*!40000 ALTER TABLE `reservations` DISABLE KEYS */;
INSERT INTO `reservations` VALUES (1,'5a18ea836f7936001954',1,7,31,'RES-NKH-DT-20250924-202','2025-10-23 06:42:09',60,2,4,'2025-09-24','11:30:00','completed','Wheelchair accessible table','Regular customer','2025-09-12 18:28:25','2025-09-23 21:28:25'),(2,'6aeff86ced3770ae8e99',4,10,116,'RES-NKH-KP-20250915-812','2025-10-23 06:42:09',60,2,2,'2025-09-15','12:30:00','completed',NULL,'Group reservation','2025-09-06 02:48:06','2025-09-15 07:48:06'),(3,'dad434c292620cdc8f72',2,10,53,'RES-NKH-SR-20250830-877','2025-10-23 06:42:09',60,2,8,'2025-08-30','18:00:00','completed',NULL,NULL,'2025-08-24 02:50:42','2025-08-30 04:50:42'),(4,'7a7051129accbf3c8a9a',4,1,111,'RES-NKH-KP-20251009-653','2025-10-23 06:42:09',60,2,2,'2025-10-09','13:00:00','completed','No allergens please','Walk-in converted to reservation','2025-10-02 21:26:41','2025-10-09 02:26:41'),(5,'e36c4f74d238d0ce4d4a',1,15,26,'RES-NKH-DT-20251007-037','2025-10-23 06:42:09',60,2,3,'2025-10-07','18:00:00','completed',NULL,'Group reservation','2025-10-03 00:55:47','2025-10-07 05:55:47'),(6,'2e9902ae44e73ca3d28a',2,21,43,'RES-NKH-SR-20251016-867','2025-10-23 06:42:09',60,2,4,'2025-10-16','20:30:00','no_show','High chair needed','Dietary restrictions noted','2025-10-09 13:28:49','2025-10-16 16:28:49'),(7,'ea74113cab67718287cf',2,20,40,'RES-NKH-SR-20250917-680','2025-10-23 06:42:09',60,2,4,'2025-09-17','18:30:00','completed','Business meeting','Dietary restrictions noted','2025-09-11 14:26:16','2025-09-17 15:26:16'),(8,'1314433128cd7a01d6b3',1,16,1,'RES-NKH-DT-20251014-346','2025-10-23 06:42:09',60,2,6,'2025-10-14','20:30:00','completed',NULL,NULL,'2025-10-09 04:37:45','2025-10-14 10:37:45'),(9,'9c83a71fb62c97fd47c7',1,7,6,'RES-NKH-DT-20250905-387','2025-10-23 06:42:09',60,2,2,'2025-09-05','12:30:00','completed','Birthday celebration',NULL,'2025-08-28 19:16:54','2025-09-05 00:16:54'),(10,'4aa4cd07de33b7fd341e',4,5,116,'RES-NKH-KP-20250824-633','2025-10-23 06:42:09',60,2,2,'2025-08-24','19:30:00','completed',NULL,'Online booking','2025-08-11 05:57:33','2025-08-24 10:57:33'),(11,'07e5286b4e117bd39a9e',3,16,73,'RES-NKH-BB-20251008-861','2025-10-23 06:42:09',60,2,5,'2025-10-08','20:00:00','completed','No allergens please','Walk-in converted to reservation','2025-09-29 13:57:34','2025-10-08 18:57:34'),(12,'1e4b6e1994a5aa1d13c6',4,11,97,'RES-NKH-KP-20250902-981','2025-10-23 06:42:09',60,2,2,'2025-09-02','13:00:00','completed','Business meeting','Regular customer','2025-08-25 05:40:10','2025-09-02 08:40:10'),(13,'a7e4fe57588c3b8a903b',1,2,16,'RES-NKH-DT-20250913-993','2025-10-23 06:42:09',60,2,2,'2025-09-13','19:00:00','completed','Quiet table please',NULL,'2025-09-11 09:45:31','2025-09-13 13:45:31'),(14,'d470491a8b46516e9c93',3,21,67,'RES-NKH-BB-20250825-583','2025-10-23 06:42:09',60,2,5,'2025-08-25','19:30:00','completed','Wheelchair accessible table',NULL,'2025-08-18 22:40:58','2025-08-25 04:40:58'),(15,'f1549d567a9fce4e0446',4,12,118,'RES-NKH-KP-20251005-582','2025-10-23 06:42:09',60,2,5,'2025-10-05','20:00:00','completed','Surprise dessert','VIP guest','2025-09-23 04:44:13','2025-10-05 10:44:13'),(16,'8da89fe831e9d20ec725',2,23,61,'RES-NKH-SR-20250924-210','2025-10-23 06:42:09',60,2,2,'2025-09-24','20:00:00','completed','Window seat preferred',NULL,'2025-09-11 02:07:07','2025-09-24 05:07:07'),(17,'1b63c8801791f4854302',1,23,5,'RES-NKH-DT-20250915-250','2025-10-23 06:42:09',60,2,3,'2025-09-15','20:30:00','completed',NULL,NULL,'2025-09-06 08:22:35','2025-09-15 14:22:35'),(18,'67f27958624e95476558',3,20,73,'RES-NKH-BB-20250917-695','2025-10-23 06:42:09',60,2,6,'2025-09-17','12:00:00','completed','Quiet table please','Regular customer','2025-09-05 05:37:14','2025-09-17 10:37:14'),(19,'31488dd68fff482031a1',1,19,19,'RES-NKH-DT-20250913-328','2025-10-23 06:42:09',60,2,5,'2025-09-13','12:30:00','completed',NULL,'Group reservation','2025-09-10 13:06:58','2025-09-13 16:06:58'),(20,'aced7c272335942993a8',3,2,84,'RES-NKH-BB-20251004-291','2025-10-23 06:42:09',60,2,2,'2025-10-04','13:30:00','completed','Private dining area','Walk-in converted to reservation','2025-09-24 15:29:29','2025-10-04 16:29:29'),(21,'6495f67feee241d4d68e',4,18,125,'RES-NKH-KP-20251017-254','2025-10-23 06:42:09',60,2,5,'2025-10-17','20:30:00','completed',NULL,'Walk-in converted to reservation','2025-10-14 15:44:22','2025-10-17 19:44:22'),(22,'724605b454e3e4b3f440',3,22,87,'RES-NKH-BB-20250927-189','2025-10-23 06:42:09',60,2,2,'2025-09-27','20:00:00','completed','Surprise dessert','Regular customer','2025-09-19 18:12:28','2025-09-26 21:12:28'),(23,'40a4f770e0dbe7829253',3,20,69,'RES-NKH-BB-20250921-034','2025-10-23 06:42:09',60,2,8,'2025-09-21','19:00:00','completed','Window seat preferred','Confirmed by phone','2025-09-15 17:45:49','2025-09-20 21:45:49'),(24,'1aee44e2b7dd4dd7cd7b',3,21,73,'RES-NKH-BB-20251019-514','2025-10-23 06:42:09',60,2,3,'2025-10-19','12:30:00','completed',NULL,NULL,'2025-10-09 14:44:36','2025-10-19 19:44:36'),(25,'fc896128e936dd8db073',4,14,113,'RES-NKH-KP-20251015-006','2025-10-23 06:42:09',60,2,3,'2025-10-15','13:00:00','completed',NULL,NULL,'2025-10-07 00:57:48','2025-10-15 02:57:48'),(26,'2d515a27933cf971e3d5',2,7,43,'RES-NKH-SR-20251003-440','2025-10-23 06:42:09',60,2,6,'2025-10-03','20:00:00','completed','Business meeting','Dietary restrictions noted','2025-09-19 23:34:07','2025-10-03 00:34:07'),(27,'a8d68db1a4e2f92f9584',1,3,1,'RES-NKH-DT-20251009-173','2025-10-23 06:42:09',60,2,2,'2025-10-09','12:30:00','completed','Quiet table please',NULL,'2025-10-07 09:27:13','2025-10-09 12:27:13'),(28,'93b12e0e073311e207d0',2,13,47,'RES-NKH-SR-20251013-511','2025-10-23 06:42:09',60,2,2,'2025-10-13','13:30:00','completed','Business meeting','Walk-in converted to reservation','2025-10-05 21:28:11','2025-10-13 01:28:11'),(29,'91a1838b1dfe2898c706',1,4,29,'RES-NKH-DT-20251003-150','2025-10-23 06:42:09',60,2,5,'2025-10-03','11:30:00','completed',NULL,'Group reservation','2025-10-01 18:51:53','2025-10-02 22:51:53'),(30,'9addacee6ebf7f1911b5',3,23,85,'RES-NKH-BB-20250829-994','2025-10-23 06:42:09',60,2,3,'2025-08-29','18:00:00','completed','High chair needed',NULL,'2025-08-23 23:54:33','2025-08-29 01:54:33'),(31,'394ba1d369cadcfe4475',1,9,24,'RES-NKH-DT-20251005-892','2025-10-23 06:42:09',60,2,2,'2025-10-05','13:30:00','completed',NULL,NULL,'2025-09-28 17:27:38','2025-10-04 18:27:38'),(32,'6a0d8c5fd314eeb14a15',1,23,15,'RES-NKH-DT-20250930-427','2025-10-23 06:42:09',60,2,2,'2025-09-30','11:30:00','completed','Surprise dessert',NULL,'2025-09-16 17:55:19','2025-09-29 19:55:19'),(33,'56b6cc135f5f499ecd97',2,9,62,'RES-NKH-SR-20250829-972','2025-10-23 06:42:09',60,2,3,'2025-08-29','13:30:00','completed','Vegetarian menu','Walk-in converted to reservation','2025-08-28 06:44:42','2025-08-29 07:44:42'),(34,'5eb64180a4e5d2d09999',1,17,26,'RES-NKH-DT-20250921-521','2025-10-23 06:42:09',60,2,4,'2025-09-21','20:00:00','no_show',NULL,'Confirmed by phone','2025-09-14 11:15:51','2025-09-21 13:15:51'),(35,'94647e9799b02252fdb4',2,16,43,'RES-NKH-SR-20250823-319','2025-10-23 06:42:09',60,2,4,'2025-08-23','13:00:00','completed','Anniversary dinner','Corporate booking','2025-08-18 00:30:00','2025-08-23 05:30:00'),(36,'3ef6efb69531388b4c37',3,19,84,'RES-NKH-BB-20250915-784','2025-10-23 06:42:09',60,2,2,'2025-09-15','12:30:00','completed','Wheelchair accessible table','Dietary restrictions noted','2025-09-03 09:19:36','2025-09-15 12:19:36'),(37,'f473661c9dca7465e6b0',2,6,53,'RES-NKH-SR-20250826-116','2025-10-23 06:42:09',60,2,8,'2025-08-26','19:00:00','completed',NULL,NULL,'2025-08-14 17:00:52','2025-08-25 18:00:52'),(38,'ce7d1755d1d5d5ca8940',2,12,51,'RES-NKH-SR-20251002-079','2025-10-23 06:42:09',60,2,3,'2025-10-02','18:30:00','cancelled','Surprise dessert',NULL,'2025-09-20 13:47:03','2025-10-02 18:47:03'),(39,'fdf8e3e68b1e1c735b53',3,10,85,'RES-NKH-BB-20250827-513','2025-10-23 06:42:09',60,2,3,'2025-08-27','13:00:00','completed',NULL,'Walk-in converted to reservation','2025-08-18 12:21:27','2025-08-27 16:21:27'),(40,'3004cbbf2877f9982816',1,14,33,'RES-NKH-DT-20250914-282','2025-10-23 06:42:09',60,2,4,'2025-09-14','12:00:00','completed','Surprise dessert','VIP guest','2025-08-31 21:27:41','2025-09-13 22:27:41'),(41,'1a26d26b68e05f5fcfc1',2,20,58,'RES-NKH-SR-20250921-962','2025-10-23 06:42:09',60,2,6,'2025-09-21','18:00:00','completed',NULL,'Dietary restrictions noted','2025-09-06 23:54:45','2025-09-21 00:54:45'),(42,'3e9af26d70bef4516026',3,6,87,'RES-NKH-BB-20250830-487','2025-10-23 06:42:09',60,2,2,'2025-08-30','13:30:00','no_show','Quiet table please',NULL,'2025-08-27 18:33:20','2025-08-29 22:33:20'),(43,'c8c4109f5e4e6b8bac93',4,11,117,'RES-NKH-KP-20250921-092','2025-10-23 06:42:09',60,2,5,'2025-09-21','12:30:00','completed','Surprise dessert',NULL,'2025-09-06 18:06:02','2025-09-20 20:06:02'),(44,'d5d73c05e761ed3e1681',4,20,117,'RES-NKH-KP-20251018-381','2025-10-23 06:42:09',60,2,5,'2025-10-18','20:30:00','completed','Birthday celebration','Dietary restrictions noted','2025-10-16 05:33:26','2025-10-18 06:33:26'),(45,'1d85885635c738085093',4,7,115,'RES-NKH-KP-20251004-605','2025-10-23 06:42:09',60,2,3,'2025-10-04','18:00:00','no_show','Window seat preferred','VIP guest','2025-09-20 04:47:45','2025-10-04 07:47:45'),(46,'534dadd149a46a7b4072',3,6,87,'RES-NKH-BB-20251011-463','2025-10-23 06:42:09',60,2,2,'2025-10-11','18:00:00','no_show','Early arrival possible','First time visitor','2025-10-03 13:14:41','2025-10-11 19:14:41'),(47,'8e07e5218fec997a865c',1,19,11,'RES-NKH-DT-20251021-133','2025-10-23 06:42:09',60,2,2,'2025-10-21','13:30:00','completed','Private dining area',NULL,'2025-10-19 15:07:47','2025-10-21 16:07:47'),(48,'df8b499612c6e7972e73',4,15,122,'RES-NKH-KP-20250830-984','2025-10-23 06:42:09',60,2,5,'2025-08-30','20:00:00','completed','No allergens please','Special occasion','2025-08-29 13:17:56','2025-08-30 17:17:56'),(49,'e18a4758c75bd23df1c8',1,21,8,'RES-NKH-DT-20250825-107','2025-10-23 06:42:09',60,2,4,'2025-08-25','13:00:00','no_show','High chair needed',NULL,'2025-08-15 06:32:04','2025-08-25 12:32:04'),(50,'11e20a0507a7b0014766',2,15,49,'RES-NKH-SR-20251009-801','2025-10-23 06:42:09',60,2,4,'2025-10-09','19:30:00','completed',NULL,NULL,'2025-09-28 13:21:45','2025-10-09 17:21:45'),(51,'17bfc2157d61b98e98a1',4,12,119,'RES-NKH-KP-20250829-214','2025-10-23 06:42:09',60,2,2,'2025-08-29','13:30:00','completed','High chair needed','VIP guest','2025-08-16 06:44:00','2025-08-29 10:44:00'),(52,'013409fa5fb04257faa8',2,13,48,'RES-NKH-SR-20250926-457','2025-10-23 06:42:09',60,2,7,'2025-09-26','18:30:00','completed',NULL,'Corporate booking','2025-09-13 15:59:36','2025-09-26 18:59:36'),(53,'d2e4d937a0fd7b2c19f3',4,4,97,'RES-NKH-KP-20250901-086','2025-10-23 06:42:09',60,2,3,'2025-09-01','18:30:00','completed',NULL,'First time visitor','2025-08-20 06:28:10','2025-09-01 07:28:10'),(54,'3e321f9e0a7721a497b6',1,19,1,'RES-NKH-DT-20250824-003','2025-10-23 06:42:09',60,2,6,'2025-08-24','12:30:00','completed','No allergens please','VIP guest','2025-08-23 05:25:47','2025-08-24 10:25:47'),(55,'38f84b52f0bd86173fe8',1,14,28,'RES-NKH-DT-20250914-352','2025-10-23 06:42:09',60,2,2,'2025-09-14','20:30:00','completed','High chair needed',NULL,'2025-09-02 13:30:00','2025-09-14 16:30:00'),(56,'279158761647ff429f28',1,12,14,'RES-NKH-DT-20251005-695','2025-10-23 06:42:09',60,2,5,'2025-10-05','12:00:00','cancelled','Anniversary dinner',NULL,'2025-09-30 14:53:43','2025-10-05 18:53:43'),(57,'bc4c991f03ff12c52b93',4,2,105,'RES-NKH-KP-20250830-810','2025-10-23 06:42:09',60,2,6,'2025-08-30','19:30:00','completed','Vegetarian menu','Special occasion','2025-08-17 14:20:11','2025-08-30 16:20:11'),(58,'983c00325147c29bbbde',2,3,61,'RES-NKH-SR-20250915-972','2025-10-23 06:42:09',60,2,2,'2025-09-15','11:30:00','completed','Vegetarian menu',NULL,'2025-09-08 22:51:25','2025-09-15 03:51:25'),(59,'99eb1f34ce9ee76933fc',3,25,92,'RES-NKH-BB-20251013-806','2025-10-23 06:42:09',60,2,4,'2025-10-13','20:00:00','completed',NULL,'Dietary restrictions noted','2025-10-09 10:14:37','2025-10-13 12:14:37'),(60,'ba9137c54b21ff07f150',4,13,99,'RES-NKH-KP-20251021-091','2025-10-23 06:42:09',60,2,8,'2025-10-21','13:30:00','cancelled','Business meeting',NULL,'2025-10-15 07:40:02','2025-10-21 10:40:02'),(61,'ff6ee37ef5e76f5c1e17',1,12,26,'RES-NKH-DT-20251005-662','2025-10-23 06:42:09',60,2,2,'2025-10-05','20:30:00','completed','Wheelchair accessible table',NULL,'2025-09-30 09:21:52','2025-10-05 12:21:52'),(62,'c059de8e090ea0f868c7',2,22,39,'RES-NKH-SR-20250824-169','2025-10-23 06:42:09',60,2,2,'2025-08-24','11:30:00','completed',NULL,'Walk-in converted to reservation','2025-08-21 06:29:08','2025-08-24 07:29:08'),(63,'09238666835769732c4f',3,14,69,'RES-NKH-BB-20250919-727','2025-10-23 06:42:09',60,2,5,'2025-09-19','20:30:00','cancelled','No allergens please','Dietary restrictions noted','2025-09-09 21:41:54','2025-09-19 00:41:54'),(64,'33ced6dd4c5e29e8babe',4,5,113,'RES-NKH-KP-20250904-899','2025-10-23 06:42:09',60,2,5,'2025-09-04','20:30:00','completed','Business meeting','Special occasion','2025-09-03 01:23:02','2025-09-04 07:23:02'),(65,'b4a832c0dc7a532ada87',2,8,42,'RES-NKH-SR-20250918-033','2025-10-23 06:42:09',60,2,2,'2025-09-18','12:00:00','completed','Wheelchair accessible table','Corporate booking','2025-09-07 14:51:22','2025-09-18 19:51:22'),(66,'2e700d139a41276960c4',1,2,13,'RES-NKH-DT-20250917-674','2025-10-23 06:42:09',60,2,3,'2025-09-17','13:00:00','no_show','Wheelchair accessible table','Regular customer','2025-09-13 17:25:25','2025-09-16 23:25:25'),(67,'9ca7e590bfc12da0ba3b',1,23,11,'RES-NKH-DT-20251012-861','2025-10-23 06:42:09',60,2,4,'2025-10-12','13:00:00','cancelled','Early arrival possible','VIP guest','2025-10-10 12:28:08','2025-10-12 13:28:08'),(68,'945741bd5d8de6774ff7',1,6,35,'RES-NKH-DT-20251005-237','2025-10-23 06:42:09',60,2,4,'2025-10-05','12:30:00','cancelled','No allergens please','VIP guest','2025-09-26 15:47:20','2025-10-05 21:47:20'),(69,'1b2c32fd81ebd9235385',4,22,105,'RES-NKH-KP-20251008-534','2025-10-23 06:42:09',60,2,3,'2025-10-08','18:00:00','completed',NULL,'Corporate booking','2025-10-03 23:00:16','2025-10-08 03:00:16'),(70,'f50beb5a4d6fc50a5cc7',4,6,97,'RES-NKH-KP-20250902-782','2025-10-23 06:42:09',60,2,3,'2025-09-02','19:30:00','cancelled','Anniversary dinner',NULL,'2025-08-21 06:14:45','2025-09-02 07:14:45'),(71,'09301ee237da931424af',1,23,19,'RES-NKH-DT-20250903-324','2025-10-23 06:42:09',60,2,5,'2025-09-03','13:00:00','cancelled','Private dining area',NULL,'2025-09-02 13:31:06','2025-09-03 19:31:06'),(72,'6b612e924b3293631a76',1,8,4,'RES-NKH-DT-20250825-940','2025-10-23 06:42:09',60,2,2,'2025-08-25','13:30:00','completed','Private dining area','Regular customer','2025-08-11 18:36:51','2025-08-24 19:36:51'),(73,'b75acb8e5640026298bb',2,15,53,'RES-NKH-SR-20250826-046','2025-10-23 06:42:09',60,2,7,'2025-08-26','11:30:00','completed','Early arrival possible',NULL,'2025-08-19 02:44:50','2025-08-26 08:44:50'),(74,'fca1884e6f33e738ebd2',1,25,26,'RES-NKH-DT-20251013-286','2025-10-23 06:42:09',60,2,2,'2025-10-13','18:00:00','completed','Window seat preferred','Walk-in converted to reservation','2025-10-08 19:59:46','2025-10-12 23:59:46'),(75,'9e7ea2d473734aaa3611',4,17,122,'RES-NKH-KP-20250918-594','2025-10-23 06:42:09',60,2,4,'2025-09-18','13:00:00','completed','No allergens please','Online booking','2025-09-05 02:51:33','2025-09-18 04:51:33'),(76,'b354cab869e01513d1a2',3,7,73,'RES-NKH-BB-20250920-216','2025-10-23 06:42:09',60,2,2,'2025-09-20','12:00:00','completed','Window seat preferred','Corporate booking','2025-09-08 19:50:06','2025-09-20 01:50:06'),(77,'e37ae1a5a4bc17179181',2,4,37,'RES-NKH-SR-20250901-644','2025-10-23 06:42:09',60,2,5,'2025-09-01','20:30:00','completed','Wheelchair accessible table','Online booking','2025-08-19 04:14:27','2025-09-01 09:14:27'),(78,'7eac3a3fdbdc5cd717f5',4,13,97,'RES-NKH-KP-20250928-716','2025-10-23 06:42:09',60,2,2,'2025-09-28','11:30:00','completed','Window seat preferred','Corporate booking','2025-09-18 04:01:02','2025-09-28 08:01:02'),(79,'d9b301fdcf25ddd5c191',4,11,113,'RES-NKH-KP-20251008-100','2025-10-23 06:42:09',60,2,4,'2025-10-08','18:30:00','completed',NULL,'VIP guest','2025-10-03 13:26:17','2025-10-08 14:26:17'),(80,'a8cb0b4245d9106600aa',1,25,17,'RES-NKH-DT-20251022-859','2025-10-23 06:42:09',60,2,2,'2025-10-22','19:30:00','completed','Wheelchair accessible table','Walk-in converted to reservation','2025-10-12 19:59:11','2025-10-22 00:59:11'),(81,'cdc404a6318340a48c38',4,21,99,'RES-NKH-KP-20251127-217','2025-10-23 06:42:09',60,2,6,'2025-11-27','13:30:00','pending','No allergens please','Corporate booking','2025-10-19 23:42:09','2025-10-19 23:42:09'),(82,'4292a8ae7ce9fbc4e458',1,3,9,'RES-NKH-DT-20251117-017','2025-10-23 06:42:09',60,2,3,'2025-11-17','20:00:00','cancelled',NULL,'Regular customer','2025-10-18 23:42:09','2025-10-22 23:42:09'),(83,'1a53653be2ee6a3f00ff',1,19,4,'RES-NKH-DT-20251210-987','2025-10-23 06:42:09',60,2,2,'2025-12-10','20:30:00','pending','Birthday celebration',NULL,'2025-10-16 23:42:09','2025-10-21 23:42:09'),(84,'fadca82ec94a8a9a991d',2,3,47,'RES-NKH-SR-20251111-402','2025-10-23 06:42:09',60,2,2,'2025-11-11','19:30:00','confirmed','Wheelchair accessible table',NULL,'2025-10-18 23:42:09','2025-10-19 23:42:09'),(85,'c34616a04b28b89111fa',2,13,49,'RES-NKH-SR-20251221-888','2025-10-23 06:42:09',60,2,3,'2025-12-21','12:00:00','confirmed','High chair needed','Confirmed by phone','2025-10-21 23:42:09','2025-10-19 23:42:09'),(86,'744f351e76127c136743',2,12,51,'RES-NKH-SR-20251107-028','2025-10-23 06:42:09',60,2,2,'2025-11-07','20:00:00','confirmed','Business meeting','Group reservation','2025-10-15 23:42:09','2025-10-21 23:42:09'),(87,'8441c92324561278c41f',3,7,88,'RES-NKH-BB-20251129-388','2025-10-23 06:42:09',60,2,6,'2025-11-29','13:30:00','confirmed','High chair needed','Confirmed by phone','2025-10-22 23:42:09','2025-10-19 23:42:09'),(88,'07c821d45f13120638a8',2,2,51,'RES-NKH-SR-20251028-661','2025-10-23 06:42:09',60,2,2,'2025-10-28','11:30:00','pending','High chair needed','Corporate booking','2025-10-16 23:42:09','2025-10-22 23:42:09'),(89,'8ca67701b35db9f43764',4,11,105,'RES-NKH-KP-20251101-055','2025-10-23 06:42:09',60,2,4,'2025-11-01','13:00:00','confirmed','Surprise dessert','Special occasion','2025-10-21 23:42:09','2025-10-22 23:42:09'),(90,'71b17fb1eb1d0d5dd6d0',3,13,86,'RES-NKH-BB-20251107-929','2025-10-23 06:42:10',60,2,2,'2025-11-07','20:30:00','cancelled','Wheelchair accessible table','Dietary restrictions noted','2025-10-16 23:42:10','2025-10-22 23:42:10'),(91,'c59971679e7bf96bc085',4,12,126,'RES-NKH-KP-20251102-594','2025-10-23 06:42:10',60,2,2,'2025-11-02','13:30:00','confirmed',NULL,NULL,'2025-10-18 23:42:10','2025-10-21 23:42:10'),(92,'872e5fcea81fd13c0a56',3,4,90,'RES-NKH-BB-20251030-593','2025-10-23 06:42:10',60,2,2,'2025-10-30','18:00:00','confirmed','No allergens please',NULL,'2025-10-21 23:42:10','2025-10-19 23:42:10'),(93,'b28c66695cbd57e6423f',2,14,61,'RES-NKH-SR-20251208-930','2025-10-23 06:42:10',60,2,7,'2025-12-08','18:00:00','pending','No allergens please',NULL,'2025-10-17 23:42:10','2025-10-19 23:42:10'),(94,'73d81dce8c994c304e6d',2,17,54,'RES-NKH-SR-20251026-776','2025-10-23 06:42:10',60,2,7,'2025-10-26','20:30:00','confirmed','Anniversary dinner','Confirmed by phone','2025-10-20 23:42:10','2025-10-19 23:42:10'),(95,'1a783644fcb855f4840f',4,8,97,'RES-NKH-KP-20251214-305','2025-10-23 06:42:10',60,2,2,'2025-12-14','11:30:00','confirmed','Vegetarian menu','Corporate booking','2025-10-21 23:42:10','2025-10-21 23:42:10'),(96,'81311e1551d183fd92f3',3,16,70,'RES-NKH-BB-20251206-703','2025-10-23 06:42:10',60,2,3,'2025-12-06','18:00:00','confirmed','Surprise dessert','Regular customer','2025-10-22 23:42:10','2025-10-21 23:42:10'),(97,'72da1823672f827d81e0',2,23,50,'RES-NKH-SR-20251213-536','2025-10-23 06:42:10',60,2,2,'2025-12-13','12:30:00','cancelled','Anniversary dinner',NULL,'2025-10-22 23:42:10','2025-10-22 23:42:10'),(98,'65ebeb3078ab26180a43',2,16,60,'RES-NKH-SR-20251203-625','2025-10-23 06:42:10',60,2,4,'2025-12-03','18:00:00','confirmed','Wheelchair accessible table','Regular customer','2025-10-15 23:42:10','2025-10-20 23:42:10'),(99,'51056c069111d279ccb3',3,8,75,'RES-NKH-BB-20251121-486','2025-10-23 06:42:10',60,2,4,'2025-11-21','12:00:00','confirmed','No allergens please','Group reservation','2025-10-21 23:42:10','2025-10-19 23:42:10'),(100,'9812902ab2acfc2947da',2,16,45,'RES-NKH-SR-20251209-905','2025-10-23 06:42:10',60,2,2,'2025-12-09','12:00:00','confirmed','Surprise dessert','Confirmed by phone','2025-10-16 23:42:10','2025-10-20 23:42:10'),(101,'e2d4f6473e2e48f98980',1,12,30,'RES-NKH-DT-20251208-437','2025-10-23 06:42:10',60,2,7,'2025-12-08','12:00:00','cancelled','Window seat preferred','Walk-in converted to reservation','2025-10-16 23:42:10','2025-10-19 23:42:10'),(102,'9adbf098e6336296dc84',1,16,35,'RES-NKH-DT-20251114-955','2025-10-23 06:42:10',60,2,4,'2025-11-14','19:30:00','confirmed',NULL,'First time visitor','2025-10-21 23:42:10','2025-10-20 23:42:10'),(103,'385d6ea60ee1d598a593',4,21,100,'RES-NKH-KP-20251024-001','2025-10-23 06:42:10',60,2,3,'2025-10-24','18:00:00','confirmed','Anniversary dinner','Dietary restrictions noted','2025-10-16 23:42:10','2025-10-20 23:42:10'),(104,'478ecafbc0b79810e67e',3,7,81,'RES-NKH-BB-20251102-214','2025-10-23 06:42:10',60,2,2,'2025-11-02','13:00:00','confirmed',NULL,'Special occasion','2025-10-21 23:42:10','2025-10-22 23:42:10'),(105,'10df588c57db20b2871b',1,3,36,'RES-NKH-DT-20251208-752','2025-10-23 06:42:10',60,2,2,'2025-12-08','13:30:00','confirmed','Surprise dessert',NULL,'2025-10-19 23:42:10','2025-10-22 23:42:10'),(106,'46c6f2b802b59e89cd66',3,9,69,'RES-NKH-BB-20251207-306','2025-10-23 06:42:10',60,2,4,'2025-12-07','19:30:00','confirmed','Quiet table please',NULL,'2025-10-17 23:42:10','2025-10-21 23:42:10'),(107,'1b7c2ba8261893f2aa5c',3,3,85,'RES-NKH-BB-20251213-179','2025-10-23 06:42:10',60,2,3,'2025-12-13','11:30:00','pending','High chair needed',NULL,'2025-10-22 23:42:10','2025-10-19 23:42:10'),(108,'e9793c0705af180fe832',1,1,18,'RES-NKH-DT-20251213-909','2025-10-23 06:42:10',60,2,6,'2025-12-13','13:00:00','confirmed',NULL,NULL,'2025-10-17 23:42:10','2025-10-19 23:42:10'),(109,'1001e80abde73d543780',3,18,91,'RES-NKH-BB-20251218-776','2025-10-23 06:42:10',60,2,3,'2025-12-18','20:30:00','confirmed',NULL,NULL,'2025-10-17 23:42:10','2025-10-22 23:42:10'),(110,'1429f0f9ce28ecc28fe3',2,5,40,'RES-NKH-SR-20251127-341','2025-10-23 06:42:10',60,2,4,'2025-11-27','18:00:00','confirmed','Wheelchair accessible table','Walk-in converted to reservation','2025-10-20 23:42:10','2025-10-19 23:42:10'),(111,'0a36b5a4ce9173f11b81',1,16,24,'RES-NKH-DT-20251207-494','2025-10-23 06:42:10',60,2,2,'2025-12-07','19:00:00','cancelled',NULL,'Dietary restrictions noted','2025-10-22 23:42:10','2025-10-19 23:42:10'),(112,'f4dd056a418156c56cf5',3,23,75,'RES-NKH-BB-20251025-772','2025-10-23 06:42:10',60,2,3,'2025-10-25','20:00:00','confirmed','Window seat preferred',NULL,'2025-10-21 23:42:10','2025-10-22 23:42:10'),(113,'8802970d66885a236842',3,6,69,'RES-NKH-BB-20251128-494','2025-10-23 06:42:10',60,2,8,'2025-11-28','18:00:00','pending',NULL,'Walk-in converted to reservation','2025-10-15 23:42:10','2025-10-21 23:42:10'),(114,'36221a2ca19b167a037b',3,12,75,'RES-NKH-BB-20251031-902','2025-10-23 06:42:10',60,2,4,'2025-10-31','13:00:00','pending','Vegetarian menu','Corporate booking','2025-10-22 23:42:10','2025-10-20 23:42:10'),(115,'423e692e7227f6005292',2,23,64,'RES-NKH-SR-20251029-049','2025-10-23 06:42:10',60,2,2,'2025-10-29','12:30:00','cancelled','Vegetarian menu','Special occasion','2025-10-18 23:42:10','2025-10-20 23:42:10'),(116,'3d32932053bf637de43d',2,21,62,'RES-NKH-SR-20251216-117','2025-10-23 06:42:10',60,2,4,'2025-12-16','18:00:00','pending','Private dining area','Regular customer','2025-10-22 23:42:10','2025-10-21 23:42:10'),(117,'e7be7fa818937f4cd3ad',3,10,67,'RES-NKH-BB-20251214-373','2025-10-23 06:42:10',60,2,3,'2025-12-14','18:00:00','confirmed',NULL,NULL,'2025-10-16 23:42:10','2025-10-22 23:42:10'),(118,'79d3f9de6f9a8c81b635',1,21,10,'RES-NKH-DT-20251129-111','2025-10-23 06:42:10',60,2,2,'2025-11-29','12:30:00','confirmed','Early arrival possible','Group reservation','2025-10-19 23:42:10','2025-10-19 23:42:10'),(119,'7fb4fd9898213f95eeff',1,17,1,'RES-NKH-DT-20251126-817','2025-10-23 06:42:10',60,2,6,'2025-11-26','13:30:00','cancelled','Anniversary dinner',NULL,'2025-10-22 23:42:10','2025-10-21 23:42:10'),(120,'1bb2bb53ffa4dbeaf91a',3,12,70,'RES-NKH-BB-20251216-253','2025-10-23 06:42:10',60,2,3,'2025-12-16','18:00:00','pending','Birthday celebration','Online booking','2025-10-21 23:42:10','2025-10-21 23:42:10'),(121,'f910f0ab5dc8997324f2',4,11,122,'RES-NKH-KP-20251205-405','2025-10-23 06:42:10',60,2,4,'2025-12-05','11:30:00','confirmed','Birthday celebration',NULL,'2025-10-20 23:42:10','2025-10-22 23:42:10'),(122,'cbe3fa10a416fbc45cb3',3,12,89,'RES-NKH-BB-20251210-132','2025-10-23 06:42:10',60,2,2,'2025-12-10','13:30:00','confirmed','Early arrival possible','First time visitor','2025-10-16 23:42:10','2025-10-21 23:42:10'),(123,'1320f12c6cddfcb97d8c',3,3,91,'RES-NKH-BB-20251029-868','2025-10-23 06:42:10',60,2,3,'2025-10-29','20:30:00','cancelled','No allergens please','Walk-in converted to reservation','2025-10-15 23:42:10','2025-10-19 23:42:10'),(124,'bdcd060c5235a0a6d430',1,2,14,'RES-NKH-DT-20251219-787','2025-10-23 06:42:10',60,2,7,'2025-12-19','18:00:00','confirmed',NULL,'Corporate booking','2025-10-20 23:42:10','2025-10-21 23:42:10'),(125,'926bfd9c4e0cd696a9e2',4,18,120,'RES-NKH-KP-20251219-156','2025-10-23 06:42:10',60,2,2,'2025-12-19','12:00:00','confirmed','Quiet table please','Special occasion','2025-10-22 23:42:10','2025-10-20 23:42:10'),(126,'22f146dbf79e2e59a007',1,14,2,'RES-NKH-DT-20251202-986','2025-10-23 06:42:10',60,2,2,'2025-12-02','20:00:00','confirmed','High chair needed','Corporate booking','2025-10-19 23:42:10','2025-10-22 23:42:10'),(127,'0f8991091f7a8dea549f',3,8,82,'RES-NKH-BB-20251113-731','2025-10-23 06:42:10',60,2,2,'2025-11-13','11:30:00','confirmed','Anniversary dinner',NULL,'2025-10-15 23:42:10','2025-10-20 23:42:10'),(128,'cf84d3fb22e06e8966c6',1,10,3,'RES-NKH-DT-20251215-382','2025-10-23 06:42:10',60,2,5,'2025-12-15','19:30:00','pending','Early arrival possible','Regular customer','2025-10-19 23:42:10','2025-10-21 23:42:10'),(129,'28aae228d423ed90bb1d',3,16,69,'RES-NKH-BB-20251028-913','2025-10-23 06:42:10',60,2,6,'2025-10-28','18:00:00','confirmed',NULL,'VIP guest','2025-10-21 23:42:10','2025-10-19 23:42:10'),(130,'26b5f77519ce078ea037',2,21,55,'RES-NKH-SR-20251114-573','2025-10-23 06:42:10',60,2,4,'2025-11-14','19:30:00','confirmed','Business meeting','Regular customer','2025-10-20 23:42:10','2025-10-21 23:42:10'),(131,'a6d5b3f632fa59b7e32f',2,10,40,'RES-NKH-SR-20251205-318','2025-10-23 06:42:10',60,2,3,'2025-12-05','12:30:00','confirmed',NULL,NULL,'2025-10-15 23:42:10','2025-10-22 23:42:10'),(132,'10d79131e64c628dad97',2,6,61,'RES-NKH-SR-20251108-108','2025-10-23 06:42:10',60,2,7,'2025-11-08','18:30:00','pending','Surprise dessert','Corporate booking','2025-10-20 23:42:10','2025-10-20 23:42:10'),(133,'f63b5437a2bb2e205b9c',2,9,39,'RES-NKH-SR-20251031-720','2025-10-23 06:42:10',60,2,2,'2025-10-31','20:00:00','confirmed','Birthday celebration','Corporate booking','2025-10-20 23:42:10','2025-10-22 23:42:10'),(134,'9ab9c9582b9229182469',3,7,68,'RES-NKH-BB-20251024-353','2025-10-23 06:42:10',60,2,4,'2025-10-24','20:00:00','cancelled',NULL,NULL,'2025-10-18 23:42:10','2025-10-19 23:42:10'),(135,'63e65c8a2dafe02eed1b',3,16,84,'RES-NKH-BB-20251106-763','2025-10-23 06:42:10',60,2,2,'2025-11-06','13:00:00','confirmed','Anniversary dinner','Dietary restrictions noted','2025-10-17 23:42:10','2025-10-22 23:42:10'),(136,'1cf0c20ac429bceebad9',2,12,64,'RES-NKH-SR-20251207-973','2025-10-23 06:42:10',60,2,2,'2025-12-07','18:00:00','confirmed','Anniversary dinner','Corporate booking','2025-10-19 23:42:10','2025-10-19 23:42:10'),(137,'63480685e20c6f712e55',2,12,54,'RES-NKH-SR-20251116-960','2025-10-23 06:42:10',60,2,2,'2025-11-16','13:00:00','pending','Private dining area','Confirmed by phone','2025-10-22 23:42:10','2025-10-19 23:42:10'),(138,'2981b6f6b449b49e6da7',2,12,37,'RES-NKH-SR-20251111-377','2025-10-23 06:42:10',60,2,2,'2025-11-11','11:30:00','confirmed','Window seat preferred','Dietary restrictions noted','2025-10-16 23:42:10','2025-10-20 23:42:10'),(139,'0f6592de0a014f65544d',3,4,93,'RES-NKH-BB-20251120-749','2025-10-23 06:42:10',60,2,2,'2025-11-20','13:30:00','confirmed','Private dining area',NULL,'2025-10-19 23:42:10','2025-10-21 23:42:10'),(140,'534b85bae9b69db496d6',2,10,65,'RES-NKH-SR-20251130-053','2025-10-23 06:42:10',60,2,3,'2025-11-30','19:30:00','pending','Business meeting','Special occasion','2025-10-19 23:42:10','2025-10-19 23:42:10');
/*!40000 ALTER TABLE `reservations` ENABLE KEYS */;
UNLOCK TABLES;

--
-- Table structure for table `role_permission`
--

DROP TABLE IF EXISTS `role_permission`;
/*!40101 SET @saved_cs_client     = @@character_set_client */;
/*!50503 SET character_set_client = utf8mb4 */;
CREATE TABLE `role_permission` (
  `role_id` bigint unsigned NOT NULL,
  `permission_id` bigint unsigned NOT NULL,
  PRIMARY KEY (`role_id`,`permission_id`),
  KEY `role_permission_permission_id_foreign` (`permission_id`),
  CONSTRAINT `role_permission_permission_id_foreign` FOREIGN KEY (`permission_id`) REFERENCES `permissions` (`id`) ON DELETE CASCADE ON UPDATE CASCADE,
  CONSTRAINT `role_permission_role_id_foreign` FOREIGN KEY (`role_id`) REFERENCES `roles` (`id`) ON DELETE CASCADE ON UPDATE CASCADE
) ENGINE=InnoDB DEFAULT CHARSET=utf8mb4 COLLATE=utf8mb4_unicode_ci;
/*!40101 SET character_set_client = @saved_cs_client */;

--
-- Dumping data for table `role_permission`
--

LOCK TABLES `role_permission` WRITE;
/*!40000 ALTER TABLE `role_permission` DISABLE KEYS */;
/*!40000 ALTER TABLE `role_permission` ENABLE KEYS */;
UNLOCK TABLES;

--
-- Table structure for table `role_user`
--

DROP TABLE IF EXISTS `role_user`;
/*!40101 SET @saved_cs_client     = @@character_set_client */;
/*!50503 SET character_set_client = utf8mb4 */;
CREATE TABLE `role_user` (
  `role_id` bigint unsigned NOT NULL,
  `user_id` bigint unsigned NOT NULL,
  PRIMARY KEY (`role_id`,`user_id`),
  KEY `role_user_user_id_foreign` (`user_id`),
  CONSTRAINT `role_user_role_id_foreign` FOREIGN KEY (`role_id`) REFERENCES `roles` (`id`) ON DELETE CASCADE ON UPDATE CASCADE,
  CONSTRAINT `role_user_user_id_foreign` FOREIGN KEY (`user_id`) REFERENCES `users` (`id`) ON DELETE CASCADE ON UPDATE CASCADE
) ENGINE=InnoDB DEFAULT CHARSET=utf8mb4 COLLATE=utf8mb4_unicode_ci;
/*!40101 SET character_set_client = @saved_cs_client */;

--
-- Dumping data for table `role_user`
--

LOCK TABLES `role_user` WRITE;
/*!40000 ALTER TABLE `role_user` DISABLE KEYS */;
/*!40000 ALTER TABLE `role_user` ENABLE KEYS */;
UNLOCK TABLES;

--
-- Table structure for table `roles`
--

DROP TABLE IF EXISTS `roles`;
/*!40101 SET @saved_cs_client     = @@character_set_client */;
/*!50503 SET character_set_client = utf8mb4 */;
CREATE TABLE `roles` (
  `id` bigint unsigned NOT NULL AUTO_INCREMENT,
  `name` varchar(100) COLLATE utf8mb4_unicode_ci NOT NULL,
  `slug` varchar(100) COLLATE utf8mb4_unicode_ci NOT NULL,
  `description` text COLLATE utf8mb4_unicode_ci,
  `created_at` timestamp NULL DEFAULT NULL,
  `updated_at` timestamp NULL DEFAULT NULL,
  PRIMARY KEY (`id`),
  UNIQUE KEY `roles_name_unique` (`name`),
  UNIQUE KEY `roles_slug_unique` (`slug`)
) ENGINE=InnoDB DEFAULT CHARSET=utf8mb4 COLLATE=utf8mb4_unicode_ci;
/*!40101 SET character_set_client = @saved_cs_client */;

--
-- Dumping data for table `roles`
--

LOCK TABLES `roles` WRITE;
/*!40000 ALTER TABLE `roles` DISABLE KEYS */;
/*!40000 ALTER TABLE `roles` ENABLE KEYS */;
UNLOCK TABLES;

--
-- Table structure for table `sessions`
--

DROP TABLE IF EXISTS `sessions`;
/*!40101 SET @saved_cs_client     = @@character_set_client */;
/*!50503 SET character_set_client = utf8mb4 */;
CREATE TABLE `sessions` (
  `id` varchar(255) COLLATE utf8mb4_unicode_ci NOT NULL,
  `user_id` bigint unsigned DEFAULT NULL,
  `ip_address` varchar(45) COLLATE utf8mb4_unicode_ci DEFAULT NULL,
  `user_agent` text COLLATE utf8mb4_unicode_ci,
  `payload` longtext COLLATE utf8mb4_unicode_ci NOT NULL,
  `last_activity` int NOT NULL,
  PRIMARY KEY (`id`),
  KEY `sessions_user_id_index` (`user_id`),
  KEY `sessions_last_activity_index` (`last_activity`)
) ENGINE=InnoDB DEFAULT CHARSET=utf8mb4 COLLATE=utf8mb4_unicode_ci;
/*!40101 SET character_set_client = @saved_cs_client */;

--
-- Dumping data for table `sessions`
--

LOCK TABLES `sessions` WRITE;
/*!40000 ALTER TABLE `sessions` DISABLE KEYS */;
INSERT INTO `sessions` VALUES ('06IG5cIM5L1PnpSr9VvPWUlgbrMTTgOW4KQK2wyc',NULL,'127.0.0.1','Mozilla/5.0 (Windows NT 10.0; Win64; x64) AppleWebKit/537.36 (KHTML, like Gecko) Chrome/141.0.0.0 Safari/537.36','YTo0OntzOjY6Il90b2tlbiI7czo0MDoiOFoxeVlBakxIZ2VkdlVkNVBkekRidlZ0amNJN1RDbGFmenduNzJEYiI7czoyMjoiUEhQREVCVUdCQVJfU1RBQ0tfREFUQSI7YTowOnt9czo5OiJfcHJldmlvdXMiO2E6MTp7czozOiJ1cmwiO3M6MjE6Imh0dHA6Ly8xMjcuMC4wLjE6ODAwMCI7fXM6NjoiX2ZsYXNoIjthOjI6e3M6Mzoib2xkIjthOjA6e31zOjM6Im5ldyI7YTowOnt9fX0=',1761301196),('0KsGQTStQ28g0Yq6idfAweByEm2HzJns5qhZWWPx',NULL,'127.0.0.1','Mozilla/5.0 (Windows NT 10.0; Win64; x64) AppleWebKit/537.36 (KHTML, like Gecko) Chrome/141.0.0.0 Safari/537.36','YTo0OntzOjY6Il90b2tlbiI7czo0MDoia000TEllNlNWMTZoM29aQ2FnVGJSY3dMQ0JnUlV4bDlGMmxlVVhkbCI7czoyMjoiUEhQREVCVUdCQVJfU1RBQ0tfREFUQSI7YTowOnt9czo5OiJfcHJldmlvdXMiO2E6MTp7czozOiJ1cmwiO3M6MjE6Imh0dHA6Ly8xMjcuMC4wLjE6ODAwMCI7fXM6NjoiX2ZsYXNoIjthOjI6e3M6Mzoib2xkIjthOjA6e31zOjM6Im5ldyI7YTowOnt9fX0=',1761301801),('16nFouNVSf4ymkzx2MZljMfeDKJpdOEXMzIWx6vo',NULL,'127.0.0.1','Mozilla/5.0 (Windows NT 10.0; Win64; x64) AppleWebKit/537.36 (KHTML, like Gecko) Chrome/141.0.0.0 Safari/537.36','YToyOntzOjY6Il90b2tlbiI7czo0MDoicjExMUdPVklVbkF1b3dFN3Ric0pYQm5JalhVMnkyTmZwTm5uekhyUSI7czo2OiJfZmxhc2giO2E6Mjp7czozOiJvbGQiO2E6MDp7fXM6MzoibmV3IjthOjA6e319fQ==',1761297921),('1FPgEC0679mrxv6fhc307yvgkgCBBboBxpBhcmOl',NULL,'127.0.0.1','Mozilla/5.0 (Windows NT 10.0; Win64; x64) AppleWebKit/537.36 (KHTML, like Gecko) Chrome/141.0.0.0 Safari/537.36','YToyOntzOjY6Il90b2tlbiI7czo0MDoiM0ZKNUdQUmNKb3FrdWlJQUs1ZVlDTWJFSGRzN1JoSWxJQUs0WnZ1SiI7czo2OiJfZmxhc2giO2E6Mjp7czozOiJvbGQiO2E6MDp7fXM6MzoibmV3IjthOjA6e319fQ==',1761297835),('3FSNuvBnScv9vrWlYo88xk3hiK3Hssa5vfHf3eHG',NULL,'127.0.0.1','Mozilla/5.0 (Windows NT 10.0; Win64; x64) AppleWebKit/537.36 (KHTML, like Gecko) Chrome/141.0.0.0 Safari/537.36','YTo0OntzOjY6Il90b2tlbiI7czo0MDoiQ1VCY24xYmlDczRyYjE4RGQ5UWtFajBuSzBGVklWQ3NmS1BJck9EYSI7czoyMjoiUEhQREVCVUdCQVJfU1RBQ0tfREFUQSI7YTowOnt9czo5OiJfcHJldmlvdXMiO2E6MTp7czozOiJ1cmwiO3M6MjE6Imh0dHA6Ly8xMjcuMC4wLjE6ODAwMCI7fXM6NjoiX2ZsYXNoIjthOjI6e3M6Mzoib2xkIjthOjA6e31zOjM6Im5ldyI7YTowOnt9fX0=',1761301852),('4HhR6nYVm2lx0L4ouD5L4G3H66TGeO8gd0vkHBDO',NULL,'127.0.0.1','Mozilla/5.0 (Windows NT 10.0; Win64; x64) AppleWebKit/537.36 (KHTML, like Gecko) Chrome/141.0.0.0 Safari/537.36','YTo0OntzOjY6Il90b2tlbiI7czo0MDoiSHA2VnhqUm1zVGVycGlpakVyNVZVUldJNHptejlGVmU1VnVKS1YyTiI7czoyMjoiUEhQREVCVUdCQVJfU1RBQ0tfREFUQSI7YTowOnt9czo5OiJfcHJldmlvdXMiO2E6MTp7czozOiJ1cmwiO3M6MjE6Imh0dHA6Ly8xMjcuMC4wLjE6ODAwMCI7fXM6NjoiX2ZsYXNoIjthOjI6e3M6Mzoib2xkIjthOjA6e31zOjM6Im5ldyI7YTowOnt9fX0=',1761301858),('52twzpaaTfVcogZDveECB9wgqqLET6xy9VXJQbJ8',NULL,'127.0.0.1','Mozilla/5.0 (Windows NT 10.0; Win64; x64) AppleWebKit/537.36 (KHTML, like Gecko) Chrome/141.0.0.0 Safari/537.36','YToyOntzOjY6Il90b2tlbiI7czo0MDoidDN2UTlISWFtVG9vYXZndExlVjJiTzFoYXVFQ1ZtRXZNM0F3czlBNCI7czo2OiJfZmxhc2giO2E6Mjp7czozOiJvbGQiO2E6MDp7fXM6MzoibmV3IjthOjA6e319fQ==',1761301799),('5XrvDeDpjqUzd4LICXPOa6ukrBEz1Ole06UJSWPs',NULL,'127.0.0.1','Mozilla/5.0 (Windows NT 10.0; Win64; x64) AppleWebKit/537.36 (KHTML, like Gecko) Chrome/141.0.0.0 Safari/537.36','YTo1OntzOjY6Il90b2tlbiI7czo0MDoiMDUxTXJKY2l6Q2MyejlyQjhBb1hyS2p6VEtpRDBzQTJhajV5azE3YSI7czozOiJ1cmwiO2E6MTp7czo4OiJpbnRlbmRlZCI7czozMToiaHR0cDovLzEyNy4wLjAuMTo4MDAwL2Rhc2hib2FyZCI7fXM6NjoiX2ZsYXNoIjthOjI6e3M6Mzoib2xkIjthOjA6e31zOjM6Im5ldyI7YTowOnt9fXM6MjI6IlBIUERFQlVHQkFSX1NUQUNLX0RBVEEiO2E6MDp7fXM6OToiX3ByZXZpb3VzIjthOjE6e3M6MzoidXJsIjtzOjIxOiJodHRwOi8vMTI3LjAuMC4xOjgwMDAiO319',1761301832),('6rb35DxmA8KgNOxREFDBgmuxTHvoMRcnLnRA8I0B',NULL,'127.0.0.1','Mozilla/5.0 (Windows NT 10.0; Win64; x64) AppleWebKit/537.36 (KHTML, like Gecko) Chrome/141.0.0.0 Safari/537.36','YToyOntzOjY6Il90b2tlbiI7czo0MDoiSGxacXNkVXJ4THE5dTQxMTFSR0RteTlQYTFwbURBbDNVcEhsYXZ2YiI7czo2OiJfZmxhc2giO2E6Mjp7czozOiJvbGQiO2E6MDp7fXM6MzoibmV3IjthOjA6e319fQ==',1761301853),('7BAVM2Q6tpZLOc1E9yotONdmaajWkFleGCg0Foix',NULL,'127.0.0.1','Mozilla/5.0 (Windows NT 10.0; Win64; x64) AppleWebKit/537.36 (KHTML, like Gecko) Chrome/141.0.0.0 Safari/537.36','YToyOntzOjY6Il90b2tlbiI7czo0MDoiekNxbkpuWUNhY2RnbkFlQ1RIelJCNjhUaVZpeXpuTEJ4QXk2c1ZPZSI7czo2OiJfZmxhc2giO2E6Mjp7czozOiJvbGQiO2E6MDp7fXM6MzoibmV3IjthOjA6e319fQ==',1761301838),('7JM1lFu5Jf4hqNitpO11JvlwiI7aWKisbSZF6BJM',NULL,'127.0.0.1','Mozilla/5.0 (Windows NT 10.0; Win64; x64) AppleWebKit/537.36 (KHTML, like Gecko) Chrome/141.0.0.0 Safari/537.36','YToyOntzOjY6Il90b2tlbiI7czo0MDoiQUhENkR1TXBvMXBWbDV2Z2VoVzdTUlp3ZzM0T3M4djlDZmVzTUUzdyI7czo2OiJfZmxhc2giO2E6Mjp7czozOiJvbGQiO2E6MDp7fXM6MzoibmV3IjthOjA6e319fQ==',1761301797),('7pqLySoBiVWvvKbX1krMn3o01jYvKlJbiOLbGoXI',NULL,'127.0.0.1','Mozilla/5.0 (Windows NT 10.0; Win64; x64) AppleWebKit/537.36 (KHTML, like Gecko) Chrome/141.0.0.0 Safari/537.36','YTozOntzOjY6Il90b2tlbiI7czo0MDoiRjBHZTRsekg3S3FWVEFPTU1VOEVoME9iZmhtN2k5QUF2ZFZBZTVKUiI7czozOiJ1cmwiO2E6MTp7czo4OiJpbnRlbmRlZCI7czozMToiaHR0cDovLzEyNy4wLjAuMTo4MDAwL2Rhc2hib2FyZCI7fXM6NjoiX2ZsYXNoIjthOjI6e3M6Mzoib2xkIjthOjA6e31zOjM6Im5ldyI7YTowOnt9fX0=',1761301840),('8aYazCTqTnstHqnkwlFlJ3WHn4CAo110EHDUQavh',NULL,'127.0.0.1','Mozilla/5.0 (Windows NT 10.0; Win64; x64) AppleWebKit/537.36 (KHTML, like Gecko) Chrome/141.0.0.0 Safari/537.36','YTozOntzOjY6Il90b2tlbiI7czo0MDoibnU2ckt4VTZ1UGI3WE1JQVdBZFIwclA4Tlp6T0I0NHZ5WEViR1RPQyI7czozOiJ1cmwiO2E6MTp7czo4OiJpbnRlbmRlZCI7czozMToiaHR0cDovLzEyNy4wLjAuMTo4MDAwL2Rhc2hib2FyZCI7fXM6NjoiX2ZsYXNoIjthOjI6e3M6Mzoib2xkIjthOjA6e31zOjM6Im5ldyI7YTowOnt9fX0=',1761301718),('A3UReIYnIGfQEbBbRHzarpxbHftxKNNbPfsY82md',NULL,'127.0.0.1','Mozilla/5.0 (Windows NT 10.0; Win64; x64) AppleWebKit/537.36 (KHTML, like Gecko) Chrome/141.0.0.0 Safari/537.36','YToyOntzOjY6Il90b2tlbiI7czo0MDoibDdWOXAyWlZwbDMwNW5XSXFWOTlpaUQyUEVDeXNQTld1WllJYXpkdiI7czo2OiJfZmxhc2giO2E6Mjp7czozOiJvbGQiO2E6MDp7fXM6MzoibmV3IjthOjA6e319fQ==',1761301781),('aqJbcMjOrxFeofETullqvufZVJNxnuG00he9gMbQ',NULL,'127.0.0.1','Mozilla/5.0 (Windows NT 10.0; Win64; x64) AppleWebKit/537.36 (KHTML, like Gecko) Chrome/141.0.0.0 Safari/537.36','YToyOntzOjY6Il90b2tlbiI7czo0MDoiQVcxbzZRSjk2bXdFZ2JaQ2w5a0pYdzZ2dVBJUGJFcTM5VnNGY1c2ciI7czo2OiJfZmxhc2giO2E6Mjp7czozOiJvbGQiO2E6MDp7fXM6MzoibmV3IjthOjA6e319fQ==',1761304351),('axzaV8X22Rq91ifljdBOigY8biPHs2N9EocHD9PX',NULL,'127.0.0.1','Mozilla/5.0 (Windows NT 10.0; Win64; x64) AppleWebKit/537.36 (KHTML, like Gecko) Chrome/141.0.0.0 Safari/537.36','YToyOntzOjY6Il90b2tlbiI7czo0MDoibm9BbUMyVEZ2bllkMjJMdFQydVVxb0xmUDg1dGZ4T0YxRGlzRWhxbyI7czo2OiJfZmxhc2giO2E6Mjp7czozOiJvbGQiO2E6MDp7fXM6MzoibmV3IjthOjA6e319fQ==',1761301628),('BcmiZpFXIoNOTI5rbjbfOmf85VAAG0cXVADE8j9F',NULL,'127.0.0.1','Mozilla/5.0 (Windows NT 10.0; Win64; x64) AppleWebKit/537.36 (KHTML, like Gecko) Chrome/141.0.0.0 Safari/537.36','YToyOntzOjY6Il90b2tlbiI7czo0MDoiUnBHUWViMVJJR05iOU5Kc2ZENGN0eTVXUTBCbkRDRHVvanZnYVhTRCI7czo2OiJfZmxhc2giO2E6Mjp7czozOiJvbGQiO2E6MDp7fXM6MzoibmV3IjthOjA6e319fQ==',1761301708),('BWyemPtv621tOipvb2ihAzQa6Ix5YQLq6vgeU118',NULL,'127.0.0.1','Mozilla/5.0 (Windows NT 10.0; Win64; x64) AppleWebKit/537.36 (KHTML, like Gecko) Chrome/141.0.0.0 Safari/537.36','YToyOntzOjY6Il90b2tlbiI7czo0MDoiT1dyWmRlNXRnSjloZkZ0aDJPRElKa1dTbFFaNVJHNVB6RTlWVkxiSSI7czo2OiJfZmxhc2giO2E6Mjp7czozOiJvbGQiO2E6MDp7fXM6MzoibmV3IjthOjA6e319fQ==',1761301629),('cP9H9hyl1zEqDm2BYFv7y9k7BN8egn7AB2ReRqH4',NULL,'127.0.0.1','Mozilla/5.0 (Windows NT 10.0; Win64; x64) AppleWebKit/537.36 (KHTML, like Gecko) Chrome/141.0.0.0 Safari/537.36','YToyOntzOjY6Il90b2tlbiI7czo0MDoiTzM2MGkxb1NYbVRIc2txNlBTT2FyVXZsbW9HSVVVeXZ6OURaeG91byI7czo2OiJfZmxhc2giO2E6Mjp7czozOiJvbGQiO2E6MDp7fXM6MzoibmV3IjthOjA6e319fQ==',1761301627),('d5K0VktuG3v8iRh0wCGxCjr4cLT2dJhuhV0CP3K7',NULL,'127.0.0.1','Mozilla/5.0 (Windows NT 10.0; Win64; x64) AppleWebKit/537.36 (KHTML, like Gecko) Chrome/141.0.0.0 Safari/537.36','YToyOntzOjY6Il90b2tlbiI7czo0MDoiaDRzTEVTaTJKVHpXTVNxYTFwc0NNbFd1aFN2anFRa3hWd1pjaWhCUCI7czo2OiJfZmxhc2giO2E6Mjp7czozOiJvbGQiO2E6MDp7fXM6MzoibmV3IjthOjA6e319fQ==',1761301859),('DeBkc2NelmN9TON5WP2IWm2P0VKj7SdMeZWXs1YO',NULL,'127.0.0.1','Mozilla/5.0 (Windows NT 10.0; Win64; x64) AppleWebKit/537.36 (KHTML, like Gecko) Chrome/141.0.0.0 Safari/537.36','YToyOntzOjY6Il90b2tlbiI7czo0MDoiZmxEVjU2dEt4aTJuN1N1OHRyUXFzVW9nWE04OUlqZG5jUXRoWU1YZyI7czo2OiJfZmxhc2giO2E6Mjp7czozOiJvbGQiO2E6MDp7fXM6MzoibmV3IjthOjA6e319fQ==',1761297839),('DfWCp5HV4v5o4G90kcORoyR7s2ZzwFqkrA6L2RYZ',NULL,'127.0.0.1','Mozilla/5.0 (Windows NT 10.0; Win64; x64) AppleWebKit/537.36 (KHTML, like Gecko) Chrome/141.0.0.0 Safari/537.36','YToyOntzOjY6Il90b2tlbiI7czo0MDoidTZDRHhHTFRjbmd3QTc4ZmZCcHNHUEZGMVVsVUFSeDFIa0tDMVYyUCI7czo2OiJfZmxhc2giO2E6Mjp7czozOiJvbGQiO2E6MDp7fXM6MzoibmV3IjthOjA6e319fQ==',1761301794),('DmHtg7Jl3SwLb8wc6liyu8RaEliEEb3jlFrrXNnS',NULL,'127.0.0.1','Mozilla/5.0 (Windows NT 10.0; Win64; x64) AppleWebKit/537.36 (KHTML, like Gecko) Chrome/141.0.0.0 Safari/537.36','YToyOntzOjY6Il90b2tlbiI7czo0MDoiZTZqQjVaUWNpUDlsU1dRRHkzeVBET1ZjVUdtOVg1MUZBbWx2cllTaSI7czo2OiJfZmxhc2giO2E6Mjp7czozOiJvbGQiO2E6MDp7fXM6MzoibmV3IjthOjA6e319fQ==',1761301204),('DWfap2Rcs0Bojn76CLsBRaccdDJo2nrFGMtFJnFQ',NULL,'127.0.0.1','Mozilla/5.0 (Windows NT 10.0; Win64; x64) AppleWebKit/537.36 (KHTML, like Gecko) Chrome/141.0.0.0 Safari/537.36','YToyOntzOjY6Il90b2tlbiI7czo0MDoiYWgyVm9hSlVHOXlTdVlmbVFoT2FkcGpqZzlRRGozZ0x6ZkFUT1c4WSI7czo2OiJfZmxhc2giO2E6Mjp7czozOiJvbGQiO2E6MDp7fXM6MzoibmV3IjthOjA6e319fQ==',1761301566),('e4RtaZcGRlOel5NxHnAYGuPrv8AvRXF9pAB1wbjU',NULL,'127.0.0.1','Mozilla/5.0 (Windows NT 10.0; Win64; x64) AppleWebKit/537.36 (KHTML, like Gecko) Chrome/141.0.0.0 Safari/537.36','YTo0OntzOjY6Il90b2tlbiI7czo0MDoiNWp1dGE3VWVOejdFdklsNFg4Q3psc1J2dmRoRGlPOFZOR0xXNUNweSI7czoyMjoiUEhQREVCVUdCQVJfU1RBQ0tfREFUQSI7YTowOnt9czo5OiJfcHJldmlvdXMiO2E6MTp7czozOiJ1cmwiO3M6MjE6Imh0dHA6Ly8xMjcuMC4wLjE6ODAwMCI7fXM6NjoiX2ZsYXNoIjthOjI6e3M6Mzoib2xkIjthOjA6e31zOjM6Im5ldyI7YTowOnt9fX0=',1761301706),('eFAtLTK5gjx8OUtcdm7V5xXBNVWuIrrlUrjVJKRj',NULL,'127.0.0.1','Mozilla/5.0 (Windows NT 10.0; Win64; x64) AppleWebKit/537.36 (KHTML, like Gecko) Chrome/141.0.0.0 Safari/537.36','YToyOntzOjY6Il90b2tlbiI7czo0MDoiZkFOOHlPR2h0alNvdmJvOVBZTU5Ba28xYmxKWnhoRDNxS25OY2JvRyI7czo2OiJfZmxhc2giO2E6Mjp7czozOiJvbGQiO2E6MDp7fXM6MzoibmV3IjthOjA6e319fQ==',1761301793),('ESQj62PrgMJuHqcqtJf94nnU5BPV8qkXNyygsL2F',NULL,'127.0.0.1','Mozilla/5.0 (Windows NT 10.0; Win64; x64) AppleWebKit/537.36 (KHTML, like Gecko) Chrome/141.0.0.0 Safari/537.36','YToyOntzOjY6Il90b2tlbiI7czo0MDoiUVlOTnNCbVJGN2kzcXo1U2lXODNDSnRRbUE1Zm4zMmhVWGRSRjFrYyI7czo2OiJfZmxhc2giO2E6Mjp7czozOiJvbGQiO2E6MDp7fXM6MzoibmV3IjthOjA6e319fQ==',1761301781),('EXNrg9aght542MhbZb9xOQ38DysHUUcEreWHi2bb',NULL,'127.0.0.1','Mozilla/5.0 (Windows NT 10.0; Win64; x64) AppleWebKit/537.36 (KHTML, like Gecko) Chrome/141.0.0.0 Safari/537.36','YTo0OntzOjY6Il90b2tlbiI7czo0MDoibDEwYk1WenM1WDlSRlFRdUx5QXFmcWFCVVpsU0FYTW13VUs0ZW9HQSI7czoyMjoiUEhQREVCVUdCQVJfU1RBQ0tfREFUQSI7YTowOnt9czo5OiJfcHJldmlvdXMiO2E6MTp7czozOiJ1cmwiO3M6MjE6Imh0dHA6Ly8xMjcuMC4wLjE6ODAwMCI7fXM6NjoiX2ZsYXNoIjthOjI6e3M6Mzoib2xkIjthOjA6e31zOjM6Im5ldyI7YTowOnt9fX0=',1761301673),('g7LIYxlBoQq1VnHvXHy0yOnmrgkdOMVlSplSSkdK',NULL,'127.0.0.1','Mozilla/5.0 (Windows NT 10.0; Win64; x64) AppleWebKit/537.36 (KHTML, like Gecko) Chrome/141.0.0.0 Safari/537.36','YToyOntzOjY6Il90b2tlbiI7czo0MDoiSGlzM25COWhRdmN0SXdtMWRuQnVpUnQ3VjNMZG5DaU9pbEN3MG1RdiI7czo2OiJfZmxhc2giO2E6Mjp7czozOiJvbGQiO2E6MDp7fXM6MzoibmV3IjthOjA6e319fQ==',1761301793),('GeGEbYIJgW48v2wNAiUNZDbjWzuii0pu0hoU1Rxy',NULL,'127.0.0.1','Mozilla/5.0 (Windows NT 10.0; Win64; x64) AppleWebKit/537.36 (KHTML, like Gecko) Chrome/141.0.0.0 Safari/537.36','YToyOntzOjY6Il90b2tlbiI7czo0MDoiMVVmenBOb2h4b2xabmlDdFREWkVaM0ZmSVBCaHI4T2UwZTNNNlcwUCI7czo2OiJfZmxhc2giO2E6Mjp7czozOiJvbGQiO2E6MDp7fXM6MzoibmV3IjthOjA6e319fQ==',1761297920),('gZBs3izVI6CWRFK1l3mlh6X476ud8vP5Vcl81elP',NULL,'127.0.0.1','Mozilla/5.0 (Windows NT 10.0; Win64; x64) AppleWebKit/537.36 (KHTML, like Gecko) Chrome/141.0.0.0 Safari/537.36','YToyOntzOjY6Il90b2tlbiI7czo0MDoiakdYNXZNNUhDSHJwR0R4QjNuRHhybW9UZEx3b01ZMml6WVM0WHRuVCI7czo2OiJfZmxhc2giO2E6Mjp7czozOiJvbGQiO2E6MDp7fXM6MzoibmV3IjthOjA6e319fQ==',1761301628),('h7oSPTekzDDigWw5i0p8PJQYLGq3QjnXdXwXUpNL',NULL,'127.0.0.1','Mozilla/5.0 (Windows NT 10.0; Win64; x64) AppleWebKit/537.36 (KHTML, like Gecko) Chrome/141.0.0.0 Safari/537.36','YToyOntzOjY6Il90b2tlbiI7czo0MDoiaHhITlc4czRldFBKZkxFaVh0ZjBUeFR2V1FCZ3J5ZmpjeTRFRWFINCI7czo2OiJfZmxhc2giO2E6Mjp7czozOiJvbGQiO2E6MDp7fXM6MzoibmV3IjthOjA6e319fQ==',1761301709),('I0r3W4iM1mZ1G4GJ1P8uV1QpfTNtDh5mpWX6h0tW',NULL,'127.0.0.1','Mozilla/5.0 (Windows NT 10.0; Win64; x64) AppleWebKit/537.36 (KHTML, like Gecko) Chrome/141.0.0.0 Safari/537.36','YToyOntzOjY6Il90b2tlbiI7czo0MDoicTk0U0N0VWtkWXRtN1lIMnRsN0ExejVsenhTVTFYVUtWd3VzRUs5TyI7czo2OiJfZmxhc2giO2E6Mjp7czozOiJvbGQiO2E6MDp7fXM6MzoibmV3IjthOjA6e319fQ==',1761304351),('iLa7fQaZTKSMJrKLFuXIptPeIlejb4e5QWUoqpSY',NULL,'127.0.0.1','Mozilla/5.0 (Windows NT 10.0; Win64; x64) AppleWebKit/537.36 (KHTML, like Gecko) Chrome/141.0.0.0 Safari/537.36','YToyOntzOjY6Il90b2tlbiI7czo0MDoiYWNPVmJVNEZvTGVHQ0hQRnpxTFpzUlVidlF6MGZvYWdKdFB5T3MzYyI7czo2OiJfZmxhc2giO2E6Mjp7czozOiJvbGQiO2E6MDp7fXM6MzoibmV3IjthOjA6e319fQ==',1761301566),('J64CouTJhXegIJnYy66i8Jxc71l7wvgw3q0AYxHT',NULL,'127.0.0.1','Mozilla/5.0 (Windows NT 10.0; Win64; x64) AppleWebKit/537.36 (KHTML, like Gecko) Chrome/141.0.0.0 Safari/537.36','YToyOntzOjY6Il90b2tlbiI7czo0MDoiaURCb3p4SDlORUVRZ0hNY1JibDFTaUlQQkdXcnF2ODJ3dUFlNFRheiI7czo2OiJfZmxhc2giO2E6Mjp7czozOiJvbGQiO2E6MDp7fXM6MzoibmV3IjthOjA6e319fQ==',1761301711),('JadZbiTeSy7Bt8c5UVHq2HGphR7eZFyindxRYFmQ',NULL,'127.0.0.1','Mozilla/5.0 (Windows NT 10.0; Win64; x64) AppleWebKit/537.36 (KHTML, like Gecko) Chrome/141.0.0.0 Safari/537.36','YToyOntzOjY6Il90b2tlbiI7czo0MDoiSkZza2NtbFdxNkdOS09BcWlQSVFwTWw5UkZsNm5UN1F3VHpyTlhBdSI7czo2OiJfZmxhc2giO2E6Mjp7czozOiJvbGQiO2E6MDp7fXM6MzoibmV3IjthOjA6e319fQ==',1761301568),('ktsVTay1UcKBgUkB31rksASV4f9CDmbpt9khY1ba',NULL,'127.0.0.1','Mozilla/5.0 (Windows NT 10.0; Win64; x64) AppleWebKit/537.36 (KHTML, like Gecko) Chrome/141.0.0.0 Safari/537.36','YTo0OntzOjY6Il90b2tlbiI7czo0MDoiTGJaQ05MOGt4MHlscm1GenNLeENrYTlZWkQ1bDRxQzRzZTF1Y2hlbiI7czoyMjoiUEhQREVCVUdCQVJfU1RBQ0tfREFUQSI7YTowOnt9czo5OiJfcHJldmlvdXMiO2E6MTp7czozOiJ1cmwiO3M6MjE6Imh0dHA6Ly8xMjcuMC4wLjE6ODAwMCI7fXM6NjoiX2ZsYXNoIjthOjI6e3M6Mzoib2xkIjthOjA6e31zOjM6Im5ldyI7YTowOnt9fX0=',1761301077),('l856f5qH3fflD5qVAKQADcPg812PrSePEhn7YnyT',NULL,'127.0.0.1','Mozilla/5.0 (Windows NT 10.0; Win64; x64) AppleWebKit/537.36 (KHTML, like Gecko) Chrome/141.0.0.0 Safari/537.36','YToyOntzOjY6Il90b2tlbiI7czo0MDoiU1FtM3RHZmVrcDRtM3ZwOEdOUWh3SG80ajdCbE56c3ZzSmdZbG5maSI7czo2OiJfZmxhc2giO2E6Mjp7czozOiJvbGQiO2E6MDp7fXM6MzoibmV3IjthOjA6e319fQ==',1761301673),('lchm5JkilBQtsGuySdS5eftvsJAfhWCZDIsWHlJi',NULL,'127.0.0.1','Mozilla/5.0 (Windows NT 10.0; Win64; x64) AppleWebKit/537.36 (KHTML, like Gecko) Chrome/141.0.0.0 Safari/537.36','YToyOntzOjY6Il90b2tlbiI7czo0MDoicW9vRnVTTGE0NU1LT0RvNzBoQUZEMm12V20xUkQ4eEdaanlTVVY4dSI7czo2OiJfZmxhc2giO2E6Mjp7czozOiJvbGQiO2E6MDp7fXM6MzoibmV3IjthOjA6e319fQ==',1761301198),('LiNauFMKxZMbq1iEBKcyr6EWRmeDHX5lZXQCMCde',NULL,'127.0.0.1','Mozilla/5.0 (Windows NT 10.0; Win64; x64) AppleWebKit/537.36 (KHTML, like Gecko) Chrome/141.0.0.0 Safari/537.36','YToyOntzOjY6Il90b2tlbiI7czo0MDoiSDlCVFpGdjI5eklQYXpJTFVLampZWjFpUHVLNnNwQ1B2czB6NVVWZCI7czo2OiJfZmxhc2giO2E6Mjp7czozOiJvbGQiO2E6MDp7fXM6MzoibmV3IjthOjA6e319fQ==',1761301798),('mgLr1er2WlYTNW7pElpWsbRpm4nra6Kl7ZcVIvAR',NULL,'127.0.0.1','Mozilla/5.0 (Windows NT 10.0; Win64; x64) AppleWebKit/537.36 (KHTML, like Gecko) Chrome/141.0.0.0 Safari/537.36','YToyOntzOjY6Il90b2tlbiI7czo0MDoiZG5hOTkzTHV6RUk3Wm5xSUwyVHp5Z2h2Mk42alZGQUhXZ3loQWliNCI7czo2OiJfZmxhc2giO2E6Mjp7czozOiJvbGQiO2E6MDp7fXM6MzoibmV3IjthOjA6e319fQ==',1761301628),('NeEwzs4AoGyRwmWMm9hNModrOucigololBEUETxb',NULL,'127.0.0.1','Mozilla/5.0 (Windows NT 10.0; Win64; x64) AppleWebKit/537.36 (KHTML, like Gecko) Chrome/141.0.0.0 Safari/537.36','YToyOntzOjY6Il90b2tlbiI7czo0MDoiUHNuS28yek92UDJsZkpNYWtHTHpjdFJPUkI0cjNaUGJ1WlZzaFppNSI7czo2OiJfZmxhc2giO2E6Mjp7czozOiJvbGQiO2E6MDp7fXM6MzoibmV3IjthOjA6e319fQ==',1761301803),('NmP4KVQ3w9lOBUs94D4P9aArdX0NhJ6OKoDwGVwc',NULL,'127.0.0.1','Mozilla/5.0 (Windows NT 10.0; Win64; x64) AppleWebKit/537.36 (KHTML, like Gecko) Chrome/141.0.0.0 Safari/537.36','YTo0OntzOjY6Il90b2tlbiI7czo0MDoiQ056eWhpZ0JYVDhkdDZhZ2w1VEs2VjNxeU1WNG1ac2hyMDlGZlJDaCI7czoyMjoiUEhQREVCVUdCQVJfU1RBQ0tfREFUQSI7YTowOnt9czo5OiJfcHJldmlvdXMiO2E6MTp7czozOiJ1cmwiO3M6MjE6Imh0dHA6Ly8xMjcuMC4wLjE6ODAwMCI7fXM6NjoiX2ZsYXNoIjthOjI6e3M6Mzoib2xkIjthOjA6e31zOjM6Im5ldyI7YTowOnt9fX0=',1761297834),('nqs7O2nrT25D2XldFcHA5E8Gef9DTmjA9K6SibrC',NULL,'127.0.0.1','Mozilla/5.0 (Windows NT 10.0; Win64; x64) AppleWebKit/537.36 (KHTML, like Gecko) Chrome/141.0.0.0 Safari/537.36','YToyOntzOjY6Il90b2tlbiI7czo0MDoiaUxRRVFoV01wTlBZRjJxUDZoUUVQdlBiM0RBMFlQSUlJYldyVllsWSI7czo2OiJfZmxhc2giO2E6Mjp7czozOiJvbGQiO2E6MDp7fXM6MzoibmV3IjthOjA6e319fQ==',1761301800),('o8Ex1R3isw5GK2aCXujUM2S6cLRPAJmfy4u7Cee1',NULL,'127.0.0.1','Mozilla/5.0 (Windows NT 10.0; Win64; x64) AppleWebKit/537.36 (KHTML, like Gecko) Chrome/141.0.0.0 Safari/537.36','YTo0OntzOjY6Il90b2tlbiI7czo0MDoiZzZWdEc4QlNCZzZDSXRzcU94QUc0NFdidzZ5MG02WEtBMUJrMHA5bCI7czoyMjoiUEhQREVCVUdCQVJfU1RBQ0tfREFUQSI7YTowOnt9czo5OiJfcHJldmlvdXMiO2E6MTp7czozOiJ1cmwiO3M6MjE6Imh0dHA6Ly8xMjcuMC4wLjE6ODAwMCI7fXM6NjoiX2ZsYXNoIjthOjI6e3M6Mzoib2xkIjthOjA6e31zOjM6Im5ldyI7YTowOnt9fX0=',1761301792),('oRiwCLNFimUuc27RLCU4a9NGcVaoJHKPfzkO5a8A',NULL,'127.0.0.1','Mozilla/5.0 (Windows NT 10.0; Win64; x64) AppleWebKit/537.36 (KHTML, like Gecko) Chrome/141.0.0.0 Safari/537.36','YToyOntzOjY6Il90b2tlbiI7czo0MDoiRnRpeDR0ek9RRGNxMVV5QXhNbXdhOVNiV2FveFlGclRLalZURlJNdSI7czo2OiJfZmxhc2giO2E6Mjp7czozOiJvbGQiO2E6MDp7fXM6MzoibmV3IjthOjA6e319fQ==',1761301840),('PwPgk6hw7o7ckVc7TsCB7MWWomGkH8OtkFr6Mvx5',NULL,'127.0.0.1','Mozilla/5.0 (Windows NT 10.0; Win64; x64) AppleWebKit/537.36 (KHTML, like Gecko) Chrome/141.0.0.0 Safari/537.36','YToyOntzOjY6Il90b2tlbiI7czo0MDoiVXd5c2JxQWI3UFVsNm81M2JOUHZxZ3pGcmREWlpsNE1OeGVRcTZMMCI7czo2OiJfZmxhc2giO2E6Mjp7czozOiJvbGQiO2E6MDp7fXM6MzoibmV3IjthOjA6e319fQ==',1761301565),('Q25ANUmyvZmp0HdHJRpq3RR5v0MjWMQlraR0pMI2',NULL,'127.0.0.1','Mozilla/5.0 (Windows NT 10.0; Win64; x64) AppleWebKit/537.36 (KHTML, like Gecko) Chrome/141.0.0.0 Safari/537.36','YTo0OntzOjY6Il90b2tlbiI7czo0MDoidXpBdGU4bkpDSlhVaXdzMGtrQjY4UjlVejliamFobFYxeUI2VVhweCI7czoyMjoiUEhQREVCVUdCQVJfU1RBQ0tfREFUQSI7YTowOnt9czo5OiJfcHJldmlvdXMiO2E6MTp7czozOiJ1cmwiO3M6MjE6Imh0dHA6Ly8xMjcuMC4wLjE6ODAwMCI7fXM6NjoiX2ZsYXNoIjthOjI6e3M6Mzoib2xkIjthOjA6e31zOjM6Im5ldyI7YTowOnt9fX0=',1761301564),('Q31PzB85grGnhMLrGQKNLORpSCVBc7xpozIJaXam',NULL,'127.0.0.1','Mozilla/5.0 (Windows NT 10.0; Win64; x64) AppleWebKit/537.36 (KHTML, like Gecko) Chrome/141.0.0.0 Safari/537.36','YTo0OntzOjY6Il90b2tlbiI7czo0MDoiMW02VzBBNHFOTHdMWGVpZTJERWNrV2t5azdWWkd2NTBJd3R0aUREYiI7czoyMjoiUEhQREVCVUdCQVJfU1RBQ0tfREFUQSI7YTowOnt9czo5OiJfcHJldmlvdXMiO2E6MTp7czozOiJ1cmwiO3M6MjE6Imh0dHA6Ly8xMjcuMC4wLjE6ODAwMCI7fXM6NjoiX2ZsYXNoIjthOjI6e3M6Mzoib2xkIjthOjA6e31zOjM6Im5ldyI7YTowOnt9fX0=',1761297919),('QLCKeyhWqkMpqRK43nQ6sSG5AMN3eY9kJ6pjjvwe',NULL,'127.0.0.1','Mozilla/5.0 (Windows NT 10.0; Win64; x64) AppleWebKit/537.36 (KHTML, like Gecko) Chrome/141.0.0.0 Safari/537.36','YToyOntzOjY6Il90b2tlbiI7czo0MDoiaXJwYm9BdVc2OTFjRGNBTkprYnVDSUZNS0Y2NThtUUhtVnREWUNyQiI7czo2OiJfZmxhc2giO2E6Mjp7czozOiJvbGQiO2E6MDp7fXM6MzoibmV3IjthOjA6e319fQ==',1761301078),('qS7mb7r4LK2EIgErdWmhO8U7hW8jGyoiswEoB1co',NULL,'127.0.0.1','Mozilla/5.0 (Windows NT 10.0; Win64; x64) AppleWebKit/537.36 (KHTML, like Gecko) Chrome/141.0.0.0 Safari/537.36','YToyOntzOjY6Il90b2tlbiI7czo0MDoiR09ZOHRVNjJWOVlKRW1NdGQxUG40ZVpyR0Q3SGlYOUtXbGhsQVZKQSI7czo2OiJfZmxhc2giO2E6Mjp7czozOiJvbGQiO2E6MDp7fXM6MzoibmV3IjthOjA6e319fQ==',1761301781),('rKcEha6UPk19pXgT7Kg5HrKaB1j0Takv0FGV3Xxs',NULL,'127.0.0.1','Mozilla/5.0 (Windows NT 10.0; Win64; x64) AppleWebKit/537.36 (KHTML, like Gecko) Chrome/141.0.0.0 Safari/537.36','YToyOntzOjY6Il90b2tlbiI7czo0MDoiQ09leGI3QXJ5RW9JeTVEa3M3dE9GNVJFMmpCaE9jbWdjMFJQbzNjUSI7czo2OiJfZmxhc2giO2E6Mjp7czozOiJvbGQiO2E6MDp7fXM6MzoibmV3IjthOjA6e319fQ==',1761301707),('SglLTNBOuGyXOPjSfZvYdf5h974vwd33i32R9Afi',NULL,'127.0.0.1','Mozilla/5.0 (Windows NT 10.0; Win64; x64) AppleWebKit/537.36 (KHTML, like Gecko) Chrome/141.0.0.0 Safari/537.36','YToyOntzOjY6Il90b2tlbiI7czo0MDoiVE5ZdFJ4TjZLRWIxU2lxQXAyZmNMMTJPTWpUb0o0UDhyQjBpZHpPaiI7czo2OiJfZmxhc2giO2E6Mjp7czozOiJvbGQiO2E6MDp7fXM6MzoibmV3IjthOjA6e319fQ==',1761301703),('te7m6MOiD0YY2BJDDMwxURPTcNtOj7R0mGzU2gC4',NULL,'127.0.0.1','Mozilla/5.0 (Windows NT 10.0; Win64; x64) AppleWebKit/537.36 (KHTML, like Gecko) Chrome/141.0.0.0 Safari/537.36','YToyOntzOjY6Il90b2tlbiI7czo0MDoiNktoQlpzNTZoUjQ5S2tEVXpVZDM2bjN4V2wxUzZRSXRWbWdUVUNuYyI7czo2OiJfZmxhc2giO2E6Mjp7czozOiJvbGQiO2E6MDp7fXM6MzoibmV3IjthOjA6e319fQ==',1761301797),('tj5pwaXUDNHhEO4flwuyfI97LLtwDPcv8U5gF2m2',NULL,'127.0.0.1','Mozilla/5.0 (Windows NT 10.0; Win64; x64) AppleWebKit/537.36 (KHTML, like Gecko) Chrome/141.0.0.0 Safari/537.36','YToyOntzOjY6Il90b2tlbiI7czo0MDoiOWpTaEpDZFlyRldrbTBZUGFSaXRTaWxVZVhTR2ZVeGNicmJJUnB1eCI7czo2OiJfZmxhc2giO2E6Mjp7czozOiJvbGQiO2E6MDp7fXM6MzoibmV3IjthOjA6e319fQ==',1761301793),('tJnSFv417x4AvQn9YJMPgkA8CkMljINF28El7kYQ',NULL,'127.0.0.1','Mozilla/5.0 (Windows NT 10.0; Win64; x64) AppleWebKit/537.36 (KHTML, like Gecko) Chrome/141.0.0.0 Safari/537.36','YToyOntzOjY6Il90b2tlbiI7czo0MDoieVpRWnFPbzl3Zzd5R0dTMzZ2a1ZuZDR4WUZkZXhVOU9XVVpvcE5OWiI7czo2OiJfZmxhc2giO2E6Mjp7czozOiJvbGQiO2E6MDp7fXM6MzoibmV3IjthOjA6e319fQ==',1761301847),('tkzXR5nMsSlNPkLJcJPhBEfLnSmnALpyLXk8TIsM',NULL,'127.0.0.1','Mozilla/5.0 (Windows NT 10.0; Win64; x64) AppleWebKit/537.36 (KHTML, like Gecko) Chrome/141.0.0.0 Safari/537.36','YToyOntzOjY6Il90b2tlbiI7czo0MDoia0ZMZTZvMlhYeG91QU5Ycm9wekJ6OGlhbXNqMHJVWDdrT1RURHFHNiI7czo2OiJfZmxhc2giO2E6Mjp7czozOiJvbGQiO2E6MDp7fXM6MzoibmV3IjthOjA6e319fQ==',1761301674),('Tpsihus7yM1EaI931rzZnJSKJTxI6urVnb1kUuo6',NULL,'127.0.0.1','Mozilla/5.0 (Windows NT 10.0; Win64; x64) AppleWebKit/537.36 (KHTML, like Gecko) Chrome/141.0.0.0 Safari/537.36','YToyOntzOjY6Il90b2tlbiI7czo0MDoibjh6RUlGY2M1emhWazgwa2Exc1hlc1ZPZmZJQm04ejZKb1BVOXlEdSI7czo2OiJfZmxhc2giO2E6Mjp7czozOiJvbGQiO2E6MDp7fXM6MzoibmV3IjthOjA6e319fQ==',1761301708),('tVzMU3YRPKXjOOZjOWY63PcwHqPgU9T4xtwbx017',NULL,'127.0.0.1','Mozilla/5.0 (Windows NT 10.0; Win64; x64) AppleWebKit/537.36 (KHTML, like Gecko) Chrome/141.0.0.0 Safari/537.36','YToyOntzOjY6Il90b2tlbiI7czo0MDoiOGJycWJpQjNSN1lIUEpqV0w0aXhFQmd2SWpvWGNvWk5qVVR0ZnNxYiI7czo2OiJfZmxhc2giO2E6Mjp7czozOiJvbGQiO2E6MDp7fXM6MzoibmV3IjthOjA6e319fQ==',1761297920),('tYMn1uUJGI9bNY396AwburASxWLnGBwzrKas95wK',NULL,'127.0.0.1','Mozilla/5.0 (Windows NT 10.0; Win64; x64) AppleWebKit/537.36 (KHTML, like Gecko) Chrome/141.0.0.0 Safari/537.36','YToyOntzOjY6Il90b2tlbiI7czo0MDoidlFlMGlxOEhiR0o5bFAyWXJWUFFTbUlGTkF6OWhJbDFadVRMQnRiVSI7czo2OiJfZmxhc2giO2E6Mjp7czozOiJvbGQiO2E6MDp7fXM6MzoibmV3IjthOjA6e319fQ==',1761301782),('UikmK9SdEuBgDwl1uuqcNT8tFJXqnu85vjRvv3hV',NULL,'127.0.0.1','Mozilla/5.0 (Windows NT 10.0; Win64; x64) AppleWebKit/537.36 (KHTML, like Gecko) Chrome/141.0.0.0 Safari/537.36','YToyOntzOjY6Il90b2tlbiI7czo0MDoiQlJQYWJpRXlVNFQ1Q05yNEE2U0wydU1CdXVuUEc5bDlsQUI0U0t0VCI7czo2OiJfZmxhc2giO2E6Mjp7czozOiJvbGQiO2E6MDp7fXM6MzoibmV3IjthOjA6e319fQ==',1761305018),('UMzICk50KzHucsqj2tYFWONRuaziwF8bv5pgRZHw',NULL,'127.0.0.1','Mozilla/5.0 (Windows NT 10.0; Win64; x64) AppleWebKit/537.36 (KHTML, like Gecko) Chrome/141.0.0.0 Safari/537.36','YToyOntzOjY6Il90b2tlbiI7czo0MDoiQ0pmSURhSzBkMXhUM1Y2YjdvRW1mdlZaVUdGNU5ybTNDTno5NmFMTyI7czo2OiJfZmxhc2giO2E6Mjp7czozOiJvbGQiO2E6MDp7fXM6MzoibmV3IjthOjA6e319fQ==',1761301800),('UOrOvb1sWQtTObD4MtZYHwHUrz3OTnFwrqDf4GNe',NULL,'127.0.0.1','Mozilla/5.0 (Windows NT 10.0; Win64; x64) AppleWebKit/537.36 (KHTML, like Gecko) Chrome/141.0.0.0 Safari/537.36','YToyOntzOjY6Il90b2tlbiI7czo0MDoicFJKN1IzOXhHVHJ4dXBtaEFLSGxuN1FJVWtBMDBDNlpIVVo4MVduTSI7czo2OiJfZmxhc2giO2E6Mjp7czozOiJvbGQiO2E6MDp7fXM6MzoibmV3IjthOjA6e319fQ==',1761297836),('Uu94l1kps6cG5EvBfUTXQJ2SMPTeWCJOPpov0RDZ',NULL,'127.0.0.1','Mozilla/5.0 (Windows NT 10.0; Win64; x64) AppleWebKit/537.36 (KHTML, like Gecko) Chrome/141.0.0.0 Safari/537.36','YToyOntzOjY6Il90b2tlbiI7czo0MDoiUmpOR2ZZQWJWUTYzNjBiczJ6UGdDTmhlbFZkZXE1dkt0WVhUS2I1NiI7czo2OiJfZmxhc2giO2E6Mjp7czozOiJvbGQiO2E6MDp7fXM6MzoibmV3IjthOjA6e319fQ==',1761301838),('UxuLELtSmZTbbm9S60a0FcT7IE3vuG9frl97TqCY',NULL,'127.0.0.1','Mozilla/5.0 (Windows NT 10.0; Win64; x64) AppleWebKit/537.36 (KHTML, like Gecko) Chrome/141.0.0.0 Safari/537.36','YToyOntzOjY6Il90b2tlbiI7czo0MDoiTzRZY1dKcnRUN3Y0NzByWGxnZnZjS2RaZnMzWjJUdGwzSHc0bWl0TyI7czo2OiJfZmxhc2giO2E6Mjp7czozOiJvbGQiO2E6MDp7fXM6MzoibmV3IjthOjA6e319fQ==',1761301202),('V1AlQp0cpdHlV1aVINHfcpeqcCW4wSyKx8oTedtQ',NULL,'127.0.0.1','Mozilla/5.0 (Windows NT 10.0; Win64; x64) AppleWebKit/537.36 (KHTML, like Gecko) Chrome/141.0.0.0 Safari/537.36','YToyOntzOjY6Il90b2tlbiI7czo0MDoiTEl1UXlBZnNucDNwOTZEbXhsQ1dGczk1ZnV0dEt4Z2ZYSExqQUlNSiI7czo2OiJfZmxhc2giO2E6Mjp7czozOiJvbGQiO2E6MDp7fXM6MzoibmV3IjthOjA6e319fQ==',1761301079),('V9BYlieYtQTSVT1YWf5FJCr2SmRYiQpjXktK3Idj',NULL,'127.0.0.1','Mozilla/5.0 (Windows NT 10.0; Win64; x64) AppleWebKit/537.36 (KHTML, like Gecko) Chrome/141.0.0.0 Safari/537.36','YToyOntzOjY6Il90b2tlbiI7czo0MDoiSjJzZlN6YTlTZXNydzFOVzc3QlBIb25JZFhKRXRURkZib1pQMGpORiI7czo2OiJfZmxhc2giO2E6Mjp7czozOiJvbGQiO2E6MDp7fXM6MzoibmV3IjthOjA6e319fQ==',1761301082),('VN3kEYrxE3M08lXKXs26PUwsttk8bJeBS645Nj4W',NULL,'127.0.0.1','Mozilla/5.0 (Windows NT 10.0; Win64; x64) AppleWebKit/537.36 (KHTML, like Gecko) Chrome/141.0.0.0 Safari/537.36','YToyOntzOjY6Il90b2tlbiI7czo0MDoiem94Nk5wMWVRVXVSMU1yM0hpZVdzVkc0bFJuSmZ5RUxGUGFRTjVCRSI7czo2OiJfZmxhc2giO2E6Mjp7czozOiJvbGQiO2E6MDp7fXM6MzoibmV3IjthOjA6e319fQ==',1761304352),('VQb7S7pK2ztZpPu0bIWuEjgfAhue52qOLPhbdXbo',NULL,'127.0.0.1','Mozilla/5.0 (Windows NT 10.0; Win64; x64) AppleWebKit/537.36 (KHTML, like Gecko) Chrome/141.0.0.0 Safari/537.36','YToyOntzOjY6Il90b2tlbiI7czo0MDoiTnREMGNRYkJYSlVEOTV5WkM0bmZxS3pRNWwzR1hGVmVCUUFTVnpEVSI7czo2OiJfZmxhc2giO2E6Mjp7czozOiJvbGQiO2E6MDp7fXM6MzoibmV3IjthOjA6e319fQ==',1761297841),('WB5H8hjeZoJV8AnyWjnuRz9axh1fOfDndmewGbNv',NULL,'127.0.0.1','Mozilla/5.0 (Windows NT 10.0; Win64; x64) AppleWebKit/537.36 (KHTML, like Gecko) Chrome/141.0.0.0 Safari/537.36','YToyOntzOjY6Il90b2tlbiI7czo0MDoic2R5NDlWeFhxWWJzRUxiOFJ5UTlyblJmQ1lzUEhzNFNzZVlNSGZSUSI7czo2OiJfZmxhc2giO2E6Mjp7czozOiJvbGQiO2E6MDp7fXM6MzoibmV3IjthOjA6e319fQ==',1761301086),('WWA4HKFenYOxhvztbNrb6CoKqEiSWl2Lyuu0A6Gr',NULL,'127.0.0.1','Mozilla/5.0 (Windows NT 10.0; Win64; x64) AppleWebKit/537.36 (KHTML, like Gecko) Chrome/141.0.0.0 Safari/537.36','YTo1OntzOjY6Il90b2tlbiI7czo0MDoidUo1bUVxYmVpMDN2OVdvTnNnN2JXR3lNWTZpNmRNcWJ3eDRSUDRtQyI7czozOiJ1cmwiO2E6MTp7czo4OiJpbnRlbmRlZCI7czozMToiaHR0cDovLzEyNy4wLjAuMTo4MDAwL2Rhc2hib2FyZCI7fXM6NjoiX2ZsYXNoIjthOjI6e3M6Mzoib2xkIjthOjA6e31zOjM6Im5ldyI7YTowOnt9fXM6MjI6IlBIUERFQlVHQkFSX1NUQUNLX0RBVEEiO2E6MDp7fXM6OToiX3ByZXZpb3VzIjthOjE6e3M6MzoidXJsIjtzOjIxOiJodHRwOi8vMTI3LjAuMC4xOjgwMDAiO319',1761304350),('xI8AsmYvtV5Sp7I5DA0OqrfN4hPErFZsFFdEkIzb',NULL,'127.0.0.1','Mozilla/5.0 (Windows NT 10.0; Win64; x64) AppleWebKit/537.36 (KHTML, like Gecko) Chrome/141.0.0.0 Safari/537.36','YToyOntzOjY6Il90b2tlbiI7czo0MDoicm82RldZWEZGdVZ2UE05T0ZRQTBhYjA0UGdwMzdRSUtjeXpqVGpuQSI7czo2OiJfZmxhc2giO2E6Mjp7czozOiJvbGQiO2E6MDp7fXM6MzoibmV3IjthOjA6e319fQ==',1761301562),('XMGV4p9uPELdK7ejIXHDWy3dmmyUUAWzoKYBjQoI',NULL,'127.0.0.1','Mozilla/5.0 (Windows NT 10.0; Win64; x64) AppleWebKit/537.36 (KHTML, like Gecko) Chrome/141.0.0.0 Safari/537.36','YToyOntzOjY6Il90b2tlbiI7czo0MDoiR0tORDZwQkw0MG50S3lTV1RZZ3NiR2JqM3R4SWdUa2ZZak81d2VEVCI7czo2OiJfZmxhc2giO2E6Mjp7czozOiJvbGQiO2E6MDp7fXM6MzoibmV3IjthOjA6e319fQ==',1761301797),('XVP2LfpNXrv6igabzko2jlSZWQioVMnjTxN2sOEF',NULL,'127.0.0.1','Mozilla/5.0 (Windows NT 10.0; Win64; x64) AppleWebKit/537.36 (KHTML, like Gecko) Chrome/141.0.0.0 Safari/537.36','YToyOntzOjY6Il90b2tlbiI7czo0MDoic1ZNSjkzdFNobEFSbWF4WExYRkdMbGllcHJLVFk4RTdkOXo4blBnMyI7czo2OiJfZmxhc2giO2E6Mjp7czozOiJvbGQiO2E6MDp7fXM6MzoibmV3IjthOjA6e319fQ==',1761300889),('xwPmluwKYJI3bk5tXridd34P1PnSDi2UUfuW68aQ',NULL,'127.0.0.1','Mozilla/5.0 (Windows NT 10.0; Win64; x64) AppleWebKit/537.36 (KHTML, like Gecko) Chrome/141.0.0.0 Safari/537.36','YToyOntzOjY6Il90b2tlbiI7czo0MDoiZmlJZ2dYRmxRODZSSGl1QVpvVTJKU1hvUExkbWF5bVIxVGJSTDcycSI7czo2OiJfZmxhc2giO2E6Mjp7czozOiJvbGQiO2E6MDp7fXM6MzoibmV3IjthOjA6e319fQ==',1761301838),('zPAVA6qv7bbCdFHvbyI6YyOiiUUbukGT2wurlp0z',NULL,'127.0.0.1','Mozilla/5.0 (Windows NT 10.0; Win64; x64) AppleWebKit/537.36 (KHTML, like Gecko) Chrome/141.0.0.0 Safari/537.36','YToyOntzOjY6Il90b2tlbiI7czo0MDoiSnpPZ1RGZk1HRm9sRXZ6V1NVSVZUZE9aTjA0VlJiNVVhTDNZS0FlViI7czo2OiJfZmxhc2giO2E6Mjp7czozOiJvbGQiO2E6MDp7fXM6MzoibmV3IjthOjA6e319fQ==',1761301673);
/*!40000 ALTER TABLE `sessions` ENABLE KEYS */;
UNLOCK TABLES;

--
-- Table structure for table `settings`
--

DROP TABLE IF EXISTS `settings`;
/*!40101 SET @saved_cs_client     = @@character_set_client */;
/*!50503 SET character_set_client = utf8mb4 */;
CREATE TABLE `settings` (
  `id` bigint unsigned NOT NULL AUTO_INCREMENT,
  `location_id` bigint unsigned DEFAULT NULL,
  `key` varchar(150) COLLATE utf8mb4_unicode_ci NOT NULL,
  `value` json DEFAULT NULL,
  `created_at` timestamp NULL DEFAULT NULL,
  `updated_at` timestamp NULL DEFAULT NULL,
  PRIMARY KEY (`id`),
  UNIQUE KEY `settings_location_id_key_unique` (`location_id`,`key`),
  KEY `settings_key_index` (`key`),
  CONSTRAINT `settings_location_id_foreign` FOREIGN KEY (`location_id`) REFERENCES `locations` (`id`) ON DELETE RESTRICT ON UPDATE CASCADE
) ENGINE=InnoDB DEFAULT CHARSET=utf8mb4 COLLATE=utf8mb4_unicode_ci;
/*!40101 SET character_set_client = @saved_cs_client */;

--
-- Dumping data for table `settings`
--

LOCK TABLES `settings` WRITE;
/*!40000 ALTER TABLE `settings` DISABLE KEYS */;
/*!40000 ALTER TABLE `settings` ENABLE KEYS */;
UNLOCK TABLES;

--
-- Table structure for table `suppliers`
--

DROP TABLE IF EXISTS `suppliers`;
/*!40101 SET @saved_cs_client     = @@character_set_client */;
/*!50503 SET character_set_client = utf8mb4 */;
CREATE TABLE `suppliers` (
  `id` bigint unsigned NOT NULL AUTO_INCREMENT,
  `location_id` bigint unsigned NOT NULL,
  `name` varchar(150) COLLATE utf8mb4_unicode_ci NOT NULL,
  `contact_name` varchar(150) COLLATE utf8mb4_unicode_ci DEFAULT NULL,
  `email` varchar(150) COLLATE utf8mb4_unicode_ci DEFAULT NULL,
  `phone` varchar(50) COLLATE utf8mb4_unicode_ci DEFAULT NULL,
  `address` varchar(255) COLLATE utf8mb4_unicode_ci DEFAULT NULL,
  `tax_id` varchar(50) COLLATE utf8mb4_unicode_ci DEFAULT NULL,
  `is_active` tinyint(1) NOT NULL DEFAULT '1',
  `created_at` timestamp NULL DEFAULT NULL,
  `updated_at` timestamp NULL DEFAULT NULL,
  PRIMARY KEY (`id`),
  KEY `suppliers_location_id_foreign` (`location_id`),
  KEY `suppliers_is_active_index` (`is_active`),
  CONSTRAINT `suppliers_location_id_foreign` FOREIGN KEY (`location_id`) REFERENCES `locations` (`id`) ON DELETE CASCADE ON UPDATE CASCADE
) ENGINE=InnoDB DEFAULT CHARSET=utf8mb4 COLLATE=utf8mb4_unicode_ci;
/*!40101 SET character_set_client = @saved_cs_client */;

--
-- Dumping data for table `suppliers`
--

LOCK TABLES `suppliers` WRITE;
/*!40000 ALTER TABLE `suppliers` DISABLE KEYS */;
/*!40000 ALTER TABLE `suppliers` ENABLE KEYS */;
UNLOCK TABLES;

--
-- Table structure for table `tables`
--

DROP TABLE IF EXISTS `tables`;
/*!40101 SET @saved_cs_client     = @@character_set_client */;
/*!50503 SET character_set_client = utf8mb4 */;
CREATE TABLE `tables` (
  `id` bigint unsigned NOT NULL AUTO_INCREMENT,
  `floor_id` bigint unsigned NOT NULL,
  `code` varchar(50) COLLATE utf8mb4_unicode_ci NOT NULL,
  `capacity` int unsigned NOT NULL DEFAULT '2',
  `status` enum('available','reserved','occupied','unavailable') COLLATE utf8mb4_unicode_ci NOT NULL DEFAULT 'available',
  `created_at` timestamp NULL DEFAULT NULL,
  `updated_at` timestamp NULL DEFAULT NULL,
  PRIMARY KEY (`id`),
  UNIQUE KEY `tables_floor_id_code_unique` (`floor_id`,`code`),
  KEY `tables_status_index` (`status`),
  CONSTRAINT `tables_floor_id_foreign` FOREIGN KEY (`floor_id`) REFERENCES `floors` (`id`) ON DELETE RESTRICT ON UPDATE CASCADE
) ENGINE=InnoDB AUTO_INCREMENT=127 DEFAULT CHARSET=utf8mb4 COLLATE=utf8mb4_unicode_ci;
/*!40101 SET character_set_client = @saved_cs_client */;

--
-- Dumping data for table `tables`
--

LOCK TABLES `tables` WRITE;
/*!40000 ALTER TABLE `tables` DISABLE KEYS */;
INSERT INTO `tables` VALUES (1,1,'GF-01',6,'available','2025-10-22 23:42:02','2025-10-22 23:42:02'),(2,1,'GF-02',2,'available','2025-10-22 23:42:02','2025-10-22 23:42:02'),(3,1,'GF-03',6,'available','2025-10-22 23:42:02','2025-10-22 23:42:02'),(4,1,'GF-04',2,'available','2025-10-22 23:42:02','2025-10-22 23:42:02'),(5,1,'GF-05',4,'available','2025-10-22 23:42:02','2025-10-22 23:42:02'),(6,1,'GF-06',2,'available','2025-10-22 23:42:02','2025-10-22 23:42:02'),(7,1,'GF-07',4,'available','2025-10-22 23:42:02','2025-10-22 23:42:02'),(8,1,'GF-08',4,'occupied','2025-10-22 23:42:02','2025-10-22 23:42:02'),(9,1,'GF-09',4,'occupied','2025-10-22 23:42:02','2025-10-22 23:42:02'),(10,1,'GF-10',2,'reserved','2025-10-22 23:42:02','2025-10-22 23:42:02'),(11,1,'GF-11',4,'unavailable','2025-10-22 23:42:02','2025-10-22 23:42:02'),(12,1,'GF-12',2,'available','2025-10-22 23:42:02','2025-10-22 23:42:02'),(13,2,'2F-01',4,'available','2025-10-22 23:42:02','2025-10-22 23:42:02'),(14,2,'2F-02',8,'available','2025-10-22 23:42:02','2025-10-22 23:42:02'),(15,2,'2F-03',2,'available','2025-10-22 23:42:02','2025-10-22 23:42:02'),(16,2,'2F-04',2,'available','2025-10-22 23:42:02','2025-10-22 23:42:02'),(17,2,'2F-05',2,'available','2025-10-22 23:42:02','2025-10-22 23:42:02'),(18,2,'2F-06',6,'available','2025-10-22 23:42:02','2025-10-22 23:42:02'),(19,2,'2F-07',6,'occupied','2025-10-22 23:42:02','2025-10-22 23:42:02'),(20,2,'2F-08',2,'occupied','2025-10-22 23:42:02','2025-10-22 23:42:02'),(21,2,'2F-09',2,'reserved','2025-10-22 23:42:02','2025-10-22 23:42:02'),(22,2,'2F-10',2,'unavailable','2025-10-22 23:42:02','2025-10-22 23:42:02'),(23,3,'TR-01',2,'available','2025-10-22 23:42:02','2025-10-22 23:42:02'),(24,3,'TR-02',2,'available','2025-10-22 23:42:02','2025-10-22 23:42:02'),(25,3,'TR-03',6,'available','2025-10-22 23:42:02','2025-10-22 23:42:02'),(26,3,'TR-04',4,'available','2025-10-22 23:42:02','2025-10-22 23:42:02'),(27,3,'TR-05',6,'occupied','2025-10-22 23:42:02','2025-10-22 23:42:02'),(28,3,'TR-06',4,'occupied','2025-10-22 23:42:02','2025-10-22 23:42:02'),(29,3,'TR-07',8,'reserved','2025-10-22 23:42:02','2025-10-22 23:42:02'),(30,3,'TR-08',8,'available','2025-10-22 23:42:02','2025-10-22 23:42:02'),(31,4,'VIP-01',6,'available','2025-10-22 23:42:02','2025-10-22 23:42:02'),(32,4,'VIP-02',6,'available','2025-10-22 23:42:02','2025-10-22 23:42:02'),(33,4,'VIP-03',4,'available','2025-10-22 23:42:02','2025-10-22 23:42:02'),(34,4,'VIP-04',4,'occupied','2025-10-22 23:42:02','2025-10-22 23:42:02'),(35,4,'VIP-05',4,'reserved','2025-10-22 23:42:02','2025-10-22 23:42:02'),(36,4,'VIP-06',2,'unavailable','2025-10-22 23:42:02','2025-10-22 23:42:02'),(37,5,'GF-01',6,'available','2025-10-22 23:42:02','2025-10-22 23:42:02'),(38,5,'GF-02',8,'available','2025-10-22 23:42:02','2025-10-22 23:42:02'),(39,5,'GF-03',2,'available','2025-10-22 23:42:02','2025-10-22 23:42:02'),(40,5,'GF-04',8,'available','2025-10-22 23:42:02','2025-10-22 23:42:02'),(41,5,'GF-05',8,'available','2025-10-22 23:42:02','2025-10-22 23:42:02'),(42,5,'GF-06',2,'available','2025-10-22 23:42:02','2025-10-22 23:42:02'),(43,5,'GF-07',6,'available','2025-10-22 23:42:02','2025-10-22 23:42:02'),(44,5,'GF-08',4,'occupied','2025-10-22 23:42:02','2025-10-22 23:42:02'),(45,5,'GF-09',8,'occupied','2025-10-22 23:42:02','2025-10-22 23:42:02'),(46,5,'GF-10',6,'reserved','2025-10-22 23:42:02','2025-10-22 23:42:02'),(47,5,'GF-11',2,'available','2025-10-22 23:42:02','2025-10-22 23:42:02'),(48,5,'GF-12',8,'available','2025-10-22 23:42:02','2025-10-22 23:42:02'),(49,6,'2F-01',4,'available','2025-10-22 23:42:02','2025-10-22 23:42:02'),(50,6,'2F-02',2,'available','2025-10-22 23:42:02','2025-10-22 23:42:02'),(51,6,'2F-03',4,'available','2025-10-22 23:42:02','2025-10-22 23:42:02'),(52,6,'2F-04',6,'available','2025-10-22 23:42:02','2025-10-22 23:42:02'),(53,6,'2F-05',8,'available','2025-10-22 23:42:02','2025-10-22 23:42:02'),(54,6,'2F-06',8,'available','2025-10-22 23:42:02','2025-10-22 23:42:02'),(55,6,'2F-07',4,'occupied','2025-10-22 23:42:02','2025-10-22 23:42:02'),(56,6,'2F-08',8,'occupied','2025-10-22 23:42:02','2025-10-22 23:42:02'),(57,6,'2F-09',6,'reserved','2025-10-22 23:42:02','2025-10-22 23:42:02'),(58,6,'2F-10',6,'available','2025-10-22 23:42:02','2025-10-22 23:42:02'),(59,7,'TR-01',6,'available','2025-10-22 23:42:02','2025-10-22 23:42:02'),(60,7,'TR-02',4,'available','2025-10-22 23:42:02','2025-10-22 23:42:02'),(61,7,'TR-03',8,'available','2025-10-22 23:42:02','2025-10-22 23:42:02'),(62,7,'TR-04',6,'available','2025-10-22 23:42:02','2025-10-22 23:42:02'),(63,7,'TR-05',2,'occupied','2025-10-22 23:42:02','2025-10-22 23:42:02'),(64,7,'TR-06',2,'occupied','2025-10-22 23:42:02','2025-10-22 23:42:02'),(65,7,'TR-07',8,'reserved','2025-10-22 23:42:02','2025-10-22 23:42:02'),(66,7,'TR-08',2,'unavailable','2025-10-22 23:42:02','2025-10-22 23:42:02'),(67,8,'GF-01',6,'available','2025-10-22 23:42:02','2025-10-22 23:42:02'),(68,8,'GF-02',6,'available','2025-10-22 23:42:02','2025-10-22 23:42:02'),(69,8,'GF-03',8,'available','2025-10-22 23:42:02','2025-10-22 23:42:02'),(70,8,'GF-04',6,'available','2025-10-22 23:42:02','2025-10-22 23:42:02'),(71,8,'GF-05',2,'available','2025-10-22 23:42:02','2025-10-22 23:42:02'),(72,8,'GF-06',6,'available','2025-10-22 23:42:02','2025-10-22 23:42:02'),(73,8,'GF-07',6,'available','2025-10-22 23:42:02','2025-10-22 23:42:02'),(74,8,'GF-08',4,'occupied','2025-10-22 23:42:02','2025-10-22 23:42:02'),(75,8,'GF-09',4,'occupied','2025-10-22 23:42:02','2025-10-22 23:42:02'),(76,8,'GF-10',4,'reserved','2025-10-22 23:42:02','2025-10-22 23:42:02'),(77,8,'GF-11',2,'available','2025-10-22 23:42:02','2025-10-22 23:42:02'),(78,8,'GF-12',6,'available','2025-10-22 23:42:02','2025-10-22 23:42:02'),(79,9,'2F-01',2,'available','2025-10-22 23:42:02','2025-10-22 23:42:02'),(80,9,'2F-02',8,'available','2025-10-22 23:42:02','2025-10-22 23:42:02'),(81,9,'2F-03',8,'available','2025-10-22 23:42:02','2025-10-22 23:42:02'),(82,9,'2F-04',2,'available','2025-10-22 23:42:02','2025-10-22 23:42:02'),(83,9,'2F-05',6,'available','2025-10-22 23:42:02','2025-10-22 23:42:02'),(84,9,'2F-06',2,'available','2025-10-22 23:42:02','2025-10-22 23:42:02'),(85,9,'2F-07',6,'occupied','2025-10-22 23:42:02','2025-10-22 23:42:02'),(86,9,'2F-08',2,'occupied','2025-10-22 23:42:02','2025-10-22 23:42:02'),(87,9,'2F-09',2,'reserved','2025-10-22 23:42:02','2025-10-22 23:42:02'),(88,9,'2F-10',8,'unavailable','2025-10-22 23:42:02','2025-10-22 23:42:02'),(89,10,'TR-01',2,'available','2025-10-22 23:42:02','2025-10-22 23:42:02'),(90,10,'TR-02',2,'available','2025-10-22 23:42:02','2025-10-22 23:42:02'),(91,10,'TR-03',4,'available','2025-10-22 23:42:02','2025-10-22 23:42:02'),(92,10,'TR-04',4,'available','2025-10-22 23:42:02','2025-10-22 23:42:02'),(93,10,'TR-05',2,'occupied','2025-10-22 23:42:02','2025-10-22 23:42:02'),(94,10,'TR-06',8,'occupied','2025-10-22 23:42:02','2025-10-22 23:42:02'),(95,10,'TR-07',8,'reserved','2025-10-22 23:42:02','2025-10-22 23:42:02'),(96,10,'TR-08',8,'available','2025-10-22 23:42:02','2025-10-22 23:42:02'),(97,11,'GF-01',4,'available','2025-10-22 23:42:02','2025-10-22 23:42:02'),(98,11,'GF-02',8,'available','2025-10-22 23:42:02','2025-10-22 23:42:02'),(99,11,'GF-03',8,'available','2025-10-22 23:42:02','2025-10-22 23:42:02'),(100,11,'GF-04',4,'available','2025-10-22 23:42:02','2025-10-22 23:42:02'),(101,11,'GF-05',2,'available','2025-10-22 23:42:02','2025-10-22 23:42:02'),(102,11,'GF-06',4,'available','2025-10-22 23:42:02','2025-10-22 23:42:02'),(103,11,'GF-07',4,'available','2025-10-22 23:42:02','2025-10-22 23:42:02'),(104,11,'GF-08',8,'occupied','2025-10-22 23:42:02','2025-10-22 23:42:02'),(105,11,'GF-09',6,'occupied','2025-10-22 23:42:02','2025-10-22 23:42:02'),(106,11,'GF-10',4,'reserved','2025-10-22 23:42:02','2025-10-22 23:42:02'),(107,11,'GF-11',4,'available','2025-10-22 23:42:02','2025-10-22 23:42:02'),(108,11,'GF-12',6,'available','2025-10-22 23:42:02','2025-10-22 23:42:02'),(109,12,'2F-01',4,'available','2025-10-22 23:42:02','2025-10-22 23:42:02'),(110,12,'2F-02',2,'available','2025-10-22 23:42:02','2025-10-22 23:42:02'),(111,12,'2F-03',6,'available','2025-10-22 23:42:02','2025-10-22 23:42:02'),(112,12,'2F-04',8,'available','2025-10-22 23:42:02','2025-10-22 23:42:02'),(113,12,'2F-05',6,'available','2025-10-22 23:42:02','2025-10-22 23:42:02'),(114,12,'2F-06',4,'available','2025-10-22 23:42:02','2025-10-22 23:42:02'),(115,12,'2F-07',8,'occupied','2025-10-22 23:42:02','2025-10-22 23:42:02'),(116,12,'2F-08',2,'occupied','2025-10-22 23:42:02','2025-10-22 23:42:02'),(117,12,'2F-09',6,'reserved','2025-10-22 23:42:02','2025-10-22 23:42:02'),(118,12,'2F-10',8,'unavailable','2025-10-22 23:42:02','2025-10-22 23:42:02'),(119,13,'TR-01',2,'available','2025-10-22 23:42:02','2025-10-22 23:42:02'),(120,13,'TR-02',6,'available','2025-10-22 23:42:02','2025-10-22 23:42:02'),(121,13,'TR-03',6,'available','2025-10-22 23:42:02','2025-10-22 23:42:02'),(122,13,'TR-04',8,'available','2025-10-22 23:42:02','2025-10-22 23:42:02'),(123,13,'TR-05',4,'occupied','2025-10-22 23:42:02','2025-10-22 23:42:02'),(124,13,'TR-06',8,'occupied','2025-10-22 23:42:02','2025-10-22 23:42:02'),(125,13,'TR-07',6,'reserved','2025-10-22 23:42:02','2025-10-22 23:42:02'),(126,13,'TR-08',2,'available','2025-10-22 23:42:02','2025-10-22 23:42:02');
/*!40000 ALTER TABLE `tables` ENABLE KEYS */;
UNLOCK TABLES;

--
-- Table structure for table `users`
--

DROP TABLE IF EXISTS `users`;
/*!40101 SET @saved_cs_client     = @@character_set_client */;
/*!50503 SET character_set_client = utf8mb4 */;
CREATE TABLE `users` (
  `id` bigint unsigned NOT NULL AUTO_INCREMENT,
  `name` varchar(255) COLLATE utf8mb4_unicode_ci NOT NULL,
  `email` varchar(255) COLLATE utf8mb4_unicode_ci NOT NULL,
  `phone` varchar(30) COLLATE utf8mb4_unicode_ci DEFAULT NULL,
  `email_verified_at` timestamp NULL DEFAULT NULL,
  `password` varchar(255) COLLATE utf8mb4_unicode_ci NOT NULL,
  `role` varchar(255) COLLATE utf8mb4_unicode_ci NOT NULL DEFAULT 'customer',
  `is_active` tinyint(1) NOT NULL DEFAULT '1',
  `remember_token` varchar(100) COLLATE utf8mb4_unicode_ci DEFAULT NULL,
  `default_location_id` bigint unsigned DEFAULT NULL,
  `created_at` timestamp NULL DEFAULT NULL,
  `updated_at` timestamp NULL DEFAULT NULL,
  PRIMARY KEY (`id`),
  UNIQUE KEY `users_email_unique` (`email`),
  UNIQUE KEY `ux_users_phone` (`phone`),
  KEY `users_default_location_id_foreign` (`default_location_id`),
  KEY `users_is_active_index` (`is_active`),
  CONSTRAINT `users_default_location_id_foreign` FOREIGN KEY (`default_location_id`) REFERENCES `locations` (`id`) ON DELETE RESTRICT ON UPDATE CASCADE
) ENGINE=InnoDB AUTO_INCREMENT=26 DEFAULT CHARSET=utf8mb4 COLLATE=utf8mb4_unicode_ci;
/*!40101 SET character_set_client = @saved_cs_client */;

--
-- Dumping data for table `users`
--

LOCK TABLES `users` WRITE;
/*!40000 ALTER TABLE `users` DISABLE KEYS */;
INSERT INTO `users` VALUES (1,'System Administrator','admin@nkhrestaurant.com','+855-12-345-678','2025-10-22 23:41:58','$2y$12$pi2liFaChz8lf48GVv5bbeEAf2DswXaIJObDEsPRsjdwiJ.ltN9Jm','customer',1,NULL,1,'2025-10-22 23:41:58','2025-10-22 23:41:58'),(2,'Sophea Chen','sophea.chen@nkhrestaurant.com','+855-12-456-789','2025-10-22 23:41:58','$2y$12$CAJpud6j9IJelWG/oP9V3ep1ASGVDLDYdu2D6Ckxtrm8Wr.REtBF.','customer',1,NULL,1,'2025-10-22 23:41:58','2025-10-22 23:41:58'),(3,'Pisach Lim','pisach.lim@nkhrestaurant.com','+855-12-456-790','2025-10-22 23:41:58','$2y$12$fjFlbcKFlC56QF2eQeAdVO9VAb1ygvQtkwqS0I99qxCv8KM/JXgGu','customer',1,NULL,2,'2025-10-22 23:41:58','2025-10-22 23:41:58'),(4,'Ratha Meng','ratha.meng@nkhrestaurant.com','+855-12-567-890','2025-10-22 23:41:58','$2y$12$X3YDhXovRtOjiNX5794tbe9UU0b8wv76iTKyJof3Ay1cvGbBckc7y','customer',1,NULL,1,'2025-10-22 23:41:59','2025-10-22 23:41:59'),(5,'Bopha Keo','bopha.keo@nkhrestaurant.com','+855-12-567-891','2025-10-22 23:41:59','$2y$12$s5.RMV3Hprd35qCospA.tuIg1xyh.KNirZXhHhYCV76rI/DirG2Ye','customer',1,NULL,2,'2025-10-22 23:41:59','2025-10-22 23:41:59'),(6,'Willy Kunde','billy.goyette@example.com',NULL,'2025-10-22 23:41:59','$2y$12$saPxtV8meIQbagl1bIm7gOmvE9tZ82JSQGgEehvcyR0pW0.7L54PS','customer',1,'XfF8nO8esp',1,'2025-10-22 23:42:00','2025-10-22 23:42:00'),(7,'Abbie Becker','wilma.lakin@example.org',NULL,'2025-10-22 23:41:59','$2y$12$saPxtV8meIQbagl1bIm7gOmvE9tZ82JSQGgEehvcyR0pW0.7L54PS','customer',1,'KJQQDeH6ts',1,'2025-10-22 23:42:00','2025-10-22 23:42:00'),(8,'Mr. Edgardo Kuhic','dakota73@example.com',NULL,'2025-10-22 23:41:59','$2y$12$saPxtV8meIQbagl1bIm7gOmvE9tZ82JSQGgEehvcyR0pW0.7L54PS','customer',1,'Qye2XPc0P4',1,'2025-10-22 23:42:00','2025-10-22 23:42:00'),(9,'Gaetano Eichmann','jaiden96@example.com',NULL,'2025-10-22 23:41:59','$2y$12$saPxtV8meIQbagl1bIm7gOmvE9tZ82JSQGgEehvcyR0pW0.7L54PS','customer',1,'VCdf2P9A36',1,'2025-10-22 23:42:00','2025-10-22 23:42:00'),(10,'Everette Waters','al78@example.net',NULL,'2025-10-22 23:41:59','$2y$12$saPxtV8meIQbagl1bIm7gOmvE9tZ82JSQGgEehvcyR0pW0.7L54PS','customer',1,'LlLG2k7oVU',1,'2025-10-22 23:42:00','2025-10-22 23:42:00'),(11,'Prof. Aliza Klein Sr.','rsipes@example.org',NULL,'2025-10-22 23:41:59','$2y$12$saPxtV8meIQbagl1bIm7gOmvE9tZ82JSQGgEehvcyR0pW0.7L54PS','customer',1,'6ZLvmqxQNE',1,'2025-10-22 23:42:00','2025-10-22 23:42:00'),(12,'Carlee Jacobs','franecki.tomasa@example.com',NULL,'2025-10-22 23:41:59','$2y$12$saPxtV8meIQbagl1bIm7gOmvE9tZ82JSQGgEehvcyR0pW0.7L54PS','customer',1,'T6M42m0xRD',1,'2025-10-22 23:42:00','2025-10-22 23:42:00'),(13,'Elenora Klein II','walsh.baron@example.com',NULL,'2025-10-22 23:41:59','$2y$12$saPxtV8meIQbagl1bIm7gOmvE9tZ82JSQGgEehvcyR0pW0.7L54PS','customer',1,'Gxy0qlW9Hz',1,'2025-10-22 23:42:00','2025-10-22 23:42:00'),(14,'Prof. Burnice Zulauf','lindsay32@example.com',NULL,'2025-10-22 23:41:59','$2y$12$saPxtV8meIQbagl1bIm7gOmvE9tZ82JSQGgEehvcyR0pW0.7L54PS','customer',1,'55hsVJ1b7F',1,'2025-10-22 23:42:00','2025-10-22 23:42:00'),(15,'Neil Raynor','ebba.stanton@example.com',NULL,'2025-10-22 23:41:59','$2y$12$saPxtV8meIQbagl1bIm7gOmvE9tZ82JSQGgEehvcyR0pW0.7L54PS','customer',1,'KBZhKLleIz',1,'2025-10-22 23:42:00','2025-10-22 23:42:00'),(16,'Dr. Arturo Hand','zbreitenberg@example.org',NULL,'2025-10-22 23:41:59','$2y$12$saPxtV8meIQbagl1bIm7gOmvE9tZ82JSQGgEehvcyR0pW0.7L54PS','customer',1,'14oBb2vrN1',1,'2025-10-22 23:42:00','2025-10-22 23:42:00'),(17,'Sierra Wilkinson IV','klakin@example.org',NULL,'2025-10-22 23:41:59','$2y$12$saPxtV8meIQbagl1bIm7gOmvE9tZ82JSQGgEehvcyR0pW0.7L54PS','customer',1,'7s5gQRlcDK',1,'2025-10-22 23:42:00','2025-10-22 23:42:00'),(18,'Felton Durgan','wendy13@example.net',NULL,'2025-10-22 23:41:59','$2y$12$saPxtV8meIQbagl1bIm7gOmvE9tZ82JSQGgEehvcyR0pW0.7L54PS','customer',1,'tGsoGgyYyc',1,'2025-10-22 23:42:00','2025-10-22 23:42:00'),(19,'Lavada Ruecker','abe.daugherty@example.com',NULL,'2025-10-22 23:41:59','$2y$12$saPxtV8meIQbagl1bIm7gOmvE9tZ82JSQGgEehvcyR0pW0.7L54PS','customer',1,'7XghqwqnKs',1,'2025-10-22 23:42:00','2025-10-22 23:42:00'),(20,'Modesta Kutch','elisabeth03@example.net',NULL,'2025-10-22 23:41:59','$2y$12$saPxtV8meIQbagl1bIm7gOmvE9tZ82JSQGgEehvcyR0pW0.7L54PS','customer',1,'8G0Hxc6go4',1,'2025-10-22 23:42:00','2025-10-22 23:42:00'),(21,'London Ondricka','berta52@example.com',NULL,'2025-10-22 23:41:59','$2y$12$saPxtV8meIQbagl1bIm7gOmvE9tZ82JSQGgEehvcyR0pW0.7L54PS','customer',1,'TynAvJR5YF',1,'2025-10-22 23:42:00','2025-10-22 23:42:00'),(22,'Prof. Floy Hahn I','juanita45@example.org',NULL,'2025-10-22 23:41:59','$2y$12$saPxtV8meIQbagl1bIm7gOmvE9tZ82JSQGgEehvcyR0pW0.7L54PS','customer',1,'Amvg6PX19z',1,'2025-10-22 23:42:00','2025-10-22 23:42:00'),(23,'Prof. Rahul Ferry III','fzulauf@example.net',NULL,'2025-10-22 23:41:59','$2y$12$saPxtV8meIQbagl1bIm7gOmvE9tZ82JSQGgEehvcyR0pW0.7L54PS','customer',1,'153shcq4et',1,'2025-10-22 23:42:00','2025-10-22 23:42:00'),(24,'Chesley Gibson','van07@example.org',NULL,'2025-10-22 23:41:59','$2y$12$saPxtV8meIQbagl1bIm7gOmvE9tZ82JSQGgEehvcyR0pW0.7L54PS','customer',1,'k61UqNBzos',1,'2025-10-22 23:42:00','2025-10-22 23:42:00'),(25,'Bryce Eichmann II','mkreiger@example.com',NULL,'2025-10-22 23:41:59','$2y$12$saPxtV8meIQbagl1bIm7gOmvE9tZ82JSQGgEehvcyR0pW0.7L54PS','customer',1,'aZwCLk3qec',1,'2025-10-22 23:42:00','2025-10-22 23:42:00');
/*!40000 ALTER TABLE `users` ENABLE KEYS */;
UNLOCK TABLES;
/*!40103 SET TIME_ZONE=@OLD_TIME_ZONE */;

/*!40101 SET SQL_MODE=@OLD_SQL_MODE */;
/*!40014 SET FOREIGN_KEY_CHECKS=@OLD_FOREIGN_KEY_CHECKS */;
/*!40014 SET UNIQUE_CHECKS=@OLD_UNIQUE_CHECKS */;
/*!40101 SET CHARACTER_SET_CLIENT=@OLD_CHARACTER_SET_CLIENT */;
/*!40101 SET CHARACTER_SET_RESULTS=@OLD_CHARACTER_SET_RESULTS */;
/*!40101 SET COLLATION_CONNECTION=@OLD_COLLATION_CONNECTION */;
/*!40111 SET SQL_NOTES=@OLD_SQL_NOTES */;

-- Dump completed on 2025-10-24 18:36:47
