/*!40101 SET @OLD_CHARACTER_SET_CLIENT=@@CHARACTER_SET_CLIENT */;
/*!40101 SET @OLD_CHARACTER_SET_RESULTS=@@CHARACTER_SET_RESULTS */;
/*!40101 SET @OLD_COLLATION_CONNECTION=@@COLLATION_CONNECTION */;
/*!40101 SET NAMES utf8mb4 */;
/*!40014 SET @OLD_UNIQUE_CHECKS=@@UNIQUE_CHECKS, UNIQUE_CHECKS=0 */;
/*!40014 SET @OLD_FOREIGN_KEY_CHECKS=@@FOREIGN_KEY_CHECKS, FOREIGN_KEY_CHECKS=0 */;
/*!40101 SET @OLD_SQL_MODE=@@SQL_MODE, SQL_MODE='NO_AUTO_VALUE_ON_ZERO' */;
/*!40111 SET @OLD_SQL_NOTES=@@SQL_NOTES, SQL_NOTES=0 */;

DROP TABLE IF EXISTS `attendance_metrics`;
CREATE TABLE `attendance_metrics` (
  `id` bigint unsigned NOT NULL AUTO_INCREMENT,
  `employee_id` bigint unsigned NOT NULL,
  `attendance_id` bigint unsigned NOT NULL,
  `minutes_late` int unsigned NOT NULL DEFAULT '0',
  `minutes_early_departure` int unsigned NOT NULL DEFAULT '0',
  `break_duration_minutes` int unsigned NOT NULL DEFAULT '0',
  `total_shift_hours` decimal(10,2) NOT NULL,
  `overtime_hours` decimal(10,2) NOT NULL DEFAULT '0.00',
  `notes` text COLLATE utf8mb4_unicode_ci,
  `created_at` timestamp NULL DEFAULT NULL,
  `updated_at` timestamp NULL DEFAULT NULL,
  PRIMARY KEY (`id`),
  KEY `attendance_metrics_employee_id_index` (`employee_id`),
  KEY `attendance_metrics_attendance_id_index` (`attendance_id`),
  KEY `attendance_metrics_employee_id_created_at_index` (`employee_id`,`created_at`),
  CONSTRAINT `attendance_metrics_attendance_id_foreign` FOREIGN KEY (`attendance_id`) REFERENCES `attendances` (`id`) ON DELETE CASCADE,
  CONSTRAINT `attendance_metrics_employee_id_foreign` FOREIGN KEY (`employee_id`) REFERENCES `employees` (`id`) ON DELETE CASCADE
) ENGINE=InnoDB DEFAULT CHARSET=utf8mb4 COLLATE=utf8mb4_unicode_ci;

DROP TABLE IF EXISTS `attendances`;
CREATE TABLE `attendances` (
  `id` bigint unsigned NOT NULL AUTO_INCREMENT,
  `employee_id` bigint unsigned NOT NULL,
  `location_id` bigint unsigned NOT NULL,
  `clock_in_at` timestamp NOT NULL,
  `clock_out_at` timestamp NULL DEFAULT NULL,
  `notes` text COLLATE utf8mb4_unicode_ci,
  `created_at` timestamp NULL DEFAULT NULL,
  `updated_at` timestamp NULL DEFAULT NULL,
  PRIMARY KEY (`id`),
  KEY `attendances_location_id_foreign` (`location_id`),
  KEY `attendances_employee_id_clock_in_at_index` (`employee_id`,`clock_in_at`),
  KEY `attendances_clock_in_at_index` (`clock_in_at`),
  KEY `attendances_clock_out_at_index` (`clock_out_at`),
  CONSTRAINT `attendances_employee_id_foreign` FOREIGN KEY (`employee_id`) REFERENCES `employees` (`id`) ON DELETE CASCADE ON UPDATE CASCADE,
  CONSTRAINT `attendances_location_id_foreign` FOREIGN KEY (`location_id`) REFERENCES `locations` (`id`) ON DELETE RESTRICT ON UPDATE CASCADE
) ENGINE=InnoDB DEFAULT CHARSET=utf8mb4 COLLATE=utf8mb4_unicode_ci;

DROP TABLE IF EXISTS `audit_logs`;
CREATE TABLE `audit_logs` (
  `id` bigint unsigned NOT NULL AUTO_INCREMENT,
  `user_id` bigint unsigned DEFAULT NULL,
  `action` varchar(150) COLLATE utf8mb4_unicode_ci NOT NULL,
  `auditable_type` varchar(255) COLLATE utf8mb4_unicode_ci DEFAULT NULL,
  `auditable_id` bigint unsigned DEFAULT NULL,
  `ip_address` varchar(45) COLLATE utf8mb4_unicode_ci DEFAULT NULL,
  `user_agent` text COLLATE utf8mb4_unicode_ci,
  `metadata` json DEFAULT NULL,
  `created_at` timestamp NULL DEFAULT NULL,
  `updated_at` timestamp NULL DEFAULT NULL,
  PRIMARY KEY (`id`),
  KEY `audit_logs_user_id_foreign` (`user_id`),
  KEY `audit_logs_auditable_type_auditable_id_index` (`auditable_type`,`auditable_id`),
  KEY `audit_logs_created_at_index` (`created_at`),
  KEY `audit_logs_action_index` (`action`),
  CONSTRAINT `audit_logs_user_id_foreign` FOREIGN KEY (`user_id`) REFERENCES `users` (`id`) ON DELETE SET NULL ON UPDATE CASCADE
) ENGINE=InnoDB AUTO_INCREMENT=121 DEFAULT CHARSET=utf8mb4 COLLATE=utf8mb4_unicode_ci;

DROP TABLE IF EXISTS `cache`;
CREATE TABLE `cache` (
  `key` varchar(255) COLLATE utf8mb4_unicode_ci NOT NULL,
  `value` mediumtext COLLATE utf8mb4_unicode_ci NOT NULL,
  `expiration` int NOT NULL,
  PRIMARY KEY (`key`)
) ENGINE=InnoDB DEFAULT CHARSET=utf8mb4 COLLATE=utf8mb4_unicode_ci;

DROP TABLE IF EXISTS `cache_locks`;
CREATE TABLE `cache_locks` (
  `key` varchar(255) COLLATE utf8mb4_unicode_ci NOT NULL,
  `owner` varchar(255) COLLATE utf8mb4_unicode_ci NOT NULL,
  `expiration` int NOT NULL,
  PRIMARY KEY (`key`)
) ENGINE=InnoDB DEFAULT CHARSET=utf8mb4 COLLATE=utf8mb4_unicode_ci;

DROP TABLE IF EXISTS `cart_items`;
CREATE TABLE `cart_items` (
  `id` bigint unsigned NOT NULL AUTO_INCREMENT,
  `customer_id` bigint unsigned NOT NULL,
  `menu_item_id` bigint unsigned NOT NULL,
  `quantity` int unsigned NOT NULL DEFAULT '1',
  `notes` text COLLATE utf8mb4_unicode_ci,
  `customizations` json DEFAULT NULL,
  `created_at` timestamp NULL DEFAULT NULL,
  `updated_at` timestamp NULL DEFAULT NULL,
  PRIMARY KEY (`id`),
  UNIQUE KEY `cart_items_customer_id_menu_item_id_unique` (`customer_id`,`menu_item_id`),
  KEY `cart_items_menu_item_id_foreign` (`menu_item_id`),
  CONSTRAINT `cart_items_customer_id_foreign` FOREIGN KEY (`customer_id`) REFERENCES `customers` (`id`) ON DELETE CASCADE,
  CONSTRAINT `cart_items_menu_item_id_foreign` FOREIGN KEY (`menu_item_id`) REFERENCES `menu_items` (`id`) ON DELETE CASCADE
) ENGINE=InnoDB DEFAULT CHARSET=utf8mb4 COLLATE=utf8mb4_unicode_ci;

DROP TABLE IF EXISTS `categories`;
CREATE TABLE `categories` (
  `id` bigint unsigned NOT NULL AUTO_INCREMENT,
  `location_id` bigint unsigned DEFAULT NULL,
  `parent_id` bigint unsigned DEFAULT NULL,
  `slug` varchar(150) COLLATE utf8mb4_unicode_ci NOT NULL,
  `display_order` int unsigned NOT NULL DEFAULT '0',
  `is_active` tinyint(1) NOT NULL DEFAULT '1',
  `image` varchar(255) COLLATE utf8mb4_unicode_ci DEFAULT NULL,
  `created_at` timestamp NULL DEFAULT NULL,
  `updated_at` timestamp NULL DEFAULT NULL,
  PRIMARY KEY (`id`),
  UNIQUE KEY `categories_location_id_slug_unique` (`location_id`,`slug`),
  KEY `categories_slug_index` (`slug`),
  KEY `categories_is_active_index` (`is_active`),
  KEY `categories_parent_id_foreign` (`parent_id`),
  CONSTRAINT `categories_location_id_foreign` FOREIGN KEY (`location_id`) REFERENCES `locations` (`id`) ON DELETE RESTRICT ON UPDATE CASCADE,
  CONSTRAINT `categories_parent_id_foreign` FOREIGN KEY (`parent_id`) REFERENCES `categories` (`id`) ON DELETE SET NULL ON UPDATE CASCADE
) ENGINE=InnoDB AUTO_INCREMENT=22 DEFAULT CHARSET=utf8mb4 COLLATE=utf8mb4_unicode_ci;

DROP TABLE IF EXISTS `category_translations`;
CREATE TABLE `category_translations` (
  `id` bigint unsigned NOT NULL AUTO_INCREMENT,
  `category_id` bigint unsigned NOT NULL,
  `locale` varchar(10) COLLATE utf8mb4_unicode_ci NOT NULL,
  `name` varchar(150) COLLATE utf8mb4_unicode_ci NOT NULL,
  `description` text COLLATE utf8mb4_unicode_ci,
  `created_at` timestamp NULL DEFAULT NULL,
  `updated_at` timestamp NULL DEFAULT NULL,
  PRIMARY KEY (`id`),
  UNIQUE KEY `category_translations_category_id_locale_unique` (`category_id`,`locale`),
  KEY `category_translations_locale_index` (`locale`),
  CONSTRAINT `category_translations_category_id_foreign` FOREIGN KEY (`category_id`) REFERENCES `categories` (`id`) ON DELETE CASCADE ON UPDATE CASCADE
) ENGINE=InnoDB AUTO_INCREMENT=43 DEFAULT CHARSET=utf8mb4 COLLATE=utf8mb4_unicode_ci;

DROP TABLE IF EXISTS `customer_addresses`;
CREATE TABLE `customer_addresses` (
  `id` bigint unsigned NOT NULL AUTO_INCREMENT,
  `customer_id` bigint unsigned NOT NULL,
  `label` varchar(100) COLLATE utf8mb4_unicode_ci NOT NULL,
  `address_line_1` varchar(255) COLLATE utf8mb4_unicode_ci NOT NULL,
  `address_line_2` varchar(255) COLLATE utf8mb4_unicode_ci DEFAULT NULL,
  `city` varchar(120) COLLATE utf8mb4_unicode_ci NOT NULL,
  `province` varchar(120) COLLATE utf8mb4_unicode_ci NOT NULL,
  `postal_code` varchar(20) COLLATE utf8mb4_unicode_ci NOT NULL,
  `latitude` decimal(10,7) DEFAULT NULL,
  `longitude` decimal(10,7) DEFAULT NULL,
  `delivery_instructions` text COLLATE utf8mb4_unicode_ci,
  `created_at` timestamp NULL DEFAULT NULL,
  `updated_at` timestamp NULL DEFAULT NULL,
  PRIMARY KEY (`id`),
  KEY `customer_addresses_customer_id_label_index` (`customer_id`,`label`),
  CONSTRAINT `customer_addresses_customer_id_foreign` FOREIGN KEY (`customer_id`) REFERENCES `customers` (`id`) ON DELETE CASCADE ON UPDATE CASCADE
) ENGINE=InnoDB AUTO_INCREMENT=3 DEFAULT CHARSET=utf8mb4 COLLATE=utf8mb4_unicode_ci;

DROP TABLE IF EXISTS `customers`;
CREATE TABLE `customers` (
  `id` bigint unsigned NOT NULL AUTO_INCREMENT,
  `customer_code` varchar(255) COLLATE utf8mb4_unicode_ci NOT NULL,
  `loyalty_points` int NOT NULL DEFAULT '0',
  `total_spent` decimal(10,2) NOT NULL DEFAULT '0.00',
  `preferred_language` varchar(255) COLLATE utf8mb4_unicode_ci DEFAULT NULL,
  `dietary_preferences` json DEFAULT NULL,
  `marketing_consent` tinyint(1) NOT NULL DEFAULT '0',
  `user_id` bigint unsigned NOT NULL,
  `preferred_location_id` bigint unsigned DEFAULT NULL,
  `birth_date` date DEFAULT NULL,
  `gender` varchar(20) COLLATE utf8mb4_unicode_ci DEFAULT NULL,
  `preferences` json DEFAULT NULL,
  `points_balance` int NOT NULL DEFAULT '0',
  `notes` text COLLATE utf8mb4_unicode_ci,
  `created_at` timestamp NULL DEFAULT NULL,
  `updated_at` timestamp NULL DEFAULT NULL,
  PRIMARY KEY (`id`),
  UNIQUE KEY `customers_user_id_unique` (`user_id`),
  UNIQUE KEY `customers_customer_code_unique` (`customer_code`),
  KEY `customers_preferred_location_id_index` (`preferred_location_id`),
  CONSTRAINT `customers_preferred_location_id_foreign` FOREIGN KEY (`preferred_location_id`) REFERENCES `locations` (`id`) ON DELETE SET NULL ON UPDATE CASCADE,
  CONSTRAINT `customers_user_id_foreign` FOREIGN KEY (`user_id`) REFERENCES `users` (`id`) ON DELETE CASCADE ON UPDATE CASCADE
) ENGINE=InnoDB AUTO_INCREMENT=12 DEFAULT CHARSET=utf8mb4 COLLATE=utf8mb4_unicode_ci;

DROP TABLE IF EXISTS `employees`;
CREATE TABLE `employees` (
  `id` bigint unsigned NOT NULL AUTO_INCREMENT,
  `user_id` bigint unsigned NOT NULL,
  `position_id` bigint unsigned DEFAULT NULL,
  `department` varchar(100) COLLATE utf8mb4_unicode_ci DEFAULT NULL,
  `location_id` bigint unsigned NOT NULL,
  `employee_code` varchar(50) COLLATE utf8mb4_unicode_ci NOT NULL,
  `hire_date` date DEFAULT NULL,
  `salary_type` enum('hourly','monthly') COLLATE utf8mb4_unicode_ci NOT NULL DEFAULT 'monthly',
  `hourly_rate` decimal(12,2) DEFAULT NULL,
  `salary` decimal(12,2) DEFAULT NULL,
  `address` varchar(255) COLLATE utf8mb4_unicode_ci DEFAULT NULL,
  `phone` varchar(20) COLLATE utf8mb4_unicode_ci DEFAULT NULL,
  `emergency_contact_name` varchar(255) COLLATE utf8mb4_unicode_ci DEFAULT NULL,
  `emergency_contact_phone` varchar(20) COLLATE utf8mb4_unicode_ci DEFAULT NULL,
  `date_of_birth` date DEFAULT NULL,
  `preferred_shift_start` time DEFAULT NULL,
  `status` enum('active','inactive','terminated','on_leave') COLLATE utf8mb4_unicode_ci NOT NULL DEFAULT 'active',
  `created_at` timestamp NULL DEFAULT NULL,
  `updated_at` timestamp NULL DEFAULT NULL,
  PRIMARY KEY (`id`),
  UNIQUE KEY `employees_location_id_employee_code_unique` (`location_id`,`employee_code`),
  UNIQUE KEY `employees_user_id_unique` (`user_id`),
  KEY `employees_position_id_foreign` (`position_id`),
  KEY `employees_status_index` (`status`),
  CONSTRAINT `employees_location_id_foreign` FOREIGN KEY (`location_id`) REFERENCES `locations` (`id`) ON DELETE RESTRICT ON UPDATE CASCADE,
  CONSTRAINT `employees_position_id_foreign` FOREIGN KEY (`position_id`) REFERENCES `positions` (`id`) ON DELETE SET NULL ON UPDATE CASCADE,
  CONSTRAINT `employees_user_id_foreign` FOREIGN KEY (`user_id`) REFERENCES `users` (`id`) ON DELETE CASCADE ON UPDATE CASCADE
) ENGINE=InnoDB AUTO_INCREMENT=17 DEFAULT CHARSET=utf8mb4 COLLATE=utf8mb4_unicode_ci;

DROP TABLE IF EXISTS `employment_history`;
CREATE TABLE `employment_history` (
  `id` bigint unsigned NOT NULL AUTO_INCREMENT,
  `employee_id` bigint unsigned NOT NULL,
  `action` varchar(50) COLLATE utf8mb4_unicode_ci NOT NULL,
  `previous_value` json DEFAULT NULL,
  `new_value` json DEFAULT NULL,
  `changed_by_user_id` bigint unsigned DEFAULT NULL,
  `effective_date` date NOT NULL,
  `notes` text COLLATE utf8mb4_unicode_ci,
  `created_at` timestamp NOT NULL DEFAULT CURRENT_TIMESTAMP,
  PRIMARY KEY (`id`),
  KEY `employment_history_employee_id_index` (`employee_id`),
  KEY `employment_history_changed_by_user_id_index` (`changed_by_user_id`),
  KEY `employment_history_effective_date_index` (`effective_date`),
  KEY `employment_history_action_index` (`action`),
  CONSTRAINT `employment_history_changed_by_user_id_foreign` FOREIGN KEY (`changed_by_user_id`) REFERENCES `users` (`id`) ON DELETE SET NULL,
  CONSTRAINT `employment_history_employee_id_foreign` FOREIGN KEY (`employee_id`) REFERENCES `employees` (`id`) ON DELETE CASCADE
) ENGINE=InnoDB DEFAULT CHARSET=utf8mb4 COLLATE=utf8mb4_unicode_ci;

DROP TABLE IF EXISTS `expense_categories`;
CREATE TABLE `expense_categories` (
  `id` bigint unsigned NOT NULL AUTO_INCREMENT,
  `location_id` bigint unsigned NOT NULL,
  `name` varchar(120) COLLATE utf8mb4_unicode_ci NOT NULL,
  `description` varchar(255) COLLATE utf8mb4_unicode_ci DEFAULT NULL,
  `is_active` tinyint(1) NOT NULL DEFAULT '1',
  `created_at` timestamp NULL DEFAULT NULL,
  `updated_at` timestamp NULL DEFAULT NULL,
  PRIMARY KEY (`id`),
  KEY `expense_categories_location_id_foreign` (`location_id`),
  KEY `expense_categories_is_active_index` (`is_active`),
  CONSTRAINT `expense_categories_location_id_foreign` FOREIGN KEY (`location_id`) REFERENCES `locations` (`id`) ON DELETE CASCADE ON UPDATE CASCADE
) ENGINE=InnoDB AUTO_INCREMENT=5 DEFAULT CHARSET=utf8mb4 COLLATE=utf8mb4_unicode_ci;

DROP TABLE IF EXISTS `expenses`;
CREATE TABLE `expenses` (
  `id` bigint unsigned NOT NULL AUTO_INCREMENT,
  `location_id` bigint unsigned NOT NULL,
  `expense_category_id` bigint unsigned NOT NULL,
  `created_by` bigint unsigned DEFAULT NULL,
  `expense_date` date NOT NULL,
  `amount` decimal(12,2) NOT NULL,
  `currency` varchar(3) COLLATE utf8mb4_unicode_ci NOT NULL DEFAULT 'USD',
  `vendor_name` varchar(150) COLLATE utf8mb4_unicode_ci DEFAULT NULL,
  `reference` varchar(100) COLLATE utf8mb4_unicode_ci DEFAULT NULL,
  `description` text COLLATE utf8mb4_unicode_ci,
  `attachment_path` varchar(255) COLLATE utf8mb4_unicode_ci DEFAULT NULL,
  `status` enum('draft','approved','paid','voided') COLLATE utf8mb4_unicode_ci NOT NULL DEFAULT 'approved',
  `created_at` timestamp NULL DEFAULT NULL,
  `updated_at` timestamp NULL DEFAULT NULL,
  PRIMARY KEY (`id`),
  KEY `expenses_location_id_foreign` (`location_id`),
  KEY `expenses_expense_category_id_foreign` (`expense_category_id`),
  KEY `expenses_created_by_foreign` (`created_by`),
  KEY `expenses_status_index` (`status`),
  CONSTRAINT `expenses_created_by_foreign` FOREIGN KEY (`created_by`) REFERENCES `users` (`id`) ON DELETE SET NULL ON UPDATE CASCADE,
  CONSTRAINT `expenses_expense_category_id_foreign` FOREIGN KEY (`expense_category_id`) REFERENCES `expense_categories` (`id`) ON DELETE RESTRICT ON UPDATE CASCADE,
  CONSTRAINT `expenses_location_id_foreign` FOREIGN KEY (`location_id`) REFERENCES `locations` (`id`) ON DELETE CASCADE ON UPDATE CASCADE
) ENGINE=InnoDB AUTO_INCREMENT=4 DEFAULT CHARSET=utf8mb4 COLLATE=utf8mb4_unicode_ci;

DROP TABLE IF EXISTS `failed_jobs`;
CREATE TABLE `failed_jobs` (
  `id` bigint unsigned NOT NULL AUTO_INCREMENT,
  `uuid` varchar(255) COLLATE utf8mb4_unicode_ci NOT NULL,
  `connection` text COLLATE utf8mb4_unicode_ci NOT NULL,
  `queue` text COLLATE utf8mb4_unicode_ci NOT NULL,
  `payload` longtext COLLATE utf8mb4_unicode_ci NOT NULL,
  `exception` longtext COLLATE utf8mb4_unicode_ci NOT NULL,
  `failed_at` timestamp NOT NULL DEFAULT CURRENT_TIMESTAMP,
  PRIMARY KEY (`id`),
  UNIQUE KEY `failed_jobs_uuid_unique` (`uuid`)
) ENGINE=InnoDB DEFAULT CHARSET=utf8mb4 COLLATE=utf8mb4_unicode_ci;

DROP TABLE IF EXISTS `feedback`;
CREATE TABLE `feedback` (
  `id` bigint unsigned NOT NULL AUTO_INCREMENT,
  `location_id` bigint unsigned NOT NULL,
  `order_id` bigint unsigned NOT NULL,
  `customer_id` bigint unsigned NOT NULL,
  `rating` tinyint unsigned NOT NULL,
  `comments` text COLLATE utf8mb4_unicode_ci,
  `visibility` enum('public','private','internal') COLLATE utf8mb4_unicode_ci NOT NULL DEFAULT 'public',
  `created_at` timestamp NULL DEFAULT NULL,
  `updated_at` timestamp NULL DEFAULT NULL,
  PRIMARY KEY (`id`),
  KEY `feedback_location_id_foreign` (`location_id`),
  KEY `feedback_customer_id_index` (`customer_id`),
  KEY `feedback_order_id_index` (`order_id`),
  CONSTRAINT `feedback_customer_id_foreign` FOREIGN KEY (`customer_id`) REFERENCES `customers` (`id`) ON DELETE CASCADE ON UPDATE CASCADE,
  CONSTRAINT `feedback_location_id_foreign` FOREIGN KEY (`location_id`) REFERENCES `locations` (`id`) ON DELETE RESTRICT ON UPDATE CASCADE,
  CONSTRAINT `feedback_order_id_foreign` FOREIGN KEY (`order_id`) REFERENCES `orders` (`id`) ON DELETE CASCADE ON UPDATE CASCADE
) ENGINE=InnoDB DEFAULT CHARSET=utf8mb4 COLLATE=utf8mb4_unicode_ci;

DROP TABLE IF EXISTS `floors`;
CREATE TABLE `floors` (
  `id` bigint unsigned NOT NULL AUTO_INCREMENT,
  `location_id` bigint unsigned NOT NULL,
  `name` varchar(120) COLLATE utf8mb4_unicode_ci NOT NULL,
  `display_order` int unsigned NOT NULL DEFAULT '0',
  `is_active` tinyint(1) NOT NULL DEFAULT '1',
  `created_at` timestamp NULL DEFAULT NULL,
  `updated_at` timestamp NULL DEFAULT NULL,
  PRIMARY KEY (`id`),
  KEY `floors_location_id_foreign` (`location_id`),
  KEY `floors_is_active_index` (`is_active`),
  CONSTRAINT `floors_location_id_foreign` FOREIGN KEY (`location_id`) REFERENCES `locations` (`id`) ON DELETE CASCADE ON UPDATE CASCADE
) ENGINE=InnoDB AUTO_INCREMENT=5 DEFAULT CHARSET=utf8mb4 COLLATE=utf8mb4_unicode_ci;

DROP TABLE IF EXISTS `ingredients`;
CREATE TABLE `ingredients` (
  `id` bigint unsigned NOT NULL AUTO_INCREMENT,
  `location_id` bigint unsigned NOT NULL,
  `sku` varchar(60) COLLATE utf8mb4_unicode_ci DEFAULT NULL,
  `name` varchar(200) COLLATE utf8mb4_unicode_ci NOT NULL,
  `unit` varchar(20) COLLATE utf8mb4_unicode_ci NOT NULL DEFAULT 'unit',
  `quantity_on_hand` decimal(12,3) NOT NULL DEFAULT '0.000',
  `reorder_level` decimal(12,3) NOT NULL DEFAULT '0.000',
  `reorder_quantity` decimal(12,3) DEFAULT NULL,
  `cost` decimal(12,2) DEFAULT NULL,
  `is_active` tinyint(1) NOT NULL DEFAULT '1',
  `created_at` timestamp NULL DEFAULT NULL,
  `updated_at` timestamp NULL DEFAULT NULL,
  `deleted_at` timestamp NULL DEFAULT NULL,
  PRIMARY KEY (`id`),
  UNIQUE KEY `ingredients_location_id_sku_unique` (`location_id`,`sku`),
  KEY `ingredients_location_id_name_index` (`location_id`,`name`),
  KEY `ingredients_is_active_index` (`is_active`),
  CONSTRAINT `ingredients_location_id_foreign` FOREIGN KEY (`location_id`) REFERENCES `locations` (`id`) ON DELETE RESTRICT ON UPDATE CASCADE
) ENGINE=InnoDB AUTO_INCREMENT=43 DEFAULT CHARSET=utf8mb4 COLLATE=utf8mb4_unicode_ci;

DROP TABLE IF EXISTS `inventory_transactions`;
CREATE TABLE `inventory_transactions` (
  `id` bigint unsigned NOT NULL AUTO_INCREMENT,
  `ingredient_id` bigint unsigned NOT NULL,
  `type` enum('in','out','adjust') COLLATE utf8mb4_unicode_ci NOT NULL,
  `location_id` bigint unsigned NOT NULL,
  `user_id` bigint unsigned NOT NULL,
  `movement_type` varchar(20) COLLATE utf8mb4_unicode_ci NOT NULL,
  `quantity` decimal(10,2) NOT NULL,
  `unit_cost` decimal(12,2) DEFAULT NULL,
  `value` decimal(12,2) DEFAULT NULL,
  `sourceable_type` varchar(100) COLLATE utf8mb4_unicode_ci DEFAULT NULL,
  `sourceable_id` bigint unsigned DEFAULT NULL,
  `unit` varchar(20) COLLATE utf8mb4_unicode_ci NOT NULL,
  `reference_type` varchar(30) COLLATE utf8mb4_unicode_ci DEFAULT NULL,
  `reference_id` bigint unsigned DEFAULT NULL,
  `order_item_id` bigint unsigned DEFAULT NULL,
  `notes` text COLLATE utf8mb4_unicode_ci,
  `transacted_at` timestamp NOT NULL DEFAULT CURRENT_TIMESTAMP,
  `created_by` bigint unsigned DEFAULT NULL,
  `created_at` timestamp NULL DEFAULT NULL,
  `updated_at` timestamp NULL DEFAULT NULL,
  PRIMARY KEY (`id`),
  KEY `inventory_transactions_ingredient_id_foreign` (`ingredient_id`),
  KEY `inventory_transactions_location_id_foreign` (`location_id`),
  KEY `inventory_transactions_user_id_foreign` (`user_id`),
  KEY `inventory_transactions_movement_type_index` (`movement_type`),
  KEY `inventory_transactions_reference_type_index` (`reference_type`),
  KEY `inventory_transactions_reference_id_index` (`reference_id`),
  KEY `inventory_transactions_created_by_foreign` (`created_by`),
  KEY `inventory_transactions_sourceable_type_index` (`sourceable_type`),
  KEY `inventory_transactions_sourceable_id_index` (`sourceable_id`),
  KEY `idx_inventory_out_order_item` (`order_item_id`,`ingredient_id`),
  CONSTRAINT `inventory_transactions_created_by_foreign` FOREIGN KEY (`created_by`) REFERENCES `users` (`id`) ON DELETE SET NULL ON UPDATE CASCADE,
  CONSTRAINT `inventory_transactions_ingredient_id_foreign` FOREIGN KEY (`ingredient_id`) REFERENCES `ingredients` (`id`) ON DELETE RESTRICT ON UPDATE CASCADE,
  CONSTRAINT `inventory_transactions_location_id_foreign` FOREIGN KEY (`location_id`) REFERENCES `locations` (`id`) ON DELETE RESTRICT ON UPDATE CASCADE,
  CONSTRAINT `inventory_transactions_order_item_id_foreign` FOREIGN KEY (`order_item_id`) REFERENCES `order_items` (`id`) ON DELETE RESTRICT ON UPDATE CASCADE,
  CONSTRAINT `inventory_transactions_user_id_foreign` FOREIGN KEY (`user_id`) REFERENCES `users` (`id`) ON DELETE RESTRICT ON UPDATE CASCADE
) ENGINE=InnoDB AUTO_INCREMENT=213 DEFAULT CHARSET=utf8mb4 COLLATE=utf8mb4_unicode_ci;

DROP TABLE IF EXISTS `invoices`;
CREATE TABLE `invoices` (
  `id` bigint unsigned NOT NULL AUTO_INCREMENT,
  `order_id` bigint unsigned NOT NULL,
  `location_id` bigint unsigned NOT NULL,
  `invoice_number` varchar(60) COLLATE utf8mb4_unicode_ci NOT NULL,
  `subtotal` decimal(12,2) NOT NULL DEFAULT '0.00',
  `tax_amount` decimal(12,2) NOT NULL DEFAULT '0.00',
  `discount_amount` decimal(12,2) NOT NULL DEFAULT '0.00',
  `total_amount` decimal(12,2) NOT NULL DEFAULT '0.00',
  `service_charge` decimal(12,2) NOT NULL DEFAULT '0.00',
  `amount_paid` decimal(12,2) NOT NULL DEFAULT '0.00',
  `amount_due` decimal(12,2) NOT NULL DEFAULT '0.00',
  `status` enum('draft','issued','partial','paid','cancelled','refunded','overpaid') COLLATE utf8mb4_unicode_ci NOT NULL DEFAULT 'draft',
  `currency` varchar(3) COLLATE utf8mb4_unicode_ci NOT NULL DEFAULT 'USD',
  `issued_at` timestamp NULL DEFAULT NULL,
  `due_at` timestamp NULL DEFAULT NULL,
  `paid_at` timestamp NULL DEFAULT NULL,
  `notes` text COLLATE utf8mb4_unicode_ci,
  `created_at` timestamp NULL DEFAULT NULL,
  `updated_at` timestamp NULL DEFAULT NULL,
  PRIMARY KEY (`id`),
  UNIQUE KEY `invoices_invoice_number_unique` (`invoice_number`),
  KEY `invoices_location_id_foreign` (`location_id`),
  KEY `invoices_order_id_index` (`order_id`),
  KEY `invoices_issued_at_index` (`issued_at`),
  CONSTRAINT `invoices_location_id_foreign` FOREIGN KEY (`location_id`) REFERENCES `locations` (`id`) ON DELETE RESTRICT ON UPDATE CASCADE,
  CONSTRAINT `invoices_order_id_foreign` FOREIGN KEY (`order_id`) REFERENCES `orders` (`id`) ON DELETE CASCADE ON UPDATE CASCADE
) ENGINE=InnoDB AUTO_INCREMENT=102 DEFAULT CHARSET=utf8mb4 COLLATE=utf8mb4_unicode_ci;

DROP TABLE IF EXISTS `job_batches`;
CREATE TABLE `job_batches` (
  `id` varchar(255) COLLATE utf8mb4_unicode_ci NOT NULL,
  `name` varchar(255) COLLATE utf8mb4_unicode_ci NOT NULL,
  `total_jobs` int NOT NULL,
  `pending_jobs` int NOT NULL,
  `failed_jobs` int NOT NULL,
  `failed_job_ids` longtext COLLATE utf8mb4_unicode_ci NOT NULL,
  `options` mediumtext COLLATE utf8mb4_unicode_ci,
  `cancelled_at` int DEFAULT NULL,
  `created_at` int NOT NULL,
  `finished_at` int DEFAULT NULL,
  PRIMARY KEY (`id`)
) ENGINE=InnoDB DEFAULT CHARSET=utf8mb4 COLLATE=utf8mb4_unicode_ci;

DROP TABLE IF EXISTS `jobs`;
CREATE TABLE `jobs` (
  `id` bigint unsigned NOT NULL AUTO_INCREMENT,
  `queue` varchar(255) COLLATE utf8mb4_unicode_ci NOT NULL,
  `payload` longtext COLLATE utf8mb4_unicode_ci NOT NULL,
  `attempts` tinyint unsigned NOT NULL,
  `reserved_at` int unsigned DEFAULT NULL,
  `available_at` int unsigned NOT NULL,
  `created_at` int unsigned NOT NULL,
  PRIMARY KEY (`id`),
  KEY `jobs_queue_index` (`queue`)
) ENGINE=InnoDB DEFAULT CHARSET=utf8mb4 COLLATE=utf8mb4_unicode_ci;

DROP TABLE IF EXISTS `leave_requests`;
CREATE TABLE `leave_requests` (
  `id` bigint unsigned NOT NULL AUTO_INCREMENT,
  `employee_id` bigint unsigned NOT NULL,
  `location_id` bigint unsigned NOT NULL,
  `start_date` date NOT NULL,
  `end_date` date NOT NULL,
  `type` enum('annual','sick','unpaid','other') COLLATE utf8mb4_unicode_ci NOT NULL DEFAULT 'annual',
  `reason` text COLLATE utf8mb4_unicode_ci,
  `status` enum('pending','approved','rejected','cancelled') COLLATE utf8mb4_unicode_ci NOT NULL DEFAULT 'pending',
  `created_at` timestamp NULL DEFAULT NULL,
  `updated_at` timestamp NULL DEFAULT NULL,
  PRIMARY KEY (`id`),
  KEY `leave_requests_location_id_foreign` (`location_id`),
  KEY `leave_requests_employee_id_start_date_index` (`employee_id`,`start_date`),
  KEY `leave_requests_start_date_index` (`start_date`),
  KEY `leave_requests_end_date_index` (`end_date`),
  KEY `leave_requests_status_index` (`status`),
  CONSTRAINT `leave_requests_employee_id_foreign` FOREIGN KEY (`employee_id`) REFERENCES `employees` (`id`) ON DELETE CASCADE ON UPDATE CASCADE,
  CONSTRAINT `leave_requests_location_id_foreign` FOREIGN KEY (`location_id`) REFERENCES `locations` (`id`) ON DELETE RESTRICT ON UPDATE CASCADE
) ENGINE=InnoDB AUTO_INCREMENT=33 DEFAULT CHARSET=utf8mb4 COLLATE=utf8mb4_unicode_ci;

DROP TABLE IF EXISTS `locations`;
CREATE TABLE `locations` (
  `id` bigint unsigned NOT NULL AUTO_INCREMENT,
  `code` varchar(50) COLLATE utf8mb4_unicode_ci NOT NULL,
  `name` varchar(150) COLLATE utf8mb4_unicode_ci NOT NULL,
  `address_line1` varchar(255) COLLATE utf8mb4_unicode_ci DEFAULT NULL,
  `address_line2` varchar(255) COLLATE utf8mb4_unicode_ci DEFAULT NULL,
  `city` varchar(100) COLLATE utf8mb4_unicode_ci DEFAULT NULL,
  `state` varchar(100) COLLATE utf8mb4_unicode_ci DEFAULT NULL,
  `postal_code` varchar(20) COLLATE utf8mb4_unicode_ci DEFAULT NULL,
  `country` varchar(100) COLLATE utf8mb4_unicode_ci DEFAULT NULL,
  `phone` varchar(30) COLLATE utf8mb4_unicode_ci DEFAULT NULL,
  `is_active` tinyint(1) NOT NULL DEFAULT '1',
  `accepts_online_orders` tinyint(1) NOT NULL DEFAULT '0',
  `accepts_pickup` tinyint(1) NOT NULL DEFAULT '0',
  `accepts_delivery` tinyint(1) NOT NULL DEFAULT '0',
  `created_at` timestamp NULL DEFAULT NULL,
  `updated_at` timestamp NULL DEFAULT NULL,
  PRIMARY KEY (`id`),
  UNIQUE KEY `locations_code_unique` (`code`),
  KEY `locations_is_active_index` (`is_active`)
) ENGINE=InnoDB DEFAULT CHARSET=utf8mb4 COLLATE=utf8mb4_unicode_ci;

DROP TABLE IF EXISTS `loyalty_points`;
CREATE TABLE `loyalty_points` (
  `id` bigint unsigned NOT NULL AUTO_INCREMENT,
  `customer_id` bigint unsigned NOT NULL,
  `order_id` bigint unsigned DEFAULT NULL,
  `location_id` bigint unsigned NOT NULL,
  `type` enum('earn','redeem','adjust') COLLATE utf8mb4_unicode_ci NOT NULL,
  `points` int NOT NULL,
  `balance_after` int NOT NULL,
  `occurred_at` datetime NOT NULL,
  `notes` varchar(255) COLLATE utf8mb4_unicode_ci DEFAULT NULL,
  `created_at` timestamp NULL DEFAULT NULL,
  `updated_at` timestamp NULL DEFAULT NULL,
  PRIMARY KEY (`id`),
  KEY `loyalty_points_order_id_foreign` (`order_id`),
  KEY `loyalty_points_location_id_foreign` (`location_id`),
  KEY `idx_loyalty_customer_time` (`customer_id`,`occurred_at`),
  CONSTRAINT `loyalty_points_customer_id_foreign` FOREIGN KEY (`customer_id`) REFERENCES `customers` (`id`) ON DELETE CASCADE ON UPDATE CASCADE,
  CONSTRAINT `loyalty_points_location_id_foreign` FOREIGN KEY (`location_id`) REFERENCES `locations` (`id`) ON DELETE RESTRICT ON UPDATE CASCADE,
  CONSTRAINT `loyalty_points_order_id_foreign` FOREIGN KEY (`order_id`) REFERENCES `orders` (`id`) ON DELETE SET NULL ON UPDATE CASCADE
) ENGINE=InnoDB AUTO_INCREMENT=151 DEFAULT CHARSET=utf8mb4 COLLATE=utf8mb4_unicode_ci;

DROP TABLE IF EXISTS `menu_item_translations`;
CREATE TABLE `menu_item_translations` (
  `id` bigint unsigned NOT NULL AUTO_INCREMENT,
  `menu_item_id` bigint unsigned NOT NULL,
  `locale` varchar(10) COLLATE utf8mb4_unicode_ci NOT NULL,
  `name` varchar(200) COLLATE utf8mb4_unicode_ci NOT NULL,
  `description` text COLLATE utf8mb4_unicode_ci,
  `created_at` timestamp NULL DEFAULT NULL,
  `updated_at` timestamp NULL DEFAULT NULL,
  PRIMARY KEY (`id`),
  UNIQUE KEY `menu_item_translations_menu_item_id_locale_unique` (`menu_item_id`,`locale`),
  KEY `menu_item_translations_locale_index` (`locale`),
  CONSTRAINT `menu_item_translations_menu_item_id_foreign` FOREIGN KEY (`menu_item_id`) REFERENCES `menu_items` (`id`) ON DELETE CASCADE ON UPDATE CASCADE
) ENGINE=InnoDB AUTO_INCREMENT=67 DEFAULT CHARSET=utf8mb4 COLLATE=utf8mb4_unicode_ci;

DROP TABLE IF EXISTS `menu_items`;
CREATE TABLE `menu_items` (
  `id` bigint unsigned NOT NULL AUTO_INCREMENT,
  `location_id` bigint unsigned NOT NULL,
  `category_id` bigint unsigned DEFAULT NULL,
  `sku` varchar(50) COLLATE utf8mb4_unicode_ci DEFAULT NULL,
  `slug` varchar(150) COLLATE utf8mb4_unicode_ci NOT NULL,
  `price` decimal(12,2) NOT NULL,
  `rating` double DEFAULT NULL,
  `reviews_count` int unsigned NOT NULL DEFAULT '0',
  `cost` decimal(12,2) DEFAULT NULL,
  `prep_time` int DEFAULT NULL,
  `calories` int DEFAULT NULL,
  `image_path` varchar(255) COLLATE utf8mb4_unicode_ci DEFAULT NULL,
  `description` text COLLATE utf8mb4_unicode_ci,
  `is_popular` tinyint(1) NOT NULL DEFAULT '0',
  `is_featured` tinyint(1) NOT NULL DEFAULT '0',
  `featured_order` int unsigned NOT NULL DEFAULT '0',
  `badge` varchar(50) COLLATE utf8mb4_unicode_ci DEFAULT NULL,
  `is_active` tinyint(1) NOT NULL DEFAULT '1',
  `display_order` int unsigned NOT NULL DEFAULT '0',
  `created_at` timestamp NULL DEFAULT NULL,
  `updated_at` timestamp NULL DEFAULT NULL,
  PRIMARY KEY (`id`),
  UNIQUE KEY `menu_items_location_id_slug_unique` (`location_id`,`slug`),
  UNIQUE KEY `menu_items_location_id_sku_unique` (`location_id`,`sku`),
  KEY `menu_items_category_id_foreign` (`category_id`),
  KEY `menu_items_slug_index` (`slug`),
  KEY `menu_items_is_popular_index` (`is_popular`),
  KEY `menu_items_is_active_index` (`is_active`),
  CONSTRAINT `menu_items_category_id_foreign` FOREIGN KEY (`category_id`) REFERENCES `categories` (`id`) ON DELETE SET NULL ON UPDATE CASCADE,
  CONSTRAINT `menu_items_location_id_foreign` FOREIGN KEY (`location_id`) REFERENCES `locations` (`id`) ON DELETE RESTRICT ON UPDATE CASCADE
) ENGINE=InnoDB AUTO_INCREMENT=34 DEFAULT CHARSET=utf8mb4 COLLATE=utf8mb4_unicode_ci;

DROP TABLE IF EXISTS `migrations`;
CREATE TABLE `migrations` (
  `id` int unsigned NOT NULL AUTO_INCREMENT,
  `migration` varchar(255) COLLATE utf8mb4_unicode_ci NOT NULL,
  `batch` int NOT NULL,
  PRIMARY KEY (`id`)
) ENGINE=InnoDB AUTO_INCREMENT=108 DEFAULT CHARSET=utf8mb4 COLLATE=utf8mb4_unicode_ci;

DROP TABLE IF EXISTS `notifications`;
CREATE TABLE `notifications` (
  `id` char(36) COLLATE utf8mb4_unicode_ci NOT NULL,
  `type` varchar(255) COLLATE utf8mb4_unicode_ci NOT NULL,
  `notifiable_type` varchar(255) COLLATE utf8mb4_unicode_ci NOT NULL,
  `notifiable_id` bigint unsigned NOT NULL,
  `data` text COLLATE utf8mb4_unicode_ci NOT NULL,
  `read_at` timestamp NULL DEFAULT NULL,
  `created_at` timestamp NULL DEFAULT NULL,
  `updated_at` timestamp NULL DEFAULT NULL,
  PRIMARY KEY (`id`),
  KEY `notifications_notifiable_type_notifiable_id_index` (`notifiable_type`,`notifiable_id`)
) ENGINE=InnoDB DEFAULT CHARSET=utf8mb4 COLLATE=utf8mb4_unicode_ci;

DROP TABLE IF EXISTS `operating_hours`;
CREATE TABLE `operating_hours` (
  `id` bigint unsigned NOT NULL AUTO_INCREMENT,
  `location_id` bigint unsigned NOT NULL,
  `day_of_week` tinyint unsigned NOT NULL,
  `service_type` enum('dine-in','pickup','delivery') COLLATE utf8mb4_unicode_ci NOT NULL,
  `opening_time` time NOT NULL,
  `closing_time` time NOT NULL,
  `created_at` timestamp NULL DEFAULT NULL,
  `updated_at` timestamp NULL DEFAULT NULL,
  PRIMARY KEY (`id`),
  UNIQUE KEY `operating_hours_location_id_day_of_week_service_type_unique` (`location_id`,`day_of_week`,`service_type`),
  CONSTRAINT `operating_hours_location_id_foreign` FOREIGN KEY (`location_id`) REFERENCES `locations` (`id`) ON DELETE CASCADE ON UPDATE CASCADE
) ENGINE=InnoDB DEFAULT CHARSET=utf8mb4 COLLATE=utf8mb4_unicode_ci;

DROP TABLE IF EXISTS `order_holds`;
CREATE TABLE `order_holds` (
  `id` bigint unsigned NOT NULL AUTO_INCREMENT,
  `created_at` timestamp NULL DEFAULT NULL,
  `updated_at` timestamp NULL DEFAULT NULL,
  PRIMARY KEY (`id`)
) ENGINE=InnoDB DEFAULT CHARSET=utf8mb4 COLLATE=utf8mb4_unicode_ci;

DROP TABLE IF EXISTS `order_items`;
CREATE TABLE `order_items` (
  `id` bigint unsigned NOT NULL AUTO_INCREMENT,
  `order_id` bigint unsigned NOT NULL,
  `menu_item_id` bigint unsigned NOT NULL,
  `quantity` smallint unsigned NOT NULL DEFAULT '1',
  `unit_price` decimal(12,2) NOT NULL,
  `discount_amount` decimal(12,2) NOT NULL DEFAULT '0.00',
  `tax_amount` decimal(12,2) NOT NULL DEFAULT '0.00',
  `total_price` decimal(12,2) NOT NULL,
  `status` enum('pending','preparing','ready','served','cancelled') COLLATE utf8mb4_unicode_ci NOT NULL DEFAULT 'pending',
  `special_instructions` text COLLATE utf8mb4_unicode_ci,
  `created_at` timestamp NULL DEFAULT NULL,
  `updated_at` timestamp NULL DEFAULT NULL,
  PRIMARY KEY (`id`),
  KEY `order_items_menu_item_id_index` (`menu_item_id`),
  KEY `order_items_kitchen_status_index` (`status`),
  KEY `idx_order_item_menu` (`order_id`,`menu_item_id`),
  CONSTRAINT `order_items_menu_item_id_foreign` FOREIGN KEY (`menu_item_id`) REFERENCES `menu_items` (`id`) ON DELETE RESTRICT ON UPDATE CASCADE,
  CONSTRAINT `order_items_order_id_foreign` FOREIGN KEY (`order_id`) REFERENCES `orders` (`id`) ON DELETE CASCADE ON UPDATE CASCADE
) ENGINE=InnoDB AUTO_INCREMENT=899 DEFAULT CHARSET=utf8mb4 COLLATE=utf8mb4_unicode_ci;

DROP TABLE IF EXISTS `order_time_slots`;
CREATE TABLE `order_time_slots` (
  `id` bigint unsigned NOT NULL AUTO_INCREMENT,
  `location_id` bigint unsigned NOT NULL,
  `slot_date` date NOT NULL,
  `slot_start_time` time NOT NULL,
  `slot_type` enum('pickup','delivery') COLLATE utf8mb4_unicode_ci NOT NULL,
  `max_orders` int unsigned NOT NULL,
  `current_orders` int unsigned NOT NULL DEFAULT '0',
  `created_at` timestamp NULL DEFAULT NULL,
  `updated_at` timestamp NULL DEFAULT NULL,
  PRIMARY KEY (`id`),
  UNIQUE KEY `order_time_slots_unique` (`location_id`,`slot_date`,`slot_start_time`,`slot_type`),
  KEY `order_time_slots_slot_date_slot_type_index` (`slot_date`,`slot_type`),
  KEY `order_time_slots_slot_type_index` (`slot_type`),
  CONSTRAINT `order_time_slots_location_id_foreign` FOREIGN KEY (`location_id`) REFERENCES `locations` (`id`) ON DELETE CASCADE ON UPDATE CASCADE
) ENGINE=InnoDB AUTO_INCREMENT=61 DEFAULT CHARSET=utf8mb4 COLLATE=utf8mb4_unicode_ci;

DROP TABLE IF EXISTS `orders`;
CREATE TABLE `orders` (
  `id` bigint unsigned NOT NULL AUTO_INCREMENT,
  `location_id` bigint unsigned NOT NULL,
  `table_id` bigint unsigned DEFAULT NULL,
  `customer_id` bigint unsigned DEFAULT NULL,
  `employee_id` bigint unsigned DEFAULT NULL,
  `order_number` varchar(50) COLLATE utf8mb4_unicode_ci NOT NULL,
  `preparation_status` enum('pending','preparing','ready','served') COLLATE utf8mb4_unicode_ci NOT NULL DEFAULT 'pending',
  `priority` int NOT NULL DEFAULT '0',
  `status` enum('pending','received','preparing','ready','completed','cancelled') COLLATE utf8mb4_unicode_ci NOT NULL DEFAULT 'pending',
  `approval_status` enum('pending','approved','rejected') COLLATE utf8mb4_unicode_ci NOT NULL DEFAULT 'pending',
  `subtotal` decimal(12,2) NOT NULL DEFAULT '0.00',
  `tax_amount` decimal(12,2) NOT NULL DEFAULT '0.00',
  `discount_amount` decimal(12,2) NOT NULL DEFAULT '0.00',
  `total_amount` decimal(12,2) NOT NULL DEFAULT '0.00',
  `service_charge` decimal(12,2) NOT NULL DEFAULT '0.00',
  `delivery_fee` decimal(12,2) NOT NULL DEFAULT '0.00',
  `currency` varchar(3) COLLATE utf8mb4_unicode_ci NOT NULL DEFAULT 'USD',
  `ordered_at` timestamp NULL DEFAULT NULL,
  `completed_at` timestamp NULL DEFAULT NULL,
  `special_instructions` text COLLATE utf8mb4_unicode_ci,
  `delivery_instructions` text COLLATE utf8mb4_unicode_ci,
  `estimated_ready_time` timestamp NULL DEFAULT NULL,
  `created_at` timestamp NULL DEFAULT NULL,
  `updated_at` timestamp NULL DEFAULT NULL,
  `order_type` enum('dine-in','pickup','delivery') COLLATE utf8mb4_unicode_ci NOT NULL DEFAULT 'dine-in',
  `promotion_id` bigint unsigned DEFAULT NULL,
  `customer_address_id` bigint unsigned DEFAULT NULL,
  `payment_status` enum('unpaid','paid','refunded','partial') COLLATE utf8mb4_unicode_ci NOT NULL DEFAULT 'unpaid',
  `scheduled_at` timestamp NULL DEFAULT NULL,
  `pickup_time` timestamp NULL DEFAULT NULL,
  `kitchen_submitted_at` timestamp NULL DEFAULT NULL,
  `approved_by` bigint unsigned DEFAULT NULL,
  `approved_at` timestamp NULL DEFAULT NULL,
  `rejection_reason` text COLLATE utf8mb4_unicode_ci,
  `is_auto_approved` tinyint(1) NOT NULL DEFAULT '0',
  `time_slot_id` bigint unsigned DEFAULT NULL,
  PRIMARY KEY (`id`),
  UNIQUE KEY `orders_location_order_unique` (`location_id`,`order_number`),
  UNIQUE KEY `orders_location_id_order_number_unique` (`location_id`,`order_number`),
  KEY `orders_table_id_foreign` (`table_id`),
  KEY `orders_employee_id_foreign` (`employee_id`),
  KEY `orders_customer_id_index` (`customer_id`),
  KEY `orders_status_index` (`status`),
  KEY `orders_placed_at_index` (`ordered_at`),
  KEY `orders_closed_at_index` (`completed_at`),
  KEY `orders_customer_address_id_foreign` (`customer_address_id`),
  KEY `orders_order_type_index` (`order_type`),
  KEY `orders_payment_status_index` (`payment_status`),
  KEY `orders_scheduled_at_index` (`scheduled_at`),
  KEY `orders_preparation_status_index` (`preparation_status`),
  KEY `orders_approved_by_foreign` (`approved_by`),
  KEY `orders_time_slot_id_foreign` (`time_slot_id`),
  KEY `idx_orders_status_type` (`status`,`order_type`),
  KEY `idx_orders_customer_status` (`customer_id`,`status`),
  KEY `idx_orders_location_status` (`location_id`,`status`),
  KEY `idx_orders_scheduled` (`scheduled_at`),
  KEY `orders_promotion_id_foreign` (`promotion_id`),
  CONSTRAINT `fk_orders_customer_id` FOREIGN KEY (`customer_id`) REFERENCES `customers` (`id`) ON DELETE SET NULL ON UPDATE CASCADE,
  CONSTRAINT `orders_approved_by_foreign` FOREIGN KEY (`approved_by`) REFERENCES `users` (`id`) ON DELETE SET NULL,
  CONSTRAINT `orders_customer_address_id_foreign` FOREIGN KEY (`customer_address_id`) REFERENCES `customer_addresses` (`id`) ON DELETE SET NULL ON UPDATE CASCADE,
  CONSTRAINT `orders_employee_id_foreign` FOREIGN KEY (`employee_id`) REFERENCES `employees` (`id`) ON DELETE SET NULL ON UPDATE CASCADE,
  CONSTRAINT `orders_location_id_foreign` FOREIGN KEY (`location_id`) REFERENCES `locations` (`id`) ON DELETE RESTRICT ON UPDATE CASCADE,
  CONSTRAINT `orders_promotion_id_foreign` FOREIGN KEY (`promotion_id`) REFERENCES `promotions` (`id`) ON DELETE SET NULL ON UPDATE CASCADE,
  CONSTRAINT `orders_table_id_foreign` FOREIGN KEY (`table_id`) REFERENCES `tables` (`id`) ON DELETE SET NULL ON UPDATE CASCADE,
  CONSTRAINT `orders_time_slot_id_foreign` FOREIGN KEY (`time_slot_id`) REFERENCES `order_time_slots` (`id`) ON DELETE SET NULL ON UPDATE CASCADE
) ENGINE=InnoDB AUTO_INCREMENT=260 DEFAULT CHARSET=utf8mb4 COLLATE=utf8mb4_unicode_ci;

DROP TABLE IF EXISTS `password_reset_tokens`;
CREATE TABLE `password_reset_tokens` (
  `email` varchar(255) COLLATE utf8mb4_unicode_ci NOT NULL,
  `token` varchar(255) COLLATE utf8mb4_unicode_ci NOT NULL,
  `created_at` timestamp NULL DEFAULT NULL,
  PRIMARY KEY (`email`)
) ENGINE=InnoDB DEFAULT CHARSET=utf8mb4 COLLATE=utf8mb4_unicode_ci;

DROP TABLE IF EXISTS `payment_methods`;
CREATE TABLE `payment_methods` (
  `id` bigint unsigned NOT NULL AUTO_INCREMENT,
  `name` varchar(100) COLLATE utf8mb4_unicode_ci NOT NULL,
  `code` varchar(30) COLLATE utf8mb4_unicode_ci NOT NULL,
  `type` varchar(30) COLLATE utf8mb4_unicode_ci NOT NULL,
  `processing_fee` decimal(5,2) NOT NULL DEFAULT '0.00',
  `description` varchar(255) COLLATE utf8mb4_unicode_ci DEFAULT NULL,
  `display_order` int unsigned NOT NULL DEFAULT '0',
  `is_active` tinyint(1) NOT NULL DEFAULT '1',
  `created_at` timestamp NULL DEFAULT NULL,
  `updated_at` timestamp NULL DEFAULT NULL,
  PRIMARY KEY (`id`),
  UNIQUE KEY `payment_methods_name_unique` (`name`),
  UNIQUE KEY `payment_methods_code_unique` (`code`),
  KEY `payment_methods_is_active_index` (`is_active`)
) ENGINE=InnoDB AUTO_INCREMENT=7 DEFAULT CHARSET=utf8mb4 COLLATE=utf8mb4_unicode_ci;

DROP TABLE IF EXISTS `payments`;
CREATE TABLE `payments` (
  `id` bigint unsigned NOT NULL AUTO_INCREMENT,
  `invoice_id` bigint unsigned NOT NULL,
  `payment_method_id` bigint unsigned NOT NULL,
  `amount` decimal(12,2) NOT NULL,
  `transaction_id` varchar(100) COLLATE utf8mb4_unicode_ci NOT NULL,
  `reference_number` varchar(100) COLLATE utf8mb4_unicode_ci NOT NULL,
  `status` enum('pending','completed','failed','refunded') COLLATE utf8mb4_unicode_ci NOT NULL DEFAULT 'pending',
  `processed_at` timestamp NULL DEFAULT NULL,
  `notes` text COLLATE utf8mb4_unicode_ci,
  `created_at` timestamp NULL DEFAULT NULL,
  `updated_at` timestamp NULL DEFAULT NULL,
  PRIMARY KEY (`id`),
  UNIQUE KEY `payments_transaction_id_unique` (`transaction_id`),
  UNIQUE KEY `payments_reference_number_unique` (`reference_number`),
  KEY `payments_invoice_id_foreign` (`invoice_id`),
  KEY `payments_payment_method_id_foreign` (`payment_method_id`),
  KEY `payments_status_processed_at_index` (`status`,`processed_at`),
  CONSTRAINT `payments_invoice_id_foreign` FOREIGN KEY (`invoice_id`) REFERENCES `invoices` (`id`) ON DELETE CASCADE ON UPDATE CASCADE,
  CONSTRAINT `payments_payment_method_id_foreign` FOREIGN KEY (`payment_method_id`) REFERENCES `payment_methods` (`id`) ON DELETE RESTRICT ON UPDATE CASCADE
) ENGINE=InnoDB AUTO_INCREMENT=61 DEFAULT CHARSET=utf8mb4 COLLATE=utf8mb4_unicode_ci;

DROP TABLE IF EXISTS `payroll_details`;
CREATE TABLE `payroll_details` (
  `id` bigint unsigned NOT NULL AUTO_INCREMENT,
  `payroll_id` bigint unsigned NOT NULL,
  `type` enum('earning','deduction') COLLATE utf8mb4_unicode_ci NOT NULL,
  `description` varchar(150) COLLATE utf8mb4_unicode_ci NOT NULL,
  `amount` decimal(12,2) NOT NULL,
  `percentage` decimal(5,2) DEFAULT NULL,
  `notes` text COLLATE utf8mb4_unicode_ci,
  `created_at` timestamp NULL DEFAULT NULL,
  `updated_at` timestamp NULL DEFAULT NULL,
  PRIMARY KEY (`id`),
  KEY `payroll_details_payroll_id_index` (`payroll_id`),
  KEY `payroll_details_type_index` (`type`),
  CONSTRAINT `payroll_details_payroll_id_foreign` FOREIGN KEY (`payroll_id`) REFERENCES `payrolls` (`id`) ON DELETE CASCADE
) ENGINE=InnoDB DEFAULT CHARSET=utf8mb4 COLLATE=utf8mb4_unicode_ci;

DROP TABLE IF EXISTS `payrolls`;
CREATE TABLE `payrolls` (
  `id` bigint unsigned NOT NULL AUTO_INCREMENT,
  `employee_id` bigint unsigned NOT NULL,
  `period_start` date NOT NULL,
  `period_end` date NOT NULL,
  `gross_pay` decimal(12,2) NOT NULL,
  `bonuses` decimal(12,2) NOT NULL DEFAULT '0.00',
  `deductions` decimal(12,2) NOT NULL DEFAULT '0.00',
  `net_pay` decimal(12,2) NOT NULL,
  `status` enum('draft','paid','cancelled') COLLATE utf8mb4_unicode_ci NOT NULL DEFAULT 'draft',
  `paid_at` timestamp NULL DEFAULT NULL,
  `created_at` timestamp NULL DEFAULT NULL,
  `updated_at` timestamp NULL DEFAULT NULL,
  PRIMARY KEY (`id`),
  KEY `payrolls_employee_id_period_start_period_end_index` (`employee_id`,`period_start`,`period_end`),
  KEY `payrolls_period_start_index` (`period_start`),
  KEY `payrolls_period_end_index` (`period_end`),
  KEY `payrolls_status_index` (`status`),
  CONSTRAINT `payrolls_employee_id_foreign` FOREIGN KEY (`employee_id`) REFERENCES `employees` (`id`) ON DELETE CASCADE ON UPDATE CASCADE
) ENGINE=InnoDB DEFAULT CHARSET=utf8mb4 COLLATE=utf8mb4_unicode_ci;

DROP TABLE IF EXISTS `permissions`;
CREATE TABLE `permissions` (
  `id` bigint unsigned NOT NULL AUTO_INCREMENT,
  `name` varchar(120) COLLATE utf8mb4_unicode_ci NOT NULL,
  `slug` varchar(120) COLLATE utf8mb4_unicode_ci NOT NULL,
  `description` text COLLATE utf8mb4_unicode_ci,
  `created_at` timestamp NULL DEFAULT NULL,
  `updated_at` timestamp NULL DEFAULT NULL,
  PRIMARY KEY (`id`),
  UNIQUE KEY `permissions_name_unique` (`name`),
  UNIQUE KEY `permissions_slug_unique` (`slug`)
) ENGINE=InnoDB AUTO_INCREMENT=24 DEFAULT CHARSET=utf8mb4 COLLATE=utf8mb4_unicode_ci;

DROP TABLE IF EXISTS `personal_access_tokens`;
CREATE TABLE `personal_access_tokens` (
  `id` bigint unsigned NOT NULL AUTO_INCREMENT,
  `tokenable_type` varchar(255) COLLATE utf8mb4_unicode_ci NOT NULL,
  `tokenable_id` bigint unsigned NOT NULL,
  `name` varchar(255) COLLATE utf8mb4_unicode_ci NOT NULL,
  `token` varchar(64) COLLATE utf8mb4_unicode_ci NOT NULL,
  `abilities` text COLLATE utf8mb4_unicode_ci,
  `last_used_at` timestamp NULL DEFAULT NULL,
  `expires_at` timestamp NULL DEFAULT NULL,
  `created_at` timestamp NULL DEFAULT NULL,
  `updated_at` timestamp NULL DEFAULT NULL,
  PRIMARY KEY (`id`),
  UNIQUE KEY `personal_access_tokens_token_unique` (`token`),
  KEY `personal_access_tokens_tokenable_type_tokenable_id_index` (`tokenable_type`,`tokenable_id`)
) ENGINE=InnoDB DEFAULT CHARSET=utf8mb4 COLLATE=utf8mb4_unicode_ci;

DROP TABLE IF EXISTS `positions`;
CREATE TABLE `positions` (
  `id` bigint unsigned NOT NULL AUTO_INCREMENT,
  `title` varchar(120) COLLATE utf8mb4_unicode_ci NOT NULL,
  `description` text COLLATE utf8mb4_unicode_ci,
  `is_active` tinyint(1) NOT NULL DEFAULT '1',
  `created_at` timestamp NULL DEFAULT NULL,
  `updated_at` timestamp NULL DEFAULT NULL,
  PRIMARY KEY (`id`),
  UNIQUE KEY `positions_title_unique` (`title`),
  KEY `positions_is_active_index` (`is_active`)
) ENGINE=InnoDB DEFAULT CHARSET=utf8mb4 COLLATE=utf8mb4_unicode_ci;

DROP TABLE IF EXISTS `promotions`;
CREATE TABLE `promotions` (
  `id` bigint unsigned NOT NULL AUTO_INCREMENT,
  `location_id` bigint unsigned DEFAULT NULL,
  `code` varchar(50) COLLATE utf8mb4_unicode_ci NOT NULL,
  `name` varchar(200) COLLATE utf8mb4_unicode_ci NOT NULL,
  `description` text COLLATE utf8mb4_unicode_ci,
  `type` enum('percentage','fixed','happy_hour') COLLATE utf8mb4_unicode_ci NOT NULL DEFAULT 'percentage',
  `value` decimal(12,2) NOT NULL DEFAULT '0.00',
  `min_order_amount` decimal(12,2) DEFAULT NULL,
  `usage_limit` int unsigned DEFAULT NULL,
  `per_customer_limit` int unsigned DEFAULT NULL,
  `start_at` timestamp NULL DEFAULT NULL,
  `end_at` timestamp NULL DEFAULT NULL,
  `is_active` tinyint(1) NOT NULL DEFAULT '1',
  `created_at` timestamp NULL DEFAULT NULL,
  `updated_at` timestamp NULL DEFAULT NULL,
  PRIMARY KEY (`id`),
  UNIQUE KEY `promotions_location_id_code_unique` (`location_id`,`code`),
  KEY `promotions_type_index` (`type`),
  KEY `promotions_start_at_index` (`start_at`),
  KEY `promotions_end_at_index` (`end_at`),
  KEY `promotions_is_active_index` (`is_active`),
  CONSTRAINT `promotions_location_id_foreign` FOREIGN KEY (`location_id`) REFERENCES `locations` (`id`) ON DELETE SET NULL ON UPDATE CASCADE
) ENGINE=InnoDB AUTO_INCREMENT=4 DEFAULT CHARSET=utf8mb4 COLLATE=utf8mb4_unicode_ci;

DROP TABLE IF EXISTS `purchase_order_items`;
CREATE TABLE `purchase_order_items` (
  `id` bigint unsigned NOT NULL AUTO_INCREMENT,
  `purchase_order_id` bigint unsigned NOT NULL,
  `ingredient_id` bigint unsigned NOT NULL,
  `quantity_ordered` decimal(12,3) NOT NULL,
  `quantity_received` decimal(12,3) NOT NULL DEFAULT '0.000',
  `unit_price` decimal(12,2) NOT NULL,
  `discount_amount` decimal(12,2) NOT NULL DEFAULT '0.00',
  `total` decimal(12,2) NOT NULL,
  `status` enum('open','partial','closed','cancelled') COLLATE utf8mb4_unicode_ci NOT NULL DEFAULT 'open',
  `tax_amount` decimal(12,2) NOT NULL DEFAULT '0.00',
  `created_at` timestamp NULL DEFAULT NULL,
  `updated_at` timestamp NULL DEFAULT NULL,
  PRIMARY KEY (`id`),
  KEY `purchase_order_items_purchase_order_id_foreign` (`purchase_order_id`),
  KEY `purchase_order_items_ingredient_id_foreign` (`ingredient_id`),
  KEY `purchase_order_items_status_index` (`status`),
  CONSTRAINT `purchase_order_items_ingredient_id_foreign` FOREIGN KEY (`ingredient_id`) REFERENCES `ingredients` (`id`) ON DELETE RESTRICT ON UPDATE CASCADE,
  CONSTRAINT `purchase_order_items_purchase_order_id_foreign` FOREIGN KEY (`purchase_order_id`) REFERENCES `purchase_orders` (`id`) ON DELETE CASCADE ON UPDATE CASCADE
) ENGINE=InnoDB DEFAULT CHARSET=utf8mb4 COLLATE=utf8mb4_unicode_ci;

DROP TABLE IF EXISTS `purchase_orders`;
CREATE TABLE `purchase_orders` (
  `id` bigint unsigned NOT NULL AUTO_INCREMENT,
  `location_id` bigint unsigned NOT NULL,
  `supplier_id` bigint unsigned NOT NULL,
  `created_by` bigint unsigned DEFAULT NULL,
  `order_date` date NOT NULL,
  `expected_date` date DEFAULT NULL,
  `received_at` datetime DEFAULT NULL,
  `status` enum('draft','submitted','partial','received','cancelled') COLLATE utf8mb4_unicode_ci NOT NULL DEFAULT 'draft',
  `total` decimal(12,2) NOT NULL DEFAULT '0.00',
  `currency` varchar(3) COLLATE utf8mb4_unicode_ci NOT NULL DEFAULT 'USD',
  `notes` text COLLATE utf8mb4_unicode_ci,
  `discount_total` decimal(12,2) NOT NULL DEFAULT '0.00',
  `tax_total` decimal(12,2) NOT NULL DEFAULT '0.00',
  `subtotal` decimal(12,2) NOT NULL DEFAULT '0.00',
  `created_at` timestamp NULL DEFAULT NULL,
  `updated_at` timestamp NULL DEFAULT NULL,
  PRIMARY KEY (`id`),
  KEY `purchase_orders_location_id_foreign` (`location_id`),
  KEY `purchase_orders_supplier_id_foreign` (`supplier_id`),
  KEY `purchase_orders_created_by_foreign` (`created_by`),
  KEY `purchase_orders_status_index` (`status`),
  CONSTRAINT `purchase_orders_created_by_foreign` FOREIGN KEY (`created_by`) REFERENCES `users` (`id`) ON DELETE SET NULL ON UPDATE CASCADE,
  CONSTRAINT `purchase_orders_location_id_foreign` FOREIGN KEY (`location_id`) REFERENCES `locations` (`id`) ON DELETE CASCADE ON UPDATE CASCADE,
  CONSTRAINT `purchase_orders_supplier_id_foreign` FOREIGN KEY (`supplier_id`) REFERENCES `suppliers` (`id`) ON DELETE RESTRICT ON UPDATE CASCADE
) ENGINE=InnoDB DEFAULT CHARSET=utf8mb4 COLLATE=utf8mb4_unicode_ci;

DROP TABLE IF EXISTS `recipe_ingredients`;
CREATE TABLE `recipe_ingredients` (
  `id` bigint unsigned NOT NULL AUTO_INCREMENT,
  `recipe_id` bigint unsigned NOT NULL,
  `ingredient_id` bigint unsigned NOT NULL,
  `quantity` decimal(12,3) NOT NULL,
  `unit` varchar(20) COLLATE utf8mb4_unicode_ci DEFAULT NULL,
  `created_at` timestamp NULL DEFAULT NULL,
  `updated_at` timestamp NULL DEFAULT NULL,
  PRIMARY KEY (`id`),
  UNIQUE KEY `recipe_ingredients_recipe_id_ingredient_id_unique` (`recipe_id`,`ingredient_id`),
  KEY `recipe_ingredients_ingredient_id_foreign` (`ingredient_id`),
  CONSTRAINT `recipe_ingredients_ingredient_id_foreign` FOREIGN KEY (`ingredient_id`) REFERENCES `ingredients` (`id`) ON DELETE RESTRICT ON UPDATE CASCADE,
  CONSTRAINT `recipe_ingredients_recipe_id_foreign` FOREIGN KEY (`recipe_id`) REFERENCES `recipes` (`id`) ON DELETE CASCADE ON UPDATE CASCADE
) ENGINE=InnoDB DEFAULT CHARSET=utf8mb4 COLLATE=utf8mb4_unicode_ci;

DROP TABLE IF EXISTS `recipes`;
CREATE TABLE `recipes` (
  `id` bigint unsigned NOT NULL AUTO_INCREMENT,
  `menu_item_id` bigint unsigned NOT NULL,
  `yield_portions` int unsigned NOT NULL DEFAULT '1',
  `instructions` text COLLATE utf8mb4_unicode_ci,
  `created_at` timestamp NULL DEFAULT NULL,
  `updated_at` timestamp NULL DEFAULT NULL,
  PRIMARY KEY (`id`),
  UNIQUE KEY `recipes_menu_item_id_unique` (`menu_item_id`),
  CONSTRAINT `recipes_menu_item_id_foreign` FOREIGN KEY (`menu_item_id`) REFERENCES `menu_items` (`id`) ON DELETE CASCADE ON UPDATE CASCADE
) ENGINE=InnoDB DEFAULT CHARSET=utf8mb4 COLLATE=utf8mb4_unicode_ci;

DROP TABLE IF EXISTS `reservations`;
CREATE TABLE `reservations` (
  `id` bigint unsigned NOT NULL AUTO_INCREMENT,
  `code` varchar(20) COLLATE utf8mb4_unicode_ci NOT NULL,
  `location_id` bigint unsigned NOT NULL,
  `customer_id` bigint unsigned NOT NULL,
  `table_id` bigint unsigned DEFAULT NULL,
  `reservation_number` varchar(50) COLLATE utf8mb4_unicode_ci NOT NULL,
  `reserved_for` varchar(255) COLLATE utf8mb4_unicode_ci DEFAULT NULL,
  `duration_minutes` int unsigned NOT NULL DEFAULT '60',
  `guest_count` int unsigned NOT NULL DEFAULT '2',
  `party_size` int NOT NULL,
  `reservation_date` date NOT NULL,
  `reservation_time` time NOT NULL,
  `status` enum('pending','confirmed','seated','completed','cancelled','no_show') COLLATE utf8mb4_unicode_ci NOT NULL DEFAULT 'pending',
  `special_requests` text COLLATE utf8mb4_unicode_ci,
  `notes` text COLLATE utf8mb4_unicode_ci,
  `created_at` timestamp NULL DEFAULT NULL,
  `updated_at` timestamp NULL DEFAULT NULL,
  PRIMARY KEY (`id`),
  UNIQUE KEY `reservations_code_unique` (`code`),
  UNIQUE KEY `reservations_reservation_number_unique` (`reservation_number`),
  UNIQUE KEY `unique_reservation_slot` (`location_id`,`reservation_date`,`reservation_time`,`table_id`),
  KEY `reservations_customer_id_foreign` (`customer_id`),
  KEY `reservations_table_id_foreign` (`table_id`),
  CONSTRAINT `reservations_customer_id_foreign` FOREIGN KEY (`customer_id`) REFERENCES `customers` (`id`) ON DELETE CASCADE ON UPDATE CASCADE,
  CONSTRAINT `reservations_location_id_foreign` FOREIGN KEY (`location_id`) REFERENCES `locations` (`id`) ON DELETE CASCADE ON UPDATE CASCADE,
  CONSTRAINT `reservations_table_id_foreign` FOREIGN KEY (`table_id`) REFERENCES `tables` (`id`) ON DELETE SET NULL ON UPDATE CASCADE
) ENGINE=InnoDB AUTO_INCREMENT=141 DEFAULT CHARSET=utf8mb4 COLLATE=utf8mb4_unicode_ci;

DROP TABLE IF EXISTS `role_permission`;
CREATE TABLE `role_permission` (
  `role_id` bigint unsigned NOT NULL,
  `permission_id` bigint unsigned NOT NULL,
  PRIMARY KEY (`role_id`,`permission_id`),
  KEY `role_permission_permission_id_foreign` (`permission_id`),
  CONSTRAINT `role_permission_permission_id_foreign` FOREIGN KEY (`permission_id`) REFERENCES `permissions` (`id`) ON DELETE CASCADE ON UPDATE CASCADE,
  CONSTRAINT `role_permission_role_id_foreign` FOREIGN KEY (`role_id`) REFERENCES `roles` (`id`) ON DELETE CASCADE ON UPDATE CASCADE
) ENGINE=InnoDB DEFAULT CHARSET=utf8mb4 COLLATE=utf8mb4_unicode_ci;

DROP TABLE IF EXISTS `role_user`;
CREATE TABLE `role_user` (
  `role_id` bigint unsigned NOT NULL,
  `user_id` bigint unsigned NOT NULL,
  PRIMARY KEY (`role_id`,`user_id`),
  KEY `role_user_user_id_foreign` (`user_id`),
  CONSTRAINT `role_user_role_id_foreign` FOREIGN KEY (`role_id`) REFERENCES `roles` (`id`) ON DELETE CASCADE ON UPDATE CASCADE,
  CONSTRAINT `role_user_user_id_foreign` FOREIGN KEY (`user_id`) REFERENCES `users` (`id`) ON DELETE CASCADE ON UPDATE CASCADE
) ENGINE=InnoDB DEFAULT CHARSET=utf8mb4 COLLATE=utf8mb4_unicode_ci;

DROP TABLE IF EXISTS `roles`;
CREATE TABLE `roles` (
  `id` bigint unsigned NOT NULL AUTO_INCREMENT,
  `name` varchar(100) COLLATE utf8mb4_unicode_ci NOT NULL,
  `slug` varchar(100) COLLATE utf8mb4_unicode_ci NOT NULL,
  `description` text COLLATE utf8mb4_unicode_ci,
  `created_at` timestamp NULL DEFAULT NULL,
  `updated_at` timestamp NULL DEFAULT NULL,
  PRIMARY KEY (`id`),
  UNIQUE KEY `roles_name_unique` (`name`),
  UNIQUE KEY `roles_slug_unique` (`slug`)
) ENGINE=InnoDB AUTO_INCREMENT=8 DEFAULT CHARSET=utf8mb4 COLLATE=utf8mb4_unicode_ci;

DROP TABLE IF EXISTS `sessions`;
CREATE TABLE `sessions` (
  `id` varchar(255) COLLATE utf8mb4_unicode_ci NOT NULL,
  `user_id` bigint unsigned DEFAULT NULL,
  `ip_address` varchar(45) COLLATE utf8mb4_unicode_ci DEFAULT NULL,
  `user_agent` text COLLATE utf8mb4_unicode_ci,
  `payload` longtext COLLATE utf8mb4_unicode_ci NOT NULL,
  `last_activity` int NOT NULL,
  PRIMARY KEY (`id`),
  KEY `sessions_user_id_index` (`user_id`),
  KEY `sessions_last_activity_index` (`last_activity`)
) ENGINE=InnoDB DEFAULT CHARSET=utf8mb4 COLLATE=utf8mb4_unicode_ci;

DROP TABLE IF EXISTS `settings`;
CREATE TABLE `settings` (
  `id` bigint unsigned NOT NULL AUTO_INCREMENT,
  `location_id` bigint unsigned DEFAULT NULL,
  `key` varchar(150) COLLATE utf8mb4_unicode_ci NOT NULL,
  `value` json DEFAULT NULL,
  `created_at` timestamp NULL DEFAULT NULL,
  `updated_at` timestamp NULL DEFAULT NULL,
  PRIMARY KEY (`id`),
  UNIQUE KEY `settings_location_id_key_unique` (`location_id`,`key`),
  KEY `settings_key_index` (`key`),
  CONSTRAINT `settings_location_id_foreign` FOREIGN KEY (`location_id`) REFERENCES `locations` (`id`) ON DELETE RESTRICT ON UPDATE CASCADE
) ENGINE=InnoDB DEFAULT CHARSET=utf8mb4 COLLATE=utf8mb4_unicode_ci;

DROP TABLE IF EXISTS `shift_templates`;
CREATE TABLE `shift_templates` (
  `id` bigint unsigned NOT NULL AUTO_INCREMENT,
  `location_id` bigint unsigned NOT NULL,
  `position_id` bigint unsigned DEFAULT NULL,
  `name` varchar(120) COLLATE utf8mb4_unicode_ci NOT NULL,
  `day_of_week` tinyint unsigned NOT NULL,
  `start_time` time NOT NULL,
  `end_time` time NOT NULL,
  `is_active` tinyint(1) NOT NULL DEFAULT '1',
  `created_at` timestamp NULL DEFAULT NULL,
  `updated_at` timestamp NULL DEFAULT NULL,
  PRIMARY KEY (`id`),
  KEY `shift_templates_location_id_index` (`location_id`),
  KEY `shift_templates_position_id_index` (`position_id`),
  KEY `shift_templates_day_of_week_index` (`day_of_week`),
  CONSTRAINT `shift_templates_location_id_foreign` FOREIGN KEY (`location_id`) REFERENCES `locations` (`id`) ON DELETE CASCADE,
  CONSTRAINT `shift_templates_position_id_foreign` FOREIGN KEY (`position_id`) REFERENCES `positions` (`id`) ON DELETE SET NULL
) ENGINE=InnoDB DEFAULT CHARSET=utf8mb4 COLLATE=utf8mb4_unicode_ci;

DROP TABLE IF EXISTS `shifts`;
CREATE TABLE `shifts` (
  `id` bigint unsigned NOT NULL AUTO_INCREMENT,
  `employee_id` bigint unsigned NOT NULL,
  `position_id` bigint unsigned DEFAULT NULL,
  `location_id` bigint unsigned NOT NULL,
  `date` date NOT NULL,
  `start_time` time NOT NULL,
  `end_time` time NOT NULL,
  `actual_start_time` time DEFAULT NULL,
  `actual_end_time` time DEFAULT NULL,
  `calculated_hours` decimal(10,2) DEFAULT NULL,
  `published_at` timestamp NULL DEFAULT NULL,
  `status` enum('scheduled','completed','cancelled','no_show') COLLATE utf8mb4_unicode_ci NOT NULL DEFAULT 'scheduled',
  `notes` text COLLATE utf8mb4_unicode_ci,
  `created_at` timestamp NULL DEFAULT NULL,
  `updated_at` timestamp NULL DEFAULT NULL,
  PRIMARY KEY (`id`),
  KEY `shifts_position_id_foreign` (`position_id`),
  KEY `shifts_employee_id_date_index` (`employee_id`,`date`),
  KEY `shifts_location_id_date_index` (`location_id`,`date`),
  KEY `shifts_status_index` (`status`),
  CONSTRAINT `shifts_employee_id_foreign` FOREIGN KEY (`employee_id`) REFERENCES `employees` (`id`) ON DELETE CASCADE,
  CONSTRAINT `shifts_location_id_foreign` FOREIGN KEY (`location_id`) REFERENCES `locations` (`id`) ON DELETE CASCADE,
  CONSTRAINT `shifts_position_id_foreign` FOREIGN KEY (`position_id`) REFERENCES `positions` (`id`) ON DELETE SET NULL
) ENGINE=InnoDB DEFAULT CHARSET=utf8mb4 COLLATE=utf8mb4_unicode_ci;

DROP TABLE IF EXISTS `suppliers`;
CREATE TABLE `suppliers` (
  `id` bigint unsigned NOT NULL AUTO_INCREMENT,
  `location_id` bigint unsigned DEFAULT NULL,
  `code` varchar(50) COLLATE utf8mb4_unicode_ci NOT NULL,
  `name` varchar(150) COLLATE utf8mb4_unicode_ci NOT NULL,
  `contact_name` varchar(100) COLLATE utf8mb4_unicode_ci DEFAULT NULL,
  `contact_phone` varchar(30) COLLATE utf8mb4_unicode_ci DEFAULT NULL,
  `email` varchar(255) COLLATE utf8mb4_unicode_ci DEFAULT NULL,
  `phone` varchar(50) COLLATE utf8mb4_unicode_ci DEFAULT NULL,
  `address` varchar(255) COLLATE utf8mb4_unicode_ci DEFAULT NULL,
  `type` varchar(50) COLLATE utf8mb4_unicode_ci NOT NULL,
  `payment_terms` varchar(50) COLLATE utf8mb4_unicode_ci DEFAULT NULL,
  `notes` text COLLATE utf8mb4_unicode_ci,
  `tax_id` varchar(50) COLLATE utf8mb4_unicode_ci DEFAULT NULL,
  `is_active` tinyint(1) NOT NULL DEFAULT '1',
  `created_at` timestamp NULL DEFAULT NULL,
  `updated_at` timestamp NULL DEFAULT NULL,
  PRIMARY KEY (`id`),
  UNIQUE KEY `suppliers_code_unique` (`code`),
  KEY `suppliers_location_id_foreign` (`location_id`),
  KEY `suppliers_type_index` (`type`),
  KEY `suppliers_is_active_index` (`is_active`),
  CONSTRAINT `suppliers_location_id_foreign` FOREIGN KEY (`location_id`) REFERENCES `locations` (`id`) ON DELETE SET NULL ON UPDATE CASCADE
) ENGINE=InnoDB AUTO_INCREMENT=3 DEFAULT CHARSET=utf8mb4 COLLATE=utf8mb4_unicode_ci;

DROP TABLE IF EXISTS `tables`;
CREATE TABLE `tables` (
  `id` bigint unsigned NOT NULL AUTO_INCREMENT,
  `floor_id` bigint unsigned NOT NULL,
  `code` varchar(50) COLLATE utf8mb4_unicode_ci NOT NULL,
  `capacity` int unsigned NOT NULL DEFAULT '2',
  `status` enum('available','reserved','occupied','unavailable') COLLATE utf8mb4_unicode_ci NOT NULL DEFAULT 'available',
  `created_at` timestamp NULL DEFAULT NULL,
  `updated_at` timestamp NULL DEFAULT NULL,
  PRIMARY KEY (`id`),
  UNIQUE KEY `tables_floor_id_code_unique` (`floor_id`,`code`),
  KEY `tables_status_index` (`status`),
  CONSTRAINT `tables_floor_id_foreign` FOREIGN KEY (`floor_id`) REFERENCES `floors` (`id`) ON DELETE RESTRICT ON UPDATE CASCADE
) ENGINE=InnoDB AUTO_INCREMENT=37 DEFAULT CHARSET=utf8mb4 COLLATE=utf8mb4_unicode_ci;

DROP TABLE IF EXISTS `time_off_balances`;
CREATE TABLE `time_off_balances` (
  `id` bigint unsigned NOT NULL AUTO_INCREMENT,
  `employee_id` bigint unsigned NOT NULL,
  `year` int unsigned NOT NULL,
  `vacation_hours_available` decimal(10,2) NOT NULL DEFAULT '0.00',
  `vacation_hours_used` decimal(10,2) NOT NULL DEFAULT '0.00',
  `sick_hours_available` decimal(10,2) NOT NULL DEFAULT '0.00',
  `sick_hours_used` decimal(10,2) NOT NULL DEFAULT '0.00',
  `personal_hours_available` decimal(10,2) NOT NULL DEFAULT '0.00',
  `personal_hours_used` decimal(10,2) NOT NULL DEFAULT '0.00',
  `created_at` timestamp NULL DEFAULT NULL,
  `updated_at` timestamp NULL DEFAULT NULL,
  PRIMARY KEY (`id`),
  UNIQUE KEY `time_off_balances_employee_id_year_unique` (`employee_id`,`year`),
  CONSTRAINT `time_off_balances_employee_id_foreign` FOREIGN KEY (`employee_id`) REFERENCES `employees` (`id`) ON DELETE CASCADE
) ENGINE=InnoDB DEFAULT CHARSET=utf8mb4 COLLATE=utf8mb4_unicode_ci;

DROP TABLE IF EXISTS `time_off_requests`;
CREATE TABLE `time_off_requests` (
  `id` bigint unsigned NOT NULL AUTO_INCREMENT,
  `employee_id` bigint unsigned NOT NULL,
  `start_date` date NOT NULL,
  `end_date` date NOT NULL,
  `reason` text COLLATE utf8mb4_unicode_ci,
  `status` enum('pending','approved','denied') COLLATE utf8mb4_unicode_ci NOT NULL DEFAULT 'pending',
  `approved_by` bigint unsigned DEFAULT NULL,
  `approved_at` timestamp NULL DEFAULT NULL,
  `admin_notes` text COLLATE utf8mb4_unicode_ci,
  `created_at` timestamp NULL DEFAULT NULL,
  `updated_at` timestamp NULL DEFAULT NULL,
  PRIMARY KEY (`id`),
  KEY `time_off_requests_approved_by_foreign` (`approved_by`),
  KEY `time_off_requests_employee_id_status_index` (`employee_id`,`status`),
  KEY `time_off_requests_start_date_end_date_index` (`start_date`,`end_date`),
  CONSTRAINT `time_off_requests_approved_by_foreign` FOREIGN KEY (`approved_by`) REFERENCES `users` (`id`) ON DELETE SET NULL,
  CONSTRAINT `time_off_requests_employee_id_foreign` FOREIGN KEY (`employee_id`) REFERENCES `employees` (`id`) ON DELETE CASCADE
) ENGINE=InnoDB DEFAULT CHARSET=utf8mb4 COLLATE=utf8mb4_unicode_ci;

DROP TABLE IF EXISTS `units`;
CREATE TABLE `units` (
  `id` bigint unsigned NOT NULL AUTO_INCREMENT,
  `code` varchar(10) COLLATE utf8mb4_unicode_ci NOT NULL,
  `name` varchar(50) COLLATE utf8mb4_unicode_ci NOT NULL,
  `display_name` varchar(20) COLLATE utf8mb4_unicode_ci NOT NULL,
  `base_unit` varchar(10) COLLATE utf8mb4_unicode_ci DEFAULT NULL,
  `conversion_factor` decimal(10,3) DEFAULT NULL,
  `is_base_unit` tinyint(1) NOT NULL DEFAULT '0',
  `for_weight` tinyint(1) NOT NULL DEFAULT '0',
  `for_volume` tinyint(1) NOT NULL DEFAULT '0',
  `for_quantity` tinyint(1) NOT NULL DEFAULT '0',
  `for_packaging` tinyint(1) NOT NULL DEFAULT '0',
  `for_produce` tinyint(1) NOT NULL DEFAULT '0',
  `created_at` timestamp NULL DEFAULT NULL,
  `updated_at` timestamp NULL DEFAULT NULL,
  PRIMARY KEY (`id`),
  UNIQUE KEY `units_code_unique` (`code`),
  KEY `units_base_unit_foreign` (`base_unit`),
  CONSTRAINT `units_base_unit_foreign` FOREIGN KEY (`base_unit`) REFERENCES `units` (`code`) ON DELETE RESTRICT ON UPDATE CASCADE
) ENGINE=InnoDB DEFAULT CHARSET=utf8mb4 COLLATE=utf8mb4_unicode_ci;

DROP TABLE IF EXISTS `users`;
CREATE TABLE `users` (
  `id` bigint unsigned NOT NULL AUTO_INCREMENT,
  `name` varchar(255) COLLATE utf8mb4_unicode_ci NOT NULL,
  `email` varchar(255) COLLATE utf8mb4_unicode_ci NOT NULL,
  `phone` varchar(30) COLLATE utf8mb4_unicode_ci DEFAULT NULL,
  `email_verified_at` timestamp NULL DEFAULT NULL,
  `password` varchar(255) COLLATE utf8mb4_unicode_ci NOT NULL,
  `is_active` tinyint(1) NOT NULL DEFAULT '1',
  `remember_token` varchar(100) COLLATE utf8mb4_unicode_ci DEFAULT NULL,
  `default_location_id` bigint unsigned DEFAULT NULL,
  `created_at` timestamp NULL DEFAULT NULL,
  `updated_at` timestamp NULL DEFAULT NULL,
  PRIMARY KEY (`id`),
  UNIQUE KEY `users_email_unique` (`email`),
  UNIQUE KEY `ux_users_phone` (`phone`),
  KEY `users_default_location_id_foreign` (`default_location_id`),
  KEY `users_is_active_index` (`is_active`),
  CONSTRAINT `users_default_location_id_foreign` FOREIGN KEY (`default_location_id`) REFERENCES `locations` (`id`) ON DELETE RESTRICT ON UPDATE CASCADE
) ENGINE=InnoDB AUTO_INCREMENT=33 DEFAULT CHARSET=utf8mb4 COLLATE=utf8mb4_unicode_ci;



INSERT INTO `audit_logs` (`id`, `user_id`, `action`, `auditable_type`, `auditable_id`, `ip_address`, `user_agent`, `metadata`, `created_at`, `updated_at`) VALUES
(1, 24, 'delete:order', NULL, NULL, '192.168.181.252', 'Mozilla/5.0 (Windows NT 10.0; Win64; x64) AppleWebKit/537.36 (KHTML, like Gecko) Chrome/120 Safari/537.36', '{\"path\": \"/api/admin/delete\", \"request_id\": \"85d88df78fef\"}', '2025-11-21 22:10:01', '2025-11-21 22:10:01'),
(2, 20, 'logout', NULL, NULL, '192.168.198.172', 'Mozilla/5.0 (Linux; Android 14; Mobile) AppleWebKit/537.36 Chrome/120 Mobile Safari/537.36', '{\"path\": \"/api/admin/logout\", \"request_id\": \"33dc0682d947\"}', '2025-11-18 22:48:01', '2025-11-18 22:48:01'),
(3, 1, 'update:order', NULL, NULL, '192.168.221.215', 'Mozilla/5.0 (X11; Ubuntu; Linux x86_64; rv:120.0) Gecko/20100101 Firefox/120.0', '{\"path\": \"/api/admin/update\", \"request_id\": \"77fd2b235ec8\"}', '2025-11-25 23:42:01', '2025-11-25 23:42:01'),
(4, 30, 'update:reservation', NULL, NULL, '192.168.234.235', 'Mozilla/5.0 (Windows NT 10.0; Win64; x64) AppleWebKit/537.36 (KHTML, like Gecko) Chrome/120 Safari/537.36', '{\"path\": \"/api/admin/update\", \"request_id\": \"f4d3c632c0e5\"}', '2025-11-14 02:03:01', '2025-11-14 02:03:01'),
(5, 1, 'create:reservation', NULL, NULL, '192.168.81.175', 'Mozilla/5.0 (Macintosh; Intel Mac OS X 10_15_7) AppleWebKit/605.1.15 (KHTML, like Gecko) Version/17 Safari/605.1.15', '{\"path\": \"/api/admin/create\", \"request_id\": \"3f8419f960cc\"}', '2025-11-07 02:27:01', '2025-11-07 02:27:01'),
(6, 21, 'create:reservation', NULL, NULL, '192.168.117.176', 'Mozilla/5.0 (Macintosh; Intel Mac OS X 10_15_7) AppleWebKit/605.1.15 (KHTML, like Gecko) Version/17 Safari/605.1.15', '{\"path\": \"/api/admin/create\", \"request_id\": \"2ca48c15bedc\"}', '2025-11-21 11:17:01', '2025-11-21 11:17:01'),
(7, 5, 'logout', NULL, NULL, '192.168.253.226', 'Mozilla/5.0 (Windows NT 10.0; Win64; x64) AppleWebKit/537.36 (KHTML, like Gecko) Chrome/120 Safari/537.36', '{\"path\": \"/api/admin/logout\", \"request_id\": \"36b74824f06b\"}', '2025-10-26 18:58:01', '2025-10-26 18:58:01'),
(8, 8, 'update:order', NULL, NULL, '192.168.146.87', 'Mozilla/5.0 (Windows NT 10.0; Win64; x64) AppleWebKit/537.36 (KHTML, like Gecko) Chrome/120 Safari/537.36', '{\"path\": \"/api/admin/update\", \"request_id\": \"ac3d3ec7f910\"}', '2025-11-02 09:48:01', '2025-11-02 09:48:01'),
(9, 19, 'view:report', NULL, NULL, '192.168.50.226', 'Mozilla/5.0 (Windows NT 10.0; Win64; x64) AppleWebKit/537.36 (KHTML, like Gecko) Chrome/120 Safari/537.36', '{\"path\": \"/api/admin/view\", \"request_id\": \"45925c543f06\"}', '2025-11-25 10:30:01', '2025-11-25 10:30:01'),
(10, 1, 'create:reservation', NULL, NULL, '192.168.31.47', 'Mozilla/5.0 (Linux; Android 14; Mobile) AppleWebKit/537.36 Chrome/120 Mobile Safari/537.36', '{\"path\": \"/api/admin/create\", \"request_id\": \"d66c405ac739\"}', '2025-11-02 13:08:01', '2025-11-02 13:08:01'),
(11, 16, 'update:order', NULL, NULL, '192.168.173.177', 'Mozilla/5.0 (Macintosh; Intel Mac OS X 10_15_7) AppleWebKit/605.1.15 (KHTML, like Gecko) Version/17 Safari/605.1.15', '{\"path\": \"/api/admin/update\", \"request_id\": \"5e580e5f3116\"}', '2025-11-22 00:07:01', '2025-11-22 00:07:01'),
(12, 2, 'delete:order', NULL, NULL, '192.168.9.135', 'Mozilla/5.0 (X11; Ubuntu; Linux x86_64; rv:120.0) Gecko/20100101 Firefox/120.0', '{\"path\": \"/api/admin/delete\", \"request_id\": \"0bc2a7a88552\"}', '2025-11-13 20:04:01', '2025-11-13 20:04:01'),
(13, 5, 'update:reservation', NULL, NULL, '192.168.153.58', 'Mozilla/5.0 (Linux; Android 14; Mobile) AppleWebKit/537.36 Chrome/120 Mobile Safari/537.36', '{\"path\": \"/api/admin/update\", \"request_id\": \"7e930b5dcfa5\"}', '2025-11-03 16:26:01', '2025-11-03 16:26:01'),
(14, 25, 'update:order', NULL, NULL, '192.168.226.105', 'Mozilla/5.0 (Windows NT 10.0; Win64; x64) AppleWebKit/537.36 (KHTML, like Gecko) Chrome/120 Safari/537.36', '{\"path\": \"/api/admin/update\", \"request_id\": \"05e54610defe\"}', '2025-11-17 18:11:01', '2025-11-17 18:11:01'),
(15, 24, 'login', NULL, NULL, '192.168.7.222', 'Mozilla/5.0 (Windows NT 10.0; Win64; x64) AppleWebKit/537.36 (KHTML, like Gecko) Chrome/120 Safari/537.36', '{\"path\": \"/api/admin/login\", \"request_id\": \"ce8f9e8be7a4\"}', '2025-11-17 05:50:01', '2025-11-17 05:50:01'),
(16, 25, 'logout', NULL, NULL, '192.168.163.34', 'Mozilla/5.0 (Linux; Android 14; Mobile) AppleWebKit/537.36 Chrome/120 Mobile Safari/537.36', '{\"path\": \"/api/admin/logout\", \"request_id\": \"3427bdbc6890\"}', '2025-11-16 10:29:01', '2025-11-16 10:29:01'),
(17, 29, 'update:order', NULL, NULL, '192.168.37.107', 'Mozilla/5.0 (Macintosh; Intel Mac OS X 10_15_7) AppleWebKit/605.1.15 (KHTML, like Gecko) Version/17 Safari/605.1.15', '{\"path\": \"/api/admin/update\", \"request_id\": \"f278e305acd9\"}', '2025-10-27 13:20:01', '2025-10-27 13:20:01'),
(18, 1, 'create:reservation', NULL, NULL, '192.168.133.32', 'Mozilla/5.0 (X11; Ubuntu; Linux x86_64; rv:120.0) Gecko/20100101 Firefox/120.0', '{\"path\": \"/api/admin/create\", \"request_id\": \"ca0ab62f3466\"}', '2025-11-21 15:26:01', '2025-11-21 15:26:01'),
(19, 30, 'update:order', NULL, NULL, '192.168.51.246', 'Mozilla/5.0 (Windows NT 10.0; Win64; x64) AppleWebKit/537.36 (KHTML, like Gecko) Chrome/120 Safari/537.36', '{\"path\": \"/api/admin/update\", \"request_id\": \"dadc8e4240bf\"}', '2025-11-16 12:57:01', '2025-11-16 12:57:01'),
(20, 21, 'update:order', NULL, NULL, '192.168.79.53', 'Mozilla/5.0 (Windows NT 10.0; Win64; x64) AppleWebKit/537.36 (KHTML, like Gecko) Chrome/120 Safari/537.36', '{\"path\": \"/api/admin/update\", \"request_id\": \"008f9a9a3f36\"}', '2025-11-21 20:58:01', '2025-11-21 20:58:01'),
(21, 7, 'update:order', NULL, NULL, '192.168.211.79', 'Mozilla/5.0 (Windows NT 10.0; Win64; x64) AppleWebKit/537.36 (KHTML, like Gecko) Chrome/120 Safari/537.36', '{\"path\": \"/api/admin/update\", \"request_id\": \"a635f844d7e4\"}', '2025-11-08 12:15:01', '2025-11-08 12:15:01'),
(22, 32, 'create:reservation', NULL, NULL, '192.168.211.34', 'Mozilla/5.0 (X11; Ubuntu; Linux x86_64; rv:120.0) Gecko/20100101 Firefox/120.0', '{\"path\": \"/api/admin/create\", \"request_id\": \"08a207d5a678\"}', '2025-11-03 14:58:01', '2025-11-03 14:58:01'),
(23, 1, 'update:reservation', NULL, NULL, '192.168.54.123', 'Mozilla/5.0 (X11; Ubuntu; Linux x86_64; rv:120.0) Gecko/20100101 Firefox/120.0', '{\"path\": \"/api/admin/update\", \"request_id\": \"31888392e822\"}', '2025-11-05 13:33:01', '2025-11-05 13:33:01'),
(24, 7, 'update:order', NULL, NULL, '192.168.128.225', 'Mozilla/5.0 (Linux; Android 14; Mobile) AppleWebKit/537.36 Chrome/120 Mobile Safari/537.36', '{\"path\": \"/api/admin/update\", \"request_id\": \"103eec5115d1\"}', '2025-11-23 01:20:01', '2025-11-23 01:20:01'),
(25, 27, 'create:order', NULL, NULL, '192.168.51.254', 'Mozilla/5.0 (Macintosh; Intel Mac OS X 10_15_7) AppleWebKit/605.1.15 (KHTML, like Gecko) Version/17 Safari/605.1.15', '{\"path\": \"/api/admin/create\", \"request_id\": \"b85b2fbf5a16\"}', '2025-11-26 02:34:01', '2025-11-26 02:34:01'),
(26, 1, 'update:reservation', NULL, NULL, '192.168.86.121', 'Mozilla/5.0 (Windows NT 10.0; Win64; x64) AppleWebKit/537.36 (KHTML, like Gecko) Chrome/120 Safari/537.36', '{\"path\": \"/api/admin/update\", \"request_id\": \"c79601c109ce\"}', '2025-11-20 19:32:01', '2025-11-20 19:32:01'),
(27, 8, 'update:settings', NULL, NULL, '192.168.72.64', 'Mozilla/5.0 (Windows NT 10.0; Win64; x64) AppleWebKit/537.36 (KHTML, like Gecko) Chrome/120 Safari/537.36', '{\"path\": \"/api/admin/update\", \"request_id\": \"0fe2e5c311b4\"}', '2025-11-14 09:35:01', '2025-11-14 09:35:01'),
(28, 30, 'create:order', NULL, NULL, '192.168.85.214', 'Mozilla/5.0 (Windows NT 10.0; Win64; x64) AppleWebKit/537.36 (KHTML, like Gecko) Chrome/120 Safari/537.36', '{\"path\": \"/api/admin/create\", \"request_id\": \"8012aefc1fb5\"}', '2025-11-04 13:41:01', '2025-11-04 13:41:01'),
(29, 29, 'view:report', NULL, NULL, '192.168.229.174', 'Mozilla/5.0 (Linux; Android 14; Mobile) AppleWebKit/537.36 Chrome/120 Mobile Safari/537.36', '{\"path\": \"/api/admin/view\", \"request_id\": \"a6164ebadfcd\"}', '2025-10-27 12:50:01', '2025-10-27 12:50:01'),
(30, 30, 'update:settings', NULL, NULL, '192.168.253.128', 'Mozilla/5.0 (Linux; Android 14; Mobile) AppleWebKit/537.36 Chrome/120 Mobile Safari/537.36', '{\"path\": \"/api/admin/update\", \"request_id\": \"c2c0a6e4c308\"}', '2025-11-25 18:22:01', '2025-11-25 18:22:01'),
(31, 9, 'logout', NULL, NULL, '192.168.130.63', 'Mozilla/5.0 (Macintosh; Intel Mac OS X 10_15_7) AppleWebKit/605.1.15 (KHTML, like Gecko) Version/17 Safari/605.1.15', '{\"path\": \"/api/admin/logout\", \"request_id\": \"0804fa701b24\"}', '2025-11-21 15:11:01', '2025-11-21 15:11:01'),
(32, 4, 'update:order', NULL, NULL, '192.168.84.23', 'Mozilla/5.0 (X11; Ubuntu; Linux x86_64; rv:120.0) Gecko/20100101 Firefox/120.0', '{\"path\": \"/api/admin/update\", \"request_id\": \"44a5bb6747cb\"}', '2025-11-20 06:51:01', '2025-11-20 06:51:01'),
(33, 6, 'login', NULL, NULL, '192.168.149.120', 'Mozilla/5.0 (Linux; Android 14; Mobile) AppleWebKit/537.36 Chrome/120 Mobile Safari/537.36', '{\"path\": \"/api/admin/login\", \"request_id\": \"1b855363d5dc\"}', '2025-11-03 12:26:01', '2025-11-03 12:26:01'),
(34, 29, 'view:report', NULL, NULL, '192.168.49.128', 'Mozilla/5.0 (Linux; Android 14; Mobile) AppleWebKit/537.36 Chrome/120 Mobile Safari/537.36', '{\"path\": \"/api/admin/view\", \"request_id\": \"5546243d7cf1\"}', '2025-11-14 10:54:01', '2025-11-14 10:54:01'),
(35, 29, 'update:reservation', NULL, NULL, '192.168.168.54', 'Mozilla/5.0 (Windows NT 10.0; Win64; x64) AppleWebKit/537.36 (KHTML, like Gecko) Chrome/120 Safari/537.36', '{\"path\": \"/api/admin/update\", \"request_id\": \"33a7b5148b5d\"}', '2025-11-24 02:21:01', '2025-11-24 02:21:01'),
(36, 29, 'update:order', NULL, NULL, '192.168.139.253', 'Mozilla/5.0 (X11; Ubuntu; Linux x86_64; rv:120.0) Gecko/20100101 Firefox/120.0', '{\"path\": \"/api/admin/update\", \"request_id\": \"73f787b028d8\"}', '2025-11-01 01:49:01', '2025-11-01 01:49:01'),
(37, 23, 'create:order', NULL, NULL, '192.168.138.77', 'Mozilla/5.0 (X11; Ubuntu; Linux x86_64; rv:120.0) Gecko/20100101 Firefox/120.0', '{\"path\": \"/api/admin/create\", \"request_id\": \"53e8f1318a24\"}', '2025-11-22 23:42:01', '2025-11-22 23:42:01'),
(38, 31, 'create:order', NULL, NULL, '192.168.87.150', 'Mozilla/5.0 (Macintosh; Intel Mac OS X 10_15_7) AppleWebKit/605.1.15 (KHTML, like Gecko) Version/17 Safari/605.1.15', '{\"path\": \"/api/admin/create\", \"request_id\": \"0e59b1d798fc\"}', '2025-11-23 12:46:01', '2025-11-23 12:46:01'),
(39, 29, 'logout', NULL, NULL, '192.168.171.130', 'Mozilla/5.0 (Macintosh; Intel Mac OS X 10_15_7) AppleWebKit/605.1.15 (KHTML, like Gecko) Version/17 Safari/605.1.15', '{\"path\": \"/api/admin/logout\", \"request_id\": \"9f868de05635\"}', '2025-11-20 22:18:01', '2025-11-20 22:18:01'),
(40, 21, 'update:settings', NULL, NULL, '192.168.26.100', 'Mozilla/5.0 (Macintosh; Intel Mac OS X 10_15_7) AppleWebKit/605.1.15 (KHTML, like Gecko) Version/17 Safari/605.1.15', '{\"path\": \"/api/admin/update\", \"request_id\": \"700da6c75bc3\"}', '2025-10-31 11:00:01', '2025-10-31 11:00:01'),
(41, 30, 'update:order', NULL, NULL, '192.168.233.41', 'Mozilla/5.0 (Macintosh; Intel Mac OS X 10_15_7) AppleWebKit/605.1.15 (KHTML, like Gecko) Version/17 Safari/605.1.15', '{\"path\": \"/api/admin/update\", \"request_id\": \"e009127c983f\"}', '2025-11-05 01:43:01', '2025-11-05 01:43:01'),
(42, 21, 'login', NULL, NULL, '192.168.49.154', 'Mozilla/5.0 (X11; Ubuntu; Linux x86_64; rv:120.0) Gecko/20100101 Firefox/120.0', '{\"path\": \"/api/admin/login\", \"request_id\": \"209c1d329c7f\"}', '2025-11-25 03:42:01', '2025-11-25 03:42:01'),
(43, 8, 'login', NULL, NULL, '192.168.221.18', 'Mozilla/5.0 (X11; Ubuntu; Linux x86_64; rv:120.0) Gecko/20100101 Firefox/120.0', '{\"path\": \"/api/admin/login\", \"request_id\": \"b413a651c439\"}', '2025-10-26 15:09:01', '2025-10-26 15:09:01'),
(44, 17, 'update:settings', NULL, NULL, '192.168.212.80', 'Mozilla/5.0 (Windows NT 10.0; Win64; x64) AppleWebKit/537.36 (KHTML, like Gecko) Chrome/120 Safari/537.36', '{\"path\": \"/api/admin/update\", \"request_id\": \"9d50f34631cd\"}', '2025-11-05 04:15:01', '2025-11-05 04:15:01'),
(45, 25, 'delete:order', NULL, NULL, '192.168.130.20', 'Mozilla/5.0 (Windows NT 10.0; Win64; x64) AppleWebKit/537.36 (KHTML, like Gecko) Chrome/120 Safari/537.36', '{\"path\": \"/api/admin/delete\", \"request_id\": \"40387c44954f\"}', '2025-11-09 19:39:01', '2025-11-09 19:39:01'),
(46, 7, 'login', NULL, NULL, '192.168.93.43', 'Mozilla/5.0 (Macintosh; Intel Mac OS X 10_15_7) AppleWebKit/605.1.15 (KHTML, like Gecko) Version/17 Safari/605.1.15', '{\"path\": \"/api/admin/login\", \"request_id\": \"381d3b02a62c\"}', '2025-10-31 01:52:01', '2025-10-31 01:52:01'),
(47, 30, 'login', NULL, NULL, '192.168.18.70', 'Mozilla/5.0 (Linux; Android 14; Mobile) AppleWebKit/537.36 Chrome/120 Mobile Safari/537.36', '{\"path\": \"/api/admin/login\", \"request_id\": \"ce6e61c60e77\"}', '2025-10-28 03:14:01', '2025-10-28 03:14:01'),
(48, 17, 'login', NULL, NULL, '192.168.130.153', 'Mozilla/5.0 (X11; Ubuntu; Linux x86_64; rv:120.0) Gecko/20100101 Firefox/120.0', '{\"path\": \"/api/admin/login\", \"request_id\": \"5e70c3d75ca1\"}', '2025-11-23 23:23:01', '2025-11-23 23:23:01'),
(49, 16, 'update:settings', NULL, NULL, '192.168.14.33', 'Mozilla/5.0 (Macintosh; Intel Mac OS X 10_15_7) AppleWebKit/605.1.15 (KHTML, like Gecko) Version/17 Safari/605.1.15', '{\"path\": \"/api/admin/update\", \"request_id\": \"579910f6b7f5\"}', '2025-11-25 23:03:01', '2025-11-25 23:03:01'),
(50, 8, 'create:reservation', NULL, NULL, '192.168.108.172', 'Mozilla/5.0 (X11; Ubuntu; Linux x86_64; rv:120.0) Gecko/20100101 Firefox/120.0', '{\"path\": \"/api/admin/create\", \"request_id\": \"c1f251295885\"}', '2025-11-21 17:59:01', '2025-11-21 17:59:01'),
(51, 10, 'update:settings', NULL, NULL, '192.168.120.101', 'Mozilla/5.0 (Macintosh; Intel Mac OS X 10_15_7) AppleWebKit/605.1.15 (KHTML, like Gecko) Version/17 Safari/605.1.15', '{\"path\": \"/api/admin/update\", \"request_id\": \"8d15a7da3ce0\"}', '2025-11-05 00:04:01', '2025-11-05 00:04:01'),
(52, 24, 'delete:order', NULL, NULL, '192.168.253.68', 'Mozilla/5.0 (Macintosh; Intel Mac OS X 10_15_7) AppleWebKit/605.1.15 (KHTML, like Gecko) Version/17 Safari/605.1.15', '{\"path\": \"/api/admin/delete\", \"request_id\": \"1e2c3d56713c\"}', '2025-10-31 00:41:01', '2025-10-31 00:41:01'),
(53, 14, 'update:reservation', NULL, NULL, '192.168.162.198', 'Mozilla/5.0 (X11; Ubuntu; Linux x86_64; rv:120.0) Gecko/20100101 Firefox/120.0', '{\"path\": \"/api/admin/update\", \"request_id\": \"28b63be2c4a1\"}', '2025-11-19 15:18:01', '2025-11-19 15:18:01'),
(54, 11, 'login', NULL, NULL, '192.168.141.189', 'Mozilla/5.0 (Linux; Android 14; Mobile) AppleWebKit/537.36 Chrome/120 Mobile Safari/537.36', '{\"path\": \"/api/admin/login\", \"request_id\": \"a3abb65455e0\"}', '2025-11-16 00:41:01', '2025-11-16 00:41:01'),
(55, 8, 'update:order', NULL, NULL, '192.168.186.247', 'Mozilla/5.0 (Windows NT 10.0; Win64; x64) AppleWebKit/537.36 (KHTML, like Gecko) Chrome/120 Safari/537.36', '{\"path\": \"/api/admin/update\", \"request_id\": \"e3c212ea28a7\"}', '2025-11-03 03:41:01', '2025-11-03 03:41:01'),
(56, 20, 'view:report', NULL, NULL, '192.168.18.178', 'Mozilla/5.0 (Linux; Android 14; Mobile) AppleWebKit/537.36 Chrome/120 Mobile Safari/537.36', '{\"path\": \"/api/admin/view\", \"request_id\": \"61d965d2d8ce\"}', '2025-11-04 06:04:01', '2025-11-04 06:04:01'),
(57, 20, 'logout', NULL, NULL, '192.168.157.116', 'Mozilla/5.0 (Windows NT 10.0; Win64; x64) AppleWebKit/537.36 (KHTML, like Gecko) Chrome/120 Safari/537.36', '{\"path\": \"/api/admin/logout\", \"request_id\": \"d7597515ae96\"}', '2025-11-07 05:41:01', '2025-11-07 05:41:01'),
(58, 13, 'update:settings', NULL, NULL, '192.168.85.98', 'Mozilla/5.0 (Linux; Android 14; Mobile) AppleWebKit/537.36 Chrome/120 Mobile Safari/537.36', '{\"path\": \"/api/admin/update\", \"request_id\": \"a48dde276264\"}', '2025-11-05 00:03:01', '2025-11-05 00:03:01'),
(59, 22, 'view:report', NULL, NULL, '192.168.106.157', 'Mozilla/5.0 (Macintosh; Intel Mac OS X 10_15_7) AppleWebKit/605.1.15 (KHTML, like Gecko) Version/17 Safari/605.1.15', '{\"path\": \"/api/admin/view\", \"request_id\": \"d81e1a35b45c\"}', '2025-11-18 04:23:01', '2025-11-18 04:23:01'),
(60, 30, 'create:order', NULL, NULL, '192.168.3.243', 'Mozilla/5.0 (X11; Ubuntu; Linux x86_64; rv:120.0) Gecko/20100101 Firefox/120.0', '{\"path\": \"/api/admin/create\", \"request_id\": \"0d0979bf5d10\"}', '2025-11-20 03:38:01', '2025-11-20 03:38:01'),
(61, 4, 'delete:order', NULL, NULL, '192.168.176.184', 'Mozilla/5.0 (Macintosh; Intel Mac OS X 10_15_7) AppleWebKit/605.1.15 (KHTML, like Gecko) Version/17 Safari/605.1.15', '{\"path\": \"/api/admin/delete\", \"request_id\": \"2cdad39faad5\"}', '2025-11-20 20:31:01', '2025-11-20 20:31:01'),
(62, 3, 'delete:order', NULL, NULL, '192.168.190.94', 'Mozilla/5.0 (X11; Ubuntu; Linux x86_64; rv:120.0) Gecko/20100101 Firefox/120.0', '{\"path\": \"/api/admin/delete\", \"request_id\": \"7c7d807660b6\"}', '2025-11-05 02:29:01', '2025-11-05 02:29:01'),
(63, 18, 'create:reservation', NULL, NULL, '192.168.107.146', 'Mozilla/5.0 (Windows NT 10.0; Win64; x64) AppleWebKit/537.36 (KHTML, like Gecko) Chrome/120 Safari/537.36', '{\"path\": \"/api/admin/create\", \"request_id\": \"63fb83af2d84\"}', '2025-10-31 21:43:01', '2025-10-31 21:43:01'),
(64, 10, 'login', NULL, NULL, '192.168.251.29', 'Mozilla/5.0 (Macintosh; Intel Mac OS X 10_15_7) AppleWebKit/605.1.15 (KHTML, like Gecko) Version/17 Safari/605.1.15', '{\"path\": \"/api/admin/login\", \"request_id\": \"6f13d8d3ce03\"}', '2025-11-15 09:41:01', '2025-11-15 09:41:01'),
(65, 21, 'delete:order', NULL, NULL, '192.168.192.6', 'Mozilla/5.0 (Linux; Android 14; Mobile) AppleWebKit/537.36 Chrome/120 Mobile Safari/537.36', '{\"path\": \"/api/admin/delete\", \"request_id\": \"7a4442ee9714\"}', '2025-11-22 19:17:01', '2025-11-22 19:17:01'),
(66, 14, 'login', NULL, NULL, '192.168.42.151', 'Mozilla/5.0 (Windows NT 10.0; Win64; x64) AppleWebKit/537.36 (KHTML, like Gecko) Chrome/120 Safari/537.36', '{\"path\": \"/api/admin/login\", \"request_id\": \"2bf0c26e9a21\"}', '2025-11-07 02:48:01', '2025-11-07 02:48:01'),
(67, 22, 'create:order', NULL, NULL, '192.168.250.176', 'Mozilla/5.0 (Macintosh; Intel Mac OS X 10_15_7) AppleWebKit/605.1.15 (KHTML, like Gecko) Version/17 Safari/605.1.15', '{\"path\": \"/api/admin/create\", \"request_id\": \"10960e2f1d91\"}', '2025-11-19 17:37:01', '2025-11-19 17:37:01'),
(68, 18, 'update:order', NULL, NULL, '192.168.219.18', 'Mozilla/5.0 (Linux; Android 14; Mobile) AppleWebKit/537.36 Chrome/120 Mobile Safari/537.36', '{\"path\": \"/api/admin/update\", \"request_id\": \"f2ea228169b5\"}', '2025-11-08 18:26:01', '2025-11-08 18:26:01'),
(69, 7, 'update:settings', NULL, NULL, '192.168.17.237', 'Mozilla/5.0 (X11; Ubuntu; Linux x86_64; rv:120.0) Gecko/20100101 Firefox/120.0', '{\"path\": \"/api/admin/update\", \"request_id\": \"894b6163407f\"}', '2025-11-03 12:56:01', '2025-11-03 12:56:01'),
(70, 21, 'view:report', NULL, NULL, '192.168.17.89', 'Mozilla/5.0 (Windows NT 10.0; Win64; x64) AppleWebKit/537.36 (KHTML, like Gecko) Chrome/120 Safari/537.36', '{\"path\": \"/api/admin/view\", \"request_id\": \"7632548ea19f\"}', '2025-11-14 19:25:01', '2025-11-14 19:25:01'),
(71, 28, 'logout', NULL, NULL, '192.168.1.160', 'Mozilla/5.0 (Windows NT 10.0; Win64; x64) AppleWebKit/537.36 (KHTML, like Gecko) Chrome/120 Safari/537.36', '{\"path\": \"/api/admin/logout\", \"request_id\": \"3dbed9e8a3fc\"}', '2025-11-07 21:19:01', '2025-11-07 21:19:01'),
(72, 8, 'login', NULL, NULL, '192.168.228.233', 'Mozilla/5.0 (Linux; Android 14; Mobile) AppleWebKit/537.36 Chrome/120 Mobile Safari/537.36', '{\"path\": \"/api/admin/login\", \"request_id\": \"a1d561832d35\"}', '2025-11-07 13:33:01', '2025-11-07 13:33:01'),
(73, 31, 'create:reservation', NULL, NULL, '192.168.8.250', 'Mozilla/5.0 (Macintosh; Intel Mac OS X 10_15_7) AppleWebKit/605.1.15 (KHTML, like Gecko) Version/17 Safari/605.1.15', '{\"path\": \"/api/admin/create\", \"request_id\": \"f6469e32dac6\"}', '2025-11-21 18:23:01', '2025-11-21 18:23:01'),
(74, 16, 'logout', NULL, NULL, '192.168.39.141', 'Mozilla/5.0 (Windows NT 10.0; Win64; x64) AppleWebKit/537.36 (KHTML, like Gecko) Chrome/120 Safari/537.36', '{\"path\": \"/api/admin/logout\", \"request_id\": \"f370528dda33\"}', '2025-11-07 08:19:01', '2025-11-07 08:19:01'),
(75, 22, 'create:reservation', NULL, NULL, '192.168.26.83', 'Mozilla/5.0 (Macintosh; Intel Mac OS X 10_15_7) AppleWebKit/605.1.15 (KHTML, like Gecko) Version/17 Safari/605.1.15', '{\"path\": \"/api/admin/create\", \"request_id\": \"5fa3b78078e8\"}', '2025-11-06 19:23:01', '2025-11-06 19:23:01'),
(76, 23, 'create:order', NULL, NULL, '192.168.127.186', 'Mozilla/5.0 (Macintosh; Intel Mac OS X 10_15_7) AppleWebKit/605.1.15 (KHTML, like Gecko) Version/17 Safari/605.1.15', '{\"path\": \"/api/admin/create\", \"request_id\": \"9b8ec7677231\"}', '2025-10-31 19:43:01', '2025-10-31 19:43:01'),
(77, 8, 'view:report', NULL, NULL, '192.168.151.241', 'Mozilla/5.0 (X11; Ubuntu; Linux x86_64; rv:120.0) Gecko/20100101 Firefox/120.0', '{\"path\": \"/api/admin/view\", \"request_id\": \"a398c3793db5\"}', '2025-11-19 17:05:01', '2025-11-19 17:05:01'),
(78, 13, 'update:reservation', NULL, NULL, '192.168.204.51', 'Mozilla/5.0 (X11; Ubuntu; Linux x86_64; rv:120.0) Gecko/20100101 Firefox/120.0', '{\"path\": \"/api/admin/update\", \"request_id\": \"b0ba22332401\"}', '2025-11-26 05:25:01', '2025-11-26 05:25:01'),
(79, 11, 'view:report', NULL, NULL, '192.168.59.117', 'Mozilla/5.0 (X11; Ubuntu; Linux x86_64; rv:120.0) Gecko/20100101 Firefox/120.0', '{\"path\": \"/api/admin/view\", \"request_id\": \"aebc0130baef\"}', '2025-10-31 19:23:01', '2025-10-31 19:23:01'),
(80, 15, 'delete:order', NULL, NULL, '192.168.13.26', 'Mozilla/5.0 (Macintosh; Intel Mac OS X 10_15_7) AppleWebKit/605.1.15 (KHTML, like Gecko) Version/17 Safari/605.1.15', '{\"path\": \"/api/admin/delete\", \"request_id\": \"90db3421010e\"}', '2025-10-26 19:39:01', '2025-10-26 19:39:01'),
(81, 6, 'logout', NULL, NULL, '192.168.186.142', 'Mozilla/5.0 (Windows NT 10.0; Win64; x64) AppleWebKit/537.36 (KHTML, like Gecko) Chrome/120 Safari/537.36', '{\"path\": \"/api/admin/logout\", \"request_id\": \"306650c47842\"}', '2025-11-18 11:34:01', '2025-11-18 11:34:01'),
(82, 12, 'update:settings', NULL, NULL, '192.168.250.120', 'Mozilla/5.0 (Windows NT 10.0; Win64; x64) AppleWebKit/537.36 (KHTML, like Gecko) Chrome/120 Safari/537.36', '{\"path\": \"/api/admin/update\", \"request_id\": \"d96c876fd95a\"}', '2025-10-31 23:17:01', '2025-10-31 23:17:01'),
(83, 1, 'create:order', NULL, NULL, '192.168.143.177', 'Mozilla/5.0 (Macintosh; Intel Mac OS X 10_15_7) AppleWebKit/605.1.15 (KHTML, like Gecko) Version/17 Safari/605.1.15', '{\"path\": \"/api/admin/create\", \"request_id\": \"bac90dcb5f14\"}', '2025-10-29 05:56:01', '2025-10-29 05:56:01'),
(84, 12, 'delete:order', NULL, NULL, '192.168.22.80', 'Mozilla/5.0 (Linux; Android 14; Mobile) AppleWebKit/537.36 Chrome/120 Mobile Safari/537.36', '{\"path\": \"/api/admin/delete\", \"request_id\": \"09bbbc42557d\"}', '2025-11-05 07:59:01', '2025-11-05 07:59:01'),
(85, 2, 'login', NULL, NULL, '192.168.57.23', 'Mozilla/5.0 (Windows NT 10.0; Win64; x64) AppleWebKit/537.36 (KHTML, like Gecko) Chrome/120 Safari/537.36', '{\"path\": \"/api/admin/login\", \"request_id\": \"336437b073f5\"}', '2025-10-29 02:45:01', '2025-10-29 02:45:01'),
(86, 24, 'update:reservation', NULL, NULL, '192.168.126.139', 'Mozilla/5.0 (Macintosh; Intel Mac OS X 10_15_7) AppleWebKit/605.1.15 (KHTML, like Gecko) Version/17 Safari/605.1.15', '{\"path\": \"/api/admin/update\", \"request_id\": \"268364aa0308\"}', '2025-11-08 12:43:01', '2025-11-08 12:43:01'),
(87, 8, 'update:reservation', NULL, NULL, '192.168.121.93', 'Mozilla/5.0 (Linux; Android 14; Mobile) AppleWebKit/537.36 Chrome/120 Mobile Safari/537.36', '{\"path\": \"/api/admin/update\", \"request_id\": \"693e7eed053c\"}', '2025-11-09 05:55:01', '2025-11-09 05:55:01'),
(88, 18, 'update:settings', NULL, NULL, '192.168.191.227', 'Mozilla/5.0 (Windows NT 10.0; Win64; x64) AppleWebKit/537.36 (KHTML, like Gecko) Chrome/120 Safari/537.36', '{\"path\": \"/api/admin/update\", \"request_id\": \"b25650e72e80\"}', '2025-11-15 16:20:01', '2025-11-15 16:20:01'),
(89, 23, 'update:reservation', NULL, NULL, '192.168.252.79', 'Mozilla/5.0 (Windows NT 10.0; Win64; x64) AppleWebKit/537.36 (KHTML, like Gecko) Chrome/120 Safari/537.36', '{\"path\": \"/api/admin/update\", \"request_id\": \"4fa6f110614f\"}', '2025-11-19 14:49:01', '2025-11-19 14:49:01'),
(90, 14, 'delete:order', NULL, NULL, '192.168.170.118', 'Mozilla/5.0 (X11; Ubuntu; Linux x86_64; rv:120.0) Gecko/20100101 Firefox/120.0', '{\"path\": \"/api/admin/delete\", \"request_id\": \"734fa24d4421\"}', '2025-11-07 21:45:01', '2025-11-07 21:45:01'),
(91, 28, 'view:report', NULL, NULL, '192.168.205.251', 'Mozilla/5.0 (Windows NT 10.0; Win64; x64) AppleWebKit/537.36 (KHTML, like Gecko) Chrome/120 Safari/537.36', '{\"path\": \"/api/admin/view\", \"request_id\": \"f0f2dae49afd\"}', '2025-10-30 02:05:01', '2025-10-30 02:05:01'),
(92, 19, 'delete:order', NULL, NULL, '192.168.126.177', 'Mozilla/5.0 (Linux; Android 14; Mobile) AppleWebKit/537.36 Chrome/120 Mobile Safari/537.36', '{\"path\": \"/api/admin/delete\", \"request_id\": \"0efc0ad575f2\"}', '2025-11-17 22:13:01', '2025-11-17 22:13:01'),
(93, 3, 'create:reservation', NULL, NULL, '192.168.146.4', 'Mozilla/5.0 (X11; Ubuntu; Linux x86_64; rv:120.0) Gecko/20100101 Firefox/120.0', '{\"path\": \"/api/admin/create\", \"request_id\": \"9c8829b442b2\"}', '2025-11-04 23:27:01', '2025-11-04 23:27:01'),
(94, 16, 'login', NULL, NULL, '192.168.190.55', 'Mozilla/5.0 (X11; Ubuntu; Linux x86_64; rv:120.0) Gecko/20100101 Firefox/120.0', '{\"path\": \"/api/admin/login\", \"request_id\": \"c1416ae04928\"}', '2025-11-09 17:28:01', '2025-11-09 17:28:01'),
(95, 26, 'view:report', NULL, NULL, '192.168.230.175', 'Mozilla/5.0 (Linux; Android 14; Mobile) AppleWebKit/537.36 Chrome/120 Mobile Safari/537.36', '{\"path\": \"/api/admin/view\", \"request_id\": \"9fb78aae80f4\"}', '2025-11-20 16:43:01', '2025-11-20 16:43:01'),
(96, 19, 'create:order', NULL, NULL, '192.168.210.130', 'Mozilla/5.0 (Macintosh; Intel Mac OS X 10_15_7) AppleWebKit/605.1.15 (KHTML, like Gecko) Version/17 Safari/605.1.15', '{\"path\": \"/api/admin/create\", \"request_id\": \"13050472b531\"}', '2025-11-08 20:20:01', '2025-11-08 20:20:01'),
(97, 13, 'update:reservation', NULL, NULL, '192.168.177.78', 'Mozilla/5.0 (Linux; Android 14; Mobile) AppleWebKit/537.36 Chrome/120 Mobile Safari/537.36', '{\"path\": \"/api/admin/update\", \"request_id\": \"97998dc5525e\"}', '2025-11-19 15:58:01', '2025-11-19 15:58:01'),
(98, 3, 'update:settings', NULL, NULL, '192.168.59.172', 'Mozilla/5.0 (Windows NT 10.0; Win64; x64) AppleWebKit/537.36 (KHTML, like Gecko) Chrome/120 Safari/537.36', '{\"path\": \"/api/admin/update\", \"request_id\": \"829dc0636702\"}', '2025-10-29 02:57:01', '2025-10-29 02:57:01'),
(99, 4, 'update:reservation', NULL, NULL, '192.168.43.156', 'Mozilla/5.0 (Macintosh; Intel Mac OS X 10_15_7) AppleWebKit/605.1.15 (KHTML, like Gecko) Version/17 Safari/605.1.15', '{\"path\": \"/api/admin/update\", \"request_id\": \"69e7db93d7f8\"}', '2025-10-27 08:26:01', '2025-10-27 08:26:01'),
(100, 32, 'update:order', NULL, NULL, '192.168.139.253', 'Mozilla/5.0 (Windows NT 10.0; Win64; x64) AppleWebKit/537.36 (KHTML, like Gecko) Chrome/120 Safari/537.36', '{\"path\": \"/api/admin/update\", \"request_id\": \"018763b1f683\"}', '2025-11-10 09:46:01', '2025-11-10 09:46:01'),
(101, 27, 'view:report', NULL, NULL, '192.168.84.193', 'Mozilla/5.0 (Linux; Android 14; Mobile) AppleWebKit/537.36 Chrome/120 Mobile Safari/537.36', '{\"path\": \"/api/admin/view\", \"request_id\": \"d2aea0a84ff8\"}', '2025-11-17 01:09:01', '2025-11-17 01:09:01'),
(102, 23, 'create:order', NULL, NULL, '192.168.202.22', 'Mozilla/5.0 (Linux; Android 14; Mobile) AppleWebKit/537.36 Chrome/120 Mobile Safari/537.36', '{\"path\": \"/api/admin/create\", \"request_id\": \"38307395761b\"}', '2025-10-28 20:55:01', '2025-10-28 20:55:01'),
(103, 18, 'update:order', NULL, NULL, '192.168.130.57', 'Mozilla/5.0 (Windows NT 10.0; Win64; x64) AppleWebKit/537.36 (KHTML, like Gecko) Chrome/120 Safari/537.36', '{\"path\": \"/api/admin/update\", \"request_id\": \"c8b5f89a06a6\"}', '2025-11-04 12:12:01', '2025-11-04 12:12:01'),
(104, 15, 'update:order', NULL, NULL, '192.168.18.175', 'Mozilla/5.0 (Windows NT 10.0; Win64; x64) AppleWebKit/537.36 (KHTML, like Gecko) Chrome/120 Safari/537.36', '{\"path\": \"/api/admin/update\", \"request_id\": \"97f37ca876a4\"}', '2025-11-15 17:34:01', '2025-11-15 17:34:01'),
(105, 28, 'logout', NULL, NULL, '192.168.42.81', 'Mozilla/5.0 (Linux; Android 14; Mobile) AppleWebKit/537.36 Chrome/120 Mobile Safari/537.36', '{\"path\": \"/api/admin/logout\", \"request_id\": \"912f5017253d\"}', '2025-11-19 14:46:01', '2025-11-19 14:46:01'),
(106, 1, 'create:reservation', NULL, NULL, '192.168.42.186', 'Mozilla/5.0 (Macintosh; Intel Mac OS X 10_15_7) AppleWebKit/605.1.15 (KHTML, like Gecko) Version/17 Safari/605.1.15', '{\"path\": \"/api/admin/create\", \"request_id\": \"29827e622fc5\"}', '2025-11-23 08:53:01', '2025-11-23 08:53:01'),
(107, 25, 'logout', NULL, NULL, '192.168.90.132', 'Mozilla/5.0 (X11; Ubuntu; Linux x86_64; rv:120.0) Gecko/20100101 Firefox/120.0', '{\"path\": \"/api/admin/logout\", \"request_id\": \"3c731aba413d\"}', '2025-11-13 18:47:01', '2025-11-13 18:47:01'),
(108, 17, 'update:reservation', NULL, NULL, '192.168.216.216', 'Mozilla/5.0 (Windows NT 10.0; Win64; x64) AppleWebKit/537.36 (KHTML, like Gecko) Chrome/120 Safari/537.36', '{\"path\": \"/api/admin/update\", \"request_id\": \"b40244d0da76\"}', '2025-11-03 18:39:01', '2025-11-03 18:39:01'),
(109, 17, 'update:settings', NULL, NULL, '192.168.106.253', 'Mozilla/5.0 (Linux; Android 14; Mobile) AppleWebKit/537.36 Chrome/120 Mobile Safari/537.36', '{\"path\": \"/api/admin/update\", \"request_id\": \"d8010240b5d7\"}', '2025-11-20 15:55:01', '2025-11-20 15:55:01'),
(110, 7, 'delete:order', NULL, NULL, '192.168.183.71', 'Mozilla/5.0 (Linux; Android 14; Mobile) AppleWebKit/537.36 Chrome/120 Mobile Safari/537.36', '{\"path\": \"/api/admin/delete\", \"request_id\": \"e8622ee2b58f\"}', '2025-11-20 00:59:01', '2025-11-20 00:59:01'),
(111, 27, 'create:reservation', NULL, NULL, '192.168.34.15', 'Mozilla/5.0 (Windows NT 10.0; Win64; x64) AppleWebKit/537.36 (KHTML, like Gecko) Chrome/120 Safari/537.36', '{\"path\": \"/api/admin/create\", \"request_id\": \"d889077dd459\"}', '2025-11-25 03:24:01', '2025-11-25 03:24:01'),
(112, 17, 'create:reservation', NULL, NULL, '192.168.53.198', 'Mozilla/5.0 (Linux; Android 14; Mobile) AppleWebKit/537.36 Chrome/120 Mobile Safari/537.36', '{\"path\": \"/api/admin/create\", \"request_id\": \"98513ec85c16\"}', '2025-11-14 17:59:01', '2025-11-14 17:59:01'),
(113, 32, 'logout', NULL, NULL, '192.168.146.7', 'Mozilla/5.0 (Windows NT 10.0; Win64; x64) AppleWebKit/537.36 (KHTML, like Gecko) Chrome/120 Safari/537.36', '{\"path\": \"/api/admin/logout\", \"request_id\": \"1ef0b23a5f79\"}', '2025-11-16 21:51:01', '2025-11-16 21:51:01'),
(114, 3, 'delete:order', NULL, NULL, '192.168.194.67', 'Mozilla/5.0 (X11; Ubuntu; Linux x86_64; rv:120.0) Gecko/20100101 Firefox/120.0', '{\"path\": \"/api/admin/delete\", \"request_id\": \"f0a0a0dbb7f4\"}', '2025-11-21 12:14:01', '2025-11-21 12:14:01'),
(115, 20, 'logout', NULL, NULL, '192.168.105.83', 'Mozilla/5.0 (Linux; Android 14; Mobile) AppleWebKit/537.36 Chrome/120 Mobile Safari/537.36', '{\"path\": \"/api/admin/logout\", \"request_id\": \"a04c4375a379\"}', '2025-11-22 21:23:01', '2025-11-22 21:23:01'),
(116, 27, 'create:reservation', NULL, NULL, '192.168.56.51', 'Mozilla/5.0 (X11; Ubuntu; Linux x86_64; rv:120.0) Gecko/20100101 Firefox/120.0', '{\"path\": \"/api/admin/create\", \"request_id\": \"15f2079945fd\"}', '2025-11-05 06:36:01', '2025-11-05 06:36:01'),
(117, 28, 'create:order', NULL, NULL, '192.168.160.153', 'Mozilla/5.0 (Linux; Android 14; Mobile) AppleWebKit/537.36 Chrome/120 Mobile Safari/537.36', '{\"path\": \"/api/admin/create\", \"request_id\": \"1783015ff545\"}', '2025-11-20 22:55:01', '2025-11-20 22:55:01'),
(118, 5, 'update:settings', NULL, NULL, '192.168.63.183', 'Mozilla/5.0 (X11; Ubuntu; Linux x86_64; rv:120.0) Gecko/20100101 Firefox/120.0', '{\"path\": \"/api/admin/update\", \"request_id\": \"21423a31b4d6\"}', '2025-11-13 20:41:01', '2025-11-13 20:41:01'),
(119, 2, 'view:report', NULL, NULL, '192.168.125.133', 'Mozilla/5.0 (X11; Ubuntu; Linux x86_64; rv:120.0) Gecko/20100101 Firefox/120.0', '{\"path\": \"/api/admin/view\", \"request_id\": \"5bd6576b7242\"}', '2025-11-11 06:30:01', '2025-11-11 06:30:01'),
(120, 15, 'create:order', NULL, NULL, '192.168.28.116', 'Mozilla/5.0 (X11; Ubuntu; Linux x86_64; rv:120.0) Gecko/20100101 Firefox/120.0', '{\"path\": \"/api/admin/create\", \"request_id\": \"0a2738b81970\"}', '2025-11-03 01:26:01', '2025-11-03 01:26:01');
INSERT INTO `cache` (`key`, `value`, `expiration`) VALUES
('laravel-cache-5c785c036466adea360111aa28563bfd556b5fba', 'i:1;', 1764405427),
('laravel-cache-5c785c036466adea360111aa28563bfd556b5fba:timer', 'i:1764405427;', 1764405427),
('laravel-cache-admin@nkh.com|127.0.0.1', 'i:1;', 1764319858),
('laravel-cache-admin@nkh.com|127.0.0.1:timer', 'i:1764319858;', 1764319858),
('laravel-cache-customer@nkh.com|127.0.0.1', 'i:1;', 1764320574),
('laravel-cache-customer@nkh.com|127.0.0.1:timer', 'i:1764320574;', 1764320574),
('laravel-cache-homepage_data', 'a:4:{s:13:\"featuredItems\";a:3:{i:0;a:21:{s:2:\"id\";i:8;s:11:\"location_id\";i:1;s:11:\"category_id\";i:2;s:4:\"name\";s:8:\"Pad Thai\";s:3:\"sku\";N;s:4:\"slug\";s:8:\"pad-thai\";s:11:\"description\";s:67:\"Classic Thai stir-fried noodles with shrimp, tofu, and bean sprouts\";s:5:\"price\";d:14;s:4:\"cost\";d:4.5;s:10:\"image_path\";s:31:\"/images/menu-items/pad-thai.jpg\";s:10:\"is_popular\";b:1;s:11:\"is_featured\";b:1;s:14:\"featured_order\";i:1;s:5:\"badge\";N;s:9:\"is_active\";b:1;s:13:\"display_order\";i:0;s:6:\"rating\";N;s:13:\"reviews_count\";i:0;s:9:\"prep_time\";N;s:10:\"created_at\";O:25:\"Illuminate\\Support\\Carbon\":3:{s:4:\"date\";s:26:\"2025-11-26 08:02:49.000000\";s:13:\"timezone_type\";i:3;s:8:\"timezone\";s:3:\"UTC\";}s:10:\"updated_at\";O:25:\"Illuminate\\Support\\Carbon\":3:{s:4:\"date\";s:26:\"2025-11-26 08:02:49.000000\";s:13:\"timezone_type\";i:3;s:8:\"timezone\";s:3:\"UTC\";}}i:1;a:21:{s:2:\"id\";i:2;s:11:\"location_id\";i:1;s:11:\"category_id\";i:1;s:4:\"name\";s:13:\"Chicken Satay\";s:3:\"sku\";N;s:4:\"slug\";s:13:\"chicken-satay\";s:11:\"description\";s:78:\"Grilled chicken skewers marinated in aromatic spices, served with peanut sauce\";s:5:\"price\";d:12;s:4:\"cost\";d:4.5;s:10:\"image_path\";s:36:\"/images/menu-items/chicken-satay.jpg\";s:10:\"is_popular\";b:1;s:11:\"is_featured\";b:1;s:14:\"featured_order\";i:2;s:5:\"badge\";N;s:9:\"is_active\";b:1;s:13:\"display_order\";i:0;s:6:\"rating\";N;s:13:\"reviews_count\";i:0;s:9:\"prep_time\";N;s:10:\"created_at\";O:25:\"Illuminate\\Support\\Carbon\":3:{s:4:\"date\";s:26:\"2025-11-26 08:02:49.000000\";s:13:\"timezone_type\";i:3;s:8:\"timezone\";s:3:\"UTC\";}s:10:\"updated_at\";O:25:\"Illuminate\\Support\\Carbon\":3:{s:4:\"date\";s:26:\"2025-11-26 08:02:49.000000\";s:13:\"timezone_type\";i:3;s:8:\"timezone\";s:3:\"UTC\";}}i:2;a:21:{s:2:\"id\";i:4;s:11:\"location_id\";i:1;s:11:\"category_id\";i:1;s:4:\"name\";s:18:\"Green Papaya Salad\";s:3:\"sku\";N;s:4:\"slug\";s:12:\"papaya-salad\";s:11:\"description\";s:77:\"Fresh and tangy salad with shredded green papaya, tomatoes, and lime dressing\";s:5:\"price\";d:9;s:4:\"cost\";d:2.5;s:10:\"image_path\";s:35:\"/images/menu-items/papaya-salad.jpg\";s:10:\"is_popular\";b:1;s:11:\"is_featured\";b:1;s:14:\"featured_order\";i:4;s:5:\"badge\";N;s:9:\"is_active\";b:1;s:13:\"display_order\";i:0;s:6:\"rating\";N;s:13:\"reviews_count\";i:0;s:9:\"prep_time\";N;s:10:\"created_at\";O:25:\"Illuminate\\Support\\Carbon\":3:{s:4:\"date\";s:26:\"2025-11-26 08:02:49.000000\";s:13:\"timezone_type\";i:3;s:8:\"timezone\";s:3:\"UTC\";}s:10:\"updated_at\";O:25:\"Illuminate\\Support\\Carbon\":3:{s:4:\"date\";s:26:\"2025-11-26 08:02:49.000000\";s:13:\"timezone_type\";i:3;s:8:\"timezone\";s:3:\"UTC\";}}}s:10:\"categories\";a:6:{i:0;a:6:{s:2:\"id\";i:6;s:4:\"name\";s:14:\"Hot Appetizers\";s:4:\"slug\";s:14:\"hot-appetizers\";s:4:\"icon\";s:7:\"\";s:5:\"count\";i:0;s:5:\"color\";s:26:\"from-gray-500 to-slate-500\";}i:1;a:6:{s:2:\"id\";i:15;s:4:\"name\";s:20:\"Traditional Desserts\";s:4:\"slug\";s:20:\"traditional-desserts\";s:4:\"icon\";s:7:\"\";s:5:\"count\";i:0;s:5:\"color\";s:26:\"from-gray-500 to-slate-500\";}i:2;a:6:{s:2:\"id\";i:9;s:4:\"name\";s:19:\"Grilled Specialties\";s:4:\"slug\";s:19:\"grilled-specialties\";s:4:\"icon\";s:7:\"\";s:5:\"count\";i:3;s:5:\"color\";s:26:\"from-gray-500 to-slate-500\";}i:3;a:6:{s:2:\"id\";i:18;s:4:\"name\";s:13:\"Hot Beverages\";s:4:\"slug\";s:13:\"hot-beverages\";s:4:\"icon\";s:7:\"\";s:5:\"count\";i:0;s:5:\"color\";s:26:\"from-gray-500 to-slate-500\";}i:4;a:6:{s:2:\"id\";i:13;s:4:\"name\";s:17:\"Traditional Soups\";s:4:\"slug\";s:17:\"traditional-soups\";s:4:\"icon\";s:7:\"\";s:5:\"count\";i:0;s:5:\"color\";s:26:\"from-gray-500 to-slate-500\";}i:5;a:6:{s:2:\"id\";i:7;s:4:\"name\";s:15:\"Cold Appetizers\";s:4:\"slug\";s:15:\"cold-appetizers\";s:4:\"icon\";s:7:\"\";s:5:\"count\";i:0;s:5:\"color\";s:26:\"from-gray-500 to-slate-500\";}}s:12:\"testimonials\";a:3:{i:0;a:6:{s:2:\"id\";i:1;s:13:\"customer_name\";s:13:\"Sarah Johnson\";s:13:\"customer_role\";s:16:\"Regular Customer\";s:7:\"content\";s:142:\"Best food delivery experience! The quality is consistently amazing and delivery is always on time. The gourmet burger is my absolute favorite!\";s:6:\"rating\";i:5;s:6:\"avatar\";s:4:\"\";}i:1;a:6:{s:2:\"id\";i:2;s:13:\"customer_name\";s:12:\"Michael Chen\";s:13:\"customer_role\";s:15:\"Food Enthusiast\";s:7:\"content\";s:137:\"I\'ve tried many restaurants, but NKH stands out. Fresh ingredients, creative recipes, and excellent customer service. Highly recommended!\";s:6:\"rating\";i:5;s:6:\"avatar\";s:4:\"\";}i:2;a:6:{s:2:\"id\";i:3;s:13:\"customer_name\";s:15:\"Emily Rodriguez\";s:13:\"customer_role\";s:14:\"Happy Customer\";s:7:\"content\";s:121:\"The pasta carbonara is authentic and delicious! Love the easy ordering process and the food always arrives hot and fresh.\";s:6:\"rating\";i:5;s:6:\"avatar\";s:11:\"\";}}s:5:\"stats\";a:4:{s:10:\"totalItems\";i:33;s:13:\"averageRating\";d:4.9;s:14:\"totalCustomers\";i:11;s:19:\"averageDeliveryTime\";i:30;}}', 1764402862);


INSERT INTO `categories` (`id`, `location_id`, `parent_id`, `slug`, `display_order`, `is_active`, `image`, `created_at`, `updated_at`) VALUES
(1, 1, NULL, 'appetizers', 1, 1, NULL, '2025-11-26 08:02:49', '2025-11-26 08:02:49'),
(2, 1, NULL, 'main-dishes', 2, 1, 'https://images.unsplash.com/photo-1546833999-b9f581a1996d?w=400&h=300&fit=crop', '2025-11-26 08:02:49', '2025-11-26 08:02:49'),
(3, 1, NULL, 'soups-salads', 3, 1, 'https://images.unsplash.com/photo-1547592180-85f173990554?w=400&h=300&fit=crop', '2025-11-26 08:02:49', '2025-11-26 08:02:49'),
(4, 1, NULL, 'desserts', 4, 1, 'https://images.unsplash.com/photo-1551024506-0bccd828d307?w=400&h=300&fit=crop', '2025-11-26 08:02:49', '2025-11-26 08:02:49'),
(5, 1, NULL, 'beverages', 5, 1, 'https://images.unsplash.com/photo-1544145945-f90425340c7e?w=400&h=300&fit=crop', '2025-11-26 08:02:49', '2025-11-26 08:02:49'),
(6, 1, 1, 'hot-appetizers', 1, 1, NULL, '2025-11-26 08:02:49', '2025-11-26 08:02:49'),
(7, 1, 1, 'cold-appetizers', 2, 1, NULL, '2025-11-26 08:02:49', '2025-11-26 08:02:49'),
(8, 1, 1, 'sharing-platters', 3, 1, NULL, '2025-11-26 08:02:49', '2025-11-26 08:02:49'),
(9, 1, 2, 'grilled-specialties', 1, 1, NULL, '2025-11-26 08:02:49', '2025-11-26 08:02:49'),
(10, 1, 2, 'pasta-noodles', 2, 1, NULL, '2025-11-26 08:02:49', '2025-11-26 08:02:49'),
(11, 1, 2, 'seafood', 3, 1, NULL, '2025-11-26 08:02:49', '2025-11-26 08:02:49'),
(12, 1, 2, 'vegetarian', 4, 1, NULL, '2025-11-26 08:02:49', '2025-11-26 08:02:49'),
(13, 1, 3, 'traditional-soups', 1, 1, NULL, '2025-11-26 08:02:49', '2025-11-26 08:02:49'),
(14, 1, 3, 'fresh-salads', 2, 1, NULL, '2025-11-26 08:02:49', '2025-11-26 08:02:49'),
(15, 1, 4, 'traditional-desserts', 1, 1, NULL, '2025-11-26 08:02:49', '2025-11-26 08:02:49'),
(16, 1, 4, 'ice-cream', 2, 1, NULL, '2025-11-26 08:02:49', '2025-11-26 08:02:49'),
(17, 1, 4, 'cakes-pastries', 3, 1, NULL, '2025-11-26 08:02:49', '2025-11-26 08:02:49'),
(18, 1, 5, 'hot-beverages', 1, 1, NULL, '2025-11-26 08:02:49', '2025-11-26 08:02:49'),
(19, 1, 5, 'cold-beverages', 2, 1, NULL, '2025-11-26 08:02:49', '2025-11-26 08:02:49'),
(20, 1, 5, 'fresh-juices', 3, 1, NULL, '2025-11-26 08:02:49', '2025-11-26 08:02:49'),
(21, 1, 5, 'alcoholic-beverages', 4, 1, NULL, '2025-11-26 08:02:49', '2025-11-26 08:02:49');
INSERT INTO `category_translations` (`id`, `category_id`, `locale`, `name`, `description`, `created_at`, `updated_at`) VALUES
(1, 1, 'en', 'Appetizers', 'Start your meal with our delicious appetizers', '2025-11-26 08:02:49', '2025-11-26 08:02:49'),
(2, 1, 'km', '', '', '2025-11-26 08:02:49', '2025-11-26 08:02:49'),
(3, 2, 'en', 'Main Dishes', 'Experience our selection of hearty main dishes', '2025-11-26 08:02:49', '2025-11-26 08:02:49'),
(4, 2, 'km', '', '', '2025-11-26 08:02:49', '2025-11-26 08:02:49'),
(5, 3, 'en', 'Soups & Salads', 'Fresh salads and warming soups', '2025-11-26 08:02:49', '2025-11-26 08:02:49'),
(6, 3, 'km', ' ', ' ', '2025-11-26 08:02:49', '2025-11-26 08:02:49'),
(7, 4, 'en', 'Desserts', 'Sweet treats to end your meal perfectly', '2025-11-26 08:02:49', '2025-11-26 08:02:49'),
(8, 4, 'km', '', '', '2025-11-26 08:02:49', '2025-11-26 08:02:49'),
(9, 5, 'en', 'Beverages', 'Refresh yourself with our selection of drinks', '2025-11-26 08:02:49', '2025-11-26 08:02:49'),
(10, 5, 'km', '', '', '2025-11-26 08:02:49', '2025-11-26 08:02:49'),
(11, 6, 'en', 'Hot Appetizers', 'Warm and delicious starters', '2025-11-26 08:02:49', '2025-11-26 08:02:49'),
(12, 6, 'km', '', ' ', '2025-11-26 08:02:49', '2025-11-26 08:02:49'),
(13, 7, 'en', 'Cold Appetizers', 'Refreshing cold starters', '2025-11-26 08:02:49', '2025-11-26 08:02:49'),
(14, 7, 'km', '', '', '2025-11-26 08:02:49', '2025-11-26 08:02:49'),
(15, 8, 'en', 'Sharing Platters', 'Perfect for sharing with friends and family', '2025-11-26 08:02:49', '2025-11-26 08:02:49'),
(16, 8, 'km', '', ' ', '2025-11-26 08:02:49', '2025-11-26 08:02:49'),
(17, 9, 'en', 'Grilled Specialties', 'Our signature grilled dishes', '2025-11-26 08:02:49', '2025-11-26 08:02:49'),
(18, 9, 'km', '', '', '2025-11-26 08:02:49', '2025-11-26 08:02:49'),
(19, 10, 'en', 'Pasta & Noodles', 'Selection of pasta and noodle dishes', '2025-11-26 08:02:49', '2025-11-26 08:02:49'),
(20, 10, 'km', ' ', ' ', '2025-11-26 08:02:49', '2025-11-26 08:02:49'),
(21, 11, 'en', 'Seafood', 'Fresh seafood dishes', '2025-11-26 08:02:49', '2025-11-26 08:02:49'),
(22, 11, 'km', '', '', '2025-11-26 08:02:49', '2025-11-26 08:02:49'),
(23, 12, 'en', 'Vegetarian', 'Delicious vegetarian options', '2025-11-26 08:02:49', '2025-11-26 08:02:49'),
(24, 12, 'km', '', '', '2025-11-26 08:02:49', '2025-11-26 08:02:49'),
(25, 13, 'en', 'Traditional Soups', 'Classic Khmer soups', '2025-11-26 08:02:49', '2025-11-26 08:02:49'),
(26, 13, 'km', '', '', '2025-11-26 08:02:49', '2025-11-26 08:02:49'),
(27, 14, 'en', 'Fresh Salads', 'Light and refreshing salads', '2025-11-26 08:02:49', '2025-11-26 08:02:49'),
(28, 14, 'km', '', '', '2025-11-26 08:02:49', '2025-11-26 08:02:49'),
(29, 15, 'en', 'Traditional Desserts', 'Classic Khmer desserts', '2025-11-26 08:02:49', '2025-11-26 08:02:49'),
(30, 15, 'km', '', '', '2025-11-26 08:02:49', '2025-11-26 08:02:49'),
(31, 16, 'en', 'Ice Cream', 'Cool and creamy ice cream treats', '2025-11-26 08:02:49', '2025-11-26 08:02:49'),
(32, 16, 'km', '', '', '2025-11-26 08:02:49', '2025-11-26 08:02:49'),
(33, 17, 'en', 'Cakes & Pastries', 'Fresh baked cakes and pastries', '2025-11-26 08:02:49', '2025-11-26 08:02:49'),
(34, 17, 'km', ' ', ' ', '2025-11-26 08:02:49', '2025-11-26 08:02:49'),
(35, 18, 'en', 'Hot Beverages', 'Warming drinks and hot beverages', '2025-11-26 08:02:49', '2025-11-26 08:02:49'),
(36, 18, 'km', '', '', '2025-11-26 08:02:49', '2025-11-26 08:02:49'),
(37, 19, 'en', 'Cold Beverages', 'Refreshing cold drinks', '2025-11-26 08:02:49', '2025-11-26 08:02:49'),
(38, 19, 'km', '', '', '2025-11-26 08:02:49', '2025-11-26 08:02:49'),
(39, 20, 'en', 'Fresh Juices', 'Freshly squeezed fruit juices', '2025-11-26 08:02:49', '2025-11-26 08:02:49'),
(40, 20, 'km', '', '', '2025-11-26 08:02:49', '2025-11-26 08:02:49'),
(41, 21, 'en', 'Alcoholic Beverages', 'Selection of beer, wine and spirits', '2025-11-26 08:02:49', '2025-11-26 08:02:49'),
(42, 21, 'km', '', '  ', '2025-11-26 08:02:49', '2025-11-26 08:02:49');
INSERT INTO `customer_addresses` (`id`, `customer_id`, `label`, `address_line_1`, `address_line_2`, `city`, `province`, `postal_code`, `latitude`, `longitude`, `delivery_instructions`, `created_at`, `updated_at`) VALUES
(1, 1, 'Home', 'No. 45, Street 123', 'Sangkat Boeung Keng Kang', 'Phnom Penh', 'Phnom Penh', '12345', '11.5564000', '104.9282000', 'Leave at the front desk.', '2025-11-26 08:02:49', '2025-11-26 08:02:49'),
(2, 1, 'Work', 'Tower A, 12th Floor', 'Russian Blvd', 'Phnom Penh', 'Phnom Penh', '12000', '11.5621000', '104.8885000', 'Call upon arrival.', '2025-11-26 08:02:49', '2025-11-26 08:02:49');
INSERT INTO `customers` (`id`, `customer_code`, `loyalty_points`, `total_spent`, `preferred_language`, `dietary_preferences`, `marketing_consent`, `user_id`, `preferred_location_id`, `birth_date`, `gender`, `preferences`, `points_balance`, `notes`, `created_at`, `updated_at`) VALUES
(1, 'CUST-24604', 0, '0.00', NULL, NULL, 0, 31, 1, NULL, 'other', NULL, 0, NULL, '2025-11-26 08:02:49', '2025-11-26 08:03:01'),
(2, 'CUST-40876', 257, '1688.62', 'en', NULL, 1, 21, 1, '1965-05-26', 'other', NULL, 0, NULL, '2025-11-26 08:02:54', '2025-11-26 08:03:01'),
(3, 'CUST-29621', 245, '1968.67', 'en', '\"gluten_free\"', 1, 22, 1, '2006-12-03', 'other', NULL, 0, NULL, '2025-11-26 08:02:54', '2025-11-26 08:03:01'),
(4, 'CUST-25177', 48, '1533.66', 'en', '\"gluten_free\"', 1, 23, 1, '1957-10-24', 'female', NULL, 0, NULL, '2025-11-26 08:02:54', '2025-11-26 08:03:01'),
(5, 'CUST-39136', 265, '482.18', 'en', '\"vegetarian\"', 1, 24, 1, '1971-06-19', 'male', NULL, 0, NULL, '2025-11-26 08:02:54', '2025-11-26 08:03:01'),
(6, 'CUST-97611', 236, '1282.89', 'en', '\"vegetarian\"', 1, 25, 1, '1962-11-03', 'other', NULL, 0, NULL, '2025-11-26 08:02:54', '2025-11-26 08:03:01'),
(7, 'CUST-51343', 96, '353.47', 'km', '\"no_spicy\"', 0, 26, 1, '1960-12-05', 'other', NULL, 0, NULL, '2025-11-26 08:02:54', '2025-11-26 08:03:01'),
(8, 'CUST-45168', 327, '622.85', 'km', '\"halal\"', 0, 27, 1, '1983-11-27', 'female', NULL, 0, NULL, '2025-11-26 08:02:54', '2025-11-26 08:03:01'),
(9, 'CUST-73009', 483, '108.09', 'km', '\"no_spicy\"', 1, 28, 1, '1967-11-04', 'other', NULL, 0, NULL, '2025-11-26 08:02:54', '2025-11-26 08:03:01'),
(10, 'CUST-46608', 236, '1091.57', 'km', '\"vegan\"', 0, 29, 1, '1996-12-08', 'male', NULL, 0, NULL, '2025-11-26 08:02:54', '2025-11-26 08:03:01'),
(11, 'CUST-67677', 335, '731.47', 'km', NULL, 1, 30, 1, '1978-05-02', 'male', NULL, 0, NULL, '2025-11-26 08:02:54', '2025-11-26 08:03:01');
INSERT INTO `employees` (`id`, `user_id`, `position_id`, `department`, `location_id`, `employee_code`, `hire_date`, `salary_type`, `hourly_rate`, `salary`, `address`, `phone`, `emergency_contact_name`, `emergency_contact_phone`, `date_of_birth`, `preferred_shift_start`, `status`, `created_at`, `updated_at`) VALUES
(1, 32, 3, NULL, 1, 'NKH-DT-EMP-1507', '2025-08-05', 'monthly', NULL, '2200.00', '160 Street 51, Daun Penh District, Phnom Penh', NULL, NULL, NULL, NULL, NULL, 'on_leave', '2025-11-26 08:02:50', '2025-11-26 08:02:50'),
(2, 6, 3, NULL, 1, 'NKH-DT-EMP-7701', '2025-08-12', 'monthly', NULL, '2200.00', '883 Monivong Blvd, Mean Chey District, Phnom Penh', NULL, NULL, NULL, NULL, NULL, 'active', '2025-11-26 08:02:51', '2025-11-26 08:02:51'),
(3, 7, 4, NULL, 1, 'NKH-DT-EMP-3674', '2025-05-02', 'monthly', NULL, '1600.00', '675 Street 51, Chamkarmon District, Phnom Penh', NULL, NULL, NULL, NULL, NULL, 'inactive', '2025-11-26 08:02:51', '2025-11-26 08:02:51'),
(4, 8, 4, NULL, 1, 'NKH-DT-EMP-2091', '2025-07-04', 'monthly', NULL, '1600.00', '576 Norodom Blvd, Mean Chey District, Phnom Penh', NULL, NULL, NULL, NULL, NULL, 'on_leave', '2025-11-26 08:02:51', '2025-11-26 08:02:51'),
(5, 9, 7, NULL, 1, 'NKH-DT-EMP-9604', '2025-09-28', 'monthly', NULL, '1400.00', '748 Street 271, Chamkarmon District, Phnom Penh', NULL, NULL, NULL, NULL, NULL, 'active', '2025-11-26 08:02:51', '2025-11-26 08:02:51'),
(6, 10, 7, NULL, 1, 'NKH-DT-EMP-6779', '2024-12-04', 'monthly', NULL, '1400.00', '515 Sihanouk Blvd, Tuol Kork District, Phnom Penh', NULL, NULL, NULL, NULL, NULL, 'active', '2025-11-26 08:02:52', '2025-11-26 08:02:52'),
(7, 11, 8, NULL, 1, 'NKH-DT-EMP-5892', '2025-02-05', 'hourly', NULL, '8.50', '249 Mao Tse Toung Blvd, Chamkarmon District, Phnom Penh', NULL, NULL, NULL, NULL, NULL, 'active', '2025-11-26 08:02:52', '2025-11-26 08:02:52'),
(8, 12, 8, NULL, 1, 'NKH-DT-EMP-5015', '2025-07-13', 'hourly', NULL, '8.50', '178 Monivong Blvd, Sen Sok District, Phnom Penh', NULL, NULL, NULL, NULL, NULL, 'active', '2025-11-26 08:02:52', '2025-11-26 08:02:52'),
(9, 13, 8, NULL, 1, 'NKH-DT-EMP-4245', '2024-11-30', 'hourly', NULL, '8.50', '647 Street 51, Tuol Kork District, Phnom Penh', NULL, NULL, NULL, NULL, NULL, 'on_leave', '2025-11-26 08:02:52', '2025-11-26 08:02:52'),
(10, 14, 8, NULL, 1, 'NKH-DT-EMP-7866', '2025-05-09', 'hourly', NULL, '8.50', '353 Street 310, Daun Penh District, Phnom Penh', NULL, NULL, NULL, NULL, NULL, 'active', '2025-11-26 08:02:52', '2025-11-26 08:02:52'),
(11, 15, 5, NULL, 1, 'NKH-DT-EMP-8336', '2025-06-30', 'hourly', NULL, '12.00', '703 Monivong Blvd, Chamkarmon District, Phnom Penh', NULL, NULL, NULL, NULL, NULL, 'active', '2025-11-26 08:02:53', '2025-11-26 08:02:53'),
(12, 16, 5, NULL, 1, 'NKH-DT-EMP-6558', '2025-02-02', 'hourly', NULL, '12.00', '492 Russian Blvd, Mean Chey District, Phnom Penh', NULL, NULL, NULL, NULL, NULL, 'active', '2025-11-26 08:02:53', '2025-11-26 08:02:53'),
(13, 17, 9, NULL, 1, 'NKH-DT-EMP-9955', '2025-01-09', 'hourly', NULL, '10.00', '218 Street 51, Sen Sok District, Phnom Penh', NULL, NULL, NULL, NULL, NULL, 'active', '2025-11-26 08:02:53', '2025-11-26 08:02:53'),
(14, 18, 9, NULL, 1, 'NKH-DT-EMP-3339', '2025-01-03', 'hourly', NULL, '10.00', '320 Street 271, Mean Chey District, Phnom Penh', NULL, NULL, NULL, NULL, NULL, 'on_leave', '2025-11-26 08:02:53', '2025-11-26 08:02:53'),
(15, 19, 10, NULL, 1, 'NKH-DT-EMP-5974', '2025-04-28', 'hourly', NULL, '9.00', '418 Street 271, Daun Penh District, Phnom Penh', NULL, NULL, NULL, NULL, NULL, 'active', '2025-11-26 08:02:54', '2025-11-26 08:02:54'),
(16, 20, 10, NULL, 1, 'NKH-DT-EMP-6313', '2025-04-24', 'hourly', NULL, '9.00', '63 Street 310, Mean Chey District, Phnom Penh', NULL, NULL, NULL, NULL, NULL, 'active', '2025-11-26 08:02:54', '2025-11-26 08:02:54');

INSERT INTO `expense_categories` (`id`, `location_id`, `name`, `description`, `is_active`, `created_at`, `updated_at`) VALUES
(1, 1, 'Food Supplies', 'Ingredients, raw materials, and food products.', 1, '2025-11-26 08:03:01', '2025-11-26 08:03:01'),
(2, 1, 'Utilities', 'Electricity, water, and internet services.', 1, '2025-11-26 08:03:01', '2025-11-26 08:03:01'),
(3, 1, 'Maintenance', 'Equipment repairs and services.', 1, '2025-11-26 08:03:01', '2025-11-26 08:03:01'),
(4, 1, 'Staff Salaries', 'Monthly employee salary expenses.', 1, '2025-11-26 08:03:01', '2025-11-26 08:03:01');
INSERT INTO `expenses` (`id`, `location_id`, `expense_category_id`, `created_by`, `expense_date`, `amount`, `currency`, `vendor_name`, `reference`, `description`, `attachment_path`, `status`, `created_at`, `updated_at`) VALUES
(1, 1, 1, 1, '2025-01-05', '150.75', 'USD', 'Fresh Market Supplier', 'INV-1001', 'Weekly food ingredients purchase', NULL, 'approved', '2025-11-26 08:03:01', '2025-11-26 08:03:01'),
(2, 1, 2, 1, '2025-01-10', '320.00', 'USD', 'Electricit du Cambodge', 'BILL-2001', 'Monthly electricity bill', NULL, 'approved', '2025-11-26 08:03:01', '2025-11-26 08:03:01'),
(3, 1, 3, 1, '2025-01-14', '89.50', 'USD', 'TechFix Services', 'MT-412', 'Repairing freezer unit', NULL, 'approved', '2025-11-26 08:03:01', '2025-11-26 08:03:01');


INSERT INTO `floors` (`id`, `location_id`, `name`, `display_order`, `is_active`, `created_at`, `updated_at`) VALUES
(1, 1, 'Ground Floor', 1, 1, '2025-11-26 08:02:50', '2025-11-26 08:02:50'),
(2, 1, 'Second Floor', 2, 1, '2025-11-26 08:02:50', '2025-11-26 08:02:50'),
(3, 1, 'Terrace', 3, 1, '2025-11-26 08:02:50', '2025-11-26 08:02:50'),
(4, 1, 'VIP Floor', 4, 1, '2025-11-26 08:02:50', '2025-11-26 08:02:50');
INSERT INTO `ingredients` (`id`, `location_id`, `sku`, `name`, `unit`, `quantity_on_hand`, `reorder_level`, `reorder_quantity`, `cost`, `is_active`, `created_at`, `updated_at`, `deleted_at`) VALUES
(1, 1, 'BEEF-001', 'Premium Beef', 'kg', '25.500', '10.000', '30.000', '18.50', 1, '2025-11-26 08:02:49', '2025-11-26 08:02:49', NULL),
(2, 1, 'PORK-001', 'Fresh Pork', 'kg', '18.000', '8.000', '25.000', '12.00', 1, '2025-11-26 08:02:49', '2025-11-26 08:02:49', NULL),
(3, 1, 'CHKN-001', 'Free Range Chicken', 'kg', '22.000', '12.000', '30.000', '8.50', 1, '2025-11-26 08:02:49', '2025-11-26 08:02:49', NULL),
(4, 1, 'FISH-001', 'Fresh River Fish', 'kg', '15.500', '8.000', '20.000', '14.00', 1, '2025-11-26 08:02:49', '2025-11-26 08:02:49', NULL),
(5, 1, 'PRWN-001', 'Fresh Prawns', 'kg', '8.000', '5.000', '15.000', '22.00', 1, '2025-11-26 08:02:49', '2025-11-26 08:02:49', NULL),
(6, 1, 'TOFU-001', 'Silken Tofu', 'kg', '12.000', '6.000', '20.000', '3.50', 1, '2025-11-26 08:02:49', '2025-11-26 08:02:49', NULL),
(7, 1, 'VEG-001', 'Green Papaya', 'kg', '35.000', '15.000', '40.000', '2.50', 1, '2025-11-26 08:02:49', '2025-11-26 08:02:49', NULL),
(8, 1, 'VEG-002', 'Tomatoes', 'kg', '28.000', '12.000', '35.000', '3.00', 1, '2025-11-26 08:02:49', '2025-11-26 08:02:49', NULL),
(9, 1, 'VEG-003', 'Morning Glory', 'kg', '20.000', '10.000', '25.000', '1.80', 1, '2025-11-26 08:02:49', '2025-11-26 08:02:49', NULL),
(10, 1, 'VEG-004', 'Bean Sprouts', 'kg', '15.000', '8.000', '20.000', '2.00', 1, '2025-11-26 08:02:49', '2025-11-26 08:02:49', NULL),
(11, 1, 'VEG-005', 'Lotus Stem', 'kg', '8.500', '5.000', '12.000', '4.50', 1, '2025-11-26 08:02:49', '2025-11-26 08:02:49', NULL),
(12, 1, 'VEG-006', 'Lolot Leaves', 'kg', '5.000', '3.000', '8.000', '6.00', 1, '2025-11-26 08:02:49', '2025-11-26 08:02:49', NULL),
(13, 1, 'VEG-007', 'Banana Leaves', 'unit', '50.000', '20.000', '60.000', '0.50', 1, '2025-11-26 08:02:49', '2025-11-26 08:02:49', NULL),
(14, 1, 'HERB-001', 'Fresh Ginger', 'kg', '8.000', '4.000', '10.000', '5.50', 1, '2025-11-26 08:02:49', '2025-11-26 08:02:49', NULL),
(15, 1, 'HERB-002', 'Lemongrass', 'kg', '6.500', '3.000', '8.000', '4.00', 1, '2025-11-26 08:02:49', '2025-11-26 08:02:49', NULL),
(16, 1, 'HERB-003', 'Galangal', 'kg', '4.000', '2.000', '6.000', '7.00', 1, '2025-11-26 08:02:49', '2025-11-26 08:02:49', NULL),
(17, 1, 'HERB-004', 'Kaffir Lime Leaves', 'kg', '2.500', '1.000', '4.000', '12.00', 1, '2025-11-26 08:02:49', '2025-11-26 08:02:49', NULL),
(18, 1, 'HERB-005', 'Thai Basil', 'kg', '3.000', '1.500', '5.000', '8.00', 1, '2025-11-26 08:02:49', '2025-11-26 08:02:49', NULL),
(19, 1, 'HERB-006', 'Cilantro', 'kg', '4.500', '2.000', '6.000', '6.50', 1, '2025-11-26 08:02:49', '2025-11-26 08:02:49', NULL),
(20, 1, 'SPICE-001', 'Turmeric Powder', 'kg', '5.000', '2.000', '8.000', '15.00', 1, '2025-11-26 08:02:49', '2025-11-26 08:02:49', NULL),
(21, 1, 'SPICE-002', 'Chili Powder', 'kg', '6.000', '3.000', '10.000', '12.00', 1, '2025-11-26 08:02:49', '2025-11-26 08:02:49', NULL),
(22, 1, 'PANT-001', 'Jasmine Rice', 'kg', '150.000', '50.000', '200.000', '1.20', 1, '2025-11-26 08:02:49', '2025-11-26 08:02:49', NULL),
(23, 1, 'PANT-002', 'Rice Noodles', 'kg', '45.000', '20.000', '60.000', '2.80', 1, '2025-11-26 08:02:49', '2025-11-26 08:02:49', NULL),
(24, 1, 'PANT-003', 'Coconut Milk', 'l', '25.000', '12.000', '35.000', '3.50', 1, '2025-11-26 08:02:49', '2025-11-26 08:02:49', NULL),
(25, 1, 'PANT-004', 'Fish Sauce', 'l', '18.000', '8.000', '25.000', '4.20', 1, '2025-11-26 08:02:49', '2025-11-26 08:02:49', NULL),
(26, 1, 'PANT-005', 'Soy Sauce', 'l', '22.000', '10.000', '30.000', '3.80', 1, '2025-11-26 08:02:49', '2025-11-26 08:02:49', NULL),
(27, 1, 'PANT-006', 'Oyster Sauce', 'l', '15.000', '8.000', '20.000', '5.50', 1, '2025-11-26 08:02:49', '2025-11-26 08:02:49', NULL),
(28, 1, 'PANT-007', 'Tamarind Paste', 'kg', '8.000', '4.000', '12.000', '6.80', 1, '2025-11-26 08:02:49', '2025-11-26 08:02:49', NULL),
(29, 1, 'PANT-008', 'Palm Sugar', 'kg', '12.000', '6.000', '18.000', '4.50', 1, '2025-11-26 08:02:49', '2025-11-26 08:02:49', NULL),
(30, 1, 'FRUIT-001', 'Fresh Mangoes', 'kg', '20.000', '10.000', '30.000', '3.20', 1, '2025-11-26 08:02:49', '2025-11-26 08:02:49', NULL),
(31, 1, 'FRUIT-002', 'Oranges', 'kg', '25.000', '12.000', '35.000', '2.80', 1, '2025-11-26 08:02:49', '2025-11-26 08:02:49', NULL),
(32, 1, 'FRUIT-003', 'Watermelon', 'kg', '40.000', '20.000', '60.000', '1.50', 1, '2025-11-26 08:02:49', '2025-11-26 08:02:49', NULL),
(33, 1, 'FRUIT-004', 'Limes', 'kg', '15.000', '8.000', '20.000', '4.00', 1, '2025-11-26 08:02:49', '2025-11-26 08:02:49', NULL),
(34, 1, 'DAIRY-001', 'Fresh Eggs', 'unit', '200.000', '100.000', '300.000', '0.25', 1, '2025-11-26 08:02:49', '2025-11-26 08:02:49', NULL),
(35, 1, 'DAIRY-002', 'Condensed Milk', 'l', '20.000', '10.000', '30.000', '3.80', 1, '2025-11-26 08:02:49', '2025-11-26 08:02:49', NULL),
(36, 1, 'DAIRY-003', 'Heavy Cream', 'l', '12.000', '6.000', '18.000', '5.20', 1, '2025-11-26 08:02:49', '2025-11-26 08:02:49', NULL),
(37, 1, 'BEV-001', 'Cambodian Coffee Beans', 'kg', '15.000', '8.000', '25.000', '12.50', 1, '2025-11-26 08:02:49', '2025-11-26 08:02:49', NULL),
(38, 1, 'BEV-002', 'Jasmine Tea Leaves', 'kg', '8.000', '4.000', '12.000', '18.00', 1, '2025-11-26 08:02:49', '2025-11-26 08:02:49', NULL),
(39, 1, 'BEV-003', 'Angkor Beer', 'unit', '120.000', '50.000', '200.000', '1.20', 1, '2025-11-26 08:02:49', '2025-11-26 08:02:49', NULL),
(40, 1, 'LOW-001', 'Premium Olive Oil', 'l', '2.000', '5.000', '15.000', '25.00', 1, '2025-11-26 08:02:49', '2025-11-26 08:02:49', NULL),
(41, 1, 'LOW-002', 'Sea Salt', 'kg', '1.500', '3.000', '10.000', '8.50', 1, '2025-11-26 08:02:49', '2025-11-26 08:02:49', NULL),
(42, 1, 'OUT-001', 'Black Pepper', 'kg', '0.000', '2.000', '8.000', '35.00', 1, '2025-11-26 08:02:49', '2025-11-26 08:02:49', NULL);
INSERT INTO `inventory_transactions` (`id`, `ingredient_id`, `type`, `location_id`, `user_id`, `movement_type`, `quantity`, `unit_cost`, `value`, `sourceable_type`, `sourceable_id`, `unit`, `reference_type`, `reference_id`, `order_item_id`, `notes`, `transacted_at`, `created_by`, `created_at`, `updated_at`) VALUES
(1, 2, 'in', 1, 4, 'transfer', '90.80', NULL, NULL, NULL, NULL, 'kg', 'inventory_count', 22, NULL, NULL, '2025-10-27 19:03:00', NULL, '2025-10-27 19:03:00', '2025-10-27 19:03:00'),
(2, 22, 'in', 1, 3, 'adjustment', '42.50', NULL, NULL, NULL, NULL, 'kg', 'order', 6, NULL, 'Regular stock replenishment', '2025-10-27 20:00:00', NULL, '2025-10-27 20:00:00', '2025-10-27 20:00:00'),
(3, 28, 'in', 1, 4, 'transfer', '68.80', NULL, NULL, NULL, NULL, 'kg', 'purchase_order', 34, NULL, NULL, '2025-10-27 16:03:00', NULL, '2025-10-27 16:03:00', '2025-10-27 16:03:00'),
(4, 12, 'in', 1, 3, 'usage', '12.90', NULL, NULL, NULL, NULL, 'kg', 'waste_record', 24, NULL, 'Transfer between locations', '2025-10-27 14:01:00', NULL, '2025-10-27 14:01:00', '2025-10-27 14:01:00'),
(5, 38, 'in', 1, 4, 'adjustment', '73.80', NULL, NULL, NULL, NULL, 'kg', 'order', 30, NULL, 'Emergency order', '2025-10-27 21:00:00', NULL, '2025-10-27 21:00:00', '2025-10-27 21:00:00'),
(6, 16, 'in', 1, 3, 'transfer', '57.60', NULL, NULL, NULL, NULL, 'kg', 'purchase_order', 79, NULL, NULL, '2025-10-27 18:01:00', NULL, '2025-10-27 18:01:00', '2025-10-27 18:01:00'),
(7, 36, 'in', 1, 3, 'usage', '70.70', NULL, NULL, NULL, NULL, 'l', 'waste_record', 96, NULL, 'Emergency order', '2025-10-28 11:00:00', NULL, '2025-10-28 11:00:00', '2025-10-28 11:00:00'),
(8, 18, 'in', 1, 4, 'purchase', '42.70', NULL, NULL, NULL, NULL, 'kg', 'waste_record', 9, NULL, NULL, '2025-10-28 09:03:00', NULL, '2025-10-28 09:03:00', '2025-10-28 09:03:00'),
(9, 7, 'in', 1, 4, 'transfer', '13.40', NULL, NULL, NULL, NULL, 'kg', 'waste_record', 20, NULL, NULL, '2025-10-28 14:00:00', NULL, '2025-10-28 14:00:00', '2025-10-28 14:00:00'),
(10, 38, 'in', 1, 3, 'usage', '39.80', NULL, NULL, NULL, NULL, 'kg', 'stock_transfer', 52, NULL, 'Transfer between locations', '2025-10-28 10:03:00', NULL, '2025-10-28 10:03:00', '2025-10-28 10:03:00'),
(11, 25, 'in', 1, 3, 'waste', '15.90', NULL, NULL, NULL, NULL, 'l', 'purchase_order', 31, NULL, 'Damaged goods disposal', '2025-10-28 15:00:00', NULL, '2025-10-28 15:00:00', '2025-10-28 15:00:00'),
(12, 25, 'in', 1, 4, 'transfer', '10.10', NULL, NULL, NULL, NULL, 'l', 'order', 23, NULL, 'Regular stock replenishment', '2025-10-29 19:03:00', NULL, '2025-10-29 19:03:00', '2025-10-29 19:03:00'),
(13, 10, 'in', 1, 4, 'purchase', '2.90', NULL, NULL, NULL, NULL, 'kg', 'stock_transfer', 20, NULL, NULL, '2025-10-29 14:00:00', NULL, '2025-10-29 14:00:00', '2025-10-29 14:00:00'),
(14, 31, 'in', 1, 4, 'usage', '6.60', NULL, NULL, NULL, NULL, 'kg', 'order', 80, NULL, 'Damaged goods disposal', '2025-10-29 13:01:00', NULL, '2025-10-29 13:01:00', '2025-10-29 13:01:00'),
(15, 16, 'in', 1, 4, 'usage', '73.30', NULL, NULL, NULL, NULL, 'kg', 'stock_transfer', 13, NULL, 'Damaged goods disposal', '2025-10-29 07:00:00', NULL, '2025-10-29 07:00:00', '2025-10-29 07:00:00'),
(16, 27, 'in', 1, 3, 'usage', '2.90', NULL, NULL, NULL, NULL, 'l', 'order', 41, NULL, 'Transfer between locations', '2025-10-29 09:02:00', NULL, '2025-10-29 09:02:00', '2025-10-29 09:02:00'),
(17, 9, 'in', 1, 4, 'waste', '81.30', NULL, NULL, NULL, NULL, 'kg', 'order', 85, NULL, 'Regular stock replenishment', '2025-10-30 10:02:00', NULL, '2025-10-30 10:02:00', '2025-10-30 10:02:00'),
(18, 38, 'in', 1, 3, 'purchase', '38.20', NULL, NULL, NULL, NULL, 'kg', 'order', 32, NULL, 'Regular stock replenishment', '2025-10-30 14:00:00', NULL, '2025-10-30 14:00:00', '2025-10-30 14:00:00'),
(19, 31, 'in', 1, 3, 'usage', '4.50', NULL, NULL, NULL, NULL, 'kg', 'order', 59, NULL, 'Damaged goods disposal', '2025-10-30 08:02:00', NULL, '2025-10-30 08:02:00', '2025-10-30 08:02:00'),
(20, 38, 'in', 1, 4, 'adjustment', '59.90', NULL, NULL, NULL, NULL, 'kg', 'waste_record', 99, NULL, 'Damaged goods disposal', '2025-10-30 11:03:00', NULL, '2025-10-30 11:03:00', '2025-10-30 11:03:00'),
(21, 39, 'in', 1, 3, 'usage', '75.60', NULL, NULL, NULL, NULL, 'unit', 'waste_record', 36, NULL, 'Regular stock replenishment', '2025-10-30 07:00:00', NULL, '2025-10-30 07:00:00', '2025-10-30 07:00:00'),
(22, 33, 'in', 1, 4, 'adjustment', '26.90', NULL, NULL, NULL, NULL, 'kg', 'order', 76, NULL, 'Regular stock replenishment', '2025-10-30 16:02:00', NULL, '2025-10-30 16:02:00', '2025-10-30 16:02:00'),
(23, 31, 'in', 1, 4, 'transfer', '89.20', NULL, NULL, NULL, NULL, 'kg', 'order', 72, NULL, 'Stock correction after count', '2025-10-30 06:03:00', NULL, '2025-10-30 06:03:00', '2025-10-30 06:03:00'),
(24, 14, 'in', 1, 3, 'transfer', '10.60', NULL, NULL, NULL, NULL, 'kg', 'purchase_order', 57, NULL, 'Stock correction after count', '2025-10-31 22:02:00', NULL, '2025-10-31 22:02:00', '2025-10-31 22:02:00'),
(25, 1, 'in', 1, 3, 'adjustment', '64.50', NULL, NULL, NULL, NULL, 'kg', 'inventory_count', 32, NULL, NULL, '2025-10-31 09:01:00', NULL, '2025-10-31 09:01:00', '2025-10-31 09:01:00'),
(26, 20, 'in', 1, 4, 'usage', '72.20', NULL, NULL, NULL, NULL, 'kg', 'waste_record', 75, NULL, 'Stock correction after count', '2025-10-31 06:01:00', NULL, '2025-10-31 06:01:00', '2025-10-31 06:01:00'),
(27, 33, 'in', 1, 4, 'waste', '16.20', NULL, NULL, NULL, NULL, 'kg', 'order', 53, NULL, 'Damaged goods disposal', '2025-10-31 20:00:00', NULL, '2025-10-31 20:00:00', '2025-10-31 20:00:00'),
(28, 33, 'in', 1, 3, 'usage', '37.30', NULL, NULL, NULL, NULL, 'kg', 'stock_transfer', 100, NULL, NULL, '2025-10-31 10:00:00', NULL, '2025-10-31 10:00:00', '2025-10-31 10:00:00'),
(29, 42, 'in', 1, 3, 'purchase', '61.50', NULL, NULL, NULL, NULL, 'kg', 'stock_transfer', 69, NULL, 'Emergency order', '2025-10-31 15:00:00', NULL, '2025-10-31 15:00:00', '2025-10-31 15:00:00'),
(30, 15, 'in', 1, 3, 'adjustment', '45.40', NULL, NULL, NULL, NULL, 'kg', 'order', 99, NULL, 'Damaged goods disposal', '2025-11-01 07:03:00', NULL, '2025-11-01 07:03:00', '2025-11-01 07:03:00'),
(31, 24, 'in', 1, 3, 'adjustment', '80.50', NULL, NULL, NULL, NULL, 'l', 'purchase_order', 37, NULL, 'Transfer between locations', '2025-11-01 09:00:00', NULL, '2025-11-01 09:00:00', '2025-11-01 09:00:00'),
(32, 11, 'in', 1, 3, 'transfer', '81.00', NULL, NULL, NULL, NULL, 'kg', 'waste_record', 1, NULL, 'Transfer between locations', '2025-11-01 08:01:00', NULL, '2025-11-01 08:01:00', '2025-11-01 08:01:00'),
(33, 10, 'in', 1, 3, 'waste', '12.60', NULL, NULL, NULL, NULL, 'kg', 'stock_transfer', 45, NULL, NULL, '2025-11-01 18:01:00', NULL, '2025-11-01 18:01:00', '2025-11-01 18:01:00'),
(34, 8, 'in', 1, 3, 'transfer', '42.10', NULL, NULL, NULL, NULL, 'kg', 'purchase_order', 10, NULL, NULL, '2025-11-01 11:02:00', NULL, '2025-11-01 11:02:00', '2025-11-01 11:02:00'),
(35, 38, 'in', 1, 4, 'adjustment', '46.00', NULL, NULL, NULL, NULL, 'kg', 'waste_record', 83, NULL, NULL, '2025-11-01 15:03:00', NULL, '2025-11-01 15:03:00', '2025-11-01 15:03:00'),
(36, 36, 'in', 1, 4, 'usage', '82.80', NULL, NULL, NULL, NULL, 'l', 'inventory_count', 15, NULL, NULL, '2025-11-01 21:03:00', NULL, '2025-11-01 21:03:00', '2025-11-01 21:03:00'),
(37, 3, 'in', 1, 3, 'usage', '87.10', NULL, NULL, NULL, NULL, 'kg', 'order', 95, NULL, 'Emergency order', '2025-11-01 18:01:00', NULL, '2025-11-01 18:01:00', '2025-11-01 18:01:00'),
(38, 34, 'in', 1, 3, 'adjustment', '5.80', NULL, NULL, NULL, NULL, 'unit', 'purchase_order', 65, NULL, NULL, '2025-11-02 20:01:00', NULL, '2025-11-02 20:01:00', '2025-11-02 20:01:00'),
(39, 25, 'in', 1, 3, 'waste', '61.40', NULL, NULL, NULL, NULL, 'l', 'stock_transfer', 78, NULL, NULL, '2025-11-02 21:02:00', NULL, '2025-11-02 21:02:00', '2025-11-02 21:02:00'),
(40, 37, 'in', 1, 4, 'transfer', '1.30', NULL, NULL, NULL, NULL, 'kg', 'purchase_order', 93, NULL, NULL, '2025-11-02 14:03:00', NULL, '2025-11-02 14:03:00', '2025-11-02 14:03:00'),
(41, 1, 'in', 1, 4, 'waste', '29.80', NULL, NULL, NULL, NULL, 'kg', 'order', 73, NULL, 'Transfer between locations', '2025-11-02 09:02:00', NULL, '2025-11-02 09:02:00', '2025-11-02 09:02:00'),
(42, 38, 'in', 1, 4, 'waste', '0.50', NULL, NULL, NULL, NULL, 'kg', 'order', 36, NULL, 'Transfer between locations', '2025-11-02 20:00:00', NULL, '2025-11-02 20:00:00', '2025-11-02 20:00:00'),
(43, 14, 'in', 1, 3, 'waste', '53.10', NULL, NULL, NULL, NULL, 'kg', 'purchase_order', 82, NULL, 'Stock correction after count', '2025-11-02 14:00:00', NULL, '2025-11-02 14:00:00', '2025-11-02 14:00:00'),
(44, 29, 'in', 1, 3, 'waste', '0.90', NULL, NULL, NULL, NULL, 'kg', 'inventory_count', 58, NULL, 'Stock correction after count', '2025-11-03 18:01:00', NULL, '2025-11-03 18:01:00', '2025-11-03 18:01:00'),
(45, 37, 'in', 1, 4, 'transfer', '72.40', NULL, NULL, NULL, NULL, 'kg', 'inventory_count', 72, NULL, NULL, '2025-11-03 21:03:00', NULL, '2025-11-03 21:03:00', '2025-11-03 21:03:00'),
(46, 32, 'in', 1, 4, 'waste', '2.90', NULL, NULL, NULL, NULL, 'kg', 'inventory_count', 15, NULL, 'Transfer between locations', '2025-11-03 16:03:00', NULL, '2025-11-03 16:03:00', '2025-11-03 16:03:00'),
(47, 15, 'in', 1, 4, 'adjustment', '10.90', NULL, NULL, NULL, NULL, 'kg', 'waste_record', 18, NULL, NULL, '2025-11-03 21:03:00', NULL, '2025-11-03 21:03:00', '2025-11-03 21:03:00'),
(48, 37, 'in', 1, 3, 'waste', '33.70', NULL, NULL, NULL, NULL, 'kg', 'waste_record', 71, NULL, 'Regular stock replenishment', '2025-11-03 09:01:00', NULL, '2025-11-03 09:01:00', '2025-11-03 09:01:00'),
(49, 20, 'in', 1, 3, 'waste', '96.40', NULL, NULL, NULL, NULL, 'kg', 'stock_transfer', 64, NULL, NULL, '2025-11-03 19:00:00', NULL, '2025-11-03 19:00:00', '2025-11-03 19:00:00'),
(50, 40, 'in', 1, 3, 'usage', '78.10', NULL, NULL, NULL, NULL, 'l', 'inventory_count', 44, NULL, NULL, '2025-11-03 19:03:00', NULL, '2025-11-03 19:03:00', '2025-11-03 19:03:00'),
(51, 26, 'in', 1, 4, 'adjustment', '28.30', NULL, NULL, NULL, NULL, 'l', 'inventory_count', 99, NULL, NULL, '2025-11-03 15:02:00', NULL, '2025-11-03 15:02:00', '2025-11-03 15:02:00'),
(52, 32, 'in', 1, 4, 'usage', '98.10', NULL, NULL, NULL, NULL, 'kg', 'order', 92, NULL, NULL, '2025-11-04 20:02:00', NULL, '2025-11-04 20:02:00', '2025-11-04 20:02:00'),
(53, 12, 'in', 1, 3, 'adjustment', '68.40', NULL, NULL, NULL, NULL, 'kg', 'purchase_order', 85, NULL, NULL, '2025-11-04 18:01:00', NULL, '2025-11-04 18:01:00', '2025-11-04 18:01:00'),
(54, 13, 'in', 1, 3, 'adjustment', '64.30', NULL, NULL, NULL, NULL, 'unit', 'waste_record', 81, NULL, 'Emergency order', '2025-11-04 15:00:00', NULL, '2025-11-04 15:00:00', '2025-11-04 15:00:00'),
(55, 1, 'in', 1, 4, 'purchase', '88.00', NULL, NULL, NULL, NULL, 'kg', 'purchase_order', 44, NULL, NULL, '2025-11-04 13:02:00', NULL, '2025-11-04 13:02:00', '2025-11-04 13:02:00'),
(56, 15, 'in', 1, 3, 'waste', '54.50', NULL, NULL, NULL, NULL, 'kg', 'order', 68, NULL, 'Damaged goods disposal', '2025-11-04 17:00:00', NULL, '2025-11-04 17:00:00', '2025-11-04 17:00:00'),
(57, 1, 'in', 1, 3, 'purchase', '38.40', NULL, NULL, NULL, NULL, 'kg', 'stock_transfer', 3, NULL, NULL, '2025-11-04 18:00:00', NULL, '2025-11-04 18:00:00', '2025-11-04 18:00:00'),
(58, 41, 'in', 1, 3, 'purchase', '51.20', NULL, NULL, NULL, NULL, 'kg', 'waste_record', 18, NULL, 'Damaged goods disposal', '2025-11-05 14:01:00', NULL, '2025-11-05 14:01:00', '2025-11-05 14:01:00'),
(59, 24, 'in', 1, 4, 'usage', '18.80', NULL, NULL, NULL, NULL, 'l', 'waste_record', 100, NULL, 'Regular stock replenishment', '2025-11-05 10:00:00', NULL, '2025-11-05 10:00:00', '2025-11-05 10:00:00'),
(60, 1, 'in', 1, 3, 'purchase', '30.80', NULL, NULL, NULL, NULL, 'kg', 'inventory_count', 54, NULL, 'Stock correction after count', '2025-11-05 14:01:00', NULL, '2025-11-05 14:01:00', '2025-11-05 14:01:00'),
(61, 24, 'in', 1, 3, 'usage', '7.90', NULL, NULL, NULL, NULL, 'l', 'order', 44, NULL, 'Transfer between locations', '2025-11-05 13:03:00', NULL, '2025-11-05 13:03:00', '2025-11-05 13:03:00'),
(62, 5, 'in', 1, 4, 'waste', '39.20', NULL, NULL, NULL, NULL, 'kg', 'order', 57, NULL, NULL, '2025-11-05 16:00:00', NULL, '2025-11-05 16:00:00', '2025-11-05 16:00:00'),
(63, 7, 'in', 1, 4, 'usage', '35.00', NULL, NULL, NULL, NULL, 'kg', 'purchase_order', 63, NULL, NULL, '2025-11-06 09:02:00', NULL, '2025-11-06 09:02:00', '2025-11-06 09:02:00'),
(64, 35, 'in', 1, 4, 'transfer', '36.80', NULL, NULL, NULL, NULL, 'l', 'waste_record', 90, NULL, NULL, '2025-11-06 11:03:00', NULL, '2025-11-06 11:03:00', '2025-11-06 11:03:00'),
(65, 33, 'in', 1, 4, 'adjustment', '84.00', NULL, NULL, NULL, NULL, 'kg', 'stock_transfer', 75, NULL, NULL, '2025-11-06 22:01:00', NULL, '2025-11-06 22:01:00', '2025-11-06 22:01:00'),
(66, 14, 'in', 1, 3, 'waste', '75.90', NULL, NULL, NULL, NULL, 'kg', 'waste_record', 35, NULL, 'Transfer between locations', '2025-11-06 13:00:00', NULL, '2025-11-06 13:00:00', '2025-11-06 13:00:00'),
(67, 21, 'in', 1, 4, 'purchase', '15.20', NULL, NULL, NULL, NULL, 'kg', 'waste_record', 27, NULL, NULL, '2025-11-06 21:02:00', NULL, '2025-11-06 21:02:00', '2025-11-06 21:02:00'),
(68, 5, 'in', 1, 4, 'adjustment', '76.80', NULL, NULL, NULL, NULL, 'kg', 'inventory_count', 55, NULL, 'Stock correction after count', '2025-11-06 06:01:00', NULL, '2025-11-06 06:01:00', '2025-11-06 06:01:00'),
(69, 37, 'in', 1, 4, 'waste', '66.10', NULL, NULL, NULL, NULL, 'kg', 'purchase_order', 85, NULL, NULL, '2025-11-07 17:02:00', NULL, '2025-11-07 17:02:00', '2025-11-07 17:02:00'),
(70, 38, 'in', 1, 3, 'usage', '9.50', NULL, NULL, NULL, NULL, 'kg', 'order', 34, NULL, NULL, '2025-11-07 16:00:00', NULL, '2025-11-07 16:00:00', '2025-11-07 16:00:00'),
(71, 39, 'in', 1, 3, 'transfer', '25.40', NULL, NULL, NULL, NULL, 'unit', 'purchase_order', 57, NULL, 'Stock correction after count', '2025-11-07 17:03:00', NULL, '2025-11-07 17:03:00', '2025-11-07 17:03:00'),
(72, 7, 'in', 1, 3, 'adjustment', '30.60', NULL, NULL, NULL, NULL, 'kg', 'order', 13, NULL, NULL, '2025-11-07 08:02:00', NULL, '2025-11-07 08:02:00', '2025-11-07 08:02:00'),
(73, 15, 'in', 1, 3, 'purchase', '9.10', NULL, NULL, NULL, NULL, 'kg', 'waste_record', 23, NULL, NULL, '2025-11-07 12:02:00', NULL, '2025-11-07 12:02:00', '2025-11-07 12:02:00'),
(74, 7, 'in', 1, 4, 'transfer', '53.70', NULL, NULL, NULL, NULL, 'kg', 'waste_record', 7, NULL, NULL, '2025-11-08 17:03:00', NULL, '2025-11-08 17:03:00', '2025-11-08 17:03:00'),
(75, 38, 'in', 1, 4, 'purchase', '68.60', NULL, NULL, NULL, NULL, 'kg', 'stock_transfer', 55, NULL, 'Regular stock replenishment', '2025-11-08 14:00:00', NULL, '2025-11-08 14:00:00', '2025-11-08 14:00:00'),
(76, 1, 'in', 1, 3, 'usage', '93.90', NULL, NULL, NULL, NULL, 'kg', 'order', 21, NULL, NULL, '2025-11-08 15:02:00', NULL, '2025-11-08 15:02:00', '2025-11-08 15:02:00'),
(77, 9, 'in', 1, 4, 'transfer', '72.60', NULL, NULL, NULL, NULL, 'kg', 'stock_transfer', 8, NULL, 'Stock correction after count', '2025-11-08 22:03:00', NULL, '2025-11-08 22:03:00', '2025-11-08 22:03:00'),
(78, 20, 'in', 1, 3, 'adjustment', '40.90', NULL, NULL, NULL, NULL, 'kg', 'order', 32, NULL, NULL, '2025-11-08 15:00:00', NULL, '2025-11-08 15:00:00', '2025-11-08 15:00:00'),
(79, 23, 'in', 1, 3, 'waste', '78.80', NULL, NULL, NULL, NULL, 'kg', 'stock_transfer', 49, NULL, NULL, '2025-11-08 12:00:00', NULL, '2025-11-08 12:00:00', '2025-11-08 12:00:00'),
(80, 7, 'in', 1, 3, 'usage', '81.30', NULL, NULL, NULL, NULL, 'kg', 'stock_transfer', 49, NULL, NULL, '2025-11-08 12:03:00', NULL, '2025-11-08 12:03:00', '2025-11-08 12:03:00'),
(81, 29, 'in', 1, 3, 'purchase', '51.10', NULL, NULL, NULL, NULL, 'kg', 'order', 55, NULL, 'Stock correction after count', '2025-11-09 18:00:00', NULL, '2025-11-09 18:00:00', '2025-11-09 18:00:00'),
(82, 21, 'in', 1, 3, 'transfer', '59.60', NULL, NULL, NULL, NULL, 'kg', 'inventory_count', 10, NULL, 'Regular stock replenishment', '2025-11-09 11:03:00', NULL, '2025-11-09 11:03:00', '2025-11-09 11:03:00'),
(83, 40, 'in', 1, 3, 'adjustment', '1.60', NULL, NULL, NULL, NULL, 'l', 'order', 59, NULL, 'Damaged goods disposal', '2025-11-09 19:00:00', NULL, '2025-11-09 19:00:00', '2025-11-09 19:00:00'),
(84, 28, 'in', 1, 4, 'usage', '5.20', NULL, NULL, NULL, NULL, 'kg', 'stock_transfer', 70, NULL, 'Transfer between locations', '2025-11-09 14:03:00', NULL, '2025-11-09 14:03:00', '2025-11-09 14:03:00'),
(85, 28, 'in', 1, 4, 'purchase', '72.00', NULL, NULL, NULL, NULL, 'kg', 'order', 88, NULL, 'Emergency order', '2025-11-09 10:00:00', NULL, '2025-11-09 10:00:00', '2025-11-09 10:00:00'),
(86, 31, 'in', 1, 3, 'waste', '43.50', NULL, NULL, NULL, NULL, 'kg', 'waste_record', 41, NULL, NULL, '2025-11-09 21:01:00', NULL, '2025-11-09 21:01:00', '2025-11-09 21:01:00'),
(87, 13, 'in', 1, 3, 'purchase', '32.40', NULL, NULL, NULL, NULL, 'unit', 'waste_record', 4, NULL, 'Transfer between locations', '2025-11-10 15:03:00', NULL, '2025-11-10 15:03:00', '2025-11-10 15:03:00'),
(88, 26, 'in', 1, 4, 'usage', '26.00', NULL, NULL, NULL, NULL, 'l', 'order', 10, NULL, 'Transfer between locations', '2025-11-10 13:03:00', NULL, '2025-11-10 13:03:00', '2025-11-10 13:03:00'),
(89, 12, 'in', 1, 3, 'purchase', '58.30', NULL, NULL, NULL, NULL, 'kg', 'waste_record', 90, NULL, NULL, '2025-11-10 19:01:00', NULL, '2025-11-10 19:01:00', '2025-11-10 19:01:00'),
(90, 19, 'in', 1, 3, 'adjustment', '13.50', NULL, NULL, NULL, NULL, 'kg', 'stock_transfer', 29, NULL, 'Regular stock replenishment', '2025-11-10 22:01:00', NULL, '2025-11-10 22:01:00', '2025-11-10 22:01:00'),
(91, 28, 'in', 1, 4, 'purchase', '88.60', NULL, NULL, NULL, NULL, 'kg', 'inventory_count', 85, NULL, 'Regular stock replenishment', '2025-11-10 20:01:00', NULL, '2025-11-10 20:01:00', '2025-11-10 20:01:00'),
(92, 13, 'in', 1, 4, 'purchase', '46.00', NULL, NULL, NULL, NULL, 'unit', 'waste_record', 86, NULL, NULL, '2025-11-10 19:00:00', NULL, '2025-11-10 19:00:00', '2025-11-10 19:00:00'),
(93, 22, 'in', 1, 4, 'waste', '61.10', NULL, NULL, NULL, NULL, 'kg', 'stock_transfer', 93, NULL, NULL, '2025-11-10 10:03:00', NULL, '2025-11-10 10:03:00', '2025-11-10 10:03:00'),
(94, 7, 'in', 1, 3, 'adjustment', '19.30', NULL, NULL, NULL, NULL, 'kg', 'inventory_count', 100, NULL, 'Regular stock replenishment', '2025-11-10 15:01:00', NULL, '2025-11-10 15:01:00', '2025-11-10 15:01:00'),
(95, 6, 'in', 1, 4, 'purchase', '51.40', NULL, NULL, NULL, NULL, 'kg', 'waste_record', 84, NULL, 'Regular stock replenishment', '2025-11-10 07:01:00', NULL, '2025-11-10 07:01:00', '2025-11-10 07:01:00'),
(96, 16, 'in', 1, 3, 'usage', '89.20', NULL, NULL, NULL, NULL, 'kg', 'waste_record', 49, NULL, 'Damaged goods disposal', '2025-11-11 20:02:00', NULL, '2025-11-11 20:02:00', '2025-11-11 20:02:00'),
(97, 12, 'in', 1, 3, 'purchase', '92.60', NULL, NULL, NULL, NULL, 'kg', 'stock_transfer', 90, NULL, 'Regular stock replenishment', '2025-11-11 22:03:00', NULL, '2025-11-11 22:03:00', '2025-11-11 22:03:00'),
(98, 13, 'in', 1, 4, 'transfer', '1.30', NULL, NULL, NULL, NULL, 'unit', 'stock_transfer', 2, NULL, 'Transfer between locations', '2025-11-11 15:03:00', NULL, '2025-11-11 15:03:00', '2025-11-11 15:03:00'),
(99, 40, 'in', 1, 3, 'adjustment', '99.50', NULL, NULL, NULL, NULL, 'l', 'stock_transfer', 54, NULL, 'Stock correction after count', '2025-11-11 14:00:00', NULL, '2025-11-11 14:00:00', '2025-11-11 14:00:00'),
(100, 29, 'in', 1, 3, 'transfer', '46.30', NULL, NULL, NULL, NULL, 'kg', 'order', 63, NULL, 'Regular stock replenishment', '2025-11-11 06:03:00', NULL, '2025-11-11 06:03:00', '2025-11-11 06:03:00'),
(101, 27, 'in', 1, 3, 'transfer', '18.60', NULL, NULL, NULL, NULL, 'l', 'waste_record', 78, NULL, 'Stock correction after count', '2025-11-12 17:00:00', NULL, '2025-11-12 17:00:00', '2025-11-12 17:00:00'),
(102, 29, 'in', 1, 3, 'usage', '53.50', NULL, NULL, NULL, NULL, 'kg', 'inventory_count', 45, NULL, 'Stock correction after count', '2025-11-12 19:02:00', NULL, '2025-11-12 19:02:00', '2025-11-12 19:02:00'),
(103, 17, 'in', 1, 3, 'purchase', '2.90', NULL, NULL, NULL, NULL, 'kg', 'inventory_count', 54, NULL, 'Damaged goods disposal', '2025-11-12 18:02:00', NULL, '2025-11-12 18:02:00', '2025-11-12 18:02:00'),
(104, 21, 'in', 1, 3, 'adjustment', '50.30', NULL, NULL, NULL, NULL, 'kg', 'stock_transfer', 35, NULL, 'Emergency order', '2025-11-12 12:01:00', NULL, '2025-11-12 12:01:00', '2025-11-12 12:01:00'),
(105, 9, 'in', 1, 3, 'waste', '96.30', NULL, NULL, NULL, NULL, 'kg', 'order', 87, NULL, 'Stock correction after count', '2025-11-12 17:03:00', NULL, '2025-11-12 17:03:00', '2025-11-12 17:03:00'),
(106, 27, 'in', 1, 3, 'purchase', '97.90', NULL, NULL, NULL, NULL, 'l', 'inventory_count', 34, NULL, 'Stock correction after count', '2025-11-12 12:00:00', NULL, '2025-11-12 12:00:00', '2025-11-12 12:00:00'),
(107, 41, 'in', 1, 3, 'usage', '74.30', NULL, NULL, NULL, NULL, 'kg', 'stock_transfer', 89, NULL, NULL, '2025-11-12 09:01:00', NULL, '2025-11-12 09:01:00', '2025-11-12 09:01:00'),
(108, 12, 'in', 1, 4, 'waste', '58.50', NULL, NULL, NULL, NULL, 'kg', 'purchase_order', 8, NULL, NULL, '2025-11-12 15:01:00', NULL, '2025-11-12 15:01:00', '2025-11-12 15:01:00'),
(109, 17, 'in', 1, 3, 'waste', '35.00', NULL, NULL, NULL, NULL, 'kg', 'order', 1, NULL, NULL, '2025-11-13 07:00:00', NULL, '2025-11-13 07:00:00', '2025-11-13 07:00:00'),
(110, 10, 'in', 1, 3, 'usage', '32.30', NULL, NULL, NULL, NULL, 'kg', 'order', 78, NULL, 'Damaged goods disposal', '2025-11-13 13:01:00', NULL, '2025-11-13 13:01:00', '2025-11-13 13:01:00'),
(111, 24, 'in', 1, 3, 'waste', '0.30', NULL, NULL, NULL, NULL, 'l', 'waste_record', 25, NULL, NULL, '2025-11-13 17:03:00', NULL, '2025-11-13 17:03:00', '2025-11-13 17:03:00'),
(112, 38, 'in', 1, 3, 'adjustment', '1.00', NULL, NULL, NULL, NULL, 'kg', 'stock_transfer', 93, NULL, 'Regular stock replenishment', '2025-11-13 14:00:00', NULL, '2025-11-13 14:00:00', '2025-11-13 14:00:00'),
(113, 16, 'in', 1, 3, 'waste', '45.30', NULL, NULL, NULL, NULL, 'kg', 'purchase_order', 7, NULL, NULL, '2025-11-13 12:02:00', NULL, '2025-11-13 12:02:00', '2025-11-13 12:02:00'),
(114, 27, 'in', 1, 4, 'purchase', '2.00', NULL, NULL, NULL, NULL, 'l', 'order', 17, NULL, 'Damaged goods disposal', '2025-11-13 16:03:00', NULL, '2025-11-13 16:03:00', '2025-11-13 16:03:00'),
(115, 25, 'in', 1, 3, 'purchase', '36.40', NULL, NULL, NULL, NULL, 'l', 'waste_record', 36, NULL, NULL, '2025-11-13 18:00:00', NULL, '2025-11-13 18:00:00', '2025-11-13 18:00:00'),
(116, 16, 'in', 1, 4, 'usage', '63.30', NULL, NULL, NULL, NULL, 'kg', 'inventory_count', 41, NULL, NULL, '2025-11-13 10:00:00', NULL, '2025-11-13 10:00:00', '2025-11-13 10:00:00'),
(117, 33, 'in', 1, 4, 'adjustment', '74.20', NULL, NULL, NULL, NULL, 'kg', 'stock_transfer', 41, NULL, 'Damaged goods disposal', '2025-11-13 08:01:00', NULL, '2025-11-13 08:01:00', '2025-11-13 08:01:00'),
(118, 13, 'in', 1, 4, 'transfer', '22.50', NULL, NULL, NULL, NULL, 'unit', 'purchase_order', 28, NULL, NULL, '2025-11-14 13:01:00', NULL, '2025-11-14 13:01:00', '2025-11-14 13:01:00'),
(119, 25, 'in', 1, 3, 'purchase', '3.80', NULL, NULL, NULL, NULL, 'l', 'stock_transfer', 68, NULL, 'Transfer between locations', '2025-11-14 19:01:00', NULL, '2025-11-14 19:01:00', '2025-11-14 19:01:00'),
(120, 38, 'in', 1, 4, 'adjustment', '46.60', NULL, NULL, NULL, NULL, 'kg', 'stock_transfer', 67, NULL, 'Emergency order', '2025-11-14 17:00:00', NULL, '2025-11-14 17:00:00', '2025-11-14 17:00:00'),
(121, 14, 'in', 1, 3, 'usage', '21.50', NULL, NULL, NULL, NULL, 'kg', 'inventory_count', 81, NULL, 'Transfer between locations', '2025-11-14 06:01:00', NULL, '2025-11-14 06:01:00', '2025-11-14 06:01:00'),
(122, 30, 'in', 1, 4, 'usage', '47.90', NULL, NULL, NULL, NULL, 'kg', 'inventory_count', 6, NULL, 'Emergency order', '2025-11-14 13:01:00', NULL, '2025-11-14 13:01:00', '2025-11-14 13:01:00'),
(123, 37, 'in', 1, 3, 'transfer', '87.60', NULL, NULL, NULL, NULL, 'kg', 'order', 81, NULL, NULL, '2025-11-14 07:02:00', NULL, '2025-11-14 07:02:00', '2025-11-14 07:02:00'),
(124, 34, 'in', 1, 3, 'transfer', '54.10', NULL, NULL, NULL, NULL, 'unit', 'stock_transfer', 6, NULL, 'Damaged goods disposal', '2025-11-14 15:02:00', NULL, '2025-11-14 15:02:00', '2025-11-14 15:02:00'),
(125, 27, 'in', 1, 4, 'purchase', '70.50', NULL, NULL, NULL, NULL, 'l', 'order', 4, NULL, 'Stock correction after count', '2025-11-15 17:00:00', NULL, '2025-11-15 17:00:00', '2025-11-15 17:00:00'),
(126, 20, 'in', 1, 4, 'usage', '5.50', NULL, NULL, NULL, NULL, 'kg', 'waste_record', 13, NULL, 'Regular stock replenishment', '2025-11-15 21:03:00', NULL, '2025-11-15 21:03:00', '2025-11-15 21:03:00'),
(127, 19, 'in', 1, 4, 'waste', '30.70', NULL, NULL, NULL, NULL, 'kg', 'inventory_count', 89, NULL, 'Emergency order', '2025-11-15 18:01:00', NULL, '2025-11-15 18:01:00', '2025-11-15 18:01:00'),
(128, 15, 'in', 1, 4, 'adjustment', '26.00', NULL, NULL, NULL, NULL, 'kg', 'inventory_count', 90, NULL, 'Transfer between locations', '2025-11-15 16:03:00', NULL, '2025-11-15 16:03:00', '2025-11-15 16:03:00'),
(129, 40, 'in', 1, 3, 'purchase', '83.60', NULL, NULL, NULL, NULL, 'l', 'waste_record', 77, NULL, 'Emergency order', '2025-11-15 21:00:00', NULL, '2025-11-15 21:00:00', '2025-11-15 21:00:00'),
(130, 36, 'in', 1, 3, 'transfer', '12.00', NULL, NULL, NULL, NULL, 'l', 'purchase_order', 17, NULL, NULL, '2025-11-15 12:03:00', NULL, '2025-11-15 12:03:00', '2025-11-15 12:03:00'),
(131, 7, 'in', 1, 3, 'transfer', '0.10', NULL, NULL, NULL, NULL, 'kg', 'inventory_count', 26, NULL, NULL, '2025-11-15 22:02:00', NULL, '2025-11-15 22:02:00', '2025-11-15 22:02:00'),
(132, 8, 'in', 1, 3, 'usage', '36.80', NULL, NULL, NULL, NULL, 'kg', 'stock_transfer', 17, NULL, 'Regular stock replenishment', '2025-11-15 09:02:00', NULL, '2025-11-15 09:02:00', '2025-11-15 09:02:00'),
(133, 14, 'in', 1, 4, 'purchase', '84.40', NULL, NULL, NULL, NULL, 'kg', 'inventory_count', 78, NULL, 'Damaged goods disposal', '2025-11-15 08:00:00', NULL, '2025-11-15 08:00:00', '2025-11-15 08:00:00'),
(134, 5, 'in', 1, 3, 'waste', '41.00', NULL, NULL, NULL, NULL, 'kg', 'inventory_count', 21, NULL, 'Emergency order', '2025-11-15 17:00:00', NULL, '2025-11-15 17:00:00', '2025-11-15 17:00:00'),
(135, 34, 'in', 1, 4, 'adjustment', '28.30', NULL, NULL, NULL, NULL, 'unit', 'purchase_order', 91, NULL, 'Stock correction after count', '2025-11-16 16:01:00', NULL, '2025-11-16 16:01:00', '2025-11-16 16:01:00'),
(136, 3, 'in', 1, 4, 'adjustment', '56.50', NULL, NULL, NULL, NULL, 'kg', 'waste_record', 61, NULL, 'Damaged goods disposal', '2025-11-16 15:01:00', NULL, '2025-11-16 15:01:00', '2025-11-16 15:01:00'),
(137, 23, 'in', 1, 3, 'usage', '27.40', NULL, NULL, NULL, NULL, 'kg', 'inventory_count', 7, NULL, NULL, '2025-11-16 13:01:00', NULL, '2025-11-16 13:01:00', '2025-11-16 13:01:00'),
(138, 4, 'in', 1, 4, 'purchase', '16.90', NULL, NULL, NULL, NULL, 'kg', 'purchase_order', 38, NULL, 'Emergency order', '2025-11-16 15:02:00', NULL, '2025-11-16 15:02:00', '2025-11-16 15:02:00'),
(139, 17, 'in', 1, 4, 'adjustment', '6.20', NULL, NULL, NULL, NULL, 'kg', 'order', 39, NULL, 'Regular stock replenishment', '2025-11-16 09:01:00', NULL, '2025-11-16 09:01:00', '2025-11-16 09:01:00'),
(140, 24, 'in', 1, 4, 'usage', '2.30', NULL, NULL, NULL, NULL, 'l', 'inventory_count', 13, NULL, 'Damaged goods disposal', '2025-11-16 07:02:00', NULL, '2025-11-16 07:02:00', '2025-11-16 07:02:00'),
(141, 33, 'in', 1, 3, 'waste', '13.60', NULL, NULL, NULL, NULL, 'kg', 'waste_record', 86, NULL, 'Stock correction after count', '2025-11-17 17:00:00', NULL, '2025-11-17 17:00:00', '2025-11-17 17:00:00'),
(142, 28, 'in', 1, 4, 'purchase', '54.50', NULL, NULL, NULL, NULL, 'kg', 'order', 92, NULL, NULL, '2025-11-17 09:03:00', NULL, '2025-11-17 09:03:00', '2025-11-17 09:03:00'),
(143, 21, 'in', 1, 4, 'purchase', '77.40', NULL, NULL, NULL, NULL, 'kg', 'purchase_order', 50, NULL, 'Regular stock replenishment', '2025-11-17 08:02:00', NULL, '2025-11-17 08:02:00', '2025-11-17 08:02:00'),
(144, 7, 'in', 1, 4, 'purchase', '91.40', NULL, NULL, NULL, NULL, 'kg', 'inventory_count', 78, NULL, 'Emergency order', '2025-11-17 09:02:00', NULL, '2025-11-17 09:02:00', '2025-11-17 09:02:00'),
(145, 42, 'in', 1, 4, 'transfer', '25.20', NULL, NULL, NULL, NULL, 'kg', 'stock_transfer', 74, NULL, 'Transfer between locations', '2025-11-17 21:01:00', NULL, '2025-11-17 21:01:00', '2025-11-17 21:01:00'),
(146, 21, 'in', 1, 3, 'adjustment', '45.60', NULL, NULL, NULL, NULL, 'kg', 'stock_transfer', 19, NULL, NULL, '2025-11-17 13:01:00', NULL, '2025-11-17 13:01:00', '2025-11-17 13:01:00'),
(147, 27, 'in', 1, 4, 'waste', '52.70', NULL, NULL, NULL, NULL, 'l', 'waste_record', 37, NULL, NULL, '2025-11-17 18:01:00', NULL, '2025-11-17 18:01:00', '2025-11-17 18:01:00'),
(148, 40, 'in', 1, 4, 'waste', '76.80', NULL, NULL, NULL, NULL, 'l', 'stock_transfer', 78, NULL, 'Damaged goods disposal', '2025-11-17 18:01:00', NULL, '2025-11-17 18:01:00', '2025-11-17 18:01:00'),
(149, 31, 'in', 1, 3, 'transfer', '27.90', NULL, NULL, NULL, NULL, 'kg', 'waste_record', 76, NULL, NULL, '2025-11-18 14:00:00', NULL, '2025-11-18 14:00:00', '2025-11-18 14:00:00'),
(150, 17, 'in', 1, 3, 'usage', '50.30', NULL, NULL, NULL, NULL, 'kg', 'purchase_order', 57, NULL, NULL, '2025-11-18 07:03:00', NULL, '2025-11-18 07:03:00', '2025-11-18 07:03:00'),
(151, 1, 'in', 1, 4, 'purchase', '52.00', NULL, NULL, NULL, NULL, 'kg', 'stock_transfer', 50, NULL, 'Regular stock replenishment', '2025-11-18 07:02:00', NULL, '2025-11-18 07:02:00', '2025-11-18 07:02:00'),
(152, 7, 'in', 1, 4, 'transfer', '48.40', NULL, NULL, NULL, NULL, 'kg', 'purchase_order', 8, NULL, 'Transfer between locations', '2025-11-18 19:01:00', NULL, '2025-11-18 19:01:00', '2025-11-18 19:01:00'),
(153, 22, 'in', 1, 3, 'transfer', '84.70', NULL, NULL, NULL, NULL, 'kg', 'waste_record', 92, NULL, 'Damaged goods disposal', '2025-11-18 06:00:00', NULL, '2025-11-18 06:00:00', '2025-11-18 06:00:00'),
(154, 37, 'in', 1, 3, 'purchase', '87.70', NULL, NULL, NULL, NULL, 'kg', 'inventory_count', 5, NULL, NULL, '2025-11-18 22:00:00', NULL, '2025-11-18 22:00:00', '2025-11-18 22:00:00'),
(155, 38, 'in', 1, 4, 'adjustment', '35.50', NULL, NULL, NULL, NULL, 'kg', 'waste_record', 95, NULL, 'Regular stock replenishment', '2025-11-19 17:03:00', NULL, '2025-11-19 17:03:00', '2025-11-19 17:03:00'),
(156, 40, 'in', 1, 4, 'adjustment', '47.30', NULL, NULL, NULL, NULL, 'l', 'inventory_count', 23, NULL, 'Damaged goods disposal', '2025-11-19 10:03:00', NULL, '2025-11-19 10:03:00', '2025-11-19 10:03:00'),
(157, 18, 'in', 1, 3, 'transfer', '53.30', NULL, NULL, NULL, NULL, 'kg', 'stock_transfer', 59, NULL, 'Transfer between locations', '2025-11-19 16:01:00', NULL, '2025-11-19 16:01:00', '2025-11-19 16:01:00'),
(158, 41, 'in', 1, 3, 'usage', '45.80', NULL, NULL, NULL, NULL, 'kg', 'inventory_count', 17, NULL, NULL, '2025-11-19 07:00:00', NULL, '2025-11-19 07:00:00', '2025-11-19 07:00:00'),
(159, 18, 'in', 1, 4, 'waste', '50.60', NULL, NULL, NULL, NULL, 'kg', 'waste_record', 63, NULL, 'Transfer between locations', '2025-11-19 06:01:00', NULL, '2025-11-19 06:01:00', '2025-11-19 06:01:00'),
(160, 28, 'in', 1, 3, 'waste', '84.40', NULL, NULL, NULL, NULL, 'kg', 'stock_transfer', 65, NULL, 'Regular stock replenishment', '2025-11-19 15:01:00', NULL, '2025-11-19 15:01:00', '2025-11-19 15:01:00'),
(161, 18, 'in', 1, 3, 'purchase', '89.00', NULL, NULL, NULL, NULL, 'kg', 'order', 73, NULL, NULL, '2025-11-19 08:03:00', NULL, '2025-11-19 08:03:00', '2025-11-19 08:03:00'),
(162, 2, 'in', 1, 3, 'transfer', '91.40', NULL, NULL, NULL, NULL, 'kg', 'inventory_count', 85, NULL, 'Regular stock replenishment', '2025-11-19 19:03:00', NULL, '2025-11-19 19:03:00', '2025-11-19 19:03:00'),
(163, 25, 'in', 1, 4, 'waste', '98.20', NULL, NULL, NULL, NULL, 'l', 'stock_transfer', 67, NULL, 'Transfer between locations', '2025-11-20 06:03:00', NULL, '2025-11-20 06:03:00', '2025-11-20 06:03:00'),
(164, 36, 'in', 1, 4, 'waste', '88.50', NULL, NULL, NULL, NULL, 'l', 'inventory_count', 71, NULL, NULL, '2025-11-20 14:01:00', NULL, '2025-11-20 14:01:00', '2025-11-20 14:01:00'),
(165, 26, 'in', 1, 4, 'transfer', '14.00', NULL, NULL, NULL, NULL, 'l', 'stock_transfer', 73, NULL, 'Regular stock replenishment', '2025-11-20 10:03:00', NULL, '2025-11-20 10:03:00', '2025-11-20 10:03:00'),
(166, 16, 'in', 1, 3, 'purchase', '18.60', NULL, NULL, NULL, NULL, 'kg', 'purchase_order', 45, NULL, 'Regular stock replenishment', '2025-11-20 08:01:00', NULL, '2025-11-20 08:01:00', '2025-11-20 08:01:00'),
(167, 35, 'in', 1, 3, 'purchase', '87.80', NULL, NULL, NULL, NULL, 'l', 'inventory_count', 27, NULL, 'Transfer between locations', '2025-11-20 15:03:00', NULL, '2025-11-20 15:03:00', '2025-11-20 15:03:00'),
(168, 11, 'in', 1, 4, 'waste', '70.40', NULL, NULL, NULL, NULL, 'kg', 'purchase_order', 40, NULL, NULL, '2025-11-20 21:00:00', NULL, '2025-11-20 21:00:00', '2025-11-20 21:00:00'),
(169, 7, 'in', 1, 4, 'purchase', '58.30', NULL, NULL, NULL, NULL, 'kg', 'stock_transfer', 48, NULL, 'Regular stock replenishment', '2025-11-21 12:03:00', NULL, '2025-11-21 12:03:00', '2025-11-21 12:03:00'),
(170, 28, 'in', 1, 3, 'purchase', '76.70', NULL, NULL, NULL, NULL, 'kg', 'inventory_count', 78, NULL, 'Damaged goods disposal', '2025-11-21 18:01:00', NULL, '2025-11-21 18:01:00', '2025-11-21 18:01:00'),
(171, 6, 'in', 1, 4, 'transfer', '72.50', NULL, NULL, NULL, NULL, 'kg', 'stock_transfer', 1, NULL, 'Stock correction after count', '2025-11-21 15:01:00', NULL, '2025-11-21 15:01:00', '2025-11-21 15:01:00'),
(172, 23, 'in', 1, 4, 'usage', '88.90', NULL, NULL, NULL, NULL, 'kg', 'waste_record', 19, NULL, NULL, '2025-11-21 14:01:00', NULL, '2025-11-21 14:01:00', '2025-11-21 14:01:00'),
(173, 34, 'in', 1, 3, 'adjustment', '69.50', NULL, NULL, NULL, NULL, 'unit', 'purchase_order', 36, NULL, 'Damaged goods disposal', '2025-11-21 20:03:00', NULL, '2025-11-21 20:03:00', '2025-11-21 20:03:00'),
(174, 12, 'in', 1, 3, 'transfer', '39.80', NULL, NULL, NULL, NULL, 'kg', 'purchase_order', 43, NULL, 'Emergency order', '2025-11-21 12:02:00', NULL, '2025-11-21 12:02:00', '2025-11-21 12:02:00'),
(175, 1, 'in', 1, 4, 'purchase', '25.10', NULL, NULL, NULL, NULL, 'kg', 'inventory_count', 58, NULL, NULL, '2025-11-21 06:03:00', NULL, '2025-11-21 06:03:00', '2025-11-21 06:03:00'),
(176, 5, 'in', 1, 4, 'usage', '52.40', NULL, NULL, NULL, NULL, 'kg', 'inventory_count', 67, NULL, NULL, '2025-11-21 21:02:00', NULL, '2025-11-21 21:02:00', '2025-11-21 21:02:00'),
(177, 6, 'in', 1, 3, 'waste', '67.70', NULL, NULL, NULL, NULL, 'kg', 'waste_record', 35, NULL, 'Emergency order', '2025-11-21 07:03:00', NULL, '2025-11-21 07:03:00', '2025-11-21 07:03:00'),
(178, 15, 'in', 1, 4, 'purchase', '95.50', NULL, NULL, NULL, NULL, 'kg', 'purchase_order', 35, NULL, 'Regular stock replenishment', '2025-11-22 06:01:00', NULL, '2025-11-22 06:01:00', '2025-11-22 06:01:00'),
(179, 26, 'in', 1, 4, 'usage', '63.70', NULL, NULL, NULL, NULL, 'l', 'order', 95, NULL, NULL, '2025-11-22 13:02:00', NULL, '2025-11-22 13:02:00', '2025-11-22 13:02:00'),
(180, 22, 'in', 1, 4, 'usage', '38.60', NULL, NULL, NULL, NULL, 'kg', 'stock_transfer', 50, NULL, 'Regular stock replenishment', '2025-11-22 18:00:00', NULL, '2025-11-22 18:00:00', '2025-11-22 18:00:00'),
(181, 29, 'in', 1, 4, 'adjustment', '56.10', NULL, NULL, NULL, NULL, 'kg', 'waste_record', 17, NULL, 'Regular stock replenishment', '2025-11-22 07:01:00', NULL, '2025-11-22 07:01:00', '2025-11-22 07:01:00'),
(182, 12, 'in', 1, 3, 'adjustment', '67.10', NULL, NULL, NULL, NULL, 'kg', 'waste_record', 55, NULL, 'Damaged goods disposal', '2025-11-22 10:01:00', NULL, '2025-11-22 10:01:00', '2025-11-22 10:01:00'),
(183, 26, 'in', 1, 4, 'purchase', '55.40', NULL, NULL, NULL, NULL, 'l', 'purchase_order', 34, NULL, 'Regular stock replenishment', '2025-11-22 20:02:00', NULL, '2025-11-22 20:02:00', '2025-11-22 20:02:00'),
(184, 37, 'in', 1, 3, 'usage', '27.60', NULL, NULL, NULL, NULL, 'kg', 'inventory_count', 6, NULL, 'Emergency order', '2025-11-22 17:03:00', NULL, '2025-11-22 17:03:00', '2025-11-22 17:03:00'),
(185, 41, 'in', 1, 3, 'transfer', '22.80', NULL, NULL, NULL, NULL, 'kg', 'waste_record', 78, NULL, 'Transfer between locations', '2025-11-22 13:02:00', NULL, '2025-11-22 13:02:00', '2025-11-22 13:02:00'),
(186, 38, 'in', 1, 4, 'purchase', '6.80', NULL, NULL, NULL, NULL, 'kg', 'stock_transfer', 31, NULL, NULL, '2025-11-22 21:00:00', NULL, '2025-11-22 21:00:00', '2025-11-22 21:00:00'),
(187, 37, 'in', 1, 3, 'purchase', '99.00', NULL, NULL, NULL, NULL, 'kg', 'order', 57, NULL, 'Emergency order', '2025-11-22 17:01:00', NULL, '2025-11-22 17:01:00', '2025-11-22 17:01:00'),
(188, 2, 'in', 1, 3, 'transfer', '20.30', NULL, NULL, NULL, NULL, 'kg', 'waste_record', 55, NULL, NULL, '2025-11-23 07:01:00', NULL, '2025-11-23 07:01:00', '2025-11-23 07:01:00'),
(189, 6, 'in', 1, 4, 'adjustment', '46.80', NULL, NULL, NULL, NULL, 'kg', 'order', 79, NULL, 'Emergency order', '2025-11-23 17:02:00', NULL, '2025-11-23 17:02:00', '2025-11-23 17:02:00'),
(190, 19, 'in', 1, 3, 'adjustment', '77.20', NULL, NULL, NULL, NULL, 'kg', 'waste_record', 51, NULL, NULL, '2025-11-23 19:00:00', NULL, '2025-11-23 19:00:00', '2025-11-23 19:00:00'),
(191, 5, 'in', 1, 3, 'waste', '15.90', NULL, NULL, NULL, NULL, 'kg', 'inventory_count', 100, NULL, 'Regular stock replenishment', '2025-11-23 07:03:00', NULL, '2025-11-23 07:03:00', '2025-11-23 07:03:00'),
(192, 18, 'in', 1, 3, 'transfer', '32.20', NULL, NULL, NULL, NULL, 'kg', 'stock_transfer', 47, NULL, NULL, '2025-11-23 11:03:00', NULL, '2025-11-23 11:03:00', '2025-11-23 11:03:00'),
(193, 8, 'in', 1, 3, 'usage', '64.10', NULL, NULL, NULL, NULL, 'kg', 'order', 94, NULL, 'Emergency order', '2025-11-24 07:02:00', NULL, '2025-11-24 07:02:00', '2025-11-24 07:02:00'),
(194, 19, 'in', 1, 3, 'purchase', '41.20', NULL, NULL, NULL, NULL, 'kg', 'purchase_order', 25, NULL, 'Regular stock replenishment', '2025-11-24 07:01:00', NULL, '2025-11-24 07:01:00', '2025-11-24 07:01:00'),
(195, 29, 'in', 1, 3, 'usage', '55.10', NULL, NULL, NULL, NULL, 'kg', 'inventory_count', 13, NULL, 'Regular stock replenishment', '2025-11-24 10:01:00', NULL, '2025-11-24 10:01:00', '2025-11-24 10:01:00'),
(196, 33, 'in', 1, 4, 'adjustment', '75.50', NULL, NULL, NULL, NULL, 'kg', 'order', 70, NULL, NULL, '2025-11-24 10:01:00', NULL, '2025-11-24 10:01:00', '2025-11-24 10:01:00'),
(197, 19, 'in', 1, 3, 'purchase', '86.50', NULL, NULL, NULL, NULL, 'kg', 'stock_transfer', 50, NULL, 'Damaged goods disposal', '2025-11-24 10:01:00', NULL, '2025-11-24 10:01:00', '2025-11-24 10:01:00'),
(198, 21, 'in', 1, 4, 'adjustment', '8.10', NULL, NULL, NULL, NULL, 'kg', 'order', 19, NULL, 'Transfer between locations', '2025-11-24 15:02:00', NULL, '2025-11-24 15:02:00', '2025-11-24 15:02:00'),
(199, 15, 'in', 1, 4, 'transfer', '20.50', NULL, NULL, NULL, NULL, 'kg', 'stock_transfer', 96, NULL, 'Transfer between locations', '2025-11-25 08:02:00', NULL, '2025-11-25 08:02:00', '2025-11-25 08:02:00'),
(200, 37, 'in', 1, 3, 'waste', '75.70', NULL, NULL, NULL, NULL, 'kg', 'inventory_count', 98, NULL, NULL, '2025-11-25 09:01:00', NULL, '2025-11-25 09:01:00', '2025-11-25 09:01:00'),
(201, 5, 'in', 1, 4, 'usage', '24.20', NULL, NULL, NULL, NULL, 'kg', 'stock_transfer', 40, NULL, NULL, '2025-11-25 09:01:00', NULL, '2025-11-25 09:01:00', '2025-11-25 09:01:00'),
(202, 30, 'in', 1, 4, 'usage', '31.90', NULL, NULL, NULL, NULL, 'kg', 'stock_transfer', 86, NULL, 'Emergency order', '2025-11-25 19:03:00', NULL, '2025-11-25 19:03:00', '2025-11-25 19:03:00'),
(203, 31, 'in', 1, 4, 'adjustment', '70.70', NULL, NULL, NULL, NULL, 'kg', 'purchase_order', 38, NULL, 'Regular stock replenishment', '2025-11-25 18:00:00', NULL, '2025-11-25 18:00:00', '2025-11-25 18:00:00'),
(204, 28, 'in', 1, 4, 'waste', '91.10', NULL, NULL, NULL, NULL, 'kg', 'waste_record', 86, NULL, 'Emergency order', '2025-11-25 06:00:00', NULL, '2025-11-25 06:00:00', '2025-11-25 06:00:00'),
(205, 4, 'in', 1, 3, 'usage', '66.30', NULL, NULL, NULL, NULL, 'kg', 'inventory_count', 82, NULL, 'Emergency order', '2025-11-25 06:01:00', NULL, '2025-11-25 06:01:00', '2025-11-25 06:01:00'),
(206, 21, 'in', 1, 3, 'waste', '99.10', NULL, NULL, NULL, NULL, 'kg', 'stock_transfer', 7, NULL, 'Emergency order', '2025-11-26 14:02:00', NULL, '2025-11-26 14:02:00', '2025-11-26 14:02:00'),
(207, 7, 'in', 1, 4, 'usage', '79.60', NULL, NULL, NULL, NULL, 'kg', 'inventory_count', 90, NULL, 'Regular stock replenishment', '2025-11-26 12:03:00', NULL, '2025-11-26 12:03:00', '2025-11-26 12:03:00'),
(208, 36, 'in', 1, 4, 'purchase', '30.80', NULL, NULL, NULL, NULL, 'l', 'inventory_count', 53, NULL, 'Emergency order', '2025-11-26 20:00:00', NULL, '2025-11-26 20:00:00', '2025-11-26 20:00:00'),
(209, 28, 'in', 1, 3, 'usage', '59.80', NULL, NULL, NULL, NULL, 'kg', 'inventory_count', 40, NULL, NULL, '2025-11-26 17:00:00', NULL, '2025-11-26 17:00:00', '2025-11-26 17:00:00'),
(210, 22, 'in', 1, 4, 'usage', '13.80', NULL, NULL, NULL, NULL, 'kg', 'inventory_count', 25, NULL, 'Regular stock replenishment', '2025-11-26 20:03:00', NULL, '2025-11-26 20:03:00', '2025-11-26 20:03:00'),
(211, 35, 'in', 1, 3, 'usage', '79.50', NULL, NULL, NULL, NULL, 'l', 'stock_transfer', 76, NULL, NULL, '2025-11-26 19:02:00', NULL, '2025-11-26 19:02:00', '2025-11-26 19:02:00'),
(212, 17, 'in', 1, 4, 'adjustment', '61.50', NULL, NULL, NULL, NULL, 'kg', 'waste_record', 9, NULL, NULL, '2025-11-26 11:02:00', NULL, '2025-11-26 11:02:00', '2025-11-26 11:02:00');
INSERT INTO `invoices` (`id`, `order_id`, `location_id`, `invoice_number`, `subtotal`, `tax_amount`, `discount_amount`, `total_amount`, `service_charge`, `amount_paid`, `amount_due`, `status`, `currency`, `issued_at`, `due_at`, `paid_at`, `notes`, `created_at`, `updated_at`) VALUES
(1, 2, 1, 'INV-NKH-DT-20250924-3421', '151.50', '15.15', '0.00', '166.65', '0.00', '0.00', '166.65', 'draft', 'USD', '2025-09-24 11:33:53', '2025-10-02 11:33:53', NULL, 'Corporate account - NET 30', '2025-11-26 08:02:58', '2025-11-26 08:02:58'),
(2, 4, 1, 'INV-NKH-DT-20250920-8467', '64.50', '6.45', '0.00', '70.95', '0.00', '0.00', '70.95', 'draft', 'USD', '2025-09-21 00:04:48', '2025-10-15 00:04:48', NULL, NULL, '2025-11-26 08:02:58', '2025-11-26 08:02:58'),
(3, 13, 1, 'INV-NKH-DT-20251103-5632', '34.00', '3.40', '5.21', '32.19', '0.00', '0.00', '32.19', 'draft', 'USD', '2025-11-03 13:34:27', '2025-11-07 13:34:27', NULL, 'Group booking discount applied', '2025-11-26 08:02:58', '2025-11-26 08:02:58'),
(4, 14, 1, 'INV-NKH-DT-20251109-9498', '30.00', '3.00', '0.00', '33.00', '0.00', '0.00', '0.00', 'cancelled', 'USD', '2025-11-09 22:58:31', '2025-11-09 22:58:31', NULL, 'Thank you for dining with us!', '2025-11-26 08:02:58', '2025-11-26 08:02:58'),
(5, 15, 1, 'INV-NKH-DT-20250923-4341', '32.00', '3.20', '0.00', '35.20', '0.00', '0.00', '35.20', 'draft', 'USD', '2025-09-23 12:30:58', '2025-10-10 12:30:58', NULL, 'Catering service invoice', '2025-11-26 08:02:58', '2025-11-26 08:02:58'),
(6, 16, 1, 'INV-NKH-DT-20251110-2139', '206.50', '20.65', '6.04', '221.11', '0.00', '221.11', '0.00', 'paid', 'USD', '2025-11-10 13:01:07', '2025-11-19 13:01:07', '2025-11-10 13:14:07', 'Early payment discount available', '2025-11-26 08:02:58', '2025-11-26 08:02:58'),
(7, 26, 1, 'INV-NKH-DT-20251111-8724', '89.50', '8.95', '0.00', '98.45', '0.00', '98.45', '0.00', 'paid', 'USD', '2025-11-12 00:41:12', '2025-11-18 00:41:12', '2025-11-12 01:12:12', NULL, '2025-11-26 08:02:58', '2025-11-26 08:02:58'),
(8, 32, 1, 'INV-NKH-DT-20251114-9234', '161.50', '16.15', '0.00', '177.65', '0.00', '177.65', '0.00', 'paid', 'USD', '2025-11-14 18:54:05', '2025-11-22 18:54:05', '2025-11-14 19:19:05', NULL, '2025-11-26 08:02:58', '2025-11-26 08:02:58'),
(9, 33, 1, 'INV-NKH-DT-20250918-6453', '94.50', '9.45', '7.81', '96.14', '0.00', '96.14', '0.00', 'paid', 'USD', '2025-09-18 14:31:01', '2025-10-01 14:31:01', '2025-09-18 15:06:01', 'Thank you for dining with us!', '2025-11-26 08:02:58', '2025-11-26 08:02:58'),
(10, 35, 1, 'INV-NKH-DT-20251014-8308', '44.00', '4.40', '0.00', '48.40', '0.00', '0.00', '48.40', 'draft', 'USD', '2025-10-14 21:10:34', '2025-11-07 21:10:34', NULL, 'Group booking discount applied', '2025-11-26 08:02:58', '2025-11-26 08:02:58'),
(11, 37, 1, 'INV-NKH-DT-20250828-8890', '106.00', '10.60', '0.00', '116.60', '0.00', '116.60', '0.00', 'paid', 'USD', '2025-08-28 20:00:29', '2025-09-05 20:00:29', '2025-08-28 20:26:29', NULL, '2025-11-26 08:02:58', '2025-11-26 08:02:58'),
(12, 39, 1, 'INV-NKH-DT-20250827-6528', '27.00', '2.70', '0.00', '29.70', '0.00', '0.00', '29.70', 'draft', 'USD', '2025-08-27 05:04:22', '2025-09-22 05:04:22', NULL, 'Special event surcharge applied', '2025-11-26 08:02:58', '2025-11-26 08:02:58'),
(13, 40, 1, 'INV-NKH-DT-20250916-1932', '157.00', '15.70', '0.00', '172.70', '0.00', '0.00', '172.70', 'draft', 'USD', '2025-09-16 21:41:45', '2025-10-02 21:41:45', NULL, NULL, '2025-11-26 08:02:58', '2025-11-26 08:02:58'),
(14, 42, 1, 'INV-NKH-DT-20251124-9782', '31.50', '3.15', '0.00', '34.65', '0.00', '34.65', '0.00', 'paid', 'USD', '2025-11-24 14:51:46', '2025-11-24 14:51:46', '2025-11-24 15:27:46', 'Group booking discount applied', '2025-11-26 08:02:58', '2025-11-26 08:02:58'),
(15, 43, 1, 'INV-NKH-DT-20251105-6938', '125.50', '12.55', '0.00', '138.05', '0.00', '138.05', '0.00', 'paid', 'USD', '2025-11-05 09:37:51', '2025-12-05 09:37:51', '2025-11-05 09:59:51', 'Group booking discount applied', '2025-11-26 08:02:58', '2025-11-26 08:02:58'),
(16, 45, 1, 'INV-NKH-DT-20251119-7587', '209.50', '20.95', '0.00', '230.45', '0.00', '0.00', '230.45', 'draft', 'USD', '2025-11-19 17:45:13', '2025-11-26 17:45:13', NULL, 'Payment due within 30 days', '2025-11-26 08:02:58', '2025-11-26 08:02:58'),
(17, 47, 1, 'INV-NKH-DT-20251016-9058', '136.00', '13.60', '0.00', '149.60', '0.00', '149.60', '0.00', 'paid', 'USD', '2025-10-16 03:48:53', '2025-11-09 03:48:53', '2025-10-16 04:38:53', 'Payment due within 30 days', '2025-11-26 08:02:58', '2025-11-26 08:02:58'),
(18, 50, 1, 'INV-NKH-DT-20250911-6819', '114.50', '11.45', '0.00', '125.95', '0.00', '0.00', '125.95', 'draft', 'USD', '2025-09-11 09:33:16', '2025-09-23 09:33:16', NULL, NULL, '2025-11-26 08:02:58', '2025-11-26 08:02:58'),
(19, 52, 1, 'INV-NKH-DT-20251103-1423', '93.00', '9.30', '0.00', '102.30', '0.00', '0.00', '0.00', 'cancelled', 'USD', '2025-11-03 05:51:08', '2025-11-07 05:51:08', NULL, 'Loyalty points earned: 50', '2025-11-26 08:02:58', '2025-11-26 08:02:58'),
(20, 56, 1, 'INV-NKH-DT-20251106-6302', '140.00', '14.00', '0.00', '154.00', '0.00', '0.00', '154.00', 'issued', 'USD', '2025-11-06 06:07:18', '2025-11-16 06:07:18', NULL, NULL, '2025-11-26 08:02:58', '2025-11-26 08:02:58'),
(21, 57, 1, 'INV-NKH-DT-20250905-7829', '120.00', '12.00', '9.24', '122.76', '0.00', '122.76', '0.00', 'paid', 'USD', '2025-09-05 13:46:59', '2025-09-21 13:46:59', '2025-09-05 14:09:59', NULL, '2025-11-26 08:02:58', '2025-11-26 08:02:58'),
(22, 61, 1, 'INV-NKH-DT-20251019-2189', '36.00', '3.60', '0.00', '39.60', '0.00', '0.00', '39.60', 'draft', 'USD', '2025-10-19 06:30:59', '2025-11-05 06:30:59', NULL, 'Special event surcharge applied', '2025-11-26 08:02:58', '2025-11-26 08:02:58'),
(23, 63, 1, 'INV-NKH-DT-20250901-3629', '5.50', '0.55', '0.00', '6.05', '0.00', '6.05', '0.00', 'paid', 'USD', '2025-09-01 14:08:18', '2025-09-12 14:08:18', '2025-09-01 14:22:18', 'Catering service invoice', '2025-11-26 08:02:58', '2025-11-26 08:02:58'),
(24, 66, 1, 'INV-NKH-DT-20251120-2555', '9.00', '0.90', '0.00', '9.90', '0.00', '0.00', '9.90', 'draft', 'USD', '2025-11-20 02:06:39', '2025-11-26 02:06:39', NULL, 'Corporate account - NET 30', '2025-11-26 08:02:58', '2025-11-26 08:02:58'),
(25, 67, 1, 'INV-NKH-DT-20250828-2450', '67.00', '6.70', '0.00', '73.70', '0.00', '73.70', '0.00', 'paid', 'USD', '2025-08-28 14:38:44', '2025-09-02 14:38:44', '2025-08-28 15:33:44', NULL, '2025-11-26 08:02:58', '2025-11-26 08:02:58'),
(26, 68, 1, 'INV-NKH-DT-20250911-8004', '81.00', '8.10', '0.00', '89.10', '0.00', '89.10', '0.00', 'paid', 'USD', '2025-09-11 23:28:28', '2025-10-06 23:28:28', '2025-09-11 23:49:28', NULL, '2025-11-26 08:02:58', '2025-11-26 08:02:58'),
(27, 70, 1, 'INV-NKH-DT-20250927-8159', '61.50', '6.15', '0.00', '67.65', '0.00', '0.00', '67.65', 'issued', 'USD', '2025-09-27 20:54:07', '2025-10-15 20:54:07', NULL, 'Corporate account - NET 30', '2025-11-26 08:02:58', '2025-11-26 08:02:58'),
(28, 75, 1, 'INV-NKH-DT-20251005-7185', '29.50', '2.95', '0.00', '32.45', '0.00', '32.45', '0.00', 'paid', 'USD', '2025-10-05 20:36:59', '2025-10-13 20:36:59', '2025-10-05 21:32:59', NULL, '2025-11-26 08:02:58', '2025-11-26 08:02:58'),
(29, 77, 1, 'INV-NKH-DT-20251102-3073', '66.00', '6.60', '0.00', '72.60', '0.00', '72.60', '0.00', 'paid', 'USD', '2025-11-02 03:45:50', '2025-11-13 03:45:50', '2025-11-02 04:03:50', NULL, '2025-11-26 08:02:58', '2025-11-26 08:02:58'),
(30, 82, 1, 'INV-NKH-DT-20251031-3469', '104.50', '10.45', '7.64', '107.31', '0.00', '107.31', '0.00', 'paid', 'USD', '2025-10-31 07:52:09', '2025-11-17 07:52:09', '2025-10-31 08:48:09', NULL, '2025-11-26 08:02:58', '2025-11-26 08:02:58'),
(31, 84, 1, 'INV-NKH-DT-20251109-4295', '86.50', '8.65', '0.00', '95.15', '0.00', '95.15', '0.00', 'paid', 'USD', '2025-11-09 21:41:51', '2025-11-29 21:41:51', '2025-11-09 21:52:51', 'Payment due within 30 days', '2025-11-26 08:02:58', '2025-11-26 08:02:58'),
(32, 87, 1, 'INV-NKH-DT-20251024-4068', '46.50', '4.65', '0.00', '51.15', '0.00', '51.15', '0.00', 'paid', 'USD', '2025-10-24 00:49:09', '2025-11-07 00:49:09', '2025-10-24 01:40:09', 'Early payment discount available', '2025-11-26 08:02:59', '2025-11-26 08:02:59'),
(33, 89, 1, 'INV-NKH-DT-20251122-5578', '76.00', '7.60', '0.00', '83.60', '0.00', '83.60', '0.00', 'paid', 'USD', '2025-11-22 03:19:15', '2025-11-28 03:19:15', '2025-11-22 04:00:15', NULL, '2025-11-26 08:02:59', '2025-11-26 08:02:59'),
(34, 92, 1, 'INV-NKH-DT-20250927-6658', '45.00', '4.50', '0.00', '49.50', '0.00', '49.50', '0.00', 'paid', 'USD', '2025-09-27 11:39:10', '2025-09-27 11:39:10', '2025-09-27 12:28:10', 'Thank you for dining with us!', '2025-11-26 08:02:59', '2025-11-26 08:02:59'),
(35, 93, 1, 'INV-NKH-DT-20251016-5490', '38.50', '3.85', '0.00', '42.35', '0.00', '0.00', '42.35', 'draft', 'USD', '2025-10-16 04:24:30', '2025-10-20 04:24:30', NULL, 'Group booking discount applied', '2025-11-26 08:02:59', '2025-11-26 08:02:59'),
(36, 94, 1, 'INV-NKH-DT-20251029-6978', '108.50', '10.85', '8.57', '110.78', '0.00', '110.78', '0.00', 'paid', 'USD', '2025-10-29 14:45:39', '2025-11-05 14:45:39', '2025-10-29 15:19:39', NULL, '2025-11-26 08:02:59', '2025-11-26 08:02:59'),
(37, 95, 1, 'INV-NKH-DT-20250915-7677', '42.50', '4.25', '0.00', '46.75', '0.00', '46.75', '0.00', 'paid', 'USD', '2025-09-15 07:31:29', '2025-09-25 07:31:29', '2025-09-15 07:41:29', 'Special event surcharge applied', '2025-11-26 08:02:59', '2025-11-26 08:02:59'),
(38, 96, 1, 'INV-NKH-DT-20251017-4705', '206.00', '20.60', '0.00', '226.60', '0.00', '0.00', '226.60', 'issued', 'USD', '2025-10-17 15:36:52', '2025-10-26 15:36:52', NULL, 'Group booking discount applied', '2025-11-26 08:02:59', '2025-11-26 08:02:59'),
(39, 97, 1, 'INV-NKH-DT-20250919-7374', '58.50', '5.85', '0.00', '64.35', '0.00', '64.35', '0.00', 'paid', 'USD', '2025-09-19 09:37:01', '2025-10-02 09:37:01', '2025-09-19 10:33:01', NULL, '2025-11-26 08:02:59', '2025-11-26 08:02:59'),
(40, 98, 1, 'INV-NKH-DT-20251021-5069', '154.00', '15.40', '0.00', '169.40', '0.00', '169.40', '0.00', 'paid', 'USD', '2025-10-21 02:01:00', '2025-10-23 02:01:00', '2025-10-21 02:43:00', 'Loyalty points earned: 50', '2025-11-26 08:02:59', '2025-11-26 08:02:59'),
(41, 102, 1, 'INV-NKH-DT-20251014-9083', '73.00', '7.30', '0.00', '80.30', '0.00', '80.30', '0.00', 'paid', 'USD', '2025-10-14 11:36:34', '2025-11-06 11:36:34', '2025-10-14 11:47:34', NULL, '2025-11-26 08:02:59', '2025-11-26 08:02:59'),
(42, 103, 1, 'INV-NKH-DT-20250828-3373', '51.50', '5.15', '0.00', '56.65', '0.00', '56.65', '0.00', 'paid', 'USD', '2025-08-28 12:14:38', '2025-09-17 12:14:38', '2025-08-28 12:45:38', 'Special event surcharge applied', '2025-11-26 08:02:59', '2025-11-26 08:02:59'),
(43, 107, 1, 'INV-NKH-DT-20251012-9010', '100.00', '10.00', '0.00', '110.00', '0.00', '110.00', '0.00', 'paid', 'USD', '2025-10-12 19:05:31', '2025-10-18 19:05:31', '2025-10-12 19:36:31', 'Payment due within 30 days', '2025-11-26 08:02:59', '2025-11-26 08:02:59'),
(44, 110, 1, 'INV-NKH-DT-20251029-6341', '24.00', '2.40', '0.00', '26.40', '0.00', '26.40', '0.00', 'paid', 'USD', '2025-10-29 05:44:53', '2025-11-03 05:44:53', '2025-10-29 05:59:53', 'Payment due within 30 days', '2025-11-26 08:02:59', '2025-11-26 08:02:59'),
(45, 113, 1, 'INV-NKH-DT-20251118-6984', '141.50', '14.15', '7.72', '147.93', '0.00', '0.00', '147.93', 'draft', 'USD', '2025-11-18 06:29:39', '2025-12-07 06:29:39', NULL, NULL, '2025-11-26 08:02:59', '2025-11-26 08:02:59'),
(46, 115, 1, 'INV-NKH-DT-20250918-8014', '40.50', '4.05', '0.00', '44.55', '0.00', '0.00', '44.55', 'draft', 'USD', '2025-09-18 11:01:53', '2025-10-05 11:01:53', NULL, NULL, '2025-11-26 08:02:59', '2025-11-26 08:02:59'),
(47, 118, 1, 'INV-NKH-DT-20251028-4165', '14.00', '1.40', '0.00', '15.40', '0.00', '0.00', '0.00', 'cancelled', 'USD', '2025-10-28 06:47:11', '2025-10-30 06:47:11', NULL, NULL, '2025-11-26 08:02:59', '2025-11-26 08:02:59'),
(48, 125, 1, 'INV-NKH-DT-20251016-5643', '47.50', '4.75', '0.00', '52.25', '0.00', '52.25', '0.00', 'paid', 'USD', '2025-10-16 21:53:45', '2025-10-21 21:53:45', '2025-10-16 22:09:45', 'Early payment discount available', '2025-11-26 08:02:59', '2025-11-26 08:02:59'),
(49, 131, 1, 'INV-NKH-DT-20251011-2909', '139.50', '13.95', '0.00', '153.45', '0.00', '153.45', '0.00', 'paid', 'USD', '2025-10-11 09:41:37', '2025-10-21 09:41:37', '2025-10-11 10:04:37', 'Corporate account - NET 30', '2025-11-26 08:02:59', '2025-11-26 08:02:59'),
(50, 132, 1, 'INV-NKH-DT-20250903-7648', '29.00', '2.90', '4.88', '27.02', '0.00', '27.02', '0.00', 'paid', 'USD', '2025-09-03 13:04:12', '2025-09-26 13:04:12', '2025-09-03 13:52:12', 'Loyalty points earned: 50', '2025-11-26 08:02:59', '2025-11-26 08:02:59'),
(51, 133, 1, 'INV-NKH-DT-20250923-4451', '107.50', '10.75', '0.00', '118.25', '0.00', '0.00', '118.25', 'draft', 'USD', '2025-09-23 16:30:40', '2025-10-14 16:30:40', NULL, NULL, '2025-11-26 08:02:59', '2025-11-26 08:02:59'),
(52, 134, 1, 'INV-NKH-DT-20250921-4964', '240.00', '24.00', '0.00', '264.00', '0.00', '0.00', '264.00', 'draft', 'USD', '2025-09-21 14:42:07', '2025-10-02 14:42:07', NULL, NULL, '2025-11-26 08:02:59', '2025-11-26 08:02:59'),
(53, 136, 1, 'INV-NKH-DT-20250904-2931', '70.50', '7.05', '0.00', '77.55', '0.00', '77.55', '0.00', 'paid', 'USD', '2025-09-04 03:09:33', '2025-09-22 03:09:33', '2025-09-04 03:22:33', 'Special event surcharge applied', '2025-11-26 08:02:59', '2025-11-26 08:02:59'),
(54, 137, 1, 'INV-NKH-DT-20251029-8953', '49.50', '4.95', '3.54', '50.91', '0.00', '50.91', '0.00', 'paid', 'USD', '2025-10-29 19:12:44', '2025-11-21 19:12:44', '2025-10-29 20:09:44', NULL, '2025-11-26 08:02:59', '2025-11-26 08:02:59'),
(55, 138, 1, 'INV-NKH-DT-20251028-3930', '38.00', '3.80', '0.00', '41.80', '0.00', '0.00', '41.80', 'issued', 'USD', '2025-10-28 08:51:02', '2025-11-04 08:51:02', NULL, 'Catering service invoice', '2025-11-26 08:02:59', '2025-11-26 08:02:59'),
(56, 146, 1, 'INV-NKH-DT-20251010-8061', '60.00', '6.00', '0.00', '66.00', '0.00', '0.00', '66.00', 'issued', 'USD', '2025-10-10 06:49:15', '2025-10-22 06:49:15', NULL, 'Payment due within 30 days', '2025-11-26 08:02:59', '2025-11-26 08:02:59'),
(57, 147, 1, 'INV-NKH-DT-20250920-7470', '53.00', '5.30', '0.00', '58.30', '0.00', '58.30', '0.00', 'paid', 'USD', '2025-09-20 09:42:16', '2025-10-08 09:42:16', '2025-09-20 10:14:16', NULL, '2025-11-26 08:02:59', '2025-11-26 08:02:59'),
(58, 148, 1, 'INV-NKH-DT-20250910-6708', '7.00', '0.70', '0.00', '7.70', '0.00', '7.70', '0.00', 'paid', 'USD', '2025-09-10 21:05:22', '2025-09-14 21:05:22', '2025-09-10 21:31:22', 'Thank you for dining with us!', '2025-11-26 08:02:59', '2025-11-26 08:02:59'),
(59, 149, 1, 'INV-NKH-DT-20250908-9741', '68.50', '6.85', '0.00', '75.35', '0.00', '75.35', '0.00', 'paid', 'USD', '2025-09-08 11:00:59', '2025-10-08 11:00:59', '2025-09-08 11:53:59', NULL, '2025-11-26 08:02:59', '2025-11-26 08:02:59'),
(60, 150, 1, 'INV-NKH-DT-20251004-9143', '58.00', '5.80', '0.00', '63.80', '0.00', '63.80', '0.00', 'paid', 'USD', '2025-10-04 02:03:32', '2025-10-11 02:03:32', '2025-10-04 02:50:32', 'Loyalty points earned: 50', '2025-11-26 08:02:59', '2025-11-26 08:02:59'),
(61, 155, 1, 'INV-NKH-DT-20250914-2873', '53.50', '5.35', '0.00', '58.85', '0.00', '58.85', '0.00', 'paid', 'USD', '2025-09-14 07:00:28', '2025-10-14 07:00:28', '2025-09-14 07:32:28', 'Thank you for dining with us!', '2025-11-26 08:02:59', '2025-11-26 08:02:59'),
(62, 156, 1, 'INV-NKH-DT-20251018-8450', '45.00', '4.50', '9.85', '39.65', '0.00', '39.65', '0.00', 'paid', 'USD', '2025-10-18 13:26:40', '2025-10-28 13:26:40', '2025-10-18 14:15:40', NULL, '2025-11-26 08:02:59', '2025-11-26 08:02:59'),
(63, 160, 1, 'INV-NKH-DT-20251028-2379', '109.50', '10.95', '0.00', '120.45', '0.00', '120.45', '0.00', 'paid', 'USD', '2025-10-28 06:35:51', '2025-11-12 06:35:51', '2025-10-28 06:56:51', 'Loyalty points earned: 50', '2025-11-26 08:02:59', '2025-11-26 08:02:59'),
(64, 161, 1, 'INV-NKH-DT-20251101-7882', '30.50', '3.05', '0.00', '33.55', '0.00', '0.00', '0.00', 'cancelled', 'USD', '2025-11-01 00:00:37', '2025-11-01 00:00:37', NULL, 'Early payment discount available', '2025-11-26 08:02:59', '2025-11-26 08:02:59'),
(65, 163, 1, 'INV-NKH-DT-20250828-7330', '129.50', '12.95', '0.00', '142.45', '0.00', '0.00', '142.45', 'issued', 'USD', '2025-08-28 11:52:51', '2025-09-14 11:52:51', NULL, NULL, '2025-11-26 08:02:59', '2025-11-26 08:02:59'),
(66, 164, 1, 'INV-NKH-DT-20250829-5056', '81.00', '8.10', '3.29', '85.81', '0.00', '0.00', '85.81', 'issued', 'USD', '2025-08-30 00:49:03', '2025-09-02 00:49:03', NULL, NULL, '2025-11-26 08:02:59', '2025-11-26 08:02:59'),
(67, 167, 1, 'INV-NKH-DT-20251026-5106', '104.50', '10.45', '0.00', '114.95', '0.00', '114.95', '0.00', 'paid', 'USD', '2025-10-26 09:17:53', '2025-11-18 09:17:53', '2025-10-26 09:27:53', 'Special event surcharge applied', '2025-11-26 08:02:59', '2025-11-26 08:02:59'),
(68, 169, 1, 'INV-NKH-DT-20250916-2497', '207.50', '20.75', '0.00', '228.25', '0.00', '0.00', '228.25', 'issued', 'USD', '2025-09-16 01:53:20', '2025-09-29 01:53:20', NULL, NULL, '2025-11-26 08:02:59', '2025-11-26 08:02:59'),
(69, 179, 1, 'INV-NKH-DT-20250927-7076', '4.50', '0.45', '0.00', '4.95', '0.00', '4.95', '0.00', 'paid', 'USD', '2025-09-27 17:13:18', '2025-09-27 17:13:18', '2025-09-27 17:25:18', 'Catering service invoice', '2025-11-26 08:02:59', '2025-11-26 08:02:59'),
(70, 182, 1, 'INV-NKH-DT-20251025-2748', '102.00', '10.20', '0.00', '112.20', '0.00', '112.20', '0.00', 'paid', 'USD', '2025-10-25 21:46:48', '2025-10-31 21:46:48', '2025-10-25 22:43:48', 'Payment due within 30 days', '2025-11-26 08:02:59', '2025-11-26 08:02:59'),
(71, 183, 1, 'INV-NKH-DT-20251020-3785', '58.50', '5.85', '0.00', '64.35', '0.00', '64.35', '0.00', 'paid', 'USD', '2025-10-20 16:03:12', '2025-11-18 16:03:12', '2025-10-20 16:41:12', 'Group booking discount applied', '2025-11-26 08:02:59', '2025-11-26 08:02:59'),
(72, 189, 1, 'INV-NKH-DT-20250915-8314', '166.00', '16.60', '9.47', '173.13', '0.00', '173.13', '0.00', 'paid', 'USD', '2025-09-15 02:49:20', '2025-09-28 02:49:20', '2025-09-15 03:24:20', 'Corporate account - NET 30', '2025-11-26 08:02:59', '2025-11-26 08:02:59'),
(73, 192, 1, 'INV-NKH-DT-20251031-2681', '64.50', '6.45', '6.80', '64.15', '0.00', '64.15', '0.00', 'paid', 'USD', '2025-10-31 03:04:38', '2025-11-27 03:04:38', '2025-10-31 03:19:38', 'Early payment discount available', '2025-11-26 08:02:59', '2025-11-26 08:02:59'),
(74, 195, 1, 'INV-NKH-DT-20251108-4910', '81.50', '8.15', '0.00', '89.65', '0.00', '89.65', '0.00', 'paid', 'USD', '2025-11-08 11:43:18', '2025-11-21 11:43:18', '2025-11-08 12:42:18', 'Payment due within 30 days', '2025-11-26 08:02:59', '2025-11-26 08:02:59'),
(75, 196, 1, 'INV-NKH-DT-20251102-7818', '129.00', '12.90', '0.00', '141.90', '0.00', '141.90', '0.00', 'paid', 'USD', '2025-11-02 23:29:03', '2025-11-12 23:29:03', '2025-11-03 00:17:03', 'Payment due within 30 days', '2025-11-26 08:02:59', '2025-11-26 08:02:59'),
(76, 198, 1, 'INV-NKH-DT-20250827-4844', '157.50', '15.75', '6.55', '166.70', '0.00', '0.00', '166.70', 'issued', 'USD', '2025-08-27 09:28:10', '2025-09-17 09:28:10', NULL, NULL, '2025-11-26 08:02:59', '2025-11-26 08:02:59'),
(77, 199, 1, 'INV-NKH-DT-20251102-5350', '27.00', '2.70', '3.25', '26.45', '0.00', '0.00', '26.45', 'issued', 'USD', '2025-11-02 00:27:05', '2025-11-28 00:27:05', NULL, 'Catering service invoice', '2025-11-26 08:02:59', '2025-11-26 08:02:59'),
(78, 200, 1, 'INV-NKH-DT-20251114-2216', '60.00', '6.00', '0.00', '66.00', '0.00', '0.00', '66.00', 'draft', 'USD', '2025-11-14 11:01:26', '2025-11-18 11:01:26', NULL, NULL, '2025-11-26 08:02:59', '2025-11-26 08:02:59'),
(79, 201, 1, 'INV-NKH-DT-20251125-7443', '73.50', '7.35', '0.00', '80.85', '0.00', '0.00', '80.85', 'draft', 'USD', '2025-11-25 06:05:48', '2025-12-21 06:05:48', NULL, 'Group booking discount applied', '2025-11-26 08:02:59', '2025-11-26 08:02:59'),
(80, 204, 1, 'INV-NKH-DT-20250910-5108', '37.50', '3.75', '0.00', '41.25', '0.00', '0.00', '0.00', 'cancelled', 'USD', '2025-09-10 17:45:57', '2025-09-14 17:45:57', NULL, 'Payment due within 30 days', '2025-11-26 08:02:59', '2025-11-26 08:02:59'),
(81, 206, 1, 'INV-NKH-DT-20251115-2601', '119.50', '11.95', '0.00', '131.45', '0.00', '131.45', '0.00', 'paid', 'USD', '2025-11-15 11:27:56', '2025-12-14 11:27:56', '2025-11-15 11:43:56', 'Early payment discount available', '2025-11-26 08:02:59', '2025-11-26 08:02:59'),
(82, 207, 1, 'INV-NKH-DT-20250908-7278', '17.00', '1.70', '0.00', '18.70', '0.00', '18.70', '0.00', 'paid', 'USD', '2025-09-08 13:20:06', '2025-09-19 13:20:06', '2025-09-08 14:03:06', 'Loyalty points earned: 50', '2025-11-26 08:02:59', '2025-11-26 08:02:59'),
(83, 208, 1, 'INV-NKH-DT-20251016-7180', '19.00', '1.90', '0.00', '20.90', '0.00', '20.90', '0.00', 'paid', 'USD', '2025-10-16 13:46:20', '2025-10-18 13:46:20', '2025-10-16 14:06:20', 'Thank you for dining with us!', '2025-11-26 08:02:59', '2025-11-26 08:02:59'),
(84, 210, 1, 'INV-NKH-DT-20251118-1903', '78.50', '7.85', '0.00', '86.35', '0.00', '86.35', '0.00', 'paid', 'USD', '2025-11-18 06:48:12', '2025-12-14 06:48:12', '2025-11-18 07:05:12', 'Catering service invoice', '2025-11-26 08:02:59', '2025-11-26 08:02:59'),
(85, 211, 1, 'INV-NKH-DT-20251023-4489', '110.50', '11.05', '0.00', '121.55', '0.00', '0.00', '121.55', 'draft', 'USD', '2025-10-23 07:26:57', '2025-11-17 07:26:57', NULL, 'Loyalty points earned: 50', '2025-11-26 08:02:59', '2025-11-26 08:02:59'),
(86, 216, 1, 'INV-NKH-DT-20251010-2144', '94.50', '9.45', '0.00', '103.95', '0.00', '103.95', '0.00', 'paid', 'USD', '2025-10-10 04:13:30', '2025-10-22 04:13:30', '2025-10-10 04:53:30', 'Early payment discount available', '2025-11-26 08:02:59', '2025-11-26 08:02:59'),
(87, 217, 1, 'INV-NKH-DT-20251119-4060', '32.00', '3.20', '0.00', '35.20', '0.00', '0.00', '35.20', 'issued', 'USD', '2025-11-19 06:49:48', '2025-12-17 06:49:48', NULL, 'Payment due within 30 days', '2025-11-26 08:02:59', '2025-11-26 08:02:59'),
(88, 218, 1, 'INV-NKH-DT-20251106-5881', '60.50', '6.05', '0.00', '66.55', '0.00', '0.00', '66.55', 'draft', 'USD', '2025-11-06 15:16:54', '2025-11-07 15:16:54', NULL, 'Catering service invoice', '2025-11-26 08:02:59', '2025-11-26 08:02:59'),
(89, 219, 1, 'INV-NKH-DT-20251112-6418', '146.50', '14.65', '0.00', '161.15', '0.00', '161.15', '0.00', 'paid', 'USD', '2025-11-12 17:42:51', '2025-11-18 17:42:51', '2025-11-12 18:21:51', NULL, '2025-11-26 08:02:59', '2025-11-26 08:02:59'),
(90, 220, 1, 'INV-NKH-DT-20251020-2230', '36.00', '3.60', '0.00', '39.60', '0.00', '39.60', '0.00', 'paid', 'USD', '2025-10-20 02:54:45', '2025-10-26 02:54:45', '2025-10-20 03:06:45', NULL, '2025-11-26 08:02:59', '2025-11-26 08:02:59'),
(91, 221, 1, 'INV-NKH-DT-20251115-7376', '104.50', '10.45', '8.50', '106.45', '0.00', '106.45', '0.00', 'paid', 'USD', '2025-11-15 19:25:12', '2025-11-30 19:25:12', '2025-11-15 19:44:12', NULL, '2025-11-26 08:02:59', '2025-11-26 08:02:59'),
(92, 223, 1, 'INV-NKH-DT-20251003-8156', '104.50', '10.45', '0.00', '114.95', '0.00', '0.00', '0.00', 'cancelled', 'USD', '2025-10-03 07:39:04', '2025-10-15 07:39:04', NULL, NULL, '2025-11-26 08:02:59', '2025-11-26 08:02:59'),
(93, 226, 1, 'INV-NKH-DT-20250905-4069', '84.00', '8.40', '0.00', '92.40', '0.00', '0.00', '92.40', 'draft', 'USD', '2025-09-05 01:29:20', '2025-09-08 01:29:20', NULL, 'Catering service invoice', '2025-11-26 08:02:59', '2025-11-26 08:02:59'),
(94, 231, 1, 'INV-NKH-DT-20250908-9240', '33.50', '3.35', '0.00', '36.85', '0.00', '0.00', '36.85', 'issued', 'USD', '2025-09-08 03:35:14', '2025-10-01 03:35:14', NULL, 'Corporate account - NET 30', '2025-11-26 08:02:59', '2025-11-26 08:02:59'),
(95, 234, 1, 'INV-NKH-DT-20250911-2015', '92.00', '9.20', '0.00', '101.20', '0.00', '101.20', '0.00', 'paid', 'USD', '2025-09-11 08:20:01', '2025-09-19 08:20:01', '2025-09-11 08:41:01', 'Payment due within 30 days', '2025-11-26 08:02:59', '2025-11-26 08:02:59'),
(96, 236, 1, 'INV-NKH-DT-20250910-4334', '156.50', '15.65', '0.00', '172.15', '0.00', '0.00', '172.15', 'draft', 'USD', '2025-09-10 03:18:59', '2025-09-15 03:18:59', NULL, 'Special event surcharge applied', '2025-11-26 08:02:59', '2025-11-26 08:02:59'),
(97, 237, 1, 'INV-NKH-DT-20250908-2451', '30.00', '3.00', '0.00', '33.00', '0.00', '33.00', '0.00', 'paid', 'USD', '2025-09-08 15:54:23', '2025-09-18 15:54:23', '2025-09-08 16:12:23', 'Payment due within 30 days', '2025-11-26 08:02:59', '2025-11-26 08:02:59'),
(98, 238, 1, 'INV-NKH-DT-20250904-6922', '28.00', '2.80', '2.33', '28.47', '0.00', '28.47', '0.00', 'paid', 'USD', '2025-09-04 04:09:31', '2025-09-09 04:09:31', '2025-09-04 04:36:31', 'Early payment discount available', '2025-11-26 08:02:59', '2025-11-26 08:02:59'),
(99, 242, 1, 'INV-NKH-DT-20251027-2462', '75.00', '7.50', '0.00', '82.50', '0.00', '82.50', '0.00', 'paid', 'USD', '2025-10-27 16:57:42', '2025-11-01 16:57:42', '2025-10-27 17:32:42', NULL, '2025-11-26 08:02:59', '2025-11-26 08:02:59'),
(100, 243, 1, 'INV-NKH-DT-20250902-6797', '54.50', '5.45', '0.00', '59.95', '0.00', '59.95', '0.00', 'paid', 'USD', '2025-09-02 12:13:29', '2025-09-09 12:13:29', '2025-09-02 12:39:29', 'Early payment discount available', '2025-11-26 08:02:59', '2025-11-26 08:02:59'),
(101, 247, 1, 'INV-NKH-DT-20250917-3310', '86.50', '8.65', '0.00', '95.15', '0.00', '0.00', '95.15', 'issued', 'USD', '2025-09-17 21:15:27', '2025-10-03 21:15:27', NULL, 'Loyalty points earned: 50', '2025-11-26 08:02:59', '2025-11-26 08:02:59');


INSERT INTO `leave_requests` (`id`, `employee_id`, `location_id`, `start_date`, `end_date`, `type`, `reason`, `status`, `created_at`, `updated_at`) VALUES
(1, 1, 1, '2026-02-07', '2026-02-09', 'other', 'Personal matters', 'approved', '2026-01-27 08:02:54', '2026-01-31 08:02:54'),
(2, 1, 1, '2025-12-11', '2025-12-12', 'annual', 'Religious observance', 'approved', '2025-12-03 08:02:54', '2025-12-10 08:02:54'),
(3, 1, 1, '2026-01-26', '2026-01-30', 'sick', 'Family celebration', 'approved', '2026-01-17 08:02:54', '2026-01-20 08:02:54'),
(4, 2, 1, '2026-01-12', '2026-01-13', 'annual', 'Personal matters', 'approved', '2026-01-05 08:02:54', '2026-01-09 08:02:54'),
(5, 3, 1, '2026-02-09', '2026-02-11', 'unpaid', 'Religious observance', 'pending', '2026-01-28 08:02:54', '2026-02-07 08:02:54'),
(6, 4, 1, '2026-02-18', '2026-02-22', 'other', 'Medical appointment', 'approved', '2026-02-05 08:02:54', '2026-02-11 08:02:54'),
(7, 4, 1, '2026-02-07', '2026-02-12', 'other', 'Family emergency', 'approved', '2026-01-25 08:02:54', '2026-02-06 08:02:54'),
(8, 4, 1, '2025-12-20', '2025-12-25', 'unpaid', 'Family emergency', 'pending', '2025-12-09 08:02:54', '2025-12-18 08:02:54'),
(9, 5, 1, '2025-12-14', '2025-12-16', 'sick', 'Attending wedding', 'approved', '2025-12-04 08:02:54', '2025-12-09 08:02:54'),
(10, 5, 1, '2025-12-06', '2025-12-09', 'unpaid', 'Annual vacation', 'approved', '2025-11-29 08:02:54', '2025-12-02 08:02:54'),
(11, 6, 1, '2026-01-21', '2026-01-24', 'other', 'Medical appointment', 'approved', '2026-01-07 08:02:54', '2026-01-18 08:02:54'),
(12, 7, 1, '2026-01-01', '2026-01-05', 'sick', 'Medical appointment', 'pending', '2025-12-25 08:02:54', '2025-12-29 08:02:54'),
(13, 8, 1, '2026-02-10', '2026-02-12', 'sick', 'Family emergency', 'pending', '2026-01-30 08:02:54', '2026-02-03 08:02:54'),
(14, 8, 1, '2025-12-23', '2025-12-26', 'other', 'Attending wedding', 'approved', '2025-12-11 08:02:54', '2025-12-18 08:02:54'),
(15, 8, 1, '2026-02-12', '2026-02-14', 'sick', 'Family celebration', 'pending', '2026-02-01 08:02:54', '2026-02-11 08:02:54'),
(16, 9, 1, '2025-12-02', '2025-12-04', 'unpaid', 'Home emergency', 'pending', '2025-11-21 08:02:54', '2025-11-30 08:02:54'),
(17, 10, 1, '2025-12-07', '2025-12-09', 'sick', 'Medical appointment', 'pending', '2025-11-27 08:02:54', '2025-12-02 08:02:54'),
(18, 11, 1, '2025-12-13', '2025-12-16', 'other', 'Medical appointment', 'approved', '2025-11-29 08:02:54', '2025-12-10 08:02:54'),
(19, 11, 1, '2026-02-03', '2026-02-05', 'sick', 'Home emergency', 'approved', '2026-01-25 08:02:54', '2026-02-01 08:02:54'),
(20, 11, 1, '2026-01-31', '2026-02-05', 'unpaid', 'Religious observance', 'approved', '2026-01-24 08:02:54', '2026-01-27 08:02:54'),
(21, 12, 1, '2025-12-15', '2025-12-20', 'unpaid', 'Annual vacation', 'approved', '2025-12-05 08:02:54', '2025-12-11 08:02:54'),
(22, 12, 1, '2025-12-16', '2025-12-21', 'annual', 'Annual vacation', 'approved', '2025-12-08 08:02:54', '2025-12-14 08:02:54'),
(23, 12, 1, '2025-12-17', '2025-12-18', 'unpaid', 'Home emergency', 'pending', '2025-12-09 08:02:54', '2025-12-10 08:02:54'),
(24, 13, 1, '2025-12-30', '2026-01-03', 'other', 'Home emergency', 'approved', '2025-12-23 08:02:54', '2025-12-23 08:02:54'),
(25, 13, 1, '2025-12-29', '2025-12-31', 'other', 'Annual vacation', 'pending', '2025-12-17 08:02:54', '2025-12-22 08:02:54'),
(26, 13, 1, '2026-01-26', '2026-01-31', 'unpaid', 'Religious observance', 'pending', '2026-01-16 08:02:54', '2026-01-23 08:02:54'),
(27, 14, 1, '2025-12-20', '2025-12-23', 'unpaid', 'Family celebration', 'approved', '2025-12-11 08:02:54', '2025-12-19 08:02:54'),
(28, 14, 1, '2026-01-20', '2026-01-22', 'sick', 'Religious observance', 'pending', '2026-01-13 08:02:54', '2026-01-17 08:02:54'),
(29, 15, 1, '2026-02-01', '2026-02-05', 'other', 'Attending wedding', 'pending', '2026-01-19 08:02:54', '2026-01-30 08:02:54'),
(30, 15, 1, '2026-02-07', '2026-02-11', 'unpaid', 'Annual vacation', 'approved', '2026-01-30 08:02:54', '2026-02-04 08:02:54'),
(31, 16, 1, '2026-02-07', '2026-02-09', 'unpaid', 'Family emergency', 'pending', '2026-01-28 08:02:54', '2026-02-05 08:02:54'),
(32, 16, 1, '2026-02-10', '2026-02-14', 'annual', 'Personal matters', 'approved', '2026-01-28 08:02:54', '2026-02-03 08:02:54');

INSERT INTO `loyalty_points` (`id`, `customer_id`, `order_id`, `location_id`, `type`, `points`, `balance_after`, `occurred_at`, `notes`, `created_at`, `updated_at`) VALUES
(1, 9, 218, 1, 'adjust', -4, -4, '2025-10-04 13:52:59', NULL, '2025-11-26 08:02:59', '2025-11-26 08:02:59'),
(2, 1, 33, 1, 'redeem', -7, -7, '2025-10-16 18:37:59', NULL, '2025-11-26 08:02:59', '2025-11-26 08:02:59'),
(3, 4, 89, 1, 'earn', 10, 10, '2025-11-09 01:23:59', NULL, '2025-11-26 08:02:59', '2025-11-26 08:02:59'),
(4, 8, 77, 1, 'adjust', -8, -8, '2025-10-31 21:28:59', NULL, '2025-11-26 08:02:59', '2025-11-26 08:02:59'),
(5, 9, 234, 1, 'redeem', -23, -27, '2025-11-21 00:52:59', NULL, '2025-11-26 08:02:59', '2025-11-26 08:02:59'),
(6, 10, 4, 1, 'earn', 40, 40, '2025-10-28 00:38:59', NULL, '2025-11-26 08:02:59', '2025-11-26 08:02:59'),
(7, 8, 92, 1, 'earn', 24, 16, '2025-10-26 01:16:59', NULL, '2025-11-26 08:02:59', '2025-11-26 08:02:59'),
(8, 6, 161, 1, 'redeem', -29, -29, '2025-09-26 22:33:59', NULL, '2025-11-26 08:02:59', '2025-11-26 08:02:59'),
(9, 6, 161, 1, 'redeem', -10, -39, '2025-11-19 15:13:59', NULL, '2025-11-26 08:02:59', '2025-11-26 08:02:59'),
(10, 5, 110, 1, 'earn', 35, 35, '2025-11-04 08:30:59', NULL, '2025-11-26 08:02:59', '2025-11-26 08:02:59'),
(11, 3, 103, 1, 'earn', 45, 45, '2025-11-04 22:39:59', NULL, '2025-11-26 08:02:59', '2025-11-26 08:02:59'),
(12, 6, 161, 1, 'earn', 48, 9, '2025-10-08 20:55:59', NULL, '2025-11-26 08:02:59', '2025-11-26 08:02:59'),
(13, 4, 75, 1, 'adjust', 7, 17, '2025-11-21 19:01:59', NULL, '2025-11-26 08:02:59', '2025-11-26 08:02:59'),
(14, 9, 70, 1, 'earn', 15, -12, '2025-11-05 06:01:59', NULL, '2025-11-26 08:02:59', '2025-11-26 08:02:59'),
(15, 9, 234, 1, 'earn', 17, -10, '2025-11-18 01:28:59', NULL, '2025-11-26 08:02:59', '2025-11-26 08:02:59'),
(16, 6, 161, 1, 'earn', 17, -22, '2025-11-16 08:36:59', NULL, '2025-11-26 08:02:59', '2025-11-26 08:02:59'),
(17, 9, 70, 1, 'earn', 25, -2, '2025-11-09 01:20:59', NULL, '2025-11-26 08:02:59', '2025-11-26 08:02:59'),
(18, 4, 89, 1, 'earn', 20, 37, '2025-10-18 02:03:59', NULL, '2025-11-26 08:02:59', '2025-11-26 08:02:59'),
(19, 4, 52, 1, 'earn', 5, 22, '2025-10-04 22:24:59', NULL, '2025-11-26 08:02:59', '2025-11-26 08:02:59'),
(20, 3, 236, 1, 'earn', 34, 79, '2025-11-19 20:45:59', NULL, '2025-11-26 08:02:59', '2025-11-26 08:02:59'),
(21, 6, 16, 1, 'earn', 6, -33, '2025-10-21 12:48:59', NULL, '2025-11-26 08:02:59', '2025-11-26 08:02:59'),
(22, 3, 13, 1, 'earn', 44, 123, '2025-10-21 17:40:59', NULL, '2025-11-26 08:02:59', '2025-11-26 08:02:59'),
(23, 2, 87, 1, 'earn', 42, 42, '2025-10-18 08:10:59', NULL, '2025-11-26 08:02:59', '2025-11-26 08:02:59'),
(24, 6, 14, 1, 'redeem', -37, -76, '2025-11-07 12:31:59', NULL, '2025-11-26 08:02:59', '2025-11-26 08:02:59'),
(25, 6, 138, 1, 'earn', 43, 4, '2025-11-08 19:11:59', NULL, '2025-11-26 08:02:59', '2025-11-26 08:02:59'),
(26, 10, 169, 1, 'earn', 5, 45, '2025-11-19 21:29:59', NULL, '2025-11-26 08:02:59', '2025-11-26 08:02:59'),
(27, 1, 93, 1, 'earn', 23, 16, '2025-11-19 14:49:59', NULL, '2025-11-26 08:02:59', '2025-11-26 08:02:59'),
(28, 5, 50, 1, 'earn', 37, 72, '2025-10-21 07:56:59', NULL, '2025-11-26 08:02:59', '2025-11-26 08:02:59'),
(29, 3, 242, 1, 'redeem', -10, 69, '2025-10-08 11:57:59', NULL, '2025-11-26 08:02:59', '2025-11-26 08:02:59'),
(30, 9, 218, 1, 'earn', 9, -18, '2025-11-02 22:02:59', NULL, '2025-11-26 08:02:59', '2025-11-26 08:02:59'),
(31, 3, 35, 1, 'redeem', -35, 44, '2025-10-26 23:56:59', NULL, '2025-11-26 08:02:59', '2025-11-26 08:02:59'),
(32, 3, 103, 1, 'earn', 33, 112, '2025-11-25 02:34:59', NULL, '2025-11-26 08:02:59', '2025-11-26 08:02:59'),
(33, 5, 67, 1, 'adjust', -6, 29, '2025-10-10 09:25:59', NULL, '2025-11-26 08:02:59', '2025-11-26 08:02:59'),
(34, 2, 207, 1, 'earn', 29, 71, '2025-11-04 20:20:59', NULL, '2025-11-26 08:02:59', '2025-11-26 08:02:59'),
(35, 3, 35, 1, 'earn', 36, 148, '2025-11-12 06:47:59', NULL, '2025-11-26 08:02:59', '2025-11-26 08:02:59'),
(36, 4, 52, 1, 'earn', 8, 25, '2025-11-08 16:33:59', NULL, '2025-11-26 08:02:59', '2025-11-26 08:02:59'),
(37, 5, 110, 1, 'adjust', -4, 31, '2025-11-01 02:24:59', NULL, '2025-11-26 08:02:59', '2025-11-26 08:02:59'),
(38, 11, 195, 1, 'redeem', -24, -24, '2025-11-15 00:04:59', NULL, '2025-11-26 08:02:59', '2025-11-26 08:02:59'),
(39, 6, 201, 1, 'redeem', -31, -70, '2025-11-05 15:34:59', NULL, '2025-11-26 08:02:59', '2025-11-26 08:02:59'),
(40, 5, 45, 1, 'redeem', -13, 22, '2025-11-08 21:36:59', NULL, '2025-11-26 08:02:59', '2025-11-26 08:02:59'),
(41, 7, 133, 1, 'earn', 37, 37, '2025-10-07 17:01:59', NULL, '2025-11-26 08:02:59', '2025-11-26 08:02:59'),
(42, 7, 163, 1, 'redeem', -14, 23, '2025-10-18 16:29:59', NULL, '2025-11-26 08:02:59', '2025-11-26 08:02:59'),
(43, 8, 148, 1, 'earn', 20, 12, '2025-10-10 15:04:59', NULL, '2025-11-26 08:02:59', '2025-11-26 08:02:59'),
(44, 9, 66, 1, 'earn', 46, 19, '2025-11-06 14:23:59', NULL, '2025-11-26 08:02:59', '2025-11-26 08:02:59'),
(45, 8, 42, 1, 'earn', 26, 18, '2025-10-10 12:03:59', NULL, '2025-11-26 08:02:59', '2025-11-26 08:02:59'),
(46, 6, 57, 1, 'adjust', -1, -40, '2025-11-15 21:52:59', NULL, '2025-11-26 08:02:59', '2025-11-26 08:02:59'),
(47, 9, 223, 1, 'earn', 8, -19, '2025-11-14 21:51:59', NULL, '2025-11-26 08:02:59', '2025-11-26 08:02:59'),
(48, 5, 61, 1, 'adjust', -7, 15, '2025-10-06 13:33:59', NULL, '2025-11-26 08:02:59', '2025-11-26 08:02:59'),
(49, 11, 200, 1, 'adjust', -9, -33, '2025-10-06 10:47:59', NULL, '2025-11-26 08:02:59', '2025-11-26 08:02:59'),
(50, 8, 113, 1, 'redeem', -37, -45, '2025-10-24 21:53:59', NULL, '2025-11-26 08:02:59', '2025-11-26 08:02:59'),
(51, 1, 147, 1, 'redeem', -14, 2, '2025-11-16 06:54:59', NULL, '2025-11-26 08:02:59', '2025-11-26 08:02:59'),
(52, 7, 133, 1, 'earn', 8, 31, '2025-10-17 03:50:59', NULL, '2025-11-26 08:02:59', '2025-11-26 08:02:59'),
(53, 6, 137, 1, 'earn', 44, 5, '2025-10-18 00:43:59', NULL, '2025-11-26 08:02:59', '2025-11-26 08:02:59'),
(54, 6, 14, 1, 'earn', 9, -30, '2025-11-10 07:05:59', NULL, '2025-11-26 08:02:59', '2025-11-26 08:02:59'),
(55, 6, 16, 1, 'redeem', -24, -63, '2025-10-04 10:34:59', NULL, '2025-11-26 08:02:59', '2025-11-26 08:02:59'),
(56, 10, 107, 1, 'earn', 45, 90, '2025-11-16 07:20:59', NULL, '2025-11-26 08:02:59', '2025-11-26 08:02:59'),
(57, 6, 137, 1, 'earn', 5, -34, '2025-11-23 15:51:59', NULL, '2025-11-26 08:02:59', '2025-11-26 08:02:59'),
(58, 9, 210, 1, 'adjust', 10, -17, '2025-10-15 15:45:59', NULL, '2025-11-26 08:02:59', '2025-11-26 08:02:59'),
(59, 10, 4, 1, 'earn', 24, 69, '2025-11-01 21:49:59', NULL, '2025-11-26 08:02:59', '2025-11-26 08:02:59'),
(60, 11, 195, 1, 'redeem', -23, -47, '2025-10-27 08:29:59', NULL, '2025-11-26 08:02:59', '2025-11-26 08:02:59'),
(61, 6, 161, 1, 'earn', 47, 13, '2025-11-19 08:43:59', NULL, '2025-11-26 08:02:59', '2025-11-26 08:02:59'),
(62, 9, 206, 1, 'adjust', 6, -21, '2025-11-22 17:10:59', NULL, '2025-11-26 08:02:59', '2025-11-26 08:02:59'),
(63, 5, 98, 1, 'earn', 8, 30, '2025-11-14 07:18:59', NULL, '2025-11-26 08:02:59', '2025-11-26 08:02:59'),
(64, 2, 87, 1, 'redeem', -24, 47, '2025-10-13 08:55:59', NULL, '2025-11-26 08:02:59', '2025-11-26 08:02:59'),
(65, 11, 102, 1, 'earn', 49, 25, '2025-11-16 18:05:59', NULL, '2025-11-26 08:02:59', '2025-11-26 08:02:59'),
(66, 4, 89, 1, 'earn', 45, 62, '2025-11-07 23:36:59', NULL, '2025-11-26 08:02:59', '2025-11-26 08:02:59'),
(67, 2, 94, 1, 'adjust', -10, 61, '2025-10-30 19:32:59', NULL, '2025-11-26 08:02:59', '2025-11-26 08:02:59'),
(68, 7, 167, 1, 'earn', 36, 59, '2025-11-15 01:22:59', NULL, '2025-11-26 08:02:59', '2025-11-26 08:02:59'),
(69, 8, 92, 1, 'adjust', 3, -5, '2025-11-12 18:37:59', NULL, '2025-11-26 08:02:59', '2025-11-26 08:02:59'),
(70, 7, 204, 1, 'adjust', -9, 50, '2025-11-07 22:40:59', NULL, '2025-11-26 08:02:59', '2025-11-26 08:02:59'),
(71, 2, 160, 1, 'earn', 15, 86, '2025-10-17 03:24:59', NULL, '2025-11-26 08:02:59', '2025-11-26 08:02:59'),
(72, 5, 56, 1, 'earn', 10, 40, '2025-09-29 06:58:59', NULL, '2025-11-26 08:02:59', '2025-11-26 08:02:59'),
(73, 5, 67, 1, 'earn', 27, 57, '2025-10-07 21:46:59', NULL, '2025-11-26 08:02:59', '2025-11-26 08:02:59'),
(74, 8, 82, 1, 'adjust', 5, 0, '2025-10-24 16:03:59', NULL, '2025-11-26 08:02:59', '2025-11-26 08:02:59'),
(75, 8, 97, 1, 'adjust', 1, -4, '2025-11-10 01:47:59', NULL, '2025-11-26 08:02:59', '2025-11-26 08:02:59'),
(76, 6, 221, 1, 'earn', 15, -19, '2025-11-13 05:55:59', NULL, '2025-11-26 08:02:59', '2025-11-26 08:02:59'),
(77, 9, 206, 1, 'earn', 9, -12, '2025-10-05 19:03:59', NULL, '2025-11-26 08:02:59', '2025-11-26 08:02:59'),
(78, 5, 61, 1, 'adjust', -10, 20, '2025-10-21 08:08:59', NULL, '2025-11-26 08:02:59', '2025-11-26 08:02:59'),
(79, 5, 50, 1, 'earn', 43, 73, '2025-11-24 19:15:59', NULL, '2025-11-26 08:02:59', '2025-11-26 08:02:59'),
(80, 9, 149, 1, 'redeem', -24, -45, '2025-10-18 22:41:59', NULL, '2025-11-26 08:02:59', '2025-11-26 08:02:59'),
(81, 3, 236, 1, 'earn', 46, 158, '2025-11-24 08:21:59', NULL, '2025-11-26 08:02:59', '2025-11-26 08:02:59'),
(82, 8, 113, 1, 'earn', 42, 37, '2025-10-14 05:32:59', NULL, '2025-11-26 08:02:59', '2025-11-26 08:02:59'),
(83, 2, 94, 1, 'earn', 31, 102, '2025-10-12 00:04:59', NULL, '2025-11-26 08:02:59', '2025-11-26 08:02:59'),
(84, 2, 68, 1, 'earn', 40, 111, '2025-10-25 11:34:59', NULL, '2025-11-26 08:02:59', '2025-11-26 08:02:59'),
(85, 7, 167, 1, 'earn', 35, 94, '2025-11-23 05:31:59', NULL, '2025-11-26 08:02:59', '2025-11-26 08:02:59'),
(86, 11, 102, 1, 'redeem', -21, 4, '2025-10-17 23:35:59', NULL, '2025-11-26 08:02:59', '2025-11-26 08:02:59'),
(87, 11, 195, 1, 'earn', 28, 53, '2025-09-26 10:04:59', NULL, '2025-11-26 08:02:59', '2025-11-26 08:02:59'),
(88, 1, 33, 1, 'adjust', 10, 26, '2025-11-13 18:46:59', NULL, '2025-11-26 08:02:59', '2025-11-26 08:02:59'),
(89, 10, 4, 1, 'earn', 42, 87, '2025-11-17 05:27:59', NULL, '2025-11-26 08:02:59', '2025-11-26 08:02:59'),
(90, 2, 207, 1, 'earn', 41, 112, '2025-11-04 22:02:59', NULL, '2025-11-26 08:02:59', '2025-11-26 08:02:59'),
(91, 3, 242, 1, 'redeem', -33, 79, '2025-10-27 13:28:59', NULL, '2025-11-26 08:02:59', '2025-11-26 08:02:59'),
(92, 5, 67, 1, 'earn', 50, 123, '2025-11-17 00:23:59', NULL, '2025-11-26 08:02:59', '2025-11-26 08:02:59'),
(93, 3, 179, 1, 'earn', 14, 126, '2025-11-07 04:55:59', NULL, '2025-11-26 08:02:59', '2025-11-26 08:02:59'),
(94, 1, 199, 1, 'earn', 43, 59, '2025-10-09 23:54:59', NULL, '2025-11-26 08:02:59', '2025-11-26 08:02:59'),
(95, 3, 238, 1, 'earn', 27, 139, '2025-10-31 03:09:59', NULL, '2025-11-26 08:02:59', '2025-11-26 08:02:59'),
(96, 3, 103, 1, 'earn', 50, 162, '2025-11-24 05:16:59', NULL, '2025-11-26 08:02:59', '2025-11-26 08:02:59'),
(97, 11, 95, 1, 'earn', 29, 54, '2025-10-06 16:56:59', NULL, '2025-11-26 08:02:59', '2025-11-26 08:02:59'),
(98, 8, 42, 1, 'earn', 27, 22, '2025-11-16 00:59:59', NULL, '2025-11-26 08:02:59', '2025-11-26 08:02:59'),
(99, 2, 160, 1, 'redeem', -24, 88, '2025-10-17 04:17:59', NULL, '2025-11-26 08:02:59', '2025-11-26 08:02:59'),
(100, 6, 16, 1, 'earn', 45, 11, '2025-11-17 23:13:59', NULL, '2025-11-26 08:02:59', '2025-11-26 08:02:59'),
(101, 11, 95, 1, 'earn', 48, 73, '2025-10-27 06:28:59', NULL, '2025-11-26 08:02:59', '2025-11-26 08:02:59'),
(102, 1, 2, 1, 'earn', 11, 27, '2025-11-18 22:48:59', NULL, '2025-11-26 08:02:59', '2025-11-26 08:02:59'),
(103, 8, 82, 1, 'earn', 46, 68, '2025-11-05 14:47:59', NULL, '2025-11-26 08:02:59', '2025-11-26 08:02:59'),
(104, 8, 47, 1, 'earn', 6, 28, '2025-11-09 10:47:59', NULL, '2025-11-26 08:02:59', '2025-11-26 08:02:59'),
(105, 1, 32, 1, 'earn', 13, 29, '2025-10-12 12:44:59', NULL, '2025-11-26 08:02:59', '2025-11-26 08:02:59'),
(106, 3, 164, 1, 'earn', 24, 136, '2025-10-29 11:04:59', NULL, '2025-11-26 08:02:59', '2025-11-26 08:02:59'),
(107, 5, 110, 1, 'adjust', -10, 63, '2025-10-23 14:43:59', NULL, '2025-11-26 08:02:59', '2025-11-26 08:02:59'),
(108, 8, 42, 1, 'redeem', -29, -7, '2025-11-19 16:15:59', NULL, '2025-11-26 08:02:59', '2025-11-26 08:02:59'),
(109, 11, 102, 1, 'earn', 38, 63, '2025-10-11 15:08:59', NULL, '2025-11-26 08:02:59', '2025-11-26 08:02:59'),
(110, 4, 136, 1, 'earn', 16, 33, '2025-10-12 08:12:59', NULL, '2025-11-26 08:02:59', '2025-11-26 08:02:59'),
(111, 2, 68, 1, 'earn', 13, 125, '2025-10-28 21:03:59', NULL, '2025-11-26 08:02:59', '2025-11-26 08:02:59'),
(112, 9, 234, 1, 'earn', 48, 27, '2025-11-04 06:54:59', NULL, '2025-11-26 08:02:59', '2025-11-26 08:02:59'),
(113, 2, 216, 1, 'adjust', -2, 110, '2025-11-20 11:30:59', NULL, '2025-11-26 08:02:59', '2025-11-26 08:02:59'),
(114, 3, 15, 1, 'earn', 31, 143, '2025-11-03 04:36:59', NULL, '2025-11-26 08:02:59', '2025-11-26 08:02:59'),
(115, 8, 26, 1, 'earn', 19, 12, '2025-10-14 06:38:59', NULL, '2025-11-26 08:02:59', '2025-11-26 08:02:59'),
(116, 5, 50, 1, 'earn', 18, 91, '2025-10-17 08:48:59', NULL, '2025-11-26 08:02:59', '2025-11-26 08:02:59'),
(117, 11, 211, 1, 'earn', 9, 34, '2025-10-01 22:54:59', NULL, '2025-11-26 08:02:59', '2025-11-26 08:02:59'),
(118, 7, 231, 1, 'earn', 9, 103, '2025-11-11 04:32:59', NULL, '2025-11-26 08:02:59', '2025-11-26 08:02:59'),
(119, 3, 238, 1, 'adjust', 5, 117, '2025-11-09 21:40:59', NULL, '2025-11-26 08:02:59', '2025-11-26 08:02:59'),
(120, 8, 148, 1, 'earn', 38, 31, '2025-11-15 12:25:59', NULL, '2025-11-26 08:02:59', '2025-11-26 08:02:59'),
(121, 7, 132, 1, 'earn', 15, 109, '2025-11-06 05:48:59', NULL, '2025-11-26 08:02:59', '2025-11-26 08:02:59'),
(122, 4, 237, 1, 'earn', 14, 31, '2025-09-29 18:31:59', NULL, '2025-11-26 08:02:59', '2025-11-26 08:02:59'),
(123, 11, 84, 1, 'redeem', -20, 5, '2025-11-23 08:27:59', NULL, '2025-11-26 08:02:59', '2025-11-26 08:02:59'),
(124, 11, 95, 1, 'earn', 50, 55, '2025-11-11 07:38:59', NULL, '2025-11-26 08:02:59', '2025-11-26 08:02:59'),
(125, 5, 67, 1, 'adjust', -1, 72, '2025-10-06 13:33:59', NULL, '2025-11-26 08:02:59', '2025-11-26 08:02:59'),
(126, 9, 66, 1, 'redeem', -39, -60, '2025-10-11 02:14:59', NULL, '2025-11-26 08:02:59', '2025-11-26 08:02:59'),
(127, 10, 107, 1, 'redeem', -6, 39, '2025-11-09 17:46:59', NULL, '2025-11-26 08:02:59', '2025-11-26 08:02:59'),
(128, 9, 149, 1, 'earn', 13, -8, '2025-10-23 16:49:59', NULL, '2025-11-26 08:02:59', '2025-11-26 08:02:59'),
(129, 2, 68, 1, 'adjust', -5, 105, '2025-11-16 16:10:59', NULL, '2025-11-26 08:02:59', '2025-11-26 08:02:59'),
(130, 8, 82, 1, 'redeem', -19, -26, '2025-11-22 12:55:59', NULL, '2025-11-26 08:02:59', '2025-11-26 08:02:59'),
(131, 10, 4, 1, 'earn', 32, 77, '2025-10-14 12:45:59', NULL, '2025-11-26 08:02:59', '2025-11-26 08:02:59'),
(132, 10, 4, 1, 'adjust', 10, 55, '2025-10-16 20:41:59', NULL, '2025-11-26 08:02:59', '2025-11-26 08:02:59'),
(133, 7, 163, 1, 'earn', 41, 135, '2025-10-27 08:26:59', NULL, '2025-11-26 08:02:59', '2025-11-26 08:02:59'),
(134, 9, 210, 1, 'earn', 17, -4, '2025-10-10 14:32:59', NULL, '2025-11-26 08:02:59', '2025-11-26 08:02:59'),
(135, 7, 133, 1, 'adjust', 0, 94, '2025-10-14 00:33:59', NULL, '2025-11-26 08:02:59', '2025-11-26 08:02:59'),
(136, 11, 39, 1, 'earn', 7, 12, '2025-11-05 17:03:59', NULL, '2025-11-26 08:02:59', '2025-11-26 08:02:59'),
(137, 7, 133, 1, 'redeem', -16, 78, '2025-11-24 23:36:59', NULL, '2025-11-26 08:02:59', '2025-11-26 08:02:59'),
(138, 1, 192, 1, 'redeem', -27, -11, '2025-09-30 06:37:59', NULL, '2025-11-26 08:02:59', '2025-11-26 08:02:59'),
(139, 2, 160, 1, 'earn', 45, 155, '2025-11-20 17:49:59', NULL, '2025-11-26 08:02:59', '2025-11-26 08:02:59'),
(140, 1, 198, 1, 'earn', 38, 54, '2025-11-10 12:00:59', NULL, '2025-11-26 08:02:59', '2025-11-26 08:02:59'),
(141, 2, 63, 1, 'earn', 16, 171, '2025-11-19 21:42:59', NULL, '2025-11-26 08:02:59', '2025-11-26 08:02:59'),
(142, 5, 56, 1, 'adjust', -6, 67, '2025-11-22 22:51:59', NULL, '2025-11-26 08:02:59', '2025-11-26 08:02:59'),
(143, 1, 243, 1, 'earn', 38, 54, '2025-11-04 02:10:59', NULL, '2025-11-26 08:02:59', '2025-11-26 08:02:59'),
(144, 6, 219, 1, 'redeem', -35, -69, '2025-11-22 15:52:59', NULL, '2025-11-26 08:02:59', '2025-11-26 08:02:59'),
(145, 8, 92, 1, 'redeem', -28, -54, '2025-11-23 21:03:59', NULL, '2025-11-26 08:02:59', '2025-11-26 08:02:59'),
(146, 4, 146, 1, 'earn', 42, 59, '2025-11-06 15:00:59', NULL, '2025-11-26 08:02:59', '2025-11-26 08:02:59'),
(147, 3, 35, 1, 'earn', 9, 121, '2025-10-20 03:39:59', NULL, '2025-11-26 08:02:59', '2025-11-26 08:02:59'),
(148, 4, 196, 1, 'adjust', 9, 26, '2025-10-02 13:39:59', NULL, '2025-11-26 08:02:59', '2025-11-26 08:02:59'),
(149, 9, 223, 1, 'earn', 37, 16, '2025-10-17 03:39:59', NULL, '2025-11-26 08:02:59', '2025-11-26 08:02:59'),
(150, 6, 161, 1, 'earn', 27, -7, '2025-11-07 21:37:59', NULL, '2025-11-26 08:02:59', '2025-11-26 08:02:59');
INSERT INTO `menu_item_translations` (`id`, `menu_item_id`, `locale`, `name`, `description`, `created_at`, `updated_at`) VALUES
(1, 1, 'en', 'Fresh Spring Rolls', 'Crispy spring rolls filled with fresh vegetables and herbs, served with sweet chili sauce', '2025-11-26 08:02:50', '2025-11-26 08:02:50'),
(2, 1, 'km', '', '   ', '2025-11-26 08:02:50', '2025-11-26 08:02:50'),
(3, 2, 'en', 'Chicken Satay', 'Grilled chicken skewers marinated in aromatic spices, served with peanut sauce', '2025-11-26 08:02:50', '2025-11-26 08:02:50'),
(4, 2, 'km', '', ' ', '2025-11-26 08:02:50', '2025-11-26 08:02:50'),
(5, 3, 'en', 'Cambodian Fish Cakes', 'Traditional fish cakes made with fresh river fish and aromatic herbs', '2025-11-26 08:02:50', '2025-11-26 08:02:50'),
(6, 3, 'km', '', '  ', '2025-11-26 08:02:50', '2025-11-26 08:02:50'),
(7, 4, 'en', 'Green Papaya Salad', 'Fresh and tangy salad with shredded green papaya, tomatoes, and lime dressing', '2025-11-26 08:02:50', '2025-11-26 08:02:50'),
(8, 4, 'km', '', '  ', '2025-11-26 08:02:50', '2025-11-26 08:02:50'),
(9, 5, 'en', 'Cambodian Beef Salad', 'Tender beef slices with fresh herbs, vegetables and tangy lime dressing', '2025-11-26 08:02:50', '2025-11-26 08:02:50'),
(10, 5, 'km', '', '  ', '2025-11-26 08:02:50', '2025-11-26 08:02:50'),
(11, 6, 'en', 'Mixed Appetizer Platter', 'A selection of our finest appetizers perfect for sharing', '2025-11-26 08:02:50', '2025-11-26 08:02:50'),
(12, 6, 'km', '', '', '2025-11-26 08:02:50', '2025-11-26 08:02:50'),
(13, 7, 'en', 'Traditional Khmer Noodle Soup', 'Authentic Cambodian noodle soup with rich broth and fresh herbs', '2025-11-26 08:02:50', '2025-11-26 08:02:50'),
(14, 7, 'km', '', '  ', '2025-11-26 08:02:50', '2025-11-26 08:02:50'),
(15, 8, 'en', 'Pad Thai', 'Classic Thai stir-fried noodles with shrimp, tofu, and bean sprouts', '2025-11-26 08:02:50', '2025-11-26 08:02:50'),
(16, 8, 'km', '', '   ', '2025-11-26 08:02:50', '2025-11-26 08:02:50'),
(17, 9, 'en', 'Spaghetti Carbonara', 'Classic Italian pasta with creamy sauce, bacon, and parmesan cheese', '2025-11-26 08:02:50', '2025-11-26 08:02:50'),
(18, 9, 'km', '', '  ', '2025-11-26 08:02:50', '2025-11-26 08:02:50'),
(19, 10, 'en', 'Sour Fish Soup', 'Traditional Cambodian sour soup with fresh fish and vegetables', '2025-11-26 08:02:50', '2025-11-26 08:02:50'),
(20, 10, 'km', '', '  ', '2025-11-26 08:02:50', '2025-11-26 08:02:50'),
(21, 11, 'en', 'Chicken Coconut Soup', 'Creamy coconut soup with tender chicken and aromatic herbs', '2025-11-26 08:02:50', '2025-11-26 08:02:50'),
(22, 11, 'km', '', '  ', '2025-11-26 08:02:50', '2025-11-26 08:02:50'),
(23, 12, 'en', 'Lotus Stem Salad', 'Crunchy lotus stem salad with herbs and lime dressing', '2025-11-26 08:02:50', '2025-11-26 08:02:50'),
(24, 12, 'km', '', '  ', '2025-11-26 08:02:50', '2025-11-26 08:02:50'),
(25, 13, 'en', 'Sticky Rice with Mango', 'Sweet sticky rice served with fresh mango slices and coconut milk', '2025-11-26 08:02:50', '2025-11-26 08:02:50'),
(26, 13, 'km', '', '  ', '2025-11-26 08:02:50', '2025-11-26 08:02:50'),
(27, 14, 'en', 'Coconut Custard', 'Traditional Cambodian coconut custard dessert', '2025-11-26 08:02:50', '2025-11-26 08:02:50'),
(28, 14, 'km', '', '', '2025-11-26 08:02:50', '2025-11-26 08:02:50'),
(29, 15, 'en', 'Coconut Ice Cream', 'Creamy coconut ice cream made with fresh coconut milk', '2025-11-26 08:02:50', '2025-11-26 08:02:50'),
(30, 15, 'km', '', '', '2025-11-26 08:02:50', '2025-11-26 08:02:50'),
(31, 16, 'en', 'Mango Ice Cream', 'Rich and creamy mango ice cream made with fresh mangoes', '2025-11-26 08:02:50', '2025-11-26 08:02:50'),
(32, 16, 'km', '', '', '2025-11-26 08:02:50', '2025-11-26 08:02:50'),
(33, 17, 'en', 'Chocolate Cake', 'Rich chocolate cake with smooth chocolate ganache', '2025-11-26 08:02:50', '2025-11-26 08:02:50'),
(34, 17, 'km', '', '', '2025-11-26 08:02:50', '2025-11-26 08:02:50'),
(35, 18, 'en', 'Traditional Cambodian Coffee', 'Strong Cambodian coffee served with condensed milk', '2025-11-26 08:02:50', '2025-11-26 08:02:50'),
(36, 18, 'km', '', '', '2025-11-26 08:02:50', '2025-11-26 08:02:50'),
(37, 19, 'en', 'Jasmine Tea', 'Fragrant jasmine tea served hot', '2025-11-26 08:02:50', '2025-11-26 08:02:50'),
(38, 19, 'km', '', '', '2025-11-26 08:02:50', '2025-11-26 08:02:50'),
(39, 20, 'en', 'Iced Coffee', 'Refreshing iced coffee with condensed milk', '2025-11-26 08:02:50', '2025-11-26 08:02:50'),
(40, 20, 'km', '', '', '2025-11-26 08:02:50', '2025-11-26 08:02:50'),
(41, 21, 'en', 'Soft Drinks', 'Selection of carbonated soft drinks', '2025-11-26 08:02:50', '2025-11-26 08:02:50'),
(42, 21, 'km', '', '', '2025-11-26 08:02:50', '2025-11-26 08:02:50'),
(43, 22, 'en', 'Fresh Orange Juice', 'Freshly squeezed orange juice', '2025-11-26 08:02:50', '2025-11-26 08:02:50'),
(44, 22, 'km', '', '', '2025-11-26 08:02:50', '2025-11-26 08:02:50'),
(45, 23, 'en', 'Watermelon Juice', 'Fresh watermelon juice, perfect for hot weather', '2025-11-26 08:02:50', '2025-11-26 08:02:50'),
(46, 23, 'km', '', '', '2025-11-26 08:02:50', '2025-11-26 08:02:50'),
(47, 24, 'en', 'Angkor Beer', 'Cambodia\'s premium local beer', '2025-11-26 08:02:50', '2025-11-26 08:02:50'),
(48, 24, 'km', '', '', '2025-11-26 08:02:50', '2025-11-26 08:02:50'),
(49, 25, 'en', 'House Red Wine', 'Our selection of red wine by the glass', '2025-11-26 08:02:50', '2025-11-26 08:02:50'),
(50, 25, 'km', '', '', '2025-11-26 08:02:50', '2025-11-26 08:02:50'),
(51, 26, 'en', 'Grilled Fish in Banana Leaf', 'Fresh fish grilled in banana leaf with traditional Khmer spices', '2025-11-26 08:02:50', '2025-11-26 08:02:50'),
(52, 26, 'km', '', '', '2025-11-26 08:02:50', '2025-11-26 08:02:50'),
(53, 27, 'en', 'Steamed Fish with Ginger', 'Delicate steamed fish with fresh ginger and soy sauce', '2025-11-26 08:02:50', '2025-11-26 08:02:50'),
(54, 27, 'km', '', '  ', '2025-11-26 08:02:50', '2025-11-26 08:02:50'),
(55, 28, 'en', 'Prawns in Tamarind Sauce', 'Fresh prawns cooked in sweet and sour tamarind sauce', '2025-11-26 08:02:50', '2025-11-26 08:02:50'),
(56, 28, 'km', '', '', '2025-11-26 08:02:50', '2025-11-26 08:02:50'),
(57, 29, 'en', 'Grilled Beef in Lolot Leaves', 'Premium beef wrapped in aromatic lolot leaves and grilled to perfection', '2025-11-26 08:02:50', '2025-11-26 08:02:50'),
(58, 29, 'km', '', ' ', '2025-11-26 08:02:50', '2025-11-26 08:02:50'),
(59, 30, 'en', 'Grilled Pork Ribs', 'Tender pork ribs marinated in special sauce and grilled over charcoal', '2025-11-26 08:02:50', '2025-11-26 08:02:50'),
(60, 30, 'km', '', ' ', '2025-11-26 08:02:50', '2025-11-26 08:02:50'),
(61, 31, 'en', 'Grilled Chicken Wings', 'Juicy chicken wings marinated in herbs and spices, grilled to golden perfection', '2025-11-26 08:02:50', '2025-11-26 08:02:50'),
(62, 31, 'km', '', ' ', '2025-11-26 08:02:50', '2025-11-26 08:02:50'),
(63, 32, 'en', 'Stir-fried Morning Glory', 'Fresh water spinach stir-fried with garlic and oyster sauce', '2025-11-26 08:02:50', '2025-11-26 08:02:50'),
(64, 32, 'km', '', '  ', '2025-11-26 08:02:50', '2025-11-26 08:02:50'),
(65, 33, 'en', 'Tofu Red Curry', 'Silky tofu in aromatic red curry with vegetables', '2025-11-26 08:02:50', '2025-11-26 08:02:50'),
(66, 33, 'km', '', '', '2025-11-26 08:02:50', '2025-11-26 08:02:50');
INSERT INTO `menu_items` (`id`, `location_id`, `category_id`, `sku`, `slug`, `price`, `rating`, `reviews_count`, `cost`, `prep_time`, `calories`, `image_path`, `description`, `is_popular`, `is_featured`, `featured_order`, `badge`, `is_active`, `display_order`, `created_at`, `updated_at`) VALUES
(1, 1, 1, NULL, 'spring-rolls', '8.50', NULL, 0, '3.20', NULL, NULL, '\\images\\menu-items\\spring-rolls.jpg', NULL, 1, 0, 0, NULL, 1, 0, '2025-11-26 08:02:49', '2025-11-26 08:02:49'),
(2, 1, 1, NULL, 'chicken-satay', '12.00', NULL, 0, '4.50', NULL, NULL, '\\images\\menu-items\\chicken-satay.jpg', NULL, 1, 1, 2, NULL, 1, 0, '2025-11-26 08:02:49', '2025-11-26 08:02:49'),
(3, 1, 1, NULL, 'fish-cakes', '10.50', NULL, 0, '4.00', NULL, NULL, '\\images\\menu-items\\fish-cakes.jpg', NULL, 0, 1, 8, NULL, 1, 0, '2025-11-26 08:02:49', '2025-11-26 08:02:49'),
(4, 1, 1, NULL, 'papaya-salad', '9.00', NULL, 0, '2.50', NULL, NULL, '\\images\\menu-items\\papaya-salad.jpg', NULL, 1, 1, 4, NULL, 1, 0, '2025-11-26 08:02:49', '2025-11-26 08:02:49'),
(5, 1, 1, NULL, 'beef-salad', '13.50', NULL, 0, '5.00', NULL, NULL, '\\images\\menu-items\\beef-salad.jpg', NULL, 1, 1, 5, NULL, 1, 0, '2025-11-26 08:02:49', '2025-11-26 08:02:49'),
(6, 1, 1, NULL, 'mixed-appetizer-platter', '28.00', NULL, 0, '12.00', NULL, NULL, '\\images\\menu-items\\mixed-appetizer-platter.jpg', NULL, 1, 1, 6, NULL, 1, 0, '2025-11-26 08:02:49', '2025-11-26 08:02:49'),
(7, 1, 2, NULL, 'khmer-noodle-soup', '12.50', NULL, 0, '4.00', NULL, NULL, '\\images\\menu-items\\khmer-noodle-soup.jpg', NULL, 1, 1, 7, NULL, 1, 0, '2025-11-26 08:02:49', '2025-11-26 08:02:49'),
(8, 1, 2, NULL, 'pad-thai', '14.00', NULL, 0, '4.50', NULL, NULL, '\\images\\menu-items\\pad-thai.jpg', NULL, 1, 1, 1, NULL, 1, 0, '2025-11-26 08:02:49', '2025-11-26 08:02:49'),
(9, 1, 2, NULL, 'spaghetti-carbonara', '16.50', NULL, 0, '5.50', NULL, NULL, '\\images\\menu-items\\spaghetti-carbonara.jpg', NULL, 0, 0, 0, NULL, 1, 0, '2025-11-26 08:02:49', '2025-11-26 08:02:49'),
(10, 1, 3, NULL, 'sour-soup-fish', '15.00', NULL, 0, '5.50', NULL, NULL, '\\images\\menu-items\\sour-soup-fish.jpg', NULL, 1, 0, 0, NULL, 1, 0, '2025-11-26 08:02:49', '2025-11-26 08:02:49'),
(11, 1, 3, NULL, 'chicken-coconut-soup', '13.50', NULL, 0, '4.50', NULL, NULL, '\\images\\menu-items\\chicken-coconut-soup.jpg', NULL, 1, 0, 0, NULL, 1, 0, '2025-11-26 08:02:49', '2025-11-26 08:02:49'),
(12, 1, 3, NULL, 'lotus-stem-salad', '10.00', NULL, 0, '3.00', NULL, NULL, '\\images\\menu-items\\lotus-stem-salad.jpg', NULL, 0, 0, 0, NULL, 1, 0, '2025-11-26 08:02:49', '2025-11-26 08:02:49'),
(13, 1, 4, NULL, 'sticky-rice-mango', '7.50', NULL, 0, '2.50', NULL, NULL, '\\images\\menu-items\\sticky-rice-mango.jpg', NULL, 1, 0, 0, NULL, 1, 0, '2025-11-26 08:02:49', '2025-11-26 08:02:49'),
(14, 1, 4, NULL, 'coconut-custard', '6.50', NULL, 0, '2.00', NULL, NULL, '\\images\\menu-items\\coconut-custard.jpg', NULL, 1, 0, 0, NULL, 1, 0, '2025-11-26 08:02:49', '2025-11-26 08:02:49'),
(15, 1, 4, NULL, 'coconut-ice-cream', '5.50', NULL, 0, '1.50', NULL, NULL, '\\images\\menu-items\\coconut-ice-cream.jpg', NULL, 1, 0, 0, NULL, 1, 0, '2025-11-26 08:02:49', '2025-11-26 08:02:49'),
(16, 1, 4, NULL, 'mango-ice-cream', '6.00', NULL, 0, '1.80', NULL, NULL, '\\images\\menu-items\\mango-ice-cream.jpg', NULL, 1, 0, 0, NULL, 1, 0, '2025-11-26 08:02:49', '2025-11-26 08:02:49'),
(17, 1, 4, NULL, 'chocolate-cake', '8.50', NULL, 0, '3.00', NULL, NULL, '\\images\\menu-items\\chocolate-cake.jpg', NULL, 1, 0, 0, NULL, 1, 0, '2025-11-26 08:02:49', '2025-11-26 08:02:49'),
(18, 1, 5, NULL, 'cambodian-coffee', '4.50', NULL, 0, '1.00', NULL, NULL, '\\images\\menu-items\\cambodian-coffee.jpg', NULL, 1, 0, 0, NULL, 1, 0, '2025-11-26 08:02:49', '2025-11-26 08:02:49'),
(19, 1, 5, NULL, 'jasmine-tea', '3.50', NULL, 0, '0.80', NULL, NULL, '\\images\\menu-items\\jasmine-tea.jpg', NULL, 1, 0, 0, NULL, 1, 0, '2025-11-26 08:02:49', '2025-11-26 08:02:49'),
(20, 1, 5, NULL, 'iced-coffee', '4.00', NULL, 0, '1.20', NULL, NULL, '\\images\\menu-items\\iced-coffee.jpg', NULL, 1, 0, 0, NULL, 1, 0, '2025-11-26 08:02:49', '2025-11-26 08:02:49'),
(21, 1, 5, NULL, 'soft-drinks', '2.50', NULL, 0, '0.80', NULL, NULL, '\\images\\menu-items\\soft-drinks.jpg', NULL, 1, 0, 0, NULL, 1, 0, '2025-11-26 08:02:49', '2025-11-26 08:02:49'),
(22, 1, 5, NULL, 'fresh-orange-juice', '5.50', NULL, 0, '2.00', NULL, NULL, '\\images\\menu-items\\fresh-orange-juice.jpg', NULL, 1, 0, 0, NULL, 1, 0, '2025-11-26 08:02:49', '2025-11-26 08:02:49'),
(23, 1, 5, NULL, 'watermelon-juice', '4.50', NULL, 0, '1.50', NULL, NULL, '\\images\\menu-items\\watermelon-juice.jpg', NULL, 1, 0, 0, NULL, 1, 0, '2025-11-26 08:02:49', '2025-11-26 08:02:49'),
(24, 1, 5, NULL, 'angkor-beer', '3.50', NULL, 0, '1.50', NULL, NULL, '\\images\\menu-items\\angkor-beer.jpg', NULL, 1, 0, 0, NULL, 1, 0, '2025-11-26 08:02:49', '2025-11-26 08:02:49'),
(25, 1, 5, NULL, 'house-wine-red', '8.50', NULL, 0, '3.50', NULL, NULL, '\\images\\menu-items\\house-wine-red.jpg', NULL, 0, 0, 0, NULL, 1, 0, '2025-11-26 08:02:49', '2025-11-26 08:02:49'),
(26, 1, 11, NULL, 'grilled-fish-banana-leaf', '25.00', NULL, 0, '10.00', NULL, NULL, '\\images\\menu-items\\grilled-fish-banana-leaf.jpg', NULL, 1, 0, 0, NULL, 1, 0, '2025-11-26 08:02:49', '2025-11-26 08:02:49'),
(27, 1, 11, NULL, 'steamed-fish-ginger', '28.00', NULL, 0, '12.00', NULL, NULL, '\\images\\menu-items\\steamed-fish-ginger.jpg', NULL, 1, 0, 0, NULL, 1, 0, '2025-11-26 08:02:49', '2025-11-26 08:02:49'),
(28, 1, 11, NULL, 'prawns-tamarind-sauce', '32.00', NULL, 0, '14.00', NULL, NULL, '\\images\\menu-items\\prawns-tamarind-sauce.jpg', NULL, 1, 0, 0, NULL, 1, 0, '2025-11-26 08:02:49', '2025-11-26 08:02:49'),
(29, 1, 9, NULL, 'grilled-beef-lolot', '18.50', NULL, 0, '7.50', NULL, NULL, '\\images\\menu-items\\grilled-beef-lolot.jpg', NULL, 1, 0, 0, NULL, 1, 0, '2025-11-26 08:02:49', '2025-11-26 08:02:49'),
(30, 1, 9, NULL, 'grilled-pork-ribs', '22.00', NULL, 0, '9.00', NULL, NULL, '\\images\\menu-items\\grilled-pork-ribs.jpg', NULL, 1, 0, 0, NULL, 1, 0, '2025-11-26 08:02:49', '2025-11-26 08:02:49'),
(31, 1, 9, NULL, 'grilled-chicken-wings', '15.00', NULL, 0, '5.50', NULL, NULL, '\\images\\menu-items\\grilled-chicken-wings.jpg', NULL, 1, 0, 0, NULL, 1, 0, '2025-11-26 08:02:49', '2025-11-26 08:02:49'),
(32, 1, 12, NULL, 'stir-fried-morning-glory', '8.00', NULL, 0, '2.00', NULL, NULL, '\\images\\menu-items\\stir-fried-morning-glory.jpg', NULL, 1, 0, 0, NULL, 1, 0, '2025-11-26 08:02:49', '2025-11-26 08:02:49'),
(33, 1, 12, NULL, 'tofu-curry', '11.50', NULL, 0, '3.50', NULL, NULL, '\\images\\menu-items\\tofu-curry.jpg', NULL, 0, 0, 0, NULL, 1, 0, '2025-11-26 08:02:49', '2025-11-26 08:02:49');
INSERT INTO `migrations` (`id`, `migration`, `batch`) VALUES
(1, '0001_01_01_000000_create_users_table', 1),
(2, '0001_01_01_000001_create_cache_table', 1),
(3, '0001_01_01_000002_create_jobs_table', 1),
(4, '2025_09_18_080023_create_locations_table', 1),
(5, '2025_09_18_080024_create_settings_table', 1),
(6, '2025_09_18_080025_alter_users_add_profile_fields', 1),
(7, '2025_09_18_080025_create_units_table', 1),
(8, '2025_09_18_080026_create_roles_table', 1),
(9, '2025_09_18_080027_create_permissions_table', 1),
(10, '2025_09_18_080028_create_role_permission_table', 1),
(11, '2025_09_18_080029_create_role_user_table', 1),
(12, '2025_09_18_080030_create_audit_logs_table', 1),
(13, '2025_09_18_080031_create_positions_table', 1),
(14, '2025_09_18_080032_create_employees_table', 1),
(15, '2025_09_18_080033_create_attendances_table', 1),
(16, '2025_09_18_080034_create_payrolls_table', 1),
(17, '2025_09_18_080035_create_leave_requests_table', 1),
(18, '2025_09_18_080036_create_categories_table', 1),
(19, '2025_09_18_080037_create_category_translations_table', 1),
(20, '2025_09_18_080038_create_menu_items_table', 1),
(21, '2025_09_18_080039_create_menu_item_translations_table', 1),
(22, '2025_09_18_080040_create_recipes_table', 1),
(23, '2025_09_18_080043_create_ingredients_table', 1),
(24, '2025_09_18_080044_create_purchase_orders_table', 1),
(25, '2025_09_18_080044_create_suppliers_table', 1),
(26, '2025_09_18_080045_create_purchase_order_items_table', 1),
(27, '2025_09_18_080046_create_inventory_transactions_table', 1),
(28, '2025_09_18_080048_create_floors_table', 1),
(29, '2025_09_18_080049_create_tables_table', 1),
(30, '2025_09_18_080051_create_payment_methods_table', 1),
(31, '2025_09_18_080052_create_orders_table', 1),
(32, '2025_09_18_080053_create_order_items_table', 1),
(33, '2025_09_18_080054_create_invoices_table', 1),
(34, '2025_09_18_080057_create_customers_table', 1),
(35, '2025_09_18_080058_create_feedback_table', 1),
(36, '2025_09_18_080058_create_reservations_table', 1),
(37, '2025_09_18_080100_create_loyalty_points_table', 1),
(38, '2025_09_18_080101_create_expense_categories_table', 1),
(39, '2025_09_18_080102_create_expenses_table', 1),
(40, '2025_09_18_102300_create_recipe_ingredients_table', 1),
(41, '2025_09_18_103300_create_promotions_table', 1),
(42, '2025_09_18_110000_create_customer_addresses_table', 1),
(43, '2025_09_18_110100_create_operating_hours_table', 1),
(44, '2025_09_18_110300_create_order_time_slots_table', 1),
(45, '2025_09_18_110400_add_online_ordering_fields_to_orders_table', 1),
(46, '2025_09_18_120000_update_orders_base_structure', 1),
(47, '2025_09_18_120010_update_payment_methods_structure', 1),
(48, '2025_09_18_120020_update_customers_structure', 1),
(49, '2025_09_18_130000_create_personal_access_tokens_table', 1),
(50, '2025_09_19_140500_fix_schema_relationships_phase1', 1),
(51, '2025_09_19_141000_fix_schema_relationships_phase2', 1),
(52, '2025_09_28_160000_fix_order_status_enum', 1),
(53, '2025_09_29_120000_add_order_preparation_fields', 1),
(54, '2025_09_29_120000_add_payment_method_fields', 1),
(55, '2025_10_21_000003_create_customer_requests_table', 1),
(56, '2025_10_21_093333_rename_total_column_in_orders_table', 1),
(57, '2025_10_21_093600_create_order_items_table', 1),
(58, '2025_10_21_093601_create_invoices_table', 1),
(59, '2025_10_21_093601_create_payments_table', 1),
(60, '2025_10_21_094728_add_image_to_categories_table', 1),
(61, '2025_10_21_094841_add_fields_to_menu_items_table', 1),
(62, '2025_10_21_095159_add_customer_code_to_customers_table', 1),
(63, '2025_10_21_095331_add_additional_fields_to_customers_table', 1),
(64, '2025_10_21_100100_add_fields_to_payment_methods_table', 1),
(65, '2025_10_21_100200_align_order_table_columns', 1),
(66, '2025_10_21_100300_align_order_items_columns', 1),
(67, '2025_10_21_100400_align_invoice_columns', 1),
(68, '2025_10_21_100600_recreate_payments_table', 1),
(69, '2025_10_27_000000_add_order_id_to_customer_requests_table', 1),
(70, '2025_10_27_000001_create_notifications_table', 1),
(71, '2025_10_27_114513_add_approval_workflow_to_orders_table', 1),
(72, '2025_10_27_122508_add_order_id_to_customer_requests_table', 1),
(73, '2025_11_01_000000_fix_user_password_hashing', 1),
(74, '2025_11_01_000001_fix_admin_password', 1),
(75, '2025_11_11_103757_update_user_passwords_to_bcrypt', 1),
(76, '2025_11_19_140000_add_parent_id_to_categories_table', 1),
(77, '2025_11_25_000002_add_rating_and_reviews_to_menu_items_table', 1),
(78, '2025_11_25_084746_add_featured_fields_to_menu_items_table', 1),
(79, '2025_11_25_112611_create_cart_items_table', 1),
(80, '2025_11_25_120958_create_shifts_table', 1),
(81, '2025_11_25_121008_create_time_off_requests_table', 1),
(82, '2025_11_25_122808_create_order_holds_table', 1),
(83, '2025_11_26_074700_fix_orders_table_for_online_ordering', 1),
(84, '2025_11_27_160000_update_invoices_and_orders_for_financials', 2),
(85, '2025_11_27_160100_add_order_item_to_inventory_transactions', 2),
(86, '2025_11_27_181500_verify_and_cleanup_customer_requests_data', 3),
(87, '2025_11_27_181501_drop_customer_requests_table', 4),
(88, '2025_11_27_181502_verify_orders_approval_columns', 5),
(101, '2024_11_29_create_attendance_metrics_table', 6),
(102, '2024_11_29_create_employment_history_table', 6),
(103, '2024_11_29_create_payroll_details_table', 6),
(104, '2024_11_29_create_shift_templates_table', 6),
(105, '2024_11_29_create_time_off_balances_table', 6),
(106, '2024_11_29_enhance_employees_table', 6),
(107, '2024_11_29_enhance_shifts_table', 6);



INSERT INTO `order_items` (`id`, `order_id`, `menu_item_id`, `quantity`, `unit_price`, `discount_amount`, `tax_amount`, `total_price`, `status`, `special_instructions`, `created_at`, `updated_at`) VALUES
(1, 1, 1, 1, '8.50', '0.00', '0.00', '8.50', 'pending', 'Medium rare', '2025-11-26 08:02:55', '2025-11-26 08:02:55'),
(2, 1, 6, 3, '28.00', '0.00', '0.00', '84.00', 'pending', 'No onions', '2025-11-26 08:02:55', '2025-11-26 08:02:55'),
(3, 1, 7, 3, '12.50', '0.00', '0.00', '37.50', 'pending', NULL, '2025-11-26 08:02:55', '2025-11-26 08:02:55'),
(4, 1, 24, 1, '3.50', '0.00', '0.00', '3.50', 'pending', NULL, '2025-11-26 08:02:55', '2025-11-26 08:02:55'),
(5, 1, 31, 2, '15.00', '0.00', '0.00', '30.00', 'pending', 'On the side', '2025-11-26 08:02:55', '2025-11-26 08:02:55'),
(6, 2, 12, 3, '10.00', '0.00', '0.00', '30.00', 'pending', NULL, '2025-11-26 08:02:55', '2025-11-26 08:02:55'),
(7, 2, 22, 3, '5.50', '0.00', '0.00', '16.50', 'pending', 'Extra herbs', '2025-11-26 08:02:55', '2025-11-26 08:02:55'),
(8, 2, 25, 2, '8.50', '0.00', '0.00', '17.00', 'pending', 'Extra herbs', '2025-11-26 08:02:55', '2025-11-26 08:02:55'),
(9, 2, 28, 2, '32.00', '0.00', '0.00', '64.00', 'pending', 'Extra sauce', '2025-11-26 08:02:55', '2025-11-26 08:02:55'),
(10, 2, 32, 3, '8.00', '0.00', '0.00', '24.00', 'pending', 'Extra herbs', '2025-11-26 08:02:55', '2025-11-26 08:02:55'),
(11, 3, 2, 1, '12.00', '0.00', '0.00', '12.00', 'pending', 'Extra sauce', '2025-11-26 08:02:55', '2025-11-26 08:02:55'),
(12, 3, 23, 2, '4.50', '0.00', '0.00', '9.00', 'pending', 'Medium rare', '2025-11-26 08:02:55', '2025-11-26 08:02:55'),
(13, 4, 1, 2, '8.50', '0.00', '0.00', '17.00', 'pending', 'Extra spicy', '2025-11-26 08:02:55', '2025-11-26 08:02:55'),
(14, 4, 4, 2, '9.00', '0.00', '0.00', '18.00', 'pending', NULL, '2025-11-26 08:02:55', '2025-11-26 08:02:55'),
(15, 4, 12, 1, '10.00', '0.00', '0.00', '10.00', 'pending', NULL, '2025-11-26 08:02:55', '2025-11-26 08:02:55'),
(16, 4, 16, 2, '6.00', '0.00', '0.00', '12.00', 'pending', 'No onions', '2025-11-26 08:02:55', '2025-11-26 08:02:55'),
(17, 4, 21, 3, '2.50', '0.00', '0.00', '7.50', 'pending', 'Medium rare', '2025-11-26 08:02:55', '2025-11-26 08:02:55'),
(18, 5, 5, 2, '13.50', '0.00', '0.00', '27.00', 'pending', NULL, '2025-11-26 08:02:55', '2025-11-26 08:02:55'),
(19, 5, 11, 1, '13.50', '0.00', '0.00', '13.50', 'pending', NULL, '2025-11-26 08:02:55', '2025-11-26 08:02:55'),
(20, 6, 4, 2, '9.00', '0.00', '0.00', '18.00', 'pending', NULL, '2025-11-26 08:02:55', '2025-11-26 08:02:55'),
(21, 6, 7, 3, '12.50', '0.00', '0.00', '37.50', 'pending', NULL, '2025-11-26 08:02:55', '2025-11-26 08:02:55'),
(22, 6, 9, 3, '16.50', '0.00', '0.00', '49.50', 'pending', 'No vegetables', '2025-11-26 08:02:55', '2025-11-26 08:02:55'),
(23, 6, 16, 2, '6.00', '0.00', '0.00', '12.00', 'pending', 'Extra cheese', '2025-11-26 08:02:55', '2025-11-26 08:02:55'),
(24, 6, 20, 3, '4.00', '0.00', '0.00', '12.00', 'pending', 'On the side', '2025-11-26 08:02:55', '2025-11-26 08:02:55'),
(25, 6, 30, 2, '22.00', '0.00', '0.00', '44.00', 'pending', NULL, '2025-11-26 08:02:55', '2025-11-26 08:02:55'),
(26, 7, 3, 1, '10.50', '0.00', '0.00', '10.50', 'pending', 'Extra herbs', '2025-11-26 08:02:55', '2025-11-26 08:02:55'),
(27, 8, 3, 1, '10.50', '0.00', '0.00', '10.50', 'pending', NULL, '2025-11-26 08:02:55', '2025-11-26 08:02:55'),
(28, 8, 14, 3, '6.50', '0.00', '0.00', '19.50', 'pending', 'On the side', '2025-11-26 08:02:55', '2025-11-26 08:02:55'),
(29, 8, 24, 3, '3.50', '0.00', '0.00', '10.50', 'pending', 'No vegetables', '2025-11-26 08:02:55', '2025-11-26 08:02:55'),
(30, 8, 26, 3, '25.00', '0.00', '0.00', '75.00', 'pending', NULL, '2025-11-26 08:02:55', '2025-11-26 08:02:55'),
(31, 9, 4, 1, '9.00', '0.00', '0.00', '9.00', 'pending', 'Extra sauce', '2025-11-26 08:02:55', '2025-11-26 08:02:55'),
(32, 9, 14, 1, '6.50', '0.00', '0.00', '6.50', 'pending', 'Extra spicy', '2025-11-26 08:02:55', '2025-11-26 08:02:55'),
(33, 9, 16, 1, '6.00', '0.00', '0.00', '6.00', 'pending', NULL, '2025-11-26 08:02:55', '2025-11-26 08:02:55'),
(34, 9, 20, 3, '4.00', '0.00', '0.00', '12.00', 'pending', 'Extra sauce', '2025-11-26 08:02:55', '2025-11-26 08:02:55'),
(35, 9, 21, 3, '2.50', '0.00', '0.00', '7.50', 'pending', 'Extra herbs', '2025-11-26 08:02:55', '2025-11-26 08:02:55'),
(36, 9, 30, 1, '22.00', '0.00', '0.00', '22.00', 'pending', 'On the side', '2025-11-26 08:02:55', '2025-11-26 08:02:55'),
(37, 10, 1, 2, '8.50', '0.00', '0.00', '17.00', 'pending', NULL, '2025-11-26 08:02:55', '2025-11-26 08:02:55'),
(38, 10, 11, 2, '13.50', '0.00', '0.00', '27.00', 'pending', NULL, '2025-11-26 08:02:55', '2025-11-26 08:02:55'),
(39, 10, 16, 1, '6.00', '0.00', '0.00', '6.00', 'pending', 'Extra herbs', '2025-11-26 08:02:55', '2025-11-26 08:02:55'),
(40, 11, 5, 2, '13.50', '0.00', '0.00', '27.00', 'pending', 'Extra herbs', '2025-11-26 08:02:55', '2025-11-26 08:02:55'),
(41, 11, 15, 3, '5.50', '0.00', '0.00', '16.50', 'pending', 'Extra spicy', '2025-11-26 08:02:55', '2025-11-26 08:02:55'),
(42, 11, 22, 1, '5.50', '0.00', '0.00', '5.50', 'pending', 'Well done', '2025-11-26 08:02:55', '2025-11-26 08:02:55'),
(43, 11, 24, 2, '3.50', '0.00', '0.00', '7.00', 'pending', 'Extra herbs', '2025-11-26 08:02:55', '2025-11-26 08:02:55'),
(44, 11, 30, 2, '22.00', '0.00', '0.00', '44.00', 'pending', NULL, '2025-11-26 08:02:55', '2025-11-26 08:02:55'),
(45, 12, 9, 1, '16.50', '0.00', '0.00', '16.50', 'pending', 'Medium rare', '2025-11-26 08:02:55', '2025-11-26 08:02:55'),
(46, 12, 12, 2, '10.00', '0.00', '0.00', '20.00', 'pending', 'Well done', '2025-11-26 08:02:55', '2025-11-26 08:02:55'),
(47, 13, 11, 2, '13.50', '0.00', '0.00', '27.00', 'pending', 'Extra spicy', '2025-11-26 08:02:55', '2025-11-26 08:02:55'),
(48, 13, 24, 2, '3.50', '0.00', '0.00', '7.00', 'pending', 'Extra cheese', '2025-11-26 08:02:55', '2025-11-26 08:02:55'),
(49, 14, 31, 2, '15.00', '0.00', '0.00', '30.00', 'pending', 'No onions', '2025-11-26 08:02:55', '2025-11-26 08:02:55'),
(50, 15, 4, 1, '9.00', '0.00', '0.00', '9.00', 'pending', 'Extra sauce', '2025-11-26 08:02:55', '2025-11-26 08:02:55'),
(51, 15, 33, 2, '11.50', '0.00', '0.00', '23.00', 'pending', NULL, '2025-11-26 08:02:55', '2025-11-26 08:02:55'),
(52, 16, 4, 2, '9.00', '0.00', '0.00', '18.00', 'pending', NULL, '2025-11-26 08:02:55', '2025-11-26 08:02:55'),
(53, 16, 6, 3, '28.00', '0.00', '0.00', '84.00', 'pending', 'Extra spicy', '2025-11-26 08:02:55', '2025-11-26 08:02:55'),
(54, 16, 16, 3, '6.00', '0.00', '0.00', '18.00', 'pending', 'Extra herbs', '2025-11-26 08:02:55', '2025-11-26 08:02:55'),
(55, 16, 20, 2, '4.00', '0.00', '0.00', '8.00', 'pending', 'On the side', '2025-11-26 08:02:55', '2025-11-26 08:02:55'),
(56, 16, 24, 1, '3.50', '0.00', '0.00', '3.50', 'pending', NULL, '2025-11-26 08:02:55', '2025-11-26 08:02:55'),
(57, 16, 26, 3, '25.00', '0.00', '0.00', '75.00', 'pending', NULL, '2025-11-26 08:02:55', '2025-11-26 08:02:55'),
(58, 17, 4, 1, '9.00', '0.00', '0.00', '9.00', 'pending', NULL, '2025-11-26 08:02:55', '2025-11-26 08:02:55'),
(59, 17, 11, 1, '13.50', '0.00', '0.00', '13.50', 'pending', 'Extra sauce', '2025-11-26 08:02:55', '2025-11-26 08:02:55'),
(60, 17, 14, 3, '6.50', '0.00', '0.00', '19.50', 'pending', 'Extra spicy', '2025-11-26 08:02:55', '2025-11-26 08:02:55'),
(61, 17, 24, 1, '3.50', '0.00', '0.00', '3.50', 'pending', 'Extra spicy', '2025-11-26 08:02:55', '2025-11-26 08:02:55'),
(62, 18, 2, 3, '12.00', '0.00', '0.00', '36.00', 'pending', 'Extra herbs', '2025-11-26 08:02:55', '2025-11-26 08:02:55'),
(63, 18, 4, 3, '9.00', '0.00', '0.00', '27.00', 'pending', NULL, '2025-11-26 08:02:55', '2025-11-26 08:02:55'),
(64, 18, 24, 2, '3.50', '0.00', '0.00', '7.00', 'pending', 'No onions', '2025-11-26 08:02:55', '2025-11-26 08:02:55'),
(65, 19, 11, 2, '13.50', '0.00', '0.00', '27.00', 'pending', NULL, '2025-11-26 08:02:55', '2025-11-26 08:02:55'),
(66, 19, 18, 1, '4.50', '0.00', '0.00', '4.50', 'pending', 'Extra herbs', '2025-11-26 08:02:55', '2025-11-26 08:02:55'),
(67, 20, 11, 2, '13.50', '0.00', '0.00', '27.00', 'pending', 'Extra sauce', '2025-11-26 08:02:55', '2025-11-26 08:02:55'),
(68, 20, 26, 3, '25.00', '0.00', '0.00', '75.00', 'pending', 'Mild spice', '2025-11-26 08:02:55', '2025-11-26 08:02:55'),
(69, 20, 28, 2, '32.00', '0.00', '0.00', '64.00', 'pending', 'Well done', '2025-11-26 08:02:55', '2025-11-26 08:02:55'),
(70, 21, 5, 1, '13.50', '0.00', '0.00', '13.50', 'pending', 'No onions', '2025-11-26 08:02:55', '2025-11-26 08:02:55'),
(71, 21, 25, 3, '8.50', '0.00', '0.00', '25.50', 'pending', 'No onions', '2025-11-26 08:02:55', '2025-11-26 08:02:55'),
(72, 21, 27, 3, '28.00', '0.00', '0.00', '84.00', 'pending', 'Extra herbs', '2025-11-26 08:02:55', '2025-11-26 08:02:55'),
(73, 22, 30, 3, '22.00', '0.00', '0.00', '66.00', 'pending', 'Extra spicy', '2025-11-26 08:02:55', '2025-11-26 08:02:55'),
(74, 23, 3, 1, '10.50', '0.00', '0.00', '10.50', 'pending', NULL, '2025-11-26 08:02:55', '2025-11-26 08:02:55'),
(75, 23, 9, 3, '16.50', '0.00', '0.00', '49.50', 'pending', NULL, '2025-11-26 08:02:55', '2025-11-26 08:02:55'),
(76, 24, 11, 3, '13.50', '0.00', '0.00', '40.50', 'pending', 'Extra spicy', '2025-11-26 08:02:55', '2025-11-26 08:02:55'),
(77, 24, 14, 1, '6.50', '0.00', '0.00', '6.50', 'pending', NULL, '2025-11-26 08:02:55', '2025-11-26 08:02:55'),
(78, 24, 16, 2, '6.00', '0.00', '0.00', '12.00', 'pending', NULL, '2025-11-26 08:02:55', '2025-11-26 08:02:55'),
(79, 25, 2, 1, '12.00', '0.00', '0.00', '12.00', 'pending', 'No onions', '2025-11-26 08:02:55', '2025-11-26 08:02:55'),
(80, 25, 3, 1, '10.50', '0.00', '0.00', '10.50', 'pending', NULL, '2025-11-26 08:02:55', '2025-11-26 08:02:55'),
(81, 25, 18, 1, '4.50', '0.00', '0.00', '4.50', 'pending', NULL, '2025-11-26 08:02:55', '2025-11-26 08:02:55'),
(82, 25, 31, 2, '15.00', '0.00', '0.00', '30.00', 'pending', 'No vegetables', '2025-11-26 08:02:55', '2025-11-26 08:02:55'),
(83, 26, 7, 2, '12.50', '0.00', '0.00', '25.00', 'pending', 'Extra cheese', '2025-11-26 08:02:55', '2025-11-26 08:02:55'),
(84, 26, 10, 3, '15.00', '0.00', '0.00', '45.00', 'pending', 'On the side', '2025-11-26 08:02:55', '2025-11-26 08:02:55'),
(85, 26, 17, 1, '8.50', '0.00', '0.00', '8.50', 'pending', 'Well done', '2025-11-26 08:02:55', '2025-11-26 08:02:55'),
(86, 26, 22, 2, '5.50', '0.00', '0.00', '11.00', 'pending', NULL, '2025-11-26 08:02:55', '2025-11-26 08:02:55'),
(87, 27, 1, 1, '8.50', '0.00', '0.00', '8.50', 'pending', 'On the side', '2025-11-26 08:02:55', '2025-11-26 08:02:55'),
(88, 27, 15, 3, '5.50', '0.00', '0.00', '16.50', 'pending', NULL, '2025-11-26 08:02:55', '2025-11-26 08:02:55'),
(89, 27, 16, 1, '6.00', '0.00', '0.00', '6.00', 'pending', 'Medium rare', '2025-11-26 08:02:55', '2025-11-26 08:02:55'),
(90, 27, 30, 1, '22.00', '0.00', '0.00', '22.00', 'pending', NULL, '2025-11-26 08:02:55', '2025-11-26 08:02:55'),
(91, 27, 31, 1, '15.00', '0.00', '0.00', '15.00', 'pending', 'No onions', '2025-11-26 08:02:55', '2025-11-26 08:02:55'),
(92, 28, 1, 3, '8.50', '0.00', '0.00', '25.50', 'pending', NULL, '2025-11-26 08:02:55', '2025-11-26 08:02:55'),
(93, 29, 2, 3, '12.00', '0.00', '0.00', '36.00', 'pending', 'Extra cheese', '2025-11-26 08:02:55', '2025-11-26 08:02:55'),
(94, 29, 3, 1, '10.50', '0.00', '0.00', '10.50', 'pending', 'Mild spice', '2025-11-26 08:02:55', '2025-11-26 08:02:55'),
(95, 29, 10, 1, '15.00', '0.00', '0.00', '15.00', 'pending', 'On the side', '2025-11-26 08:02:55', '2025-11-26 08:02:55'),
(96, 29, 11, 3, '13.50', '0.00', '0.00', '40.50', 'pending', 'Medium rare', '2025-11-26 08:02:55', '2025-11-26 08:02:55'),
(97, 29, 18, 2, '4.50', '0.00', '0.00', '9.00', 'pending', 'Well done', '2025-11-26 08:02:55', '2025-11-26 08:02:55'),
(98, 29, 33, 2, '11.50', '0.00', '0.00', '23.00', 'pending', 'Extra sauce', '2025-11-26 08:02:55', '2025-11-26 08:02:55'),
(99, 30, 12, 2, '10.00', '0.00', '0.00', '20.00', 'pending', 'Extra cheese', '2025-11-26 08:02:55', '2025-11-26 08:02:55'),
(100, 30, 17, 3, '8.50', '0.00', '0.00', '25.50', 'pending', 'Well done', '2025-11-26 08:02:55', '2025-11-26 08:02:55'),
(101, 30, 26, 3, '25.00', '0.00', '0.00', '75.00', 'pending', NULL, '2025-11-26 08:02:55', '2025-11-26 08:02:55'),
(102, 30, 28, 1, '32.00', '0.00', '0.00', '32.00', 'pending', 'Extra sauce', '2025-11-26 08:02:55', '2025-11-26 08:02:55'),
(103, 31, 2, 3, '12.00', '0.00', '0.00', '36.00', 'pending', NULL, '2025-11-26 08:02:55', '2025-11-26 08:02:55'),
(104, 31, 6, 1, '28.00', '0.00', '0.00', '28.00', 'pending', 'On the side', '2025-11-26 08:02:55', '2025-11-26 08:02:55'),
(105, 32, 1, 3, '8.50', '0.00', '0.00', '25.50', 'pending', NULL, '2025-11-26 08:02:55', '2025-11-26 08:02:55'),
(106, 32, 2, 3, '12.00', '0.00', '0.00', '36.00', 'pending', NULL, '2025-11-26 08:02:55', '2025-11-26 08:02:55'),
(107, 32, 3, 2, '10.50', '0.00', '0.00', '21.00', 'pending', NULL, '2025-11-26 08:02:55', '2025-11-26 08:02:55'),
(108, 32, 13, 2, '7.50', '0.00', '0.00', '15.00', 'pending', NULL, '2025-11-26 08:02:55', '2025-11-26 08:02:55'),
(109, 32, 28, 2, '32.00', '0.00', '0.00', '64.00', 'pending', 'Extra herbs', '2025-11-26 08:02:55', '2025-11-26 08:02:55'),
(110, 33, 3, 1, '10.50', '0.00', '0.00', '10.50', 'pending', NULL, '2025-11-26 08:02:55', '2025-11-26 08:02:55'),
(111, 33, 11, 3, '13.50', '0.00', '0.00', '40.50', 'pending', NULL, '2025-11-26 08:02:55', '2025-11-26 08:02:55'),
(112, 33, 14, 2, '6.50', '0.00', '0.00', '13.00', 'pending', NULL, '2025-11-26 08:02:55', '2025-11-26 08:02:55'),
(113, 33, 15, 1, '5.50', '0.00', '0.00', '5.50', 'pending', NULL, '2025-11-26 08:02:55', '2025-11-26 08:02:55'),
(114, 33, 18, 2, '4.50', '0.00', '0.00', '9.00', 'pending', 'Extra cheese', '2025-11-26 08:02:55', '2025-11-26 08:02:55'),
(115, 33, 32, 2, '8.00', '0.00', '0.00', '16.00', 'pending', NULL, '2025-11-26 08:02:55', '2025-11-26 08:02:55'),
(116, 34, 2, 2, '12.00', '0.00', '0.00', '24.00', 'pending', 'Extra cheese', '2025-11-26 08:02:55', '2025-11-26 08:02:55'),
(117, 34, 6, 3, '28.00', '0.00', '0.00', '84.00', 'pending', NULL, '2025-11-26 08:02:55', '2025-11-26 08:02:55'),
(118, 34, 12, 2, '10.00', '0.00', '0.00', '20.00', 'pending', 'Medium rare', '2025-11-26 08:02:55', '2025-11-26 08:02:55'),
(119, 34, 26, 3, '25.00', '0.00', '0.00', '75.00', 'pending', NULL, '2025-11-26 08:02:55', '2025-11-26 08:02:55'),
(120, 34, 27, 1, '28.00', '0.00', '0.00', '28.00', 'pending', 'Extra herbs', '2025-11-26 08:02:55', '2025-11-26 08:02:55'),
(121, 35, 8, 1, '14.00', '0.00', '0.00', '14.00', 'pending', 'On the side', '2025-11-26 08:02:55', '2025-11-26 08:02:55'),
(122, 35, 14, 3, '6.50', '0.00', '0.00', '19.50', 'pending', 'Medium rare', '2025-11-26 08:02:55', '2025-11-26 08:02:55'),
(123, 35, 24, 3, '3.50', '0.00', '0.00', '10.50', 'pending', 'Extra herbs', '2025-11-26 08:02:55', '2025-11-26 08:02:55'),
(124, 36, 6, 2, '28.00', '0.00', '0.00', '56.00', 'pending', 'Well done', '2025-11-26 08:02:55', '2025-11-26 08:02:55'),
(125, 37, 4, 3, '9.00', '0.00', '0.00', '27.00', 'pending', 'On the side', '2025-11-26 08:02:55', '2025-11-26 08:02:55'),
(126, 37, 10, 3, '15.00', '0.00', '0.00', '45.00', 'pending', 'Medium rare', '2025-11-26 08:02:55', '2025-11-26 08:02:55'),
(127, 37, 16, 1, '6.00', '0.00', '0.00', '6.00', 'pending', 'No onions', '2025-11-26 08:02:55', '2025-11-26 08:02:55'),
(128, 37, 27, 1, '28.00', '0.00', '0.00', '28.00', 'pending', NULL, '2025-11-26 08:02:55', '2025-11-26 08:02:55'),
(129, 38, 5, 3, '13.50', '0.00', '0.00', '40.50', 'pending', 'No onions', '2025-11-26 08:02:55', '2025-11-26 08:02:55'),
(130, 38, 6, 3, '28.00', '0.00', '0.00', '84.00', 'pending', NULL, '2025-11-26 08:02:55', '2025-11-26 08:02:55'),
(131, 38, 11, 1, '13.50', '0.00', '0.00', '13.50', 'pending', NULL, '2025-11-26 08:02:55', '2025-11-26 08:02:55'),
(132, 38, 15, 2, '5.50', '0.00', '0.00', '11.00', 'pending', 'Well done', '2025-11-26 08:02:55', '2025-11-26 08:02:55'),
(133, 38, 21, 1, '2.50', '0.00', '0.00', '2.50', 'pending', NULL, '2025-11-26 08:02:55', '2025-11-26 08:02:55'),
(134, 38, 26, 2, '25.00', '0.00', '0.00', '50.00', 'pending', 'Well done', '2025-11-26 08:02:55', '2025-11-26 08:02:55'),
(135, 39, 15, 3, '5.50', '0.00', '0.00', '16.50', 'pending', 'Medium rare', '2025-11-26 08:02:55', '2025-11-26 08:02:55'),
(136, 39, 24, 3, '3.50', '0.00', '0.00', '10.50', 'pending', 'On the side', '2025-11-26 08:02:55', '2025-11-26 08:02:55'),
(137, 40, 4, 2, '9.00', '0.00', '0.00', '18.00', 'pending', 'No vegetables', '2025-11-26 08:02:55', '2025-11-26 08:02:55'),
(138, 40, 7, 3, '12.50', '0.00', '0.00', '37.50', 'pending', 'Extra spicy', '2025-11-26 08:02:55', '2025-11-26 08:02:55'),
(139, 40, 10, 3, '15.00', '0.00', '0.00', '45.00', 'pending', 'Extra cheese', '2025-11-26 08:02:55', '2025-11-26 08:02:55'),
(140, 40, 18, 1, '4.50', '0.00', '0.00', '4.50', 'pending', NULL, '2025-11-26 08:02:55', '2025-11-26 08:02:55'),
(141, 40, 19, 2, '3.50', '0.00', '0.00', '7.00', 'pending', 'No onions', '2025-11-26 08:02:55', '2025-11-26 08:02:55'),
(142, 40, 31, 3, '15.00', '0.00', '0.00', '45.00', 'pending', 'Medium rare', '2025-11-26 08:02:55', '2025-11-26 08:02:55'),
(143, 41, 6, 3, '28.00', '0.00', '0.00', '84.00', 'pending', NULL, '2025-11-26 08:02:55', '2025-11-26 08:02:55'),
(144, 41, 13, 3, '7.50', '0.00', '0.00', '22.50', 'pending', 'Extra herbs', '2025-11-26 08:02:55', '2025-11-26 08:02:55'),
(145, 42, 14, 2, '6.50', '0.00', '0.00', '13.00', 'pending', NULL, '2025-11-26 08:02:55', '2025-11-26 08:02:55'),
(146, 42, 29, 1, '18.50', '0.00', '0.00', '18.50', 'pending', NULL, '2025-11-26 08:02:55', '2025-11-26 08:02:55'),
(147, 43, 4, 1, '9.00', '0.00', '0.00', '9.00', 'pending', 'Mild spice', '2025-11-26 08:02:55', '2025-11-26 08:02:55'),
(148, 43, 15, 2, '5.50', '0.00', '0.00', '11.00', 'pending', NULL, '2025-11-26 08:02:55', '2025-11-26 08:02:55'),
(149, 43, 28, 2, '32.00', '0.00', '0.00', '64.00', 'pending', NULL, '2025-11-26 08:02:55', '2025-11-26 08:02:55'),
(150, 43, 31, 2, '15.00', '0.00', '0.00', '30.00', 'pending', 'No onions', '2025-11-26 08:02:55', '2025-11-26 08:02:55'),
(151, 43, 33, 1, '11.50', '0.00', '0.00', '11.50', 'pending', NULL, '2025-11-26 08:02:55', '2025-11-26 08:02:55'),
(152, 44, 1, 3, '8.50', '0.00', '0.00', '25.50', 'pending', NULL, '2025-11-26 08:02:55', '2025-11-26 08:02:55'),
(153, 44, 4, 1, '9.00', '0.00', '0.00', '9.00', 'pending', NULL, '2025-11-26 08:02:55', '2025-11-26 08:02:55'),
(154, 44, 5, 2, '13.50', '0.00', '0.00', '27.00', 'pending', NULL, '2025-11-26 08:02:55', '2025-11-26 08:02:55'),
(155, 44, 12, 3, '10.00', '0.00', '0.00', '30.00', 'pending', 'On the side', '2025-11-26 08:02:55', '2025-11-26 08:02:55'),
(156, 44, 28, 2, '32.00', '0.00', '0.00', '64.00', 'pending', 'No vegetables', '2025-11-26 08:02:55', '2025-11-26 08:02:55'),
(157, 44, 29, 1, '18.50', '0.00', '0.00', '18.50', 'pending', 'On the side', '2025-11-26 08:02:55', '2025-11-26 08:02:55'),
(158, 45, 6, 3, '28.00', '0.00', '0.00', '84.00', 'pending', 'Extra cheese', '2025-11-26 08:02:55', '2025-11-26 08:02:55'),
(159, 45, 7, 1, '12.50', '0.00', '0.00', '12.50', 'pending', 'Extra spicy', '2025-11-26 08:02:55', '2025-11-26 08:02:55'),
(160, 45, 10, 1, '15.00', '0.00', '0.00', '15.00', 'pending', 'Extra cheese', '2025-11-26 08:02:55', '2025-11-26 08:02:55'),
(161, 45, 28, 1, '32.00', '0.00', '0.00', '32.00', 'pending', 'Extra herbs', '2025-11-26 08:02:55', '2025-11-26 08:02:55'),
(162, 45, 30, 3, '22.00', '0.00', '0.00', '66.00', 'pending', NULL, '2025-11-26 08:02:55', '2025-11-26 08:02:55'),
(163, 46, 3, 1, '10.50', '0.00', '0.00', '10.50', 'pending', 'Extra cheese', '2025-11-26 08:02:55', '2025-11-26 08:02:55'),
(164, 46, 24, 1, '3.50', '0.00', '0.00', '3.50', 'pending', 'Extra herbs', '2025-11-26 08:02:55', '2025-11-26 08:02:55'),
(165, 47, 11, 3, '13.50', '0.00', '0.00', '40.50', 'pending', NULL, '2025-11-26 08:02:55', '2025-11-26 08:02:55'),
(166, 47, 15, 1, '5.50', '0.00', '0.00', '5.50', 'pending', 'Extra sauce', '2025-11-26 08:02:55', '2025-11-26 08:02:55'),
(167, 47, 16, 3, '6.00', '0.00', '0.00', '18.00', 'pending', 'Extra cheese', '2025-11-26 08:02:55', '2025-11-26 08:02:55'),
(168, 47, 20, 2, '4.00', '0.00', '0.00', '8.00', 'pending', 'Extra spicy', '2025-11-26 08:02:55', '2025-11-26 08:02:55'),
(169, 47, 28, 2, '32.00', '0.00', '0.00', '64.00', 'pending', 'Well done', '2025-11-26 08:02:55', '2025-11-26 08:02:55'),
(170, 48, 27, 3, '28.00', '0.00', '0.00', '84.00', 'pending', 'Extra sauce', '2025-11-26 08:02:55', '2025-11-26 08:02:55'),
(171, 49, 3, 1, '10.50', '0.00', '0.00', '10.50', 'pending', 'No onions', '2025-11-26 08:02:55', '2025-11-26 08:02:55'),
(172, 49, 9, 2, '16.50', '0.00', '0.00', '33.00', 'pending', 'Extra spicy', '2025-11-26 08:02:55', '2025-11-26 08:02:55'),
(173, 49, 25, 1, '8.50', '0.00', '0.00', '8.50', 'pending', NULL, '2025-11-26 08:02:55', '2025-11-26 08:02:55'),
(174, 50, 28, 3, '32.00', '0.00', '0.00', '96.00', 'pending', 'Medium rare', '2025-11-26 08:02:55', '2025-11-26 08:02:55'),
(175, 50, 29, 1, '18.50', '0.00', '0.00', '18.50', 'pending', 'No vegetables', '2025-11-26 08:02:55', '2025-11-26 08:02:55'),
(176, 51, 3, 3, '10.50', '0.00', '0.00', '31.50', 'pending', 'On the side', '2025-11-26 08:02:55', '2025-11-26 08:02:55'),
(177, 51, 14, 1, '6.50', '0.00', '0.00', '6.50', 'pending', 'Extra herbs', '2025-11-26 08:02:55', '2025-11-26 08:02:55'),
(178, 51, 28, 2, '32.00', '0.00', '0.00', '64.00', 'pending', 'No onions', '2025-11-26 08:02:55', '2025-11-26 08:02:55'),
(179, 52, 2, 1, '12.00', '0.00', '0.00', '12.00', 'pending', 'Well done', '2025-11-26 08:02:55', '2025-11-26 08:02:55'),
(180, 52, 3, 2, '10.50', '0.00', '0.00', '21.00', 'pending', 'Medium rare', '2025-11-26 08:02:55', '2025-11-26 08:02:55'),
(181, 52, 10, 3, '15.00', '0.00', '0.00', '45.00', 'pending', 'Medium rare', '2025-11-26 08:02:55', '2025-11-26 08:02:55'),
(182, 52, 21, 1, '2.50', '0.00', '0.00', '2.50', 'pending', NULL, '2025-11-26 08:02:55', '2025-11-26 08:02:55'),
(183, 52, 22, 1, '5.50', '0.00', '0.00', '5.50', 'pending', 'Extra cheese', '2025-11-26 08:02:55', '2025-11-26 08:02:55'),
(184, 52, 24, 2, '3.50', '0.00', '0.00', '7.00', 'pending', 'No vegetables', '2025-11-26 08:02:55', '2025-11-26 08:02:55'),
(185, 53, 9, 1, '16.50', '0.00', '0.00', '16.50', 'pending', NULL, '2025-11-26 08:02:56', '2025-11-26 08:02:56'),
(186, 53, 11, 2, '13.50', '0.00', '0.00', '27.00', 'pending', 'Extra cheese', '2025-11-26 08:02:56', '2025-11-26 08:02:56'),
(187, 53, 12, 3, '10.00', '0.00', '0.00', '30.00', 'pending', 'No onions', '2025-11-26 08:02:56', '2025-11-26 08:02:56'),
(188, 53, 18, 1, '4.50', '0.00', '0.00', '4.50', 'pending', 'Mild spice', '2025-11-26 08:02:56', '2025-11-26 08:02:56'),
(189, 53, 19, 1, '3.50', '0.00', '0.00', '3.50', 'pending', 'Extra herbs', '2025-11-26 08:02:56', '2025-11-26 08:02:56'),
(190, 53, 23, 3, '4.50', '0.00', '0.00', '13.50', 'pending', 'Extra herbs', '2025-11-26 08:02:56', '2025-11-26 08:02:56'),
(191, 54, 5, 3, '13.50', '0.00', '0.00', '40.50', 'pending', 'Extra herbs', '2025-11-26 08:02:56', '2025-11-26 08:02:56'),
(192, 54, 8, 1, '14.00', '0.00', '0.00', '14.00', 'pending', NULL, '2025-11-26 08:02:56', '2025-11-26 08:02:56'),
(193, 54, 19, 3, '3.50', '0.00', '0.00', '10.50', 'pending', NULL, '2025-11-26 08:02:56', '2025-11-26 08:02:56'),
(194, 54, 20, 3, '4.00', '0.00', '0.00', '12.00', 'pending', NULL, '2025-11-26 08:02:56', '2025-11-26 08:02:56'),
(195, 54, 26, 1, '25.00', '0.00', '0.00', '25.00', 'pending', NULL, '2025-11-26 08:02:56', '2025-11-26 08:02:56'),
(196, 55, 3, 1, '10.50', '0.00', '0.00', '10.50', 'pending', 'Mild spice', '2025-11-26 08:02:56', '2025-11-26 08:02:56'),
(197, 55, 8, 1, '14.00', '0.00', '0.00', '14.00', 'pending', 'Extra herbs', '2025-11-26 08:02:56', '2025-11-26 08:02:56'),
(198, 55, 15, 1, '5.50', '0.00', '0.00', '5.50', 'pending', 'Medium rare', '2025-11-26 08:02:56', '2025-11-26 08:02:56'),
(199, 55, 27, 1, '28.00', '0.00', '0.00', '28.00', 'pending', NULL, '2025-11-26 08:02:56', '2025-11-26 08:02:56'),
(200, 55, 28, 1, '32.00', '0.00', '0.00', '32.00', 'pending', NULL, '2025-11-26 08:02:56', '2025-11-26 08:02:56'),
(201, 55, 31, 2, '15.00', '0.00', '0.00', '30.00', 'pending', 'Medium rare', '2025-11-26 08:02:56', '2025-11-26 08:02:56'),
(202, 56, 11, 1, '13.50', '0.00', '0.00', '13.50', 'pending', NULL, '2025-11-26 08:02:56', '2025-11-26 08:02:56'),
(203, 56, 15, 3, '5.50', '0.00', '0.00', '16.50', 'pending', 'No vegetables', '2025-11-26 08:02:56', '2025-11-26 08:02:56'),
(204, 56, 22, 1, '5.50', '0.00', '0.00', '5.50', 'pending', 'Well done', '2025-11-26 08:02:56', '2025-11-26 08:02:56'),
(205, 56, 27, 2, '28.00', '0.00', '0.00', '56.00', 'pending', 'On the side', '2025-11-26 08:02:56', '2025-11-26 08:02:56'),
(206, 56, 29, 1, '18.50', '0.00', '0.00', '18.50', 'pending', 'Mild spice', '2025-11-26 08:02:56', '2025-11-26 08:02:56'),
(207, 56, 31, 2, '15.00', '0.00', '0.00', '30.00', 'pending', 'Well done', '2025-11-26 08:02:56', '2025-11-26 08:02:56'),
(208, 57, 3, 2, '10.50', '0.00', '0.00', '21.00', 'pending', NULL, '2025-11-26 08:02:56', '2025-11-26 08:02:56'),
(209, 57, 8, 3, '14.00', '0.00', '0.00', '42.00', 'pending', 'Mild spice', '2025-11-26 08:02:56', '2025-11-26 08:02:56'),
(210, 57, 16, 1, '6.00', '0.00', '0.00', '6.00', 'pending', NULL, '2025-11-26 08:02:56', '2025-11-26 08:02:56'),
(211, 57, 17, 3, '8.50', '0.00', '0.00', '25.50', 'pending', 'Mild spice', '2025-11-26 08:02:56', '2025-11-26 08:02:56'),
(212, 57, 25, 3, '8.50', '0.00', '0.00', '25.50', 'pending', 'No vegetables', '2025-11-26 08:02:56', '2025-11-26 08:02:56'),
(213, 58, 5, 1, '13.50', '0.00', '0.00', '13.50', 'pending', NULL, '2025-11-26 08:02:56', '2025-11-26 08:02:56'),
(214, 58, 6, 2, '28.00', '0.00', '0.00', '56.00', 'pending', 'Extra spicy', '2025-11-26 08:02:56', '2025-11-26 08:02:56'),
(215, 58, 27, 2, '28.00', '0.00', '0.00', '56.00', 'pending', 'Well done', '2025-11-26 08:02:56', '2025-11-26 08:02:56'),
(216, 59, 13, 2, '7.50', '0.00', '0.00', '15.00', 'pending', NULL, '2025-11-26 08:02:56', '2025-11-26 08:02:56'),
(217, 59, 17, 2, '8.50', '0.00', '0.00', '17.00', 'pending', 'Mild spice', '2025-11-26 08:02:56', '2025-11-26 08:02:56'),
(218, 59, 23, 1, '4.50', '0.00', '0.00', '4.50', 'pending', 'Medium rare', '2025-11-26 08:02:56', '2025-11-26 08:02:56'),
(219, 59, 26, 2, '25.00', '0.00', '0.00', '50.00', 'pending', NULL, '2025-11-26 08:02:56', '2025-11-26 08:02:56'),
(220, 59, 32, 2, '8.00', '0.00', '0.00', '16.00', 'pending', 'No onions', '2025-11-26 08:02:56', '2025-11-26 08:02:56'),
(221, 60, 15, 3, '5.50', '0.00', '0.00', '16.50', 'pending', 'No vegetables', '2025-11-26 08:02:56', '2025-11-26 08:02:56'),
(222, 60, 22, 3, '5.50', '0.00', '0.00', '16.50', 'pending', NULL, '2025-11-26 08:02:56', '2025-11-26 08:02:56'),
(223, 60, 23, 1, '4.50', '0.00', '0.00', '4.50', 'pending', 'On the side', '2025-11-26 08:02:56', '2025-11-26 08:02:56'),
(224, 60, 30, 3, '22.00', '0.00', '0.00', '66.00', 'pending', 'Mild spice', '2025-11-26 08:02:56', '2025-11-26 08:02:56'),
(225, 61, 20, 1, '4.00', '0.00', '0.00', '4.00', 'pending', 'No onions', '2025-11-26 08:02:56', '2025-11-26 08:02:56'),
(226, 61, 28, 1, '32.00', '0.00', '0.00', '32.00', 'pending', 'Extra sauce', '2025-11-26 08:02:56', '2025-11-26 08:02:56'),
(227, 62, 3, 1, '10.50', '0.00', '0.00', '10.50', 'pending', 'No onions', '2025-11-26 08:02:56', '2025-11-26 08:02:56'),
(228, 62, 5, 2, '13.50', '0.00', '0.00', '27.00', 'pending', 'Extra herbs', '2025-11-26 08:02:56', '2025-11-26 08:02:56'),
(229, 62, 11, 2, '13.50', '0.00', '0.00', '27.00', 'pending', 'Extra spicy', '2025-11-26 08:02:56', '2025-11-26 08:02:56'),
(230, 62, 14, 1, '6.50', '0.00', '0.00', '6.50', 'pending', 'No vegetables', '2025-11-26 08:02:56', '2025-11-26 08:02:56'),
(231, 62, 19, 2, '3.50', '0.00', '0.00', '7.00', 'pending', 'No vegetables', '2025-11-26 08:02:56', '2025-11-26 08:02:56'),
(232, 62, 26, 1, '25.00', '0.00', '0.00', '25.00', 'pending', 'Extra sauce', '2025-11-26 08:02:56', '2025-11-26 08:02:56'),
(233, 63, 15, 1, '5.50', '0.00', '0.00', '5.50', 'pending', 'On the side', '2025-11-26 08:02:56', '2025-11-26 08:02:56'),
(234, 64, 13, 3, '7.50', '0.00', '0.00', '22.50', 'pending', 'Extra cheese', '2025-11-26 08:02:56', '2025-11-26 08:02:56'),
(235, 64, 17, 3, '8.50', '0.00', '0.00', '25.50', 'pending', 'On the side', '2025-11-26 08:02:56', '2025-11-26 08:02:56'),
(236, 64, 22, 3, '5.50', '0.00', '0.00', '16.50', 'pending', NULL, '2025-11-26 08:02:56', '2025-11-26 08:02:56'),
(237, 65, 5, 2, '13.50', '0.00', '0.00', '27.00', 'pending', 'No vegetables', '2025-11-26 08:02:56', '2025-11-26 08:02:56'),
(238, 65, 11, 3, '13.50', '0.00', '0.00', '40.50', 'pending', NULL, '2025-11-26 08:02:56', '2025-11-26 08:02:56'),
(239, 65, 22, 1, '5.50', '0.00', '0.00', '5.50', 'pending', NULL, '2025-11-26 08:02:56', '2025-11-26 08:02:56'),
(240, 65, 24, 2, '3.50', '0.00', '0.00', '7.00', 'pending', 'Extra herbs', '2025-11-26 08:02:56', '2025-11-26 08:02:56'),
(241, 65, 27, 3, '28.00', '0.00', '0.00', '84.00', 'pending', 'Extra cheese', '2025-11-26 08:02:56', '2025-11-26 08:02:56'),
(242, 66, 18, 2, '4.50', '0.00', '0.00', '9.00', 'pending', NULL, '2025-11-26 08:02:56', '2025-11-26 08:02:56'),
(243, 67, 1, 2, '8.50', '0.00', '0.00', '17.00', 'pending', NULL, '2025-11-26 08:02:56', '2025-11-26 08:02:56'),
(244, 67, 2, 1, '12.00', '0.00', '0.00', '12.00', 'pending', NULL, '2025-11-26 08:02:56', '2025-11-26 08:02:56'),
(245, 67, 14, 1, '6.50', '0.00', '0.00', '6.50', 'pending', 'No vegetables', '2025-11-26 08:02:56', '2025-11-26 08:02:56'),
(246, 67, 16, 1, '6.00', '0.00', '0.00', '6.00', 'pending', 'Mild spice', '2025-11-26 08:02:56', '2025-11-26 08:02:56'),
(247, 67, 17, 1, '8.50', '0.00', '0.00', '8.50', 'pending', NULL, '2025-11-26 08:02:56', '2025-11-26 08:02:56'),
(248, 67, 25, 2, '8.50', '0.00', '0.00', '17.00', 'pending', NULL, '2025-11-26 08:02:56', '2025-11-26 08:02:56'),
(249, 68, 3, 3, '10.50', '0.00', '0.00', '31.50', 'pending', 'Mild spice', '2025-11-26 08:02:56', '2025-11-26 08:02:56'),
(250, 68, 5, 1, '13.50', '0.00', '0.00', '13.50', 'pending', 'Well done', '2025-11-26 08:02:56', '2025-11-26 08:02:56'),
(251, 68, 8, 1, '14.00', '0.00', '0.00', '14.00', 'pending', 'Extra cheese', '2025-11-26 08:02:56', '2025-11-26 08:02:56'),
(252, 68, 30, 1, '22.00', '0.00', '0.00', '22.00', 'pending', NULL, '2025-11-26 08:02:56', '2025-11-26 08:02:56'),
(253, 69, 16, 1, '6.00', '0.00', '0.00', '6.00', 'pending', NULL, '2025-11-26 08:02:56', '2025-11-26 08:02:56'),
(254, 69, 22, 1, '5.50', '0.00', '0.00', '5.50', 'pending', 'No vegetables', '2025-11-26 08:02:56', '2025-11-26 08:02:56'),
(255, 69, 23, 3, '4.50', '0.00', '0.00', '13.50', 'pending', NULL, '2025-11-26 08:02:56', '2025-11-26 08:02:56'),
(256, 70, 16, 3, '6.00', '0.00', '0.00', '18.00', 'pending', 'No onions', '2025-11-26 08:02:56', '2025-11-26 08:02:56'),
(257, 70, 18, 3, '4.50', '0.00', '0.00', '13.50', 'pending', NULL, '2025-11-26 08:02:56', '2025-11-26 08:02:56'),
(258, 70, 31, 2, '15.00', '0.00', '0.00', '30.00', 'pending', 'Extra sauce', '2025-11-26 08:02:56', '2025-11-26 08:02:56'),
(259, 71, 7, 2, '12.50', '0.00', '0.00', '25.00', 'pending', 'Extra sauce', '2025-11-26 08:02:56', '2025-11-26 08:02:56'),
(260, 71, 13, 1, '7.50', '0.00', '0.00', '7.50', 'pending', NULL, '2025-11-26 08:02:56', '2025-11-26 08:02:56'),
(261, 71, 19, 2, '3.50', '0.00', '0.00', '7.00', 'pending', 'Well done', '2025-11-26 08:02:56', '2025-11-26 08:02:56'),
(262, 71, 22, 1, '5.50', '0.00', '0.00', '5.50', 'pending', 'Extra sauce', '2025-11-26 08:02:56', '2025-11-26 08:02:56'),
(263, 71, 29, 2, '18.50', '0.00', '0.00', '37.00', 'pending', 'Extra cheese', '2025-11-26 08:02:56', '2025-11-26 08:02:56'),
(264, 72, 33, 2, '11.50', '0.00', '0.00', '23.00', 'pending', NULL, '2025-11-26 08:02:56', '2025-11-26 08:02:56'),
(265, 73, 4, 2, '9.00', '0.00', '0.00', '18.00', 'pending', 'Extra cheese', '2025-11-26 08:02:56', '2025-11-26 08:02:56'),
(266, 73, 10, 2, '15.00', '0.00', '0.00', '30.00', 'pending', NULL, '2025-11-26 08:02:56', '2025-11-26 08:02:56'),
(267, 73, 13, 2, '7.50', '0.00', '0.00', '15.00', 'pending', NULL, '2025-11-26 08:02:56', '2025-11-26 08:02:56'),
(268, 73, 18, 3, '4.50', '0.00', '0.00', '13.50', 'pending', 'Extra cheese', '2025-11-26 08:02:56', '2025-11-26 08:02:56'),
(269, 74, 12, 3, '10.00', '0.00', '0.00', '30.00', 'pending', 'Extra spicy', '2025-11-26 08:02:56', '2025-11-26 08:02:56'),
(270, 74, 14, 2, '6.50', '0.00', '0.00', '13.00', 'pending', NULL, '2025-11-26 08:02:56', '2025-11-26 08:02:56'),
(271, 74, 20, 1, '4.00', '0.00', '0.00', '4.00', 'pending', 'Extra herbs', '2025-11-26 08:02:56', '2025-11-26 08:02:56'),
(272, 74, 22, 3, '5.50', '0.00', '0.00', '16.50', 'pending', 'Extra spicy', '2025-11-26 08:02:56', '2025-11-26 08:02:56'),
(273, 74, 26, 2, '25.00', '0.00', '0.00', '50.00', 'pending', NULL, '2025-11-26 08:02:56', '2025-11-26 08:02:56'),
(274, 75, 2, 1, '12.00', '0.00', '0.00', '12.00', 'pending', NULL, '2025-11-26 08:02:56', '2025-11-26 08:02:56'),
(275, 75, 19, 2, '3.50', '0.00', '0.00', '7.00', 'pending', 'Extra spicy', '2025-11-26 08:02:56', '2025-11-26 08:02:56'),
(276, 75, 24, 3, '3.50', '0.00', '0.00', '10.50', 'pending', 'Well done', '2025-11-26 08:02:56', '2025-11-26 08:02:56'),
(277, 76, 2, 2, '12.00', '0.00', '0.00', '24.00', 'pending', NULL, '2025-11-26 08:02:56', '2025-11-26 08:02:56'),
(278, 76, 3, 3, '10.50', '0.00', '0.00', '31.50', 'pending', NULL, '2025-11-26 08:02:56', '2025-11-26 08:02:56'),
(279, 76, 7, 2, '12.50', '0.00', '0.00', '25.00', 'pending', 'Extra sauce', '2025-11-26 08:02:56', '2025-11-26 08:02:56'),
(280, 77, 30, 3, '22.00', '0.00', '0.00', '66.00', 'pending', 'Extra sauce', '2025-11-26 08:02:56', '2025-11-26 08:02:56'),
(281, 78, 2, 3, '12.00', '0.00', '0.00', '36.00', 'pending', 'On the side', '2025-11-26 08:02:56', '2025-11-26 08:02:56'),
(282, 78, 23, 2, '4.50', '0.00', '0.00', '9.00', 'pending', NULL, '2025-11-26 08:02:56', '2025-11-26 08:02:56'),
(283, 78, 25, 1, '8.50', '0.00', '0.00', '8.50', 'pending', NULL, '2025-11-26 08:02:56', '2025-11-26 08:02:56'),
(284, 78, 31, 3, '15.00', '0.00', '0.00', '45.00', 'pending', 'Medium rare', '2025-11-26 08:02:56', '2025-11-26 08:02:56'),
(285, 79, 7, 3, '12.50', '0.00', '0.00', '37.50', 'pending', 'Mild spice', '2025-11-26 08:02:56', '2025-11-26 08:02:56'),
(286, 79, 11, 3, '13.50', '0.00', '0.00', '40.50', 'pending', 'No onions', '2025-11-26 08:02:56', '2025-11-26 08:02:56'),
(287, 80, 12, 2, '10.00', '0.00', '0.00', '20.00', 'pending', 'Extra herbs', '2025-11-26 08:02:56', '2025-11-26 08:02:56'),
(288, 80, 17, 2, '8.50', '0.00', '0.00', '17.00', 'pending', NULL, '2025-11-26 08:02:56', '2025-11-26 08:02:56'),
(289, 80, 21, 1, '2.50', '0.00', '0.00', '2.50', 'pending', 'Well done', '2025-11-26 08:02:56', '2025-11-26 08:02:56'),
(290, 81, 23, 3, '4.50', '0.00', '0.00', '13.50', 'pending', NULL, '2025-11-26 08:02:56', '2025-11-26 08:02:56'),
(291, 82, 24, 1, '3.50', '0.00', '0.00', '3.50', 'pending', NULL, '2025-11-26 08:02:56', '2025-11-26 08:02:56'),
(292, 82, 27, 2, '28.00', '0.00', '0.00', '56.00', 'pending', NULL, '2025-11-26 08:02:56', '2025-11-26 08:02:56'),
(293, 82, 31, 3, '15.00', '0.00', '0.00', '45.00', 'pending', 'On the side', '2025-11-26 08:02:56', '2025-11-26 08:02:56'),
(294, 83, 1, 1, '8.50', '0.00', '0.00', '8.50', 'pending', NULL, '2025-11-26 08:02:56', '2025-11-26 08:02:56'),
(295, 83, 12, 3, '10.00', '0.00', '0.00', '30.00', 'pending', 'Extra cheese', '2025-11-26 08:02:56', '2025-11-26 08:02:56'),
(296, 83, 14, 2, '6.50', '0.00', '0.00', '13.00', 'pending', 'No onions', '2025-11-26 08:02:56', '2025-11-26 08:02:56'),
(297, 83, 17, 3, '8.50', '0.00', '0.00', '25.50', 'pending', 'On the side', '2025-11-26 08:02:56', '2025-11-26 08:02:56'),
(298, 83, 26, 2, '25.00', '0.00', '0.00', '50.00', 'pending', 'Medium rare', '2025-11-26 08:02:56', '2025-11-26 08:02:56'),
(299, 83, 27, 1, '28.00', '0.00', '0.00', '28.00', 'pending', 'No onions', '2025-11-26 08:02:56', '2025-11-26 08:02:56'),
(300, 84, 4, 1, '9.00', '0.00', '0.00', '9.00', 'pending', 'Extra sauce', '2025-11-26 08:02:56', '2025-11-26 08:02:56'),
(301, 84, 11, 3, '13.50', '0.00', '0.00', '40.50', 'pending', NULL, '2025-11-26 08:02:56', '2025-11-26 08:02:56'),
(302, 84, 16, 2, '6.00', '0.00', '0.00', '12.00', 'pending', 'Mild spice', '2025-11-26 08:02:56', '2025-11-26 08:02:56'),
(303, 84, 26, 1, '25.00', '0.00', '0.00', '25.00', 'pending', NULL, '2025-11-26 08:02:56', '2025-11-26 08:02:56'),
(304, 85, 11, 1, '13.50', '0.00', '0.00', '13.50', 'pending', NULL, '2025-11-26 08:02:56', '2025-11-26 08:02:56'),
(305, 85, 14, 2, '6.50', '0.00', '0.00', '13.00', 'pending', NULL, '2025-11-26 08:02:56', '2025-11-26 08:02:56'),
(306, 85, 32, 3, '8.00', '0.00', '0.00', '24.00', 'pending', 'No onions', '2025-11-26 08:02:56', '2025-11-26 08:02:56'),
(307, 85, 33, 2, '11.50', '0.00', '0.00', '23.00', 'pending', NULL, '2025-11-26 08:02:56', '2025-11-26 08:02:56'),
(308, 86, 2, 1, '12.00', '0.00', '0.00', '12.00', 'pending', NULL, '2025-11-26 08:02:56', '2025-11-26 08:02:56'),
(309, 86, 3, 3, '10.50', '0.00', '0.00', '31.50', 'pending', NULL, '2025-11-26 08:02:56', '2025-11-26 08:02:56'),
(310, 86, 6, 3, '28.00', '0.00', '0.00', '84.00', 'pending', 'No onions', '2025-11-26 08:02:56', '2025-11-26 08:02:56'),
(311, 86, 15, 2, '5.50', '0.00', '0.00', '11.00', 'pending', NULL, '2025-11-26 08:02:56', '2025-11-26 08:02:56'),
(312, 87, 18, 3, '4.50', '0.00', '0.00', '13.50', 'pending', 'Extra cheese', '2025-11-26 08:02:56', '2025-11-26 08:02:56'),
(313, 87, 21, 1, '2.50', '0.00', '0.00', '2.50', 'pending', 'No onions', '2025-11-26 08:02:56', '2025-11-26 08:02:56'),
(314, 87, 23, 3, '4.50', '0.00', '0.00', '13.50', 'pending', 'No vegetables', '2025-11-26 08:02:56', '2025-11-26 08:02:56'),
(315, 87, 25, 2, '8.50', '0.00', '0.00', '17.00', 'pending', 'No onions', '2025-11-26 08:02:56', '2025-11-26 08:02:56'),
(316, 88, 2, 2, '12.00', '0.00', '0.00', '24.00', 'pending', 'Extra herbs', '2025-11-26 08:02:56', '2025-11-26 08:02:56'),
(317, 88, 6, 1, '28.00', '0.00', '0.00', '28.00', 'pending', 'On the side', '2025-11-26 08:02:56', '2025-11-26 08:02:56'),
(318, 88, 20, 1, '4.00', '0.00', '0.00', '4.00', 'pending', 'Extra cheese', '2025-11-26 08:02:56', '2025-11-26 08:02:56'),
(319, 88, 22, 3, '5.50', '0.00', '0.00', '16.50', 'pending', 'No onions', '2025-11-26 08:02:56', '2025-11-26 08:02:56'),
(320, 88, 29, 1, '18.50', '0.00', '0.00', '18.50', 'pending', 'Medium rare', '2025-11-26 08:02:56', '2025-11-26 08:02:56'),
(321, 89, 2, 1, '12.00', '0.00', '0.00', '12.00', 'pending', 'Extra herbs', '2025-11-26 08:02:56', '2025-11-26 08:02:56'),
(322, 89, 10, 2, '15.00', '0.00', '0.00', '30.00', 'pending', 'On the side', '2025-11-26 08:02:56', '2025-11-26 08:02:56'),
(323, 89, 13, 3, '7.50', '0.00', '0.00', '22.50', 'pending', 'Extra herbs', '2025-11-26 08:02:56', '2025-11-26 08:02:56'),
(324, 89, 33, 1, '11.50', '0.00', '0.00', '11.50', 'pending', 'On the side', '2025-11-26 08:02:56', '2025-11-26 08:02:56'),
(325, 90, 8, 3, '14.00', '0.00', '0.00', '42.00', 'pending', NULL, '2025-11-26 08:02:56', '2025-11-26 08:02:56'),
(326, 91, 4, 2, '9.00', '0.00', '0.00', '18.00', 'pending', NULL, '2025-11-26 08:02:56', '2025-11-26 08:02:56'),
(327, 91, 6, 3, '28.00', '0.00', '0.00', '84.00', 'pending', 'Extra herbs', '2025-11-26 08:02:56', '2025-11-26 08:02:56'),
(328, 92, 13, 1, '7.50', '0.00', '0.00', '7.50', 'pending', 'No vegetables', '2025-11-26 08:02:56', '2025-11-26 08:02:56'),
(329, 92, 17, 3, '8.50', '0.00', '0.00', '25.50', 'pending', 'Medium rare', '2025-11-26 08:02:56', '2025-11-26 08:02:56'),
(330, 92, 20, 3, '4.00', '0.00', '0.00', '12.00', 'pending', 'On the side', '2025-11-26 08:02:56', '2025-11-26 08:02:56'),
(331, 93, 18, 1, '4.50', '0.00', '0.00', '4.50', 'pending', 'On the side', '2025-11-26 08:02:56', '2025-11-26 08:02:56'),
(332, 93, 19, 2, '3.50', '0.00', '0.00', '7.00', 'pending', 'Extra spicy', '2025-11-26 08:02:56', '2025-11-26 08:02:56'),
(333, 93, 21, 2, '2.50', '0.00', '0.00', '5.00', 'pending', 'No onions', '2025-11-26 08:02:56', '2025-11-26 08:02:56'),
(334, 93, 30, 1, '22.00', '0.00', '0.00', '22.00', 'pending', 'Medium rare', '2025-11-26 08:02:56', '2025-11-26 08:02:56'),
(335, 94, 9, 3, '16.50', '0.00', '0.00', '49.50', 'pending', 'Extra cheese', '2025-11-26 08:02:56', '2025-11-26 08:02:56'),
(336, 94, 12, 3, '10.00', '0.00', '0.00', '30.00', 'pending', NULL, '2025-11-26 08:02:56', '2025-11-26 08:02:56'),
(337, 94, 15, 3, '5.50', '0.00', '0.00', '16.50', 'pending', 'Extra sauce', '2025-11-26 08:02:56', '2025-11-26 08:02:56'),
(338, 94, 20, 2, '4.00', '0.00', '0.00', '8.00', 'pending', 'Extra spicy', '2025-11-26 08:02:56', '2025-11-26 08:02:56'),
(339, 94, 23, 1, '4.50', '0.00', '0.00', '4.50', 'pending', NULL, '2025-11-26 08:02:56', '2025-11-26 08:02:56'),
(340, 95, 1, 3, '8.50', '0.00', '0.00', '25.50', 'pending', NULL, '2025-11-26 08:02:56', '2025-11-26 08:02:56'),
(341, 95, 20, 2, '4.00', '0.00', '0.00', '8.00', 'pending', 'No onions', '2025-11-26 08:02:56', '2025-11-26 08:02:56'),
(342, 95, 23, 2, '4.50', '0.00', '0.00', '9.00', 'pending', NULL, '2025-11-26 08:02:56', '2025-11-26 08:02:56'),
(343, 96, 1, 1, '8.50', '0.00', '0.00', '8.50', 'pending', 'Mild spice', '2025-11-26 08:02:56', '2025-11-26 08:02:56'),
(344, 96, 8, 3, '14.00', '0.00', '0.00', '42.00', 'pending', 'On the side', '2025-11-26 08:02:56', '2025-11-26 08:02:56'),
(345, 96, 17, 1, '8.50', '0.00', '0.00', '8.50', 'pending', NULL, '2025-11-26 08:02:56', '2025-11-26 08:02:56'),
(346, 96, 19, 2, '3.50', '0.00', '0.00', '7.00', 'pending', 'On the side', '2025-11-26 08:02:56', '2025-11-26 08:02:56'),
(347, 96, 28, 3, '32.00', '0.00', '0.00', '96.00', 'pending', 'Extra sauce', '2025-11-26 08:02:56', '2025-11-26 08:02:56'),
(348, 96, 30, 2, '22.00', '0.00', '0.00', '44.00', 'pending', 'Extra herbs', '2025-11-26 08:02:56', '2025-11-26 08:02:56'),
(349, 97, 11, 2, '13.50', '0.00', '0.00', '27.00', 'pending', 'Extra spicy', '2025-11-26 08:02:56', '2025-11-26 08:02:56'),
(350, 97, 14, 2, '6.50', '0.00', '0.00', '13.00', 'pending', NULL, '2025-11-26 08:02:56', '2025-11-26 08:02:56'),
(351, 97, 16, 2, '6.00', '0.00', '0.00', '12.00', 'pending', NULL, '2025-11-26 08:02:56', '2025-11-26 08:02:56'),
(352, 97, 20, 1, '4.00', '0.00', '0.00', '4.00', 'pending', NULL, '2025-11-26 08:02:56', '2025-11-26 08:02:56'),
(353, 97, 21, 1, '2.50', '0.00', '0.00', '2.50', 'pending', 'On the side', '2025-11-26 08:02:56', '2025-11-26 08:02:56'),
(354, 98, 6, 2, '28.00', '0.00', '0.00', '56.00', 'pending', 'Extra cheese', '2025-11-26 08:02:56', '2025-11-26 08:02:56'),
(355, 98, 10, 2, '15.00', '0.00', '0.00', '30.00', 'pending', 'No vegetables', '2025-11-26 08:02:56', '2025-11-26 08:02:56'),
(356, 98, 11, 3, '13.50', '0.00', '0.00', '40.50', 'pending', 'No vegetables', '2025-11-26 08:02:56', '2025-11-26 08:02:56'),
(357, 98, 17, 2, '8.50', '0.00', '0.00', '17.00', 'pending', 'Mild spice', '2025-11-26 08:02:56', '2025-11-26 08:02:56'),
(358, 98, 24, 3, '3.50', '0.00', '0.00', '10.50', 'pending', 'Extra cheese', '2025-11-26 08:02:56', '2025-11-26 08:02:56'),
(359, 99, 18, 2, '4.50', '0.00', '0.00', '9.00', 'pending', 'No vegetables', '2025-11-26 08:02:56', '2025-11-26 08:02:56'),
(360, 100, 14, 2, '6.50', '0.00', '0.00', '13.00', 'pending', NULL, '2025-11-26 08:02:56', '2025-11-26 08:02:56'),
(361, 100, 21, 1, '2.50', '0.00', '0.00', '2.50', 'pending', 'Extra spicy', '2025-11-26 08:02:56', '2025-11-26 08:02:56'),
(362, 100, 26, 3, '25.00', '0.00', '0.00', '75.00', 'pending', 'Extra herbs', '2025-11-26 08:02:56', '2025-11-26 08:02:56'),
(363, 100, 31, 2, '15.00', '0.00', '0.00', '30.00', 'pending', 'No vegetables', '2025-11-26 08:02:56', '2025-11-26 08:02:56'),
(364, 101, 3, 3, '10.50', '0.00', '0.00', '31.50', 'pending', 'No vegetables', '2025-11-26 08:02:56', '2025-11-26 08:02:56'),
(365, 102, 8, 2, '14.00', '0.00', '0.00', '28.00', 'pending', 'Well done', '2025-11-26 08:02:56', '2025-11-26 08:02:56'),
(366, 102, 20, 2, '4.00', '0.00', '0.00', '8.00', 'pending', 'No onions', '2025-11-26 08:02:56', '2025-11-26 08:02:56'),
(367, 102, 25, 3, '8.50', '0.00', '0.00', '25.50', 'pending', 'Extra cheese', '2025-11-26 08:02:56', '2025-11-26 08:02:56'),
(368, 102, 33, 1, '11.50', '0.00', '0.00', '11.50', 'pending', 'Extra sauce', '2025-11-26 08:02:56', '2025-11-26 08:02:56'),
(369, 103, 4, 1, '9.00', '0.00', '0.00', '9.00', 'pending', 'Extra spicy', '2025-11-26 08:02:56', '2025-11-26 08:02:56'),
(370, 103, 6, 1, '28.00', '0.00', '0.00', '28.00', 'pending', NULL, '2025-11-26 08:02:56', '2025-11-26 08:02:56'),
(371, 103, 20, 3, '4.00', '0.00', '0.00', '12.00', 'pending', 'Well done', '2025-11-26 08:02:56', '2025-11-26 08:02:56'),
(372, 103, 21, 1, '2.50', '0.00', '0.00', '2.50', 'pending', 'Extra spicy', '2025-11-26 08:02:56', '2025-11-26 08:02:56'),
(373, 104, 13, 3, '7.50', '0.00', '0.00', '22.50', 'pending', 'No onions', '2025-11-26 08:02:56', '2025-11-26 08:02:56'),
(374, 104, 20, 3, '4.00', '0.00', '0.00', '12.00', 'pending', 'Extra cheese', '2025-11-26 08:02:56', '2025-11-26 08:02:56'),
(375, 104, 27, 2, '28.00', '0.00', '0.00', '56.00', 'pending', 'No onions', '2025-11-26 08:02:56', '2025-11-26 08:02:56'),
(376, 104, 32, 2, '8.00', '0.00', '0.00', '16.00', 'pending', 'No onions', '2025-11-26 08:02:56', '2025-11-26 08:02:56'),
(377, 105, 16, 2, '6.00', '0.00', '0.00', '12.00', 'pending', 'Extra sauce', '2025-11-26 08:02:56', '2025-11-26 08:02:56'),
(378, 105, 28, 2, '32.00', '0.00', '0.00', '64.00', 'pending', 'No onions', '2025-11-26 08:02:56', '2025-11-26 08:02:56'),
(379, 106, 2, 3, '12.00', '0.00', '0.00', '36.00', 'pending', 'Extra sauce', '2025-11-26 08:02:56', '2025-11-26 08:02:56'),
(380, 106, 8, 1, '14.00', '0.00', '0.00', '14.00', 'pending', 'Mild spice', '2025-11-26 08:02:56', '2025-11-26 08:02:56'),
(381, 106, 14, 2, '6.50', '0.00', '0.00', '13.00', 'pending', 'Extra spicy', '2025-11-26 08:02:56', '2025-11-26 08:02:56'),
(382, 106, 22, 3, '5.50', '0.00', '0.00', '16.50', 'pending', 'On the side', '2025-11-26 08:02:56', '2025-11-26 08:02:56'),
(383, 106, 26, 1, '25.00', '0.00', '0.00', '25.00', 'pending', 'No onions', '2025-11-26 08:02:56', '2025-11-26 08:02:56'),
(384, 107, 6, 2, '28.00', '0.00', '0.00', '56.00', 'pending', 'Medium rare', '2025-11-26 08:02:56', '2025-11-26 08:02:56'),
(385, 107, 8, 1, '14.00', '0.00', '0.00', '14.00', 'pending', 'Mild spice', '2025-11-26 08:02:56', '2025-11-26 08:02:56'),
(386, 107, 31, 2, '15.00', '0.00', '0.00', '30.00', 'pending', 'No onions', '2025-11-26 08:02:56', '2025-11-26 08:02:56'),
(387, 108, 15, 1, '5.50', '0.00', '0.00', '5.50', 'pending', NULL, '2025-11-26 08:02:56', '2025-11-26 08:02:56'),
(388, 108, 22, 3, '5.50', '0.00', '0.00', '16.50', 'pending', 'No onions', '2025-11-26 08:02:56', '2025-11-26 08:02:56'),
(389, 108, 27, 3, '28.00', '0.00', '0.00', '84.00', 'pending', 'Extra sauce', '2025-11-26 08:02:56', '2025-11-26 08:02:56'),
(390, 108, 28, 2, '32.00', '0.00', '0.00', '64.00', 'pending', NULL, '2025-11-26 08:02:56', '2025-11-26 08:02:56'),
(391, 108, 30, 3, '22.00', '0.00', '0.00', '66.00', 'pending', 'Extra herbs', '2025-11-26 08:02:56', '2025-11-26 08:02:56'),
(392, 109, 25, 3, '8.50', '0.00', '0.00', '25.50', 'pending', 'On the side', '2025-11-26 08:02:56', '2025-11-26 08:02:56'),
(393, 110, 32, 3, '8.00', '0.00', '0.00', '24.00', 'pending', 'Mild spice', '2025-11-26 08:02:56', '2025-11-26 08:02:56'),
(394, 111, 26, 2, '25.00', '0.00', '0.00', '50.00', 'pending', 'Extra cheese', '2025-11-26 08:02:56', '2025-11-26 08:02:56'),
(395, 112, 2, 1, '12.00', '0.00', '0.00', '12.00', 'pending', NULL, '2025-11-26 08:02:56', '2025-11-26 08:02:56'),
(396, 112, 5, 2, '13.50', '0.00', '0.00', '27.00', 'pending', NULL, '2025-11-26 08:02:56', '2025-11-26 08:02:56'),
(397, 112, 7, 1, '12.50', '0.00', '0.00', '12.50', 'pending', 'Extra herbs', '2025-11-26 08:02:56', '2025-11-26 08:02:56'),
(398, 112, 11, 3, '13.50', '0.00', '0.00', '40.50', 'pending', 'On the side', '2025-11-26 08:02:56', '2025-11-26 08:02:56'),
(399, 112, 22, 2, '5.50', '0.00', '0.00', '11.00', 'pending', 'No onions', '2025-11-26 08:02:56', '2025-11-26 08:02:56'),
(400, 112, 25, 2, '8.50', '0.00', '0.00', '17.00', 'pending', NULL, '2025-11-26 08:02:56', '2025-11-26 08:02:56'),
(401, 113, 4, 3, '9.00', '0.00', '0.00', '27.00', 'pending', 'On the side', '2025-11-26 08:02:56', '2025-11-26 08:02:56'),
(402, 113, 10, 3, '15.00', '0.00', '0.00', '45.00', 'pending', 'Extra sauce', '2025-11-26 08:02:56', '2025-11-26 08:02:56'),
(403, 113, 11, 1, '13.50', '0.00', '0.00', '13.50', 'pending', NULL, '2025-11-26 08:02:56', '2025-11-26 08:02:56'),
(404, 113, 23, 1, '4.50', '0.00', '0.00', '4.50', 'pending', NULL, '2025-11-26 08:02:56', '2025-11-26 08:02:56'),
(405, 113, 25, 2, '8.50', '0.00', '0.00', '17.00', 'pending', NULL, '2025-11-26 08:02:56', '2025-11-26 08:02:56'),
(406, 113, 33, 3, '11.50', '0.00', '0.00', '34.50', 'pending', NULL, '2025-11-26 08:02:56', '2025-11-26 08:02:56'),
(407, 114, 7, 1, '12.50', '0.00', '0.00', '12.50', 'pending', 'On the side', '2025-11-26 08:02:56', '2025-11-26 08:02:56'),
(408, 114, 15, 3, '5.50', '0.00', '0.00', '16.50', 'pending', 'No vegetables', '2025-11-26 08:02:56', '2025-11-26 08:02:56'),
(409, 115, 29, 1, '18.50', '0.00', '0.00', '18.50', 'pending', 'Extra spicy', '2025-11-26 08:02:56', '2025-11-26 08:02:56'),
(410, 115, 30, 1, '22.00', '0.00', '0.00', '22.00', 'pending', NULL, '2025-11-26 08:02:56', '2025-11-26 08:02:56'),
(411, 116, 7, 2, '12.50', '0.00', '0.00', '25.00', 'pending', 'Extra herbs', '2025-11-26 08:02:56', '2025-11-26 08:02:56'),
(412, 116, 19, 2, '3.50', '0.00', '0.00', '7.00', 'pending', 'Extra spicy', '2025-11-26 08:02:56', '2025-11-26 08:02:56'),
(413, 116, 28, 1, '32.00', '0.00', '0.00', '32.00', 'pending', 'No onions', '2025-11-26 08:02:56', '2025-11-26 08:02:56'),
(414, 117, 5, 2, '13.50', '0.00', '0.00', '27.00', 'pending', NULL, '2025-11-26 08:02:56', '2025-11-26 08:02:56'),
(415, 117, 10, 3, '15.00', '0.00', '0.00', '45.00', 'pending', NULL, '2025-11-26 08:02:56', '2025-11-26 08:02:56'),
(416, 117, 12, 2, '10.00', '0.00', '0.00', '20.00', 'pending', 'Mild spice', '2025-11-26 08:02:56', '2025-11-26 08:02:56'),
(417, 117, 14, 3, '6.50', '0.00', '0.00', '19.50', 'pending', 'Extra sauce', '2025-11-26 08:02:56', '2025-11-26 08:02:56'),
(418, 117, 16, 1, '6.00', '0.00', '0.00', '6.00', 'pending', 'No vegetables', '2025-11-26 08:02:56', '2025-11-26 08:02:56'),
(419, 117, 22, 2, '5.50', '0.00', '0.00', '11.00', 'pending', NULL, '2025-11-26 08:02:56', '2025-11-26 08:02:56'),
(420, 118, 16, 1, '6.00', '0.00', '0.00', '6.00', 'pending', NULL, '2025-11-26 08:02:56', '2025-11-26 08:02:56'),
(421, 118, 32, 1, '8.00', '0.00', '0.00', '8.00', 'pending', NULL, '2025-11-26 08:02:56', '2025-11-26 08:02:56'),
(422, 119, 18, 1, '4.50', '0.00', '0.00', '4.50', 'pending', NULL, '2025-11-26 08:02:56', '2025-11-26 08:02:56'),
(423, 119, 22, 2, '5.50', '0.00', '0.00', '11.00', 'pending', 'Medium rare', '2025-11-26 08:02:56', '2025-11-26 08:02:56'),
(424, 119, 27, 2, '28.00', '0.00', '0.00', '56.00', 'pending', 'Extra sauce', '2025-11-26 08:02:56', '2025-11-26 08:02:56'),
(425, 119, 33, 3, '11.50', '0.00', '0.00', '34.50', 'pending', 'No onions', '2025-11-26 08:02:56', '2025-11-26 08:02:56'),
(426, 120, 17, 2, '8.50', '0.00', '0.00', '17.00', 'pending', NULL, '2025-11-26 08:02:56', '2025-11-26 08:02:56'),
(427, 121, 5, 3, '13.50', '0.00', '0.00', '40.50', 'pending', NULL, '2025-11-26 08:02:56', '2025-11-26 08:02:56'),
(428, 121, 22, 2, '5.50', '0.00', '0.00', '11.00', 'pending', 'Extra herbs', '2025-11-26 08:02:56', '2025-11-26 08:02:56'),
(429, 121, 23, 1, '4.50', '0.00', '0.00', '4.50', 'pending', 'Extra sauce', '2025-11-26 08:02:56', '2025-11-26 08:02:56'),
(430, 121, 27, 1, '28.00', '0.00', '0.00', '28.00', 'pending', 'Extra cheese', '2025-11-26 08:02:56', '2025-11-26 08:02:56'),
(431, 121, 33, 1, '11.50', '0.00', '0.00', '11.50', 'pending', NULL, '2025-11-26 08:02:56', '2025-11-26 08:02:56'),
(432, 122, 4, 1, '9.00', '0.00', '0.00', '9.00', 'pending', NULL, '2025-11-26 08:02:56', '2025-11-26 08:02:56'),
(433, 122, 8, 3, '14.00', '0.00', '0.00', '42.00', 'pending', 'On the side', '2025-11-26 08:02:56', '2025-11-26 08:02:56'),
(434, 122, 11, 1, '13.50', '0.00', '0.00', '13.50', 'pending', 'No vegetables', '2025-11-26 08:02:56', '2025-11-26 08:02:56'),
(435, 122, 13, 2, '7.50', '0.00', '0.00', '15.00', 'pending', 'No onions', '2025-11-26 08:02:56', '2025-11-26 08:02:56'),
(436, 122, 17, 3, '8.50', '0.00', '0.00', '25.50', 'pending', NULL, '2025-11-26 08:02:56', '2025-11-26 08:02:56'),
(437, 122, 19, 1, '3.50', '0.00', '0.00', '3.50', 'pending', 'Extra spicy', '2025-11-26 08:02:56', '2025-11-26 08:02:56'),
(438, 123, 11, 2, '13.50', '0.00', '0.00', '27.00', 'pending', 'Extra cheese', '2025-11-26 08:02:56', '2025-11-26 08:02:56'),
(439, 123, 15, 1, '5.50', '0.00', '0.00', '5.50', 'pending', NULL, '2025-11-26 08:02:56', '2025-11-26 08:02:56'),
(440, 123, 19, 3, '3.50', '0.00', '0.00', '10.50', 'pending', 'Extra sauce', '2025-11-26 08:02:56', '2025-11-26 08:02:56'),
(441, 124, 31, 3, '15.00', '0.00', '0.00', '45.00', 'pending', 'Medium rare', '2025-11-26 08:02:56', '2025-11-26 08:02:56'),
(442, 124, 33, 3, '11.50', '0.00', '0.00', '34.50', 'pending', 'Extra spicy', '2025-11-26 08:02:56', '2025-11-26 08:02:56'),
(443, 125, 4, 3, '9.00', '0.00', '0.00', '27.00', 'pending', NULL, '2025-11-26 08:02:57', '2025-11-26 08:02:57'),
(444, 125, 8, 1, '14.00', '0.00', '0.00', '14.00', 'pending', NULL, '2025-11-26 08:02:57', '2025-11-26 08:02:57'),
(445, 125, 20, 1, '4.00', '0.00', '0.00', '4.00', 'pending', 'Extra spicy', '2025-11-26 08:02:57', '2025-11-26 08:02:57'),
(446, 125, 21, 1, '2.50', '0.00', '0.00', '2.50', 'pending', 'On the side', '2025-11-26 08:02:57', '2025-11-26 08:02:57'),
(447, 126, 4, 2, '9.00', '0.00', '0.00', '18.00', 'pending', 'Extra cheese', '2025-11-26 08:02:57', '2025-11-26 08:02:57'),
(448, 126, 11, 1, '13.50', '0.00', '0.00', '13.50', 'pending', 'Extra herbs', '2025-11-26 08:02:57', '2025-11-26 08:02:57'),
(449, 126, 17, 1, '8.50', '0.00', '0.00', '8.50', 'pending', NULL, '2025-11-26 08:02:57', '2025-11-26 08:02:57'),
(450, 126, 18, 1, '4.50', '0.00', '0.00', '4.50', 'pending', 'On the side', '2025-11-26 08:02:57', '2025-11-26 08:02:57'),
(451, 126, 31, 2, '15.00', '0.00', '0.00', '30.00', 'pending', 'No onions', '2025-11-26 08:02:57', '2025-11-26 08:02:57'),
(452, 127, 29, 2, '18.50', '0.00', '0.00', '37.00', 'pending', 'No vegetables', '2025-11-26 08:02:57', '2025-11-26 08:02:57'),
(453, 128, 12, 2, '10.00', '0.00', '0.00', '20.00', 'pending', 'No vegetables', '2025-11-26 08:02:57', '2025-11-26 08:02:57'),
(454, 128, 14, 3, '6.50', '0.00', '0.00', '19.50', 'pending', 'Medium rare', '2025-11-26 08:02:57', '2025-11-26 08:02:57'),
(455, 128, 22, 3, '5.50', '0.00', '0.00', '16.50', 'pending', NULL, '2025-11-26 08:02:57', '2025-11-26 08:02:57'),
(456, 128, 23, 2, '4.50', '0.00', '0.00', '9.00', 'pending', 'Extra cheese', '2025-11-26 08:02:57', '2025-11-26 08:02:57'),
(457, 128, 27, 2, '28.00', '0.00', '0.00', '56.00', 'pending', 'Extra spicy', '2025-11-26 08:02:57', '2025-11-26 08:02:57'),
(458, 129, 8, 2, '14.00', '0.00', '0.00', '28.00', 'pending', 'Mild spice', '2025-11-26 08:02:57', '2025-11-26 08:02:57'),
(459, 129, 13, 2, '7.50', '0.00', '0.00', '15.00', 'pending', 'Well done', '2025-11-26 08:02:57', '2025-11-26 08:02:57'),
(460, 129, 14, 2, '6.50', '0.00', '0.00', '13.00', 'pending', 'Extra herbs', '2025-11-26 08:02:57', '2025-11-26 08:02:57'),
(461, 129, 28, 1, '32.00', '0.00', '0.00', '32.00', 'pending', NULL, '2025-11-26 08:02:57', '2025-11-26 08:02:57'),
(462, 129, 29, 1, '18.50', '0.00', '0.00', '18.50', 'pending', 'Well done', '2025-11-26 08:02:57', '2025-11-26 08:02:57'),
(463, 129, 30, 2, '22.00', '0.00', '0.00', '44.00', 'pending', NULL, '2025-11-26 08:02:57', '2025-11-26 08:02:57'),
(464, 130, 8, 2, '14.00', '0.00', '0.00', '28.00', 'pending', NULL, '2025-11-26 08:02:57', '2025-11-26 08:02:57'),
(465, 130, 9, 2, '16.50', '0.00', '0.00', '33.00', 'pending', NULL, '2025-11-26 08:02:57', '2025-11-26 08:02:57'),
(466, 130, 12, 1, '10.00', '0.00', '0.00', '10.00', 'pending', 'No vegetables', '2025-11-26 08:02:57', '2025-11-26 08:02:57'),
(467, 130, 17, 2, '8.50', '0.00', '0.00', '17.00', 'pending', NULL, '2025-11-26 08:02:57', '2025-11-26 08:02:57'),
(468, 130, 24, 2, '3.50', '0.00', '0.00', '7.00', 'pending', NULL, '2025-11-26 08:02:57', '2025-11-26 08:02:57'),
(469, 130, 33, 3, '11.50', '0.00', '0.00', '34.50', 'pending', 'Medium rare', '2025-11-26 08:02:57', '2025-11-26 08:02:57'),
(470, 131, 2, 3, '12.00', '0.00', '0.00', '36.00', 'pending', 'Extra sauce', '2025-11-26 08:02:57', '2025-11-26 08:02:57'),
(471, 131, 7, 1, '12.50', '0.00', '0.00', '12.50', 'pending', 'Medium rare', '2025-11-26 08:02:57', '2025-11-26 08:02:57'),
(472, 131, 11, 2, '13.50', '0.00', '0.00', '27.00', 'pending', 'Extra sauce', '2025-11-26 08:02:57', '2025-11-26 08:02:57'),
(473, 131, 28, 2, '32.00', '0.00', '0.00', '64.00', 'pending', NULL, '2025-11-26 08:02:57', '2025-11-26 08:02:57'),
(474, 132, 16, 3, '6.00', '0.00', '0.00', '18.00', 'pending', NULL, '2025-11-26 08:02:57', '2025-11-26 08:02:57'),
(475, 132, 22, 2, '5.50', '0.00', '0.00', '11.00', 'pending', NULL, '2025-11-26 08:02:57', '2025-11-26 08:02:57'),
(476, 133, 1, 2, '8.50', '0.00', '0.00', '17.00', 'pending', NULL, '2025-11-26 08:02:57', '2025-11-26 08:02:57'),
(477, 133, 16, 1, '6.00', '0.00', '0.00', '6.00', 'pending', NULL, '2025-11-26 08:02:57', '2025-11-26 08:02:57'),
(478, 133, 22, 3, '5.50', '0.00', '0.00', '16.50', 'pending', 'Well done', '2025-11-26 08:02:57', '2025-11-26 08:02:57'),
(479, 133, 24, 3, '3.50', '0.00', '0.00', '10.50', 'pending', 'Medium rare', '2025-11-26 08:02:57', '2025-11-26 08:02:57'),
(480, 133, 25, 3, '8.50', '0.00', '0.00', '25.50', 'pending', NULL, '2025-11-26 08:02:57', '2025-11-26 08:02:57'),
(481, 133, 28, 1, '32.00', '0.00', '0.00', '32.00', 'pending', NULL, '2025-11-26 08:02:57', '2025-11-26 08:02:57'),
(482, 134, 2, 3, '12.00', '0.00', '0.00', '36.00', 'pending', 'Extra herbs', '2025-11-26 08:02:57', '2025-11-26 08:02:57'),
(483, 134, 12, 3, '10.00', '0.00', '0.00', '30.00', 'pending', NULL, '2025-11-26 08:02:57', '2025-11-26 08:02:57'),
(484, 134, 16, 3, '6.00', '0.00', '0.00', '18.00', 'pending', 'Medium rare', '2025-11-26 08:02:57', '2025-11-26 08:02:57'),
(485, 134, 25, 3, '8.50', '0.00', '0.00', '25.50', 'pending', NULL, '2025-11-26 08:02:57', '2025-11-26 08:02:57'),
(486, 134, 28, 3, '32.00', '0.00', '0.00', '96.00', 'pending', 'Extra spicy', '2025-11-26 08:02:57', '2025-11-26 08:02:57'),
(487, 134, 33, 3, '11.50', '0.00', '0.00', '34.50', 'pending', 'Extra spicy', '2025-11-26 08:02:57', '2025-11-26 08:02:57'),
(488, 135, 13, 3, '7.50', '0.00', '0.00', '22.50', 'pending', NULL, '2025-11-26 08:02:57', '2025-11-26 08:02:57'),
(489, 135, 14, 1, '6.50', '0.00', '0.00', '6.50', 'pending', NULL, '2025-11-26 08:02:57', '2025-11-26 08:02:57'),
(490, 135, 17, 1, '8.50', '0.00', '0.00', '8.50', 'pending', 'No vegetables', '2025-11-26 08:02:57', '2025-11-26 08:02:57'),
(491, 135, 28, 2, '32.00', '0.00', '0.00', '64.00', 'pending', 'Well done', '2025-11-26 08:02:57', '2025-11-26 08:02:57'),
(492, 136, 4, 2, '9.00', '0.00', '0.00', '18.00', 'pending', NULL, '2025-11-26 08:02:57', '2025-11-26 08:02:57'),
(493, 136, 14, 3, '6.50', '0.00', '0.00', '19.50', 'pending', NULL, '2025-11-26 08:02:57', '2025-11-26 08:02:57'),
(494, 136, 16, 1, '6.00', '0.00', '0.00', '6.00', 'pending', NULL, '2025-11-26 08:02:57', '2025-11-26 08:02:57'),
(495, 136, 20, 1, '4.00', '0.00', '0.00', '4.00', 'pending', 'No onions', '2025-11-26 08:02:57', '2025-11-26 08:02:57'),
(496, 136, 33, 2, '11.50', '0.00', '0.00', '23.00', 'pending', 'On the side', '2025-11-26 08:02:57', '2025-11-26 08:02:57'),
(497, 137, 23, 1, '4.50', '0.00', '0.00', '4.50', 'pending', 'Extra spicy', '2025-11-26 08:02:57', '2025-11-26 08:02:57'),
(498, 137, 31, 3, '15.00', '0.00', '0.00', '45.00', 'pending', NULL, '2025-11-26 08:02:57', '2025-11-26 08:02:57'),
(499, 138, 12, 3, '10.00', '0.00', '0.00', '30.00', 'pending', NULL, '2025-11-26 08:02:57', '2025-11-26 08:02:57'),
(500, 138, 20, 2, '4.00', '0.00', '0.00', '8.00', 'pending', 'Extra cheese', '2025-11-26 08:02:57', '2025-11-26 08:02:57'),
(501, 139, 2, 3, '12.00', '0.00', '0.00', '36.00', 'pending', 'Extra herbs', '2025-11-26 08:02:57', '2025-11-26 08:02:57'),
(502, 139, 17, 2, '8.50', '0.00', '0.00', '17.00', 'pending', 'Extra sauce', '2025-11-26 08:02:57', '2025-11-26 08:02:57'),
(503, 139, 20, 3, '4.00', '0.00', '0.00', '12.00', 'pending', 'Extra spicy', '2025-11-26 08:02:57', '2025-11-26 08:02:57'),
(504, 139, 33, 1, '11.50', '0.00', '0.00', '11.50', 'pending', 'Medium rare', '2025-11-26 08:02:57', '2025-11-26 08:02:57'),
(505, 140, 12, 2, '10.00', '0.00', '0.00', '20.00', 'pending', NULL, '2025-11-26 08:02:57', '2025-11-26 08:02:57'),
(506, 140, 15, 3, '5.50', '0.00', '0.00', '16.50', 'pending', 'Extra sauce', '2025-11-26 08:02:57', '2025-11-26 08:02:57'),
(507, 140, 33, 3, '11.50', '0.00', '0.00', '34.50', 'pending', 'Well done', '2025-11-26 08:02:57', '2025-11-26 08:02:57'),
(508, 141, 3, 3, '10.50', '0.00', '0.00', '31.50', 'pending', NULL, '2025-11-26 08:02:57', '2025-11-26 08:02:57'),
(509, 142, 13, 1, '7.50', '0.00', '0.00', '7.50', 'pending', NULL, '2025-11-26 08:02:57', '2025-11-26 08:02:57'),
(510, 142, 19, 3, '3.50', '0.00', '0.00', '10.50', 'pending', 'Extra herbs', '2025-11-26 08:02:57', '2025-11-26 08:02:57'),
(511, 142, 21, 3, '2.50', '0.00', '0.00', '7.50', 'pending', NULL, '2025-11-26 08:02:57', '2025-11-26 08:02:57'),
(512, 142, 29, 3, '18.50', '0.00', '0.00', '55.50', 'pending', NULL, '2025-11-26 08:02:57', '2025-11-26 08:02:57'),
(513, 142, 32, 1, '8.00', '0.00', '0.00', '8.00', 'pending', NULL, '2025-11-26 08:02:57', '2025-11-26 08:02:57'),
(514, 143, 21, 1, '2.50', '0.00', '0.00', '2.50', 'pending', 'Extra cheese', '2025-11-26 08:02:57', '2025-11-26 08:02:57'),
(515, 143, 24, 1, '3.50', '0.00', '0.00', '3.50', 'pending', 'Extra cheese', '2025-11-26 08:02:57', '2025-11-26 08:02:57'),
(516, 143, 28, 1, '32.00', '0.00', '0.00', '32.00', 'pending', NULL, '2025-11-26 08:02:57', '2025-11-26 08:02:57'),
(517, 143, 31, 1, '15.00', '0.00', '0.00', '15.00', 'pending', 'No onions', '2025-11-26 08:02:57', '2025-11-26 08:02:57'),
(518, 143, 33, 1, '11.50', '0.00', '0.00', '11.50', 'pending', NULL, '2025-11-26 08:02:57', '2025-11-26 08:02:57'),
(519, 144, 6, 3, '28.00', '0.00', '0.00', '84.00', 'pending', 'Mild spice', '2025-11-26 08:02:57', '2025-11-26 08:02:57'),
(520, 144, 21, 3, '2.50', '0.00', '0.00', '7.50', 'pending', 'Mild spice', '2025-11-26 08:02:57', '2025-11-26 08:02:57'),
(521, 144, 25, 3, '8.50', '0.00', '0.00', '25.50', 'pending', NULL, '2025-11-26 08:02:57', '2025-11-26 08:02:57'),
(522, 144, 27, 1, '28.00', '0.00', '0.00', '28.00', 'pending', 'Extra sauce', '2025-11-26 08:02:57', '2025-11-26 08:02:57'),
(523, 144, 29, 3, '18.50', '0.00', '0.00', '55.50', 'pending', 'Mild spice', '2025-11-26 08:02:57', '2025-11-26 08:02:57'),
(524, 145, 7, 3, '12.50', '0.00', '0.00', '37.50', 'pending', NULL, '2025-11-26 08:02:57', '2025-11-26 08:02:57'),
(525, 145, 21, 2, '2.50', '0.00', '0.00', '5.00', 'pending', 'Extra herbs', '2025-11-26 08:02:57', '2025-11-26 08:02:57'),
(526, 145, 23, 2, '4.50', '0.00', '0.00', '9.00', 'pending', NULL, '2025-11-26 08:02:57', '2025-11-26 08:02:57'),
(527, 146, 9, 3, '16.50', '0.00', '0.00', '49.50', 'pending', 'On the side', '2025-11-26 08:02:57', '2025-11-26 08:02:57'),
(528, 146, 24, 3, '3.50', '0.00', '0.00', '10.50', 'pending', 'Extra cheese', '2025-11-26 08:02:57', '2025-11-26 08:02:57'),
(529, 147, 4, 1, '9.00', '0.00', '0.00', '9.00', 'pending', NULL, '2025-11-26 08:02:57', '2025-11-26 08:02:57'),
(530, 147, 20, 3, '4.00', '0.00', '0.00', '12.00', 'pending', 'Extra sauce', '2025-11-26 08:02:57', '2025-11-26 08:02:57'),
(531, 147, 28, 1, '32.00', '0.00', '0.00', '32.00', 'pending', NULL, '2025-11-26 08:02:57', '2025-11-26 08:02:57'),
(532, 148, 24, 2, '3.50', '0.00', '0.00', '7.00', 'pending', NULL, '2025-11-26 08:02:57', '2025-11-26 08:02:57'),
(533, 149, 5, 3, '13.50', '0.00', '0.00', '40.50', 'pending', NULL, '2025-11-26 08:02:57', '2025-11-26 08:02:57'),
(534, 149, 20, 3, '4.00', '0.00', '0.00', '12.00', 'pending', 'Extra cheese', '2025-11-26 08:02:57', '2025-11-26 08:02:57'),
(535, 149, 32, 2, '8.00', '0.00', '0.00', '16.00', 'pending', NULL, '2025-11-26 08:02:57', '2025-11-26 08:02:57'),
(536, 150, 4, 2, '9.00', '0.00', '0.00', '18.00', 'pending', 'No vegetables', '2025-11-26 08:02:57', '2025-11-26 08:02:57'),
(537, 150, 22, 1, '5.50', '0.00', '0.00', '5.50', 'pending', NULL, '2025-11-26 08:02:57', '2025-11-26 08:02:57'),
(538, 150, 33, 3, '11.50', '0.00', '0.00', '34.50', 'pending', 'Well done', '2025-11-26 08:02:57', '2025-11-26 08:02:57'),
(539, 151, 4, 1, '9.00', '0.00', '0.00', '9.00', 'pending', NULL, '2025-11-26 08:02:57', '2025-11-26 08:02:57'),
(540, 151, 8, 3, '14.00', '0.00', '0.00', '42.00', 'pending', 'Extra spicy', '2025-11-26 08:02:57', '2025-11-26 08:02:57'),
(541, 152, 6, 1, '28.00', '0.00', '0.00', '28.00', 'pending', NULL, '2025-11-26 08:02:57', '2025-11-26 08:02:57'),
(542, 153, 12, 2, '10.00', '0.00', '0.00', '20.00', 'pending', 'Medium rare', '2025-11-26 08:02:57', '2025-11-26 08:02:57'),
(543, 153, 13, 3, '7.50', '0.00', '0.00', '22.50', 'pending', NULL, '2025-11-26 08:02:57', '2025-11-26 08:02:57'),
(544, 153, 23, 3, '4.50', '0.00', '0.00', '13.50', 'pending', NULL, '2025-11-26 08:02:57', '2025-11-26 08:02:57'),
(545, 153, 24, 2, '3.50', '0.00', '0.00', '7.00', 'pending', 'Medium rare', '2025-11-26 08:02:57', '2025-11-26 08:02:57'),
(546, 153, 29, 2, '18.50', '0.00', '0.00', '37.00', 'pending', 'Extra herbs', '2025-11-26 08:02:57', '2025-11-26 08:02:57'),
(547, 153, 30, 3, '22.00', '0.00', '0.00', '66.00', 'pending', 'Mild spice', '2025-11-26 08:02:57', '2025-11-26 08:02:57'),
(548, 154, 3, 3, '10.50', '0.00', '0.00', '31.50', 'pending', 'Medium rare', '2025-11-26 08:02:57', '2025-11-26 08:02:57'),
(549, 154, 12, 3, '10.00', '0.00', '0.00', '30.00', 'pending', 'Mild spice', '2025-11-26 08:02:57', '2025-11-26 08:02:57'),
(550, 154, 21, 3, '2.50', '0.00', '0.00', '7.50', 'pending', 'Extra herbs', '2025-11-26 08:02:57', '2025-11-26 08:02:57'),
(551, 154, 22, 1, '5.50', '0.00', '0.00', '5.50', 'pending', NULL, '2025-11-26 08:02:57', '2025-11-26 08:02:57'),
(552, 154, 32, 3, '8.00', '0.00', '0.00', '24.00', 'pending', NULL, '2025-11-26 08:02:57', '2025-11-26 08:02:57'),
(553, 155, 11, 3, '13.50', '0.00', '0.00', '40.50', 'pending', NULL, '2025-11-26 08:02:57', '2025-11-26 08:02:57'),
(554, 155, 14, 2, '6.50', '0.00', '0.00', '13.00', 'pending', NULL, '2025-11-26 08:02:57', '2025-11-26 08:02:57'),
(555, 156, 5, 1, '13.50', '0.00', '0.00', '13.50', 'pending', 'No vegetables', '2025-11-26 08:02:57', '2025-11-26 08:02:57'),
(556, 156, 13, 2, '7.50', '0.00', '0.00', '15.00', 'pending', 'Extra sauce', '2025-11-26 08:02:57', '2025-11-26 08:02:57'),
(557, 156, 14, 2, '6.50', '0.00', '0.00', '13.00', 'pending', 'Extra cheese', '2025-11-26 08:02:57', '2025-11-26 08:02:57'),
(558, 156, 19, 1, '3.50', '0.00', '0.00', '3.50', 'pending', 'Extra sauce', '2025-11-26 08:02:57', '2025-11-26 08:02:57'),
(559, 157, 6, 3, '28.00', '0.00', '0.00', '84.00', 'pending', NULL, '2025-11-26 08:02:57', '2025-11-26 08:02:57'),
(560, 157, 12, 3, '10.00', '0.00', '0.00', '30.00', 'pending', 'No vegetables', '2025-11-26 08:02:57', '2025-11-26 08:02:57'),
(561, 157, 20, 1, '4.00', '0.00', '0.00', '4.00', 'pending', 'Medium rare', '2025-11-26 08:02:57', '2025-11-26 08:02:57'),
(562, 157, 28, 3, '32.00', '0.00', '0.00', '96.00', 'pending', 'Extra herbs', '2025-11-26 08:02:57', '2025-11-26 08:02:57'),
(563, 157, 32, 1, '8.00', '0.00', '0.00', '8.00', 'pending', 'Mild spice', '2025-11-26 08:02:57', '2025-11-26 08:02:57'),
(564, 158, 3, 2, '10.50', '0.00', '0.00', '21.00', 'pending', NULL, '2025-11-26 08:02:57', '2025-11-26 08:02:57'),
(565, 158, 16, 2, '6.00', '0.00', '0.00', '12.00', 'pending', 'Extra sauce', '2025-11-26 08:02:57', '2025-11-26 08:02:57'),
(566, 158, 17, 1, '8.50', '0.00', '0.00', '8.50', 'pending', NULL, '2025-11-26 08:02:57', '2025-11-26 08:02:57'),
(567, 158, 22, 3, '5.50', '0.00', '0.00', '16.50', 'pending', 'Extra cheese', '2025-11-26 08:02:57', '2025-11-26 08:02:57'),
(568, 158, 28, 1, '32.00', '0.00', '0.00', '32.00', 'pending', 'Extra sauce', '2025-11-26 08:02:57', '2025-11-26 08:02:57'),
(569, 158, 30, 1, '22.00', '0.00', '0.00', '22.00', 'pending', 'Extra sauce', '2025-11-26 08:02:57', '2025-11-26 08:02:57'),
(570, 159, 7, 1, '12.50', '0.00', '0.00', '12.50', 'pending', NULL, '2025-11-26 08:02:57', '2025-11-26 08:02:57'),
(571, 159, 12, 3, '10.00', '0.00', '0.00', '30.00', 'pending', 'Mild spice', '2025-11-26 08:02:57', '2025-11-26 08:02:57'),
(572, 159, 13, 3, '7.50', '0.00', '0.00', '22.50', 'pending', 'On the side', '2025-11-26 08:02:57', '2025-11-26 08:02:57'),
(573, 159, 14, 1, '6.50', '0.00', '0.00', '6.50', 'pending', NULL, '2025-11-26 08:02:57', '2025-11-26 08:02:57'),
(574, 159, 29, 2, '18.50', '0.00', '0.00', '37.00', 'pending', 'Well done', '2025-11-26 08:02:57', '2025-11-26 08:02:57'),
(575, 160, 16, 3, '6.00', '0.00', '0.00', '18.00', 'pending', 'Medium rare', '2025-11-26 08:02:57', '2025-11-26 08:02:57'),
(576, 160, 20, 1, '4.00', '0.00', '0.00', '4.00', 'pending', 'Mild spice', '2025-11-26 08:02:57', '2025-11-26 08:02:57'),
(577, 160, 25, 2, '8.50', '0.00', '0.00', '17.00', 'pending', 'Extra spicy', '2025-11-26 08:02:57', '2025-11-26 08:02:57'),
(578, 160, 29, 3, '18.50', '0.00', '0.00', '55.50', 'pending', 'Medium rare', '2025-11-26 08:02:57', '2025-11-26 08:02:57'),
(579, 160, 31, 1, '15.00', '0.00', '0.00', '15.00', 'pending', 'Extra sauce', '2025-11-26 08:02:57', '2025-11-26 08:02:57'),
(580, 161, 11, 1, '13.50', '0.00', '0.00', '13.50', 'pending', 'Well done', '2025-11-26 08:02:57', '2025-11-26 08:02:57'),
(581, 161, 25, 2, '8.50', '0.00', '0.00', '17.00', 'pending', 'No vegetables', '2025-11-26 08:02:57', '2025-11-26 08:02:57'),
(582, 162, 7, 2, '12.50', '0.00', '0.00', '25.00', 'pending', 'No onions', '2025-11-26 08:02:57', '2025-11-26 08:02:57'),
(583, 162, 16, 1, '6.00', '0.00', '0.00', '6.00', 'pending', 'No onions', '2025-11-26 08:02:57', '2025-11-26 08:02:57'),
(584, 163, 2, 2, '12.00', '0.00', '0.00', '24.00', 'pending', NULL, '2025-11-26 08:02:57', '2025-11-26 08:02:57'),
(585, 163, 18, 1, '4.50', '0.00', '0.00', '4.50', 'pending', 'No vegetables', '2025-11-26 08:02:57', '2025-11-26 08:02:57'),
(586, 163, 25, 2, '8.50', '0.00', '0.00', '17.00', 'pending', 'Extra herbs', '2025-11-26 08:02:57', '2025-11-26 08:02:57'),
(587, 163, 27, 3, '28.00', '0.00', '0.00', '84.00', 'pending', 'Extra herbs', '2025-11-26 08:02:57', '2025-11-26 08:02:57'),
(588, 164, 1, 3, '8.50', '0.00', '0.00', '25.50', 'pending', 'Extra cheese', '2025-11-26 08:02:57', '2025-11-26 08:02:57'),
(589, 164, 2, 1, '12.00', '0.00', '0.00', '12.00', 'pending', NULL, '2025-11-26 08:02:57', '2025-11-26 08:02:57'),
(590, 164, 4, 3, '9.00', '0.00', '0.00', '27.00', 'pending', 'On the side', '2025-11-26 08:02:57', '2025-11-26 08:02:57'),
(591, 164, 15, 3, '5.50', '0.00', '0.00', '16.50', 'pending', NULL, '2025-11-26 08:02:57', '2025-11-26 08:02:57'),
(592, 165, 1, 2, '8.50', '0.00', '0.00', '17.00', 'pending', 'Extra sauce', '2025-11-26 08:02:57', '2025-11-26 08:02:57'),
(593, 165, 2, 2, '12.00', '0.00', '0.00', '24.00', 'pending', NULL, '2025-11-26 08:02:57', '2025-11-26 08:02:57'),
(594, 165, 25, 1, '8.50', '0.00', '0.00', '8.50', 'pending', 'Mild spice', '2025-11-26 08:02:57', '2025-11-26 08:02:57'),
(595, 166, 14, 2, '6.50', '0.00', '0.00', '13.00', 'pending', 'No vegetables', '2025-11-26 08:02:57', '2025-11-26 08:02:57'),
(596, 166, 16, 2, '6.00', '0.00', '0.00', '12.00', 'pending', 'Extra spicy', '2025-11-26 08:02:57', '2025-11-26 08:02:57'),
(597, 166, 21, 3, '2.50', '0.00', '0.00', '7.50', 'pending', 'Well done', '2025-11-26 08:02:57', '2025-11-26 08:02:57'),
(598, 166, 22, 2, '5.50', '0.00', '0.00', '11.00', 'pending', 'Extra herbs', '2025-11-26 08:02:57', '2025-11-26 08:02:57'),
(599, 166, 26, 2, '25.00', '0.00', '0.00', '50.00', 'pending', 'Mild spice', '2025-11-26 08:02:57', '2025-11-26 08:02:57'),
(600, 167, 1, 2, '8.50', '0.00', '0.00', '17.00', 'pending', 'Extra spicy', '2025-11-26 08:02:57', '2025-11-26 08:02:57'),
(601, 167, 7, 1, '12.50', '0.00', '0.00', '12.50', 'pending', NULL, '2025-11-26 08:02:57', '2025-11-26 08:02:57'),
(602, 167, 18, 2, '4.50', '0.00', '0.00', '9.00', 'pending', NULL, '2025-11-26 08:02:57', '2025-11-26 08:02:57'),
(603, 167, 30, 3, '22.00', '0.00', '0.00', '66.00', 'pending', 'Mild spice', '2025-11-26 08:02:57', '2025-11-26 08:02:57'),
(604, 168, 28, 3, '32.00', '0.00', '0.00', '96.00', 'pending', 'Extra cheese', '2025-11-26 08:02:57', '2025-11-26 08:02:57'),
(605, 169, 5, 1, '13.50', '0.00', '0.00', '13.50', 'pending', NULL, '2025-11-26 08:02:57', '2025-11-26 08:02:57'),
(606, 169, 28, 3, '32.00', '0.00', '0.00', '96.00', 'pending', NULL, '2025-11-26 08:02:57', '2025-11-26 08:02:57'),
(607, 169, 29, 3, '18.50', '0.00', '0.00', '55.50', 'pending', NULL, '2025-11-26 08:02:57', '2025-11-26 08:02:57'),
(608, 169, 32, 1, '8.00', '0.00', '0.00', '8.00', 'pending', 'Extra spicy', '2025-11-26 08:02:57', '2025-11-26 08:02:57'),
(609, 169, 33, 3, '11.50', '0.00', '0.00', '34.50', 'pending', 'Extra sauce', '2025-11-26 08:02:57', '2025-11-26 08:02:57'),
(610, 170, 7, 3, '12.50', '0.00', '0.00', '37.50', 'pending', 'No onions', '2025-11-26 08:02:57', '2025-11-26 08:02:57'),
(611, 170, 12, 1, '10.00', '0.00', '0.00', '10.00', 'pending', 'Extra spicy', '2025-11-26 08:02:57', '2025-11-26 08:02:57'),
(612, 170, 24, 3, '3.50', '0.00', '0.00', '10.50', 'pending', 'Medium rare', '2025-11-26 08:02:57', '2025-11-26 08:02:57'),
(613, 170, 29, 2, '18.50', '0.00', '0.00', '37.00', 'pending', 'Extra spicy', '2025-11-26 08:02:57', '2025-11-26 08:02:57'),
(614, 171, 10, 2, '15.00', '0.00', '0.00', '30.00', 'pending', 'Mild spice', '2025-11-26 08:02:57', '2025-11-26 08:02:57'),
(615, 172, 8, 3, '14.00', '0.00', '0.00', '42.00', 'pending', NULL, '2025-11-26 08:02:57', '2025-11-26 08:02:57'),
(616, 172, 11, 2, '13.50', '0.00', '0.00', '27.00', 'pending', 'Extra herbs', '2025-11-26 08:02:57', '2025-11-26 08:02:57'),
(617, 172, 30, 2, '22.00', '0.00', '0.00', '44.00', 'pending', 'Well done', '2025-11-26 08:02:57', '2025-11-26 08:02:57'),
(618, 173, 1, 3, '8.50', '0.00', '0.00', '25.50', 'pending', 'On the side', '2025-11-26 08:02:57', '2025-11-26 08:02:57'),
(619, 173, 14, 2, '6.50', '0.00', '0.00', '13.00', 'pending', 'Mild spice', '2025-11-26 08:02:57', '2025-11-26 08:02:57'),
(620, 173, 19, 3, '3.50', '0.00', '0.00', '10.50', 'pending', 'Extra sauce', '2025-11-26 08:02:57', '2025-11-26 08:02:57'),
(621, 173, 30, 2, '22.00', '0.00', '0.00', '44.00', 'pending', 'No onions', '2025-11-26 08:02:57', '2025-11-26 08:02:57'),
(622, 174, 6, 1, '28.00', '0.00', '0.00', '28.00', 'pending', NULL, '2025-11-26 08:02:57', '2025-11-26 08:02:57'),
(623, 174, 7, 3, '12.50', '0.00', '0.00', '37.50', 'pending', NULL, '2025-11-26 08:02:57', '2025-11-26 08:02:57'),
(624, 174, 13, 1, '7.50', '0.00', '0.00', '7.50', 'pending', 'No vegetables', '2025-11-26 08:02:57', '2025-11-26 08:02:57'),
(625, 174, 30, 1, '22.00', '0.00', '0.00', '22.00', 'pending', 'Extra sauce', '2025-11-26 08:02:57', '2025-11-26 08:02:57'),
(626, 175, 12, 1, '10.00', '0.00', '0.00', '10.00', 'pending', NULL, '2025-11-26 08:02:57', '2025-11-26 08:02:57'),
(627, 175, 14, 1, '6.50', '0.00', '0.00', '6.50', 'pending', NULL, '2025-11-26 08:02:57', '2025-11-26 08:02:57'),
(628, 175, 21, 3, '2.50', '0.00', '0.00', '7.50', 'pending', NULL, '2025-11-26 08:02:57', '2025-11-26 08:02:57'),
(629, 175, 23, 3, '4.50', '0.00', '0.00', '13.50', 'pending', 'Extra herbs', '2025-11-26 08:02:57', '2025-11-26 08:02:57'),
(630, 175, 26, 3, '25.00', '0.00', '0.00', '75.00', 'pending', NULL, '2025-11-26 08:02:57', '2025-11-26 08:02:57'),
(631, 176, 7, 2, '12.50', '0.00', '0.00', '25.00', 'pending', 'Mild spice', '2025-11-26 08:02:57', '2025-11-26 08:02:57'),
(632, 176, 12, 1, '10.00', '0.00', '0.00', '10.00', 'pending', 'No onions', '2025-11-26 08:02:57', '2025-11-26 08:02:57'),
(633, 176, 14, 3, '6.50', '0.00', '0.00', '19.50', 'pending', NULL, '2025-11-26 08:02:57', '2025-11-26 08:02:57'),
(634, 176, 15, 1, '5.50', '0.00', '0.00', '5.50', 'pending', NULL, '2025-11-26 08:02:57', '2025-11-26 08:02:57'),
(635, 176, 28, 3, '32.00', '0.00', '0.00', '96.00', 'pending', 'Mild spice', '2025-11-26 08:02:57', '2025-11-26 08:02:57'),
(636, 177, 4, 3, '9.00', '0.00', '0.00', '27.00', 'pending', 'Medium rare', '2025-11-26 08:02:57', '2025-11-26 08:02:57'),
(637, 177, 16, 1, '6.00', '0.00', '0.00', '6.00', 'pending', NULL, '2025-11-26 08:02:57', '2025-11-26 08:02:57'),
(638, 177, 31, 1, '15.00', '0.00', '0.00', '15.00', 'pending', 'Mild spice', '2025-11-26 08:02:57', '2025-11-26 08:02:57'),
(639, 177, 32, 3, '8.00', '0.00', '0.00', '24.00', 'pending', 'No onions', '2025-11-26 08:02:57', '2025-11-26 08:02:57'),
(640, 178, 4, 1, '9.00', '0.00', '0.00', '9.00', 'pending', 'No vegetables', '2025-11-26 08:02:57', '2025-11-26 08:02:57'),
(641, 178, 5, 3, '13.50', '0.00', '0.00', '40.50', 'pending', 'Mild spice', '2025-11-26 08:02:57', '2025-11-26 08:02:57'),
(642, 178, 8, 2, '14.00', '0.00', '0.00', '28.00', 'pending', 'No onions', '2025-11-26 08:02:57', '2025-11-26 08:02:57'),
(643, 178, 15, 3, '5.50', '0.00', '0.00', '16.50', 'pending', 'No onions', '2025-11-26 08:02:57', '2025-11-26 08:02:57'),
(644, 178, 28, 2, '32.00', '0.00', '0.00', '64.00', 'pending', NULL, '2025-11-26 08:02:57', '2025-11-26 08:02:57'),
(645, 178, 32, 2, '8.00', '0.00', '0.00', '16.00', 'pending', 'Mild spice', '2025-11-26 08:02:57', '2025-11-26 08:02:57'),
(646, 179, 23, 1, '4.50', '0.00', '0.00', '4.50', 'pending', 'Mild spice', '2025-11-26 08:02:57', '2025-11-26 08:02:57'),
(647, 180, 18, 3, '4.50', '0.00', '0.00', '13.50', 'pending', 'No vegetables', '2025-11-26 08:02:57', '2025-11-26 08:02:57'),
(648, 181, 5, 2, '13.50', '0.00', '0.00', '27.00', 'pending', 'No vegetables', '2025-11-26 08:02:57', '2025-11-26 08:02:57'),
(649, 181, 11, 1, '13.50', '0.00', '0.00', '13.50', 'pending', NULL, '2025-11-26 08:02:57', '2025-11-26 08:02:57'),
(650, 181, 17, 3, '8.50', '0.00', '0.00', '25.50', 'pending', NULL, '2025-11-26 08:02:57', '2025-11-26 08:02:57'),
(651, 181, 20, 1, '4.00', '0.00', '0.00', '4.00', 'pending', 'Extra sauce', '2025-11-26 08:02:57', '2025-11-26 08:02:57'),
(652, 181, 28, 3, '32.00', '0.00', '0.00', '96.00', 'pending', NULL, '2025-11-26 08:02:57', '2025-11-26 08:02:57'),
(653, 181, 31, 1, '15.00', '0.00', '0.00', '15.00', 'pending', NULL, '2025-11-26 08:02:57', '2025-11-26 08:02:57'),
(654, 182, 5, 2, '13.50', '0.00', '0.00', '27.00', 'pending', 'No onions', '2025-11-26 08:02:57', '2025-11-26 08:02:57'),
(655, 182, 26, 3, '25.00', '0.00', '0.00', '75.00', 'pending', NULL, '2025-11-26 08:02:57', '2025-11-26 08:02:57'),
(656, 183, 4, 1, '9.00', '0.00', '0.00', '9.00', 'pending', NULL, '2025-11-26 08:02:57', '2025-11-26 08:02:57'),
(657, 183, 7, 1, '12.50', '0.00', '0.00', '12.50', 'pending', NULL, '2025-11-26 08:02:57', '2025-11-26 08:02:57'),
(658, 183, 12, 2, '10.00', '0.00', '0.00', '20.00', 'pending', 'Mild spice', '2025-11-26 08:02:57', '2025-11-26 08:02:57'),
(659, 183, 18, 2, '4.50', '0.00', '0.00', '9.00', 'pending', 'No vegetables', '2025-11-26 08:02:57', '2025-11-26 08:02:57'),
(660, 183, 32, 1, '8.00', '0.00', '0.00', '8.00', 'pending', NULL, '2025-11-26 08:02:57', '2025-11-26 08:02:57'),
(661, 184, 5, 3, '13.50', '0.00', '0.00', '40.50', 'pending', 'Well done', '2025-11-26 08:02:57', '2025-11-26 08:02:57'),
(662, 184, 21, 1, '2.50', '0.00', '0.00', '2.50', 'pending', 'No onions', '2025-11-26 08:02:57', '2025-11-26 08:02:57'),
(663, 184, 25, 1, '8.50', '0.00', '0.00', '8.50', 'pending', NULL, '2025-11-26 08:02:57', '2025-11-26 08:02:57'),
(664, 185, 22, 3, '5.50', '0.00', '0.00', '16.50', 'pending', 'Medium rare', '2025-11-26 08:02:57', '2025-11-26 08:02:57'),
(665, 185, 27, 2, '28.00', '0.00', '0.00', '56.00', 'pending', 'On the side', '2025-11-26 08:02:57', '2025-11-26 08:02:57'),
(666, 186, 11, 3, '13.50', '0.00', '0.00', '40.50', 'pending', 'No onions', '2025-11-26 08:02:57', '2025-11-26 08:02:57'),
(667, 186, 15, 1, '5.50', '0.00', '0.00', '5.50', 'pending', NULL, '2025-11-26 08:02:57', '2025-11-26 08:02:57'),
(668, 186, 18, 2, '4.50', '0.00', '0.00', '9.00', 'pending', NULL, '2025-11-26 08:02:57', '2025-11-26 08:02:57'),
(669, 186, 32, 2, '8.00', '0.00', '0.00', '16.00', 'pending', 'Extra spicy', '2025-11-26 08:02:57', '2025-11-26 08:02:57'),
(670, 187, 9, 1, '16.50', '0.00', '0.00', '16.50', 'pending', 'Well done', '2025-11-26 08:02:57', '2025-11-26 08:02:57'),
(671, 187, 11, 1, '13.50', '0.00', '0.00', '13.50', 'pending', NULL, '2025-11-26 08:02:57', '2025-11-26 08:02:57'),
(672, 187, 14, 2, '6.50', '0.00', '0.00', '13.00', 'pending', 'Extra herbs', '2025-11-26 08:02:57', '2025-11-26 08:02:57'),
(673, 187, 29, 1, '18.50', '0.00', '0.00', '18.50', 'pending', 'Extra spicy', '2025-11-26 08:02:57', '2025-11-26 08:02:57'),
(674, 188, 2, 1, '12.00', '0.00', '0.00', '12.00', 'pending', NULL, '2025-11-26 08:02:58', '2025-11-26 08:02:58'),
(675, 188, 6, 1, '28.00', '0.00', '0.00', '28.00', 'pending', 'Mild spice', '2025-11-26 08:02:58', '2025-11-26 08:02:58'),
(676, 188, 21, 1, '2.50', '0.00', '0.00', '2.50', 'pending', 'On the side', '2025-11-26 08:02:58', '2025-11-26 08:02:58'),
(677, 189, 6, 3, '28.00', '0.00', '0.00', '84.00', 'pending', 'Extra cheese', '2025-11-26 08:02:58', '2025-11-26 08:02:58'),
(678, 189, 13, 2, '7.50', '0.00', '0.00', '15.00', 'pending', 'Extra herbs', '2025-11-26 08:02:58', '2025-11-26 08:02:58'),
(679, 189, 17, 2, '8.50', '0.00', '0.00', '17.00', 'pending', NULL, '2025-11-26 08:02:58', '2025-11-26 08:02:58'),
(680, 189, 27, 1, '28.00', '0.00', '0.00', '28.00', 'pending', NULL, '2025-11-26 08:02:58', '2025-11-26 08:02:58'),
(681, 189, 30, 1, '22.00', '0.00', '0.00', '22.00', 'pending', NULL, '2025-11-26 08:02:58', '2025-11-26 08:02:58'),
(682, 190, 2, 2, '12.00', '0.00', '0.00', '24.00', 'pending', 'No onions', '2025-11-26 08:02:58', '2025-11-26 08:02:58'),
(683, 190, 17, 3, '8.50', '0.00', '0.00', '25.50', 'pending', 'Medium rare', '2025-11-26 08:02:58', '2025-11-26 08:02:58'),
(684, 190, 18, 1, '4.50', '0.00', '0.00', '4.50', 'pending', NULL, '2025-11-26 08:02:58', '2025-11-26 08:02:58'),
(685, 191, 7, 3, '12.50', '0.00', '0.00', '37.50', 'pending', NULL, '2025-11-26 08:02:58', '2025-11-26 08:02:58'),
(686, 191, 19, 3, '3.50', '0.00', '0.00', '10.50', 'pending', 'Extra cheese', '2025-11-26 08:02:58', '2025-11-26 08:02:58'),
(687, 192, 7, 2, '12.50', '0.00', '0.00', '25.00', 'pending', 'Medium rare', '2025-11-26 08:02:58', '2025-11-26 08:02:58'),
(688, 192, 9, 2, '16.50', '0.00', '0.00', '33.00', 'pending', NULL, '2025-11-26 08:02:58', '2025-11-26 08:02:58'),
(689, 192, 14, 1, '6.50', '0.00', '0.00', '6.50', 'pending', 'Mild spice', '2025-11-26 08:02:58', '2025-11-26 08:02:58'),
(690, 193, 14, 3, '6.50', '0.00', '0.00', '19.50', 'pending', 'Extra cheese', '2025-11-26 08:02:58', '2025-11-26 08:02:58'),
(691, 193, 17, 1, '8.50', '0.00', '0.00', '8.50', 'pending', 'No onions', '2025-11-26 08:02:58', '2025-11-26 08:02:58'),
(692, 194, 22, 1, '5.50', '0.00', '0.00', '5.50', 'pending', 'No vegetables', '2025-11-26 08:02:58', '2025-11-26 08:02:58'),
(693, 195, 3, 3, '10.50', '0.00', '0.00', '31.50', 'pending', 'Extra cheese', '2025-11-26 08:02:58', '2025-11-26 08:02:58'),
(694, 195, 26, 2, '25.00', '0.00', '0.00', '50.00', 'pending', NULL, '2025-11-26 08:02:58', '2025-11-26 08:02:58'),
(695, 196, 6, 1, '28.00', '0.00', '0.00', '28.00', 'pending', 'Mild spice', '2025-11-26 08:02:58', '2025-11-26 08:02:58'),
(696, 196, 7, 1, '12.50', '0.00', '0.00', '12.50', 'pending', 'No vegetables', '2025-11-26 08:02:58', '2025-11-26 08:02:58'),
(697, 196, 9, 3, '16.50', '0.00', '0.00', '49.50', 'pending', 'No onions', '2025-11-26 08:02:58', '2025-11-26 08:02:58'),
(698, 196, 19, 2, '3.50', '0.00', '0.00', '7.00', 'pending', 'Extra herbs', '2025-11-26 08:02:58', '2025-11-26 08:02:58'),
(699, 196, 28, 1, '32.00', '0.00', '0.00', '32.00', 'pending', NULL, '2025-11-26 08:02:58', '2025-11-26 08:02:58'),
(700, 197, 11, 1, '13.50', '0.00', '0.00', '13.50', 'pending', 'Mild spice', '2025-11-26 08:02:58', '2025-11-26 08:02:58'),
(701, 197, 14, 2, '6.50', '0.00', '0.00', '13.00', 'pending', 'Medium rare', '2025-11-26 08:02:58', '2025-11-26 08:02:58'),
(702, 197, 21, 3, '2.50', '0.00', '0.00', '7.50', 'pending', 'Extra sauce', '2025-11-26 08:02:58', '2025-11-26 08:02:58'),
(703, 197, 22, 2, '5.50', '0.00', '0.00', '11.00', 'pending', 'On the side', '2025-11-26 08:02:58', '2025-11-26 08:02:58'),
(704, 197, 25, 1, '8.50', '0.00', '0.00', '8.50', 'pending', NULL, '2025-11-26 08:02:58', '2025-11-26 08:02:58'),
(705, 198, 1, 1, '8.50', '0.00', '0.00', '8.50', 'pending', NULL, '2025-11-26 08:02:58', '2025-11-26 08:02:58'),
(706, 198, 5, 3, '13.50', '0.00', '0.00', '40.50', 'pending', 'Extra sauce', '2025-11-26 08:02:58', '2025-11-26 08:02:58'),
(707, 198, 6, 3, '28.00', '0.00', '0.00', '84.00', 'pending', 'Well done', '2025-11-26 08:02:58', '2025-11-26 08:02:58'),
(708, 198, 18, 1, '4.50', '0.00', '0.00', '4.50', 'pending', 'Medium rare', '2025-11-26 08:02:58', '2025-11-26 08:02:58'),
(709, 198, 25, 1, '8.50', '0.00', '0.00', '8.50', 'pending', 'No vegetables', '2025-11-26 08:02:58', '2025-11-26 08:02:58'),
(710, 198, 33, 1, '11.50', '0.00', '0.00', '11.50', 'pending', 'Medium rare', '2025-11-26 08:02:58', '2025-11-26 08:02:58'),
(711, 199, 5, 2, '13.50', '0.00', '0.00', '27.00', 'pending', 'No vegetables', '2025-11-26 08:02:58', '2025-11-26 08:02:58'),
(712, 200, 3, 1, '10.50', '0.00', '0.00', '10.50', 'pending', 'Extra herbs', '2025-11-26 08:02:58', '2025-11-26 08:02:58'),
(713, 200, 7, 3, '12.50', '0.00', '0.00', '37.50', 'pending', NULL, '2025-11-26 08:02:58', '2025-11-26 08:02:58'),
(714, 200, 20, 3, '4.00', '0.00', '0.00', '12.00', 'pending', 'Extra herbs', '2025-11-26 08:02:58', '2025-11-26 08:02:58'),
(715, 201, 1, 3, '8.50', '0.00', '0.00', '25.50', 'pending', 'Mild spice', '2025-11-26 08:02:58', '2025-11-26 08:02:58'),
(716, 201, 13, 2, '7.50', '0.00', '0.00', '15.00', 'pending', 'Extra herbs', '2025-11-26 08:02:58', '2025-11-26 08:02:58'),
(717, 201, 21, 3, '2.50', '0.00', '0.00', '7.50', 'pending', 'No vegetables', '2025-11-26 08:02:58', '2025-11-26 08:02:58'),
(718, 201, 24, 1, '3.50', '0.00', '0.00', '3.50', 'pending', 'No vegetables', '2025-11-26 08:02:58', '2025-11-26 08:02:58'),
(719, 201, 30, 1, '22.00', '0.00', '0.00', '22.00', 'pending', NULL, '2025-11-26 08:02:58', '2025-11-26 08:02:58'),
(720, 202, 22, 1, '5.50', '0.00', '0.00', '5.50', 'pending', NULL, '2025-11-26 08:02:58', '2025-11-26 08:02:58'),
(721, 203, 24, 3, '3.50', '0.00', '0.00', '10.50', 'pending', NULL, '2025-11-26 08:02:58', '2025-11-26 08:02:58'),
(722, 204, 7, 3, '12.50', '0.00', '0.00', '37.50', 'pending', 'Extra sauce', '2025-11-26 08:02:58', '2025-11-26 08:02:58'),
(723, 205, 23, 1, '4.50', '0.00', '0.00', '4.50', 'pending', 'Medium rare', '2025-11-26 08:02:58', '2025-11-26 08:02:58'),
(724, 206, 5, 3, '13.50', '0.00', '0.00', '40.50', 'pending', 'Medium rare', '2025-11-26 08:02:58', '2025-11-26 08:02:58'),
(725, 206, 8, 3, '14.00', '0.00', '0.00', '42.00', 'pending', 'Extra herbs', '2025-11-26 08:02:58', '2025-11-26 08:02:58'),
(726, 206, 19, 2, '3.50', '0.00', '0.00', '7.00', 'pending', 'Well done', '2025-11-26 08:02:58', '2025-11-26 08:02:58'),
(727, 206, 31, 2, '15.00', '0.00', '0.00', '30.00', 'pending', 'No onions', '2025-11-26 08:02:58', '2025-11-26 08:02:58'),
(728, 207, 17, 2, '8.50', '0.00', '0.00', '17.00', 'pending', NULL, '2025-11-26 08:02:58', '2025-11-26 08:02:58'),
(729, 208, 8, 1, '14.00', '0.00', '0.00', '14.00', 'pending', NULL, '2025-11-26 08:02:58', '2025-11-26 08:02:58'),
(730, 208, 21, 2, '2.50', '0.00', '0.00', '5.00', 'pending', NULL, '2025-11-26 08:02:58', '2025-11-26 08:02:58'),
(731, 209, 3, 2, '10.50', '0.00', '0.00', '21.00', 'pending', 'Extra herbs', '2025-11-26 08:02:58', '2025-11-26 08:02:58'),
(732, 209, 13, 2, '7.50', '0.00', '0.00', '15.00', 'pending', 'Medium rare', '2025-11-26 08:02:58', '2025-11-26 08:02:58'),
(733, 209, 16, 2, '6.00', '0.00', '0.00', '12.00', 'pending', NULL, '2025-11-26 08:02:58', '2025-11-26 08:02:58'),
(734, 209, 17, 3, '8.50', '0.00', '0.00', '25.50', 'pending', NULL, '2025-11-26 08:02:58', '2025-11-26 08:02:58'),
(735, 209, 20, 1, '4.00', '0.00', '0.00', '4.00', 'pending', 'Well done', '2025-11-26 08:02:58', '2025-11-26 08:02:58'),
(736, 209, 23, 1, '4.50', '0.00', '0.00', '4.50', 'pending', NULL, '2025-11-26 08:02:58', '2025-11-26 08:02:58'),
(737, 210, 11, 1, '13.50', '0.00', '0.00', '13.50', 'pending', NULL, '2025-11-26 08:02:58', '2025-11-26 08:02:58'),
(738, 210, 14, 2, '6.50', '0.00', '0.00', '13.00', 'pending', NULL, '2025-11-26 08:02:58', '2025-11-26 08:02:58'),
(739, 210, 16, 3, '6.00', '0.00', '0.00', '18.00', 'pending', 'Extra cheese', '2025-11-26 08:02:58', '2025-11-26 08:02:58'),
(740, 210, 18, 3, '4.50', '0.00', '0.00', '13.50', 'pending', 'Well done', '2025-11-26 08:02:58', '2025-11-26 08:02:58'),
(741, 210, 19, 1, '3.50', '0.00', '0.00', '3.50', 'pending', 'On the side', '2025-11-26 08:02:58', '2025-11-26 08:02:58'),
(742, 210, 25, 2, '8.50', '0.00', '0.00', '17.00', 'pending', 'No onions', '2025-11-26 08:02:58', '2025-11-26 08:02:58'),
(743, 211, 2, 1, '12.00', '0.00', '0.00', '12.00', 'pending', 'No onions', '2025-11-26 08:02:58', '2025-11-26 08:02:58'),
(744, 211, 6, 1, '28.00', '0.00', '0.00', '28.00', 'pending', 'Extra cheese', '2025-11-26 08:02:58', '2025-11-26 08:02:58'),
(745, 211, 11, 3, '13.50', '0.00', '0.00', '40.50', 'pending', 'No onions', '2025-11-26 08:02:58', '2025-11-26 08:02:58'),
(746, 211, 12, 3, '10.00', '0.00', '0.00', '30.00', 'pending', 'Medium rare', '2025-11-26 08:02:58', '2025-11-26 08:02:58'),
(747, 212, 26, 1, '25.00', '0.00', '0.00', '25.00', 'pending', 'No vegetables', '2025-11-26 08:02:58', '2025-11-26 08:02:58'),
(748, 213, 9, 3, '16.50', '0.00', '0.00', '49.50', 'pending', NULL, '2025-11-26 08:02:58', '2025-11-26 08:02:58'),
(749, 214, 2, 3, '12.00', '0.00', '0.00', '36.00', 'pending', 'Extra cheese', '2025-11-26 08:02:58', '2025-11-26 08:02:58'),
(750, 214, 22, 3, '5.50', '0.00', '0.00', '16.50', 'pending', 'No onions', '2025-11-26 08:02:58', '2025-11-26 08:02:58'),
(751, 214, 23, 1, '4.50', '0.00', '0.00', '4.50', 'pending', 'Extra herbs', '2025-11-26 08:02:58', '2025-11-26 08:02:58'),
(752, 214, 28, 1, '32.00', '0.00', '0.00', '32.00', 'pending', 'Mild spice', '2025-11-26 08:02:58', '2025-11-26 08:02:58'),
(753, 214, 29, 3, '18.50', '0.00', '0.00', '55.50', 'pending', 'Extra cheese', '2025-11-26 08:02:58', '2025-11-26 08:02:58'),
(754, 215, 9, 2, '16.50', '0.00', '0.00', '33.00', 'pending', NULL, '2025-11-26 08:02:58', '2025-11-26 08:02:58'),
(755, 215, 20, 3, '4.00', '0.00', '0.00', '12.00', 'pending', 'Extra sauce', '2025-11-26 08:02:58', '2025-11-26 08:02:58'),
(756, 216, 16, 3, '6.00', '0.00', '0.00', '18.00', 'pending', 'Extra herbs', '2025-11-26 08:02:58', '2025-11-26 08:02:58'),
(757, 216, 17, 3, '8.50', '0.00', '0.00', '25.50', 'pending', NULL, '2025-11-26 08:02:58', '2025-11-26 08:02:58'),
(758, 216, 19, 2, '3.50', '0.00', '0.00', '7.00', 'pending', NULL, '2025-11-26 08:02:58', '2025-11-26 08:02:58'),
(759, 216, 25, 1, '8.50', '0.00', '0.00', '8.50', 'pending', NULL, '2025-11-26 08:02:58', '2025-11-26 08:02:58'),
(760, 216, 32, 3, '8.00', '0.00', '0.00', '24.00', 'pending', NULL, '2025-11-26 08:02:58', '2025-11-26 08:02:58'),
(761, 216, 33, 1, '11.50', '0.00', '0.00', '11.50', 'pending', 'Well done', '2025-11-26 08:02:58', '2025-11-26 08:02:58'),
(762, 217, 28, 1, '32.00', '0.00', '0.00', '32.00', 'pending', 'No onions', '2025-11-26 08:02:58', '2025-11-26 08:02:58'),
(763, 218, 3, 1, '10.50', '0.00', '0.00', '10.50', 'pending', 'Medium rare', '2025-11-26 08:02:58', '2025-11-26 08:02:58'),
(764, 218, 26, 2, '25.00', '0.00', '0.00', '50.00', 'pending', 'Mild spice', '2025-11-26 08:02:58', '2025-11-26 08:02:58'),
(765, 219, 1, 1, '8.50', '0.00', '0.00', '8.50', 'pending', 'Extra cheese', '2025-11-26 08:02:58', '2025-11-26 08:02:58'),
(766, 219, 4, 2, '9.00', '0.00', '0.00', '18.00', 'pending', 'Extra spicy', '2025-11-26 08:02:58', '2025-11-26 08:02:58'),
(767, 219, 6, 2, '28.00', '0.00', '0.00', '56.00', 'pending', NULL, '2025-11-26 08:02:58', '2025-11-26 08:02:58'),
(768, 219, 9, 2, '16.50', '0.00', '0.00', '33.00', 'pending', NULL, '2025-11-26 08:02:58', '2025-11-26 08:02:58'),
(769, 219, 15, 1, '5.50', '0.00', '0.00', '5.50', 'pending', 'No onions', '2025-11-26 08:02:58', '2025-11-26 08:02:58'),
(770, 219, 25, 3, '8.50', '0.00', '0.00', '25.50', 'pending', NULL, '2025-11-26 08:02:58', '2025-11-26 08:02:58'),
(771, 220, 3, 1, '10.50', '0.00', '0.00', '10.50', 'pending', 'No vegetables', '2025-11-26 08:02:58', '2025-11-26 08:02:58'),
(772, 220, 4, 1, '9.00', '0.00', '0.00', '9.00', 'pending', 'Extra cheese', '2025-11-26 08:02:58', '2025-11-26 08:02:58'),
(773, 220, 16, 1, '6.00', '0.00', '0.00', '6.00', 'pending', 'Extra spicy', '2025-11-26 08:02:58', '2025-11-26 08:02:58'),
(774, 220, 18, 1, '4.50', '0.00', '0.00', '4.50', 'pending', 'Well done', '2025-11-26 08:02:58', '2025-11-26 08:02:58'),
(775, 220, 21, 1, '2.50', '0.00', '0.00', '2.50', 'pending', NULL, '2025-11-26 08:02:58', '2025-11-26 08:02:58'),
(776, 220, 24, 1, '3.50', '0.00', '0.00', '3.50', 'pending', NULL, '2025-11-26 08:02:58', '2025-11-26 08:02:58'),
(777, 221, 7, 3, '12.50', '0.00', '0.00', '37.50', 'pending', NULL, '2025-11-26 08:02:58', '2025-11-26 08:02:58'),
(778, 221, 29, 2, '18.50', '0.00', '0.00', '37.00', 'pending', NULL, '2025-11-26 08:02:58', '2025-11-26 08:02:58'),
(779, 221, 31, 2, '15.00', '0.00', '0.00', '30.00', 'pending', 'No vegetables', '2025-11-26 08:02:58', '2025-11-26 08:02:58'),
(780, 222, 14, 2, '6.50', '0.00', '0.00', '13.00', 'pending', NULL, '2025-11-26 08:02:58', '2025-11-26 08:02:58'),
(781, 223, 8, 3, '14.00', '0.00', '0.00', '42.00', 'pending', NULL, '2025-11-26 08:02:58', '2025-11-26 08:02:58'),
(782, 223, 9, 2, '16.50', '0.00', '0.00', '33.00', 'pending', NULL, '2025-11-26 08:02:58', '2025-11-26 08:02:58'),
(783, 223, 21, 3, '2.50', '0.00', '0.00', '7.50', 'pending', 'Extra spicy', '2025-11-26 08:02:58', '2025-11-26 08:02:58'),
(784, 223, 30, 1, '22.00', '0.00', '0.00', '22.00', 'pending', NULL, '2025-11-26 08:02:58', '2025-11-26 08:02:58'),
(785, 224, 3, 3, '10.50', '0.00', '0.00', '31.50', 'pending', NULL, '2025-11-26 08:02:58', '2025-11-26 08:02:58'),
(786, 224, 8, 2, '14.00', '0.00', '0.00', '28.00', 'pending', NULL, '2025-11-26 08:02:58', '2025-11-26 08:02:58'),
(787, 224, 15, 3, '5.50', '0.00', '0.00', '16.50', 'pending', 'Mild spice', '2025-11-26 08:02:58', '2025-11-26 08:02:58'),
(788, 224, 19, 2, '3.50', '0.00', '0.00', '7.00', 'pending', 'No onions', '2025-11-26 08:02:58', '2025-11-26 08:02:58'),
(789, 225, 2, 1, '12.00', '0.00', '0.00', '12.00', 'pending', 'Mild spice', '2025-11-26 08:02:58', '2025-11-26 08:02:58'),
(790, 225, 10, 1, '15.00', '0.00', '0.00', '15.00', 'pending', 'No onions', '2025-11-26 08:02:58', '2025-11-26 08:02:58'),
(791, 225, 24, 2, '3.50', '0.00', '0.00', '7.00', 'pending', 'Extra herbs', '2025-11-26 08:02:58', '2025-11-26 08:02:58'),
(792, 225, 31, 2, '15.00', '0.00', '0.00', '30.00', 'pending', 'Extra spicy', '2025-11-26 08:02:58', '2025-11-26 08:02:58'),
(793, 226, 6, 3, '28.00', '0.00', '0.00', '84.00', 'pending', 'No vegetables', '2025-11-26 08:02:58', '2025-11-26 08:02:58'),
(794, 227, 14, 2, '6.50', '0.00', '0.00', '13.00', 'pending', 'No onions', '2025-11-26 08:02:58', '2025-11-26 08:02:58'),
(795, 227, 24, 3, '3.50', '0.00', '0.00', '10.50', 'pending', NULL, '2025-11-26 08:02:58', '2025-11-26 08:02:58'),
(796, 227, 28, 1, '32.00', '0.00', '0.00', '32.00', 'pending', 'Medium rare', '2025-11-26 08:02:58', '2025-11-26 08:02:58'),
(797, 227, 33, 2, '11.50', '0.00', '0.00', '23.00', 'pending', 'Extra cheese', '2025-11-26 08:02:58', '2025-11-26 08:02:58'),
(798, 228, 2, 3, '12.00', '0.00', '0.00', '36.00', 'pending', 'No vegetables', '2025-11-26 08:02:58', '2025-11-26 08:02:58'),
(799, 228, 11, 1, '13.50', '0.00', '0.00', '13.50', 'pending', 'Mild spice', '2025-11-26 08:02:58', '2025-11-26 08:02:58'),
(800, 229, 2, 2, '12.00', '0.00', '0.00', '24.00', 'pending', 'Extra sauce', '2025-11-26 08:02:58', '2025-11-26 08:02:58'),
(801, 229, 8, 3, '14.00', '0.00', '0.00', '42.00', 'pending', NULL, '2025-11-26 08:02:58', '2025-11-26 08:02:58'),
(802, 229, 10, 3, '15.00', '0.00', '0.00', '45.00', 'pending', NULL, '2025-11-26 08:02:58', '2025-11-26 08:02:58'),
(803, 229, 31, 2, '15.00', '0.00', '0.00', '30.00', 'pending', 'No onions', '2025-11-26 08:02:58', '2025-11-26 08:02:58'),
(804, 230, 9, 3, '16.50', '0.00', '0.00', '49.50', 'pending', NULL, '2025-11-26 08:02:58', '2025-11-26 08:02:58'),
(805, 230, 16, 2, '6.00', '0.00', '0.00', '12.00', 'pending', 'Extra herbs', '2025-11-26 08:02:58', '2025-11-26 08:02:58'),
(806, 230, 17, 2, '8.50', '0.00', '0.00', '17.00', 'pending', NULL, '2025-11-26 08:02:58', '2025-11-26 08:02:58'),
(807, 230, 23, 1, '4.50', '0.00', '0.00', '4.50', 'pending', 'Medium rare', '2025-11-26 08:02:58', '2025-11-26 08:02:58'),
(808, 230, 29, 3, '18.50', '0.00', '0.00', '55.50', 'pending', 'Extra herbs', '2025-11-26 08:02:58', '2025-11-26 08:02:58'),
(809, 231, 17, 1, '8.50', '0.00', '0.00', '8.50', 'pending', NULL, '2025-11-26 08:02:58', '2025-11-26 08:02:58'),
(810, 231, 26, 1, '25.00', '0.00', '0.00', '25.00', 'pending', 'On the side', '2025-11-26 08:02:58', '2025-11-26 08:02:58'),
(811, 232, 4, 1, '9.00', '0.00', '0.00', '9.00', 'pending', 'No vegetables', '2025-11-26 08:02:58', '2025-11-26 08:02:58'),
(812, 232, 5, 2, '13.50', '0.00', '0.00', '27.00', 'pending', NULL, '2025-11-26 08:02:58', '2025-11-26 08:02:58'),
(813, 232, 9, 2, '16.50', '0.00', '0.00', '33.00', 'pending', 'Extra cheese', '2025-11-26 08:02:58', '2025-11-26 08:02:58'),
(814, 232, 10, 1, '15.00', '0.00', '0.00', '15.00', 'pending', NULL, '2025-11-26 08:02:58', '2025-11-26 08:02:58'),
(815, 232, 32, 1, '8.00', '0.00', '0.00', '8.00', 'pending', 'Extra spicy', '2025-11-26 08:02:58', '2025-11-26 08:02:58'),
(816, 233, 1, 2, '8.50', '0.00', '0.00', '17.00', 'pending', NULL, '2025-11-26 08:02:58', '2025-11-26 08:02:58'),
(817, 234, 16, 1, '6.00', '0.00', '0.00', '6.00', 'pending', 'Extra herbs', '2025-11-26 08:02:58', '2025-11-26 08:02:58'),
(818, 234, 17, 3, '8.50', '0.00', '0.00', '25.50', 'pending', NULL, '2025-11-26 08:02:58', '2025-11-26 08:02:58'),
(819, 234, 21, 2, '2.50', '0.00', '0.00', '5.00', 'pending', 'Extra herbs', '2025-11-26 08:02:58', '2025-11-26 08:02:58'),
(820, 234, 29, 3, '18.50', '0.00', '0.00', '55.50', 'pending', 'On the side', '2025-11-26 08:02:58', '2025-11-26 08:02:58'),
(821, 235, 16, 3, '6.00', '0.00', '0.00', '18.00', 'pending', 'Well done', '2025-11-26 08:02:58', '2025-11-26 08:02:58'),
(822, 235, 33, 2, '11.50', '0.00', '0.00', '23.00', 'pending', 'Extra herbs', '2025-11-26 08:02:58', '2025-11-26 08:02:58'),
(823, 236, 12, 3, '10.00', '0.00', '0.00', '30.00', 'pending', NULL, '2025-11-26 08:02:58', '2025-11-26 08:02:58'),
(824, 236, 15, 3, '5.50', '0.00', '0.00', '16.50', 'pending', NULL, '2025-11-26 08:02:58', '2025-11-26 08:02:58'),
(825, 236, 23, 2, '4.50', '0.00', '0.00', '9.00', 'pending', 'Well done', '2025-11-26 08:02:58', '2025-11-26 08:02:58'),
(826, 236, 28, 2, '32.00', '0.00', '0.00', '64.00', 'pending', 'No onions', '2025-11-26 08:02:58', '2025-11-26 08:02:58'),
(827, 236, 29, 2, '18.50', '0.00', '0.00', '37.00', 'pending', 'Extra herbs', '2025-11-26 08:02:58', '2025-11-26 08:02:58'),
(828, 237, 8, 1, '14.00', '0.00', '0.00', '14.00', 'pending', 'Medium rare', '2025-11-26 08:02:58', '2025-11-26 08:02:58'),
(829, 237, 32, 2, '8.00', '0.00', '0.00', '16.00', 'pending', 'Extra cheese', '2025-11-26 08:02:58', '2025-11-26 08:02:58'),
(830, 238, 6, 1, '28.00', '0.00', '0.00', '28.00', 'pending', NULL, '2025-11-26 08:02:58', '2025-11-26 08:02:58'),
(831, 239, 3, 2, '10.50', '0.00', '0.00', '21.00', 'pending', NULL, '2025-11-26 08:02:58', '2025-11-26 08:02:58'),
(832, 239, 4, 2, '9.00', '0.00', '0.00', '18.00', 'pending', NULL, '2025-11-26 08:02:58', '2025-11-26 08:02:58'),
(833, 239, 11, 3, '13.50', '0.00', '0.00', '40.50', 'pending', 'Extra spicy', '2025-11-26 08:02:58', '2025-11-26 08:02:58'),
(834, 239, 12, 3, '10.00', '0.00', '0.00', '30.00', 'pending', 'No vegetables', '2025-11-26 08:02:58', '2025-11-26 08:02:58'),
(835, 239, 29, 2, '18.50', '0.00', '0.00', '37.00', 'pending', 'Extra herbs', '2025-11-26 08:02:58', '2025-11-26 08:02:58'),
(836, 240, 3, 2, '10.50', '0.00', '0.00', '21.00', 'pending', 'Extra herbs', '2025-11-26 08:02:58', '2025-11-26 08:02:58'),
(837, 240, 14, 3, '6.50', '0.00', '0.00', '19.50', 'pending', 'On the side', '2025-11-26 08:02:58', '2025-11-26 08:02:58'),
(838, 240, 20, 2, '4.00', '0.00', '0.00', '8.00', 'pending', 'Mild spice', '2025-11-26 08:02:58', '2025-11-26 08:02:58'),
(839, 240, 31, 3, '15.00', '0.00', '0.00', '45.00', 'pending', NULL, '2025-11-26 08:02:58', '2025-11-26 08:02:58'),
(840, 241, 5, 3, '13.50', '0.00', '0.00', '40.50', 'pending', 'On the side', '2025-11-26 08:02:58', '2025-11-26 08:02:58'),
(841, 241, 14, 2, '6.50', '0.00', '0.00', '13.00', 'pending', 'Extra cheese', '2025-11-26 08:02:58', '2025-11-26 08:02:58'),
(842, 241, 15, 2, '5.50', '0.00', '0.00', '11.00', 'pending', 'Well done', '2025-11-26 08:02:58', '2025-11-26 08:02:58'),
(843, 242, 3, 2, '10.50', '0.00', '0.00', '21.00', 'pending', 'On the side', '2025-11-26 08:02:58', '2025-11-26 08:02:58'),
(844, 242, 17, 2, '8.50', '0.00', '0.00', '17.00', 'pending', NULL, '2025-11-26 08:02:58', '2025-11-26 08:02:58'),
(845, 242, 29, 2, '18.50', '0.00', '0.00', '37.00', 'pending', 'No vegetables', '2025-11-26 08:02:58', '2025-11-26 08:02:58'),
(846, 243, 9, 2, '16.50', '0.00', '0.00', '33.00', 'pending', NULL, '2025-11-26 08:02:58', '2025-11-26 08:02:58'),
(847, 243, 18, 1, '4.50', '0.00', '0.00', '4.50', 'pending', NULL, '2025-11-26 08:02:58', '2025-11-26 08:02:58'),
(848, 243, 25, 2, '8.50', '0.00', '0.00', '17.00', 'pending', 'Extra cheese', '2025-11-26 08:02:58', '2025-11-26 08:02:58'),
(849, 244, 2, 2, '12.00', '0.00', '0.00', '24.00', 'pending', NULL, '2025-11-26 08:02:58', '2025-11-26 08:02:58'),
(850, 244, 5, 1, '13.50', '0.00', '0.00', '13.50', 'pending', NULL, '2025-11-26 08:02:58', '2025-11-26 08:02:58'),
(851, 244, 17, 1, '8.50', '0.00', '0.00', '8.50', 'pending', 'Medium rare', '2025-11-26 08:02:58', '2025-11-26 08:02:58'),
(852, 244, 25, 1, '8.50', '0.00', '0.00', '8.50', 'pending', 'No onions', '2025-11-26 08:02:58', '2025-11-26 08:02:58'),
(853, 244, 26, 2, '25.00', '0.00', '0.00', '50.00', 'pending', NULL, '2025-11-26 08:02:58', '2025-11-26 08:02:58'),
(854, 244, 29, 1, '18.50', '0.00', '0.00', '18.50', 'pending', NULL, '2025-11-26 08:02:58', '2025-11-26 08:02:58'),
(855, 245, 24, 2, '3.50', '0.00', '0.00', '7.00', 'pending', 'Extra spicy', '2025-11-26 08:02:58', '2025-11-26 08:02:58'),
(856, 246, 7, 1, '12.50', '0.00', '0.00', '12.50', 'pending', NULL, '2025-11-26 08:02:58', '2025-11-26 08:02:58'),
(857, 246, 10, 2, '15.00', '0.00', '0.00', '30.00', 'pending', NULL, '2025-11-26 08:02:58', '2025-11-26 08:02:58'),
(858, 246, 12, 1, '10.00', '0.00', '0.00', '10.00', 'pending', NULL, '2025-11-26 08:02:58', '2025-11-26 08:02:58'),
(859, 246, 16, 2, '6.00', '0.00', '0.00', '12.00', 'pending', 'Mild spice', '2025-11-26 08:02:58', '2025-11-26 08:02:58'),
(860, 247, 11, 2, '13.50', '0.00', '0.00', '27.00', 'pending', 'Mild spice', '2025-11-26 08:02:58', '2025-11-26 08:02:58'),
(861, 247, 14, 3, '6.50', '0.00', '0.00', '19.50', 'pending', 'Mild spice', '2025-11-26 08:02:58', '2025-11-26 08:02:58'),
(862, 247, 21, 3, '2.50', '0.00', '0.00', '7.50', 'pending', 'Extra spicy', '2025-11-26 08:02:58', '2025-11-26 08:02:58'),
(863, 247, 25, 1, '8.50', '0.00', '0.00', '8.50', 'pending', NULL, '2025-11-26 08:02:58', '2025-11-26 08:02:58'),
(864, 247, 32, 3, '8.00', '0.00', '0.00', '24.00', 'pending', 'Extra cheese', '2025-11-26 08:02:58', '2025-11-26 08:02:58'),
(865, 248, 2, 1, '12.00', '0.00', '0.00', '12.00', 'pending', NULL, '2025-11-26 08:02:58', '2025-11-26 08:02:58'),
(866, 248, 7, 1, '12.50', '0.00', '0.00', '12.50', 'pending', 'On the side', '2025-11-26 08:02:58', '2025-11-26 08:02:58'),
(867, 248, 8, 1, '14.00', '0.00', '0.00', '14.00', 'pending', NULL, '2025-11-26 08:02:58', '2025-11-26 08:02:58'),
(868, 248, 16, 3, '6.00', '0.00', '0.00', '18.00', 'pending', NULL, '2025-11-26 08:02:58', '2025-11-26 08:02:58'),
(869, 248, 20, 1, '4.00', '0.00', '0.00', '4.00', 'pending', 'Extra spicy', '2025-11-26 08:02:58', '2025-11-26 08:02:58'),
(870, 248, 28, 3, '32.00', '0.00', '0.00', '96.00', 'pending', 'Mild spice', '2025-11-26 08:02:58', '2025-11-26 08:02:58'),
(871, 249, 4, 3, '9.00', '0.00', '0.00', '27.00', 'pending', 'Extra cheese', '2025-11-26 08:02:58', '2025-11-26 08:02:58'),
(872, 249, 16, 3, '6.00', '0.00', '0.00', '18.00', 'pending', 'Extra herbs', '2025-11-26 08:02:58', '2025-11-26 08:02:58'),
(873, 249, 17, 3, '8.50', '0.00', '0.00', '25.50', 'pending', 'Extra spicy', '2025-11-26 08:02:58', '2025-11-26 08:02:58'),
(874, 249, 22, 3, '5.50', '0.00', '0.00', '16.50', 'pending', 'Extra herbs', '2025-11-26 08:02:58', '2025-11-26 08:02:58'),
(875, 249, 27, 3, '28.00', '0.00', '0.00', '84.00', 'pending', 'Extra herbs', '2025-11-26 08:02:58', '2025-11-26 08:02:58'),
(876, 249, 33, 2, '11.50', '0.00', '0.00', '23.00', 'pending', 'Extra spicy', '2025-11-26 08:02:58', '2025-11-26 08:02:58'),
(877, 250, 16, 1, '6.00', '0.00', '0.00', '6.00', 'pending', 'No onions', '2025-11-26 08:02:58', '2025-11-26 08:02:58'),
(878, 250, 25, 3, '8.50', '0.00', '0.00', '25.50', 'pending', NULL, '2025-11-26 08:02:58', '2025-11-26 08:02:58'),
(879, 251, 1, 4, '8.50', '0.00', '0.00', '34.00', 'pending', NULL, '2025-11-26 09:48:10', '2025-11-26 09:48:10'),
(880, 252, 2, 1, '12.00', '0.00', '0.00', '12.00', 'pending', NULL, '2025-11-26 09:53:04', '2025-11-26 09:53:04'),
(881, 252, 4, 1, '9.00', '0.00', '0.00', '9.00', 'pending', NULL, '2025-11-26 09:53:04', '2025-11-26 09:53:04'),
(882, 252, 5, 3, '13.50', '0.00', '0.00', '40.50', 'pending', NULL, '2025-11-26 09:53:04', '2025-11-26 09:53:04'),
(883, 252, 6, 99, '28.00', '0.00', '0.00', '2772.00', 'pending', NULL, '2025-11-26 09:53:04', '2025-11-26 09:53:04'),
(884, 253, 1, 1, '8.50', '0.00', '0.00', '8.50', 'pending', NULL, '2025-11-26 10:10:58', '2025-11-26 10:10:58'),
(885, 254, 2, 1, '12.00', '0.00', '0.00', '12.00', 'pending', NULL, '2025-11-26 10:22:51', '2025-11-26 10:22:51'),
(886, 254, 4, 1, '9.00', '0.00', '0.00', '9.00', 'pending', NULL, '2025-11-26 10:22:51', '2025-11-26 10:22:51'),
(887, 255, 2, 1, '12.00', '0.00', '0.00', '12.00', 'pending', NULL, '2025-11-27 00:29:31', '2025-11-27 00:29:31'),
(888, 255, 5, 1, '13.50', '0.00', '0.00', '13.50', 'pending', NULL, '2025-11-27 00:29:31', '2025-11-27 00:29:31'),
(892, 257, 1, 1, '8.50', '0.00', '0.00', '8.50', 'pending', NULL, '2025-11-27 12:10:19', '2025-11-27 12:10:19'),
(893, 257, 2, 1, '12.00', '0.00', '0.00', '12.00', 'pending', NULL, '2025-11-27 12:10:19', '2025-11-27 12:10:19'),
(894, 257, 4, 1, '9.00', '0.00', '0.00', '9.00', 'pending', NULL, '2025-11-27 12:10:19', '2025-11-27 12:10:19'),
(895, 258, 2, 1, '12.00', '0.00', '0.00', '12.00', 'pending', NULL, '2025-11-28 02:29:35', '2025-11-28 02:29:35'),
(896, 258, 4, 1, '9.00', '0.00', '0.00', '9.00', 'pending', NULL, '2025-11-28 02:29:35', '2025-11-28 02:29:35'),
(897, 258, 5, 1, '13.50', '0.00', '0.00', '13.50', 'pending', NULL, '2025-11-28 02:29:35', '2025-11-28 02:29:35'),
(898, 259, 2, 1, '12.00', '0.00', '0.00', '12.00', 'pending', NULL, '2025-11-28 10:09:50', '2025-11-28 10:09:50');
INSERT INTO `order_time_slots` (`id`, `location_id`, `slot_date`, `slot_start_time`, `slot_type`, `max_orders`, `current_orders`, `created_at`, `updated_at`) VALUES
(1, 1, '2025-11-26', '10:00:00', 'pickup', 5, 1, '2025-11-26 09:02:04', '2025-11-26 09:48:10'),
(2, 1, '2025-11-26', '11:00:00', 'pickup', 5, 2, '2025-11-26 09:02:04', '2025-11-26 10:10:58'),
(3, 1, '2025-11-26', '12:00:00', 'pickup', 5, 0, '2025-11-26 09:02:04', '2025-11-26 09:02:04'),
(4, 1, '2025-11-26', '13:00:00', 'pickup', 5, 0, '2025-11-26 09:02:04', '2025-11-26 09:02:04'),
(5, 1, '2025-11-26', '14:00:00', 'pickup', 5, 0, '2025-11-26 09:02:04', '2025-11-26 09:02:04'),
(6, 1, '2025-11-26', '15:00:00', 'pickup', 5, 0, '2025-11-26 09:02:04', '2025-11-26 09:02:04'),
(7, 1, '2025-11-26', '16:00:00', 'pickup', 5, 0, '2025-11-26 09:02:04', '2025-11-26 09:02:04'),
(8, 1, '2025-11-26', '17:00:00', 'pickup', 5, 1, '2025-11-26 09:02:04', '2025-11-26 10:22:51'),
(9, 1, '2025-11-26', '18:00:00', 'pickup', 5, 0, '2025-11-26 09:02:04', '2025-11-26 09:02:04'),
(10, 1, '2025-11-26', '19:00:00', 'pickup', 5, 0, '2025-11-26 09:02:04', '2025-11-26 09:02:04'),
(11, 1, '2025-11-26', '10:00:00', 'delivery', 5, 0, '2025-11-26 09:02:04', '2025-11-26 09:02:04'),
(12, 1, '2025-11-26', '11:00:00', 'delivery', 5, 0, '2025-11-26 09:02:04', '2025-11-26 09:02:04'),
(13, 1, '2025-11-26', '12:00:00', 'delivery', 5, 0, '2025-11-26 09:02:04', '2025-11-26 09:02:04'),
(14, 1, '2025-11-26', '13:00:00', 'delivery', 5, 0, '2025-11-26 09:02:04', '2025-11-26 09:02:04'),
(15, 1, '2025-11-26', '14:00:00', 'delivery', 5, 0, '2025-11-26 09:02:04', '2025-11-26 09:02:04'),
(16, 1, '2025-11-26', '15:00:00', 'delivery', 5, 0, '2025-11-26 09:02:04', '2025-11-26 09:02:04'),
(17, 1, '2025-11-26', '16:00:00', 'delivery', 5, 0, '2025-11-26 09:02:04', '2025-11-26 09:02:04'),
(18, 1, '2025-11-26', '17:00:00', 'delivery', 5, 0, '2025-11-26 09:02:04', '2025-11-26 09:02:04'),
(19, 1, '2025-11-26', '18:00:00', 'delivery', 5, 0, '2025-11-26 09:02:04', '2025-11-26 09:02:04'),
(20, 1, '2025-11-26', '19:00:00', 'delivery', 5, 0, '2025-11-26 09:02:04', '2025-11-26 09:02:04'),
(21, 1, '2025-11-27', '10:00:00', 'pickup', 5, 0, '2025-11-26 09:02:04', '2025-11-26 09:02:04'),
(22, 1, '2025-11-27', '11:00:00', 'pickup', 5, 0, '2025-11-26 09:02:04', '2025-11-26 09:02:04'),
(23, 1, '2025-11-27', '12:00:00', 'pickup', 5, 1, '2025-11-26 09:02:04', '2025-11-27 09:38:48'),
(24, 1, '2025-11-27', '13:00:00', 'pickup', 5, 0, '2025-11-26 09:02:04', '2025-11-26 09:02:04'),
(25, 1, '2025-11-27', '14:00:00', 'pickup', 5, 0, '2025-11-26 09:02:04', '2025-11-26 09:02:04'),
(26, 1, '2025-11-27', '15:00:00', 'pickup', 5, 1, '2025-11-26 09:02:04', '2025-11-27 00:29:31'),
(27, 1, '2025-11-27', '16:00:00', 'pickup', 5, 0, '2025-11-26 09:02:04', '2025-11-26 09:02:04'),
(28, 1, '2025-11-27', '17:00:00', 'pickup', 5, 0, '2025-11-26 09:02:04', '2025-11-26 09:02:04'),
(29, 1, '2025-11-27', '18:00:00', 'pickup', 5, 1, '2025-11-26 09:02:04', '2025-11-27 12:10:19'),
(30, 1, '2025-11-27', '19:00:00', 'pickup', 5, 0, '2025-11-26 09:02:04', '2025-11-26 09:02:04'),
(31, 1, '2025-11-27', '10:00:00', 'delivery', 5, 0, '2025-11-26 09:02:04', '2025-11-26 09:02:04'),
(32, 1, '2025-11-27', '11:00:00', 'delivery', 5, 0, '2025-11-26 09:02:04', '2025-11-26 09:02:04'),
(33, 1, '2025-11-27', '12:00:00', 'delivery', 5, 0, '2025-11-26 09:02:04', '2025-11-26 09:02:04'),
(34, 1, '2025-11-27', '13:00:00', 'delivery', 5, 0, '2025-11-26 09:02:04', '2025-11-26 09:02:04'),
(35, 1, '2025-11-27', '14:00:00', 'delivery', 5, 0, '2025-11-26 09:02:04', '2025-11-26 09:02:04'),
(36, 1, '2025-11-27', '15:00:00', 'delivery', 5, 0, '2025-11-26 09:02:04', '2025-11-26 09:02:04'),
(37, 1, '2025-11-27', '16:00:00', 'delivery', 5, 0, '2025-11-26 09:02:04', '2025-11-26 09:02:04'),
(38, 1, '2025-11-27', '17:00:00', 'delivery', 5, 0, '2025-11-26 09:02:04', '2025-11-26 09:02:04'),
(39, 1, '2025-11-27', '18:00:00', 'delivery', 5, 0, '2025-11-26 09:02:04', '2025-11-26 09:02:04'),
(40, 1, '2025-11-27', '19:00:00', 'delivery', 5, 0, '2025-11-26 09:02:04', '2025-11-26 09:02:04'),
(41, 1, '2025-11-28', '10:00:00', 'pickup', 5, 0, '2025-11-26 09:02:04', '2025-11-26 09:02:04'),
(42, 1, '2025-11-28', '11:00:00', 'pickup', 5, 0, '2025-11-26 09:02:04', '2025-11-26 09:02:04'),
(43, 1, '2025-11-28', '12:00:00', 'pickup', 5, 0, '2025-11-26 09:02:04', '2025-11-26 09:02:04'),
(44, 1, '2025-11-28', '13:00:00', 'pickup', 5, 0, '2025-11-26 09:02:04', '2025-11-26 09:02:04'),
(45, 1, '2025-11-28', '14:00:00', 'pickup', 5, 2, '2025-11-26 09:02:04', '2025-11-28 10:09:50'),
(46, 1, '2025-11-28', '15:00:00', 'pickup', 5, 0, '2025-11-26 09:02:04', '2025-11-26 09:02:04'),
(47, 1, '2025-11-28', '16:00:00', 'pickup', 5, 0, '2025-11-26 09:02:04', '2025-11-26 09:02:04'),
(48, 1, '2025-11-28', '17:00:00', 'pickup', 5, 0, '2025-11-26 09:02:04', '2025-11-26 09:02:04'),
(49, 1, '2025-11-28', '18:00:00', 'pickup', 5, 0, '2025-11-26 09:02:04', '2025-11-26 09:02:04'),
(50, 1, '2025-11-28', '19:00:00', 'pickup', 5, 0, '2025-11-26 09:02:04', '2025-11-26 09:02:04'),
(51, 1, '2025-11-28', '10:00:00', 'delivery', 5, 0, '2025-11-26 09:02:04', '2025-11-26 09:02:04'),
(52, 1, '2025-11-28', '11:00:00', 'delivery', 5, 0, '2025-11-26 09:02:04', '2025-11-26 09:02:04'),
(53, 1, '2025-11-28', '12:00:00', 'delivery', 5, 0, '2025-11-26 09:02:04', '2025-11-26 09:02:04'),
(54, 1, '2025-11-28', '13:00:00', 'delivery', 5, 0, '2025-11-26 09:02:04', '2025-11-26 09:02:04'),
(55, 1, '2025-11-28', '14:00:00', 'delivery', 5, 0, '2025-11-26 09:02:04', '2025-11-26 09:02:04'),
(56, 1, '2025-11-28', '15:00:00', 'delivery', 5, 0, '2025-11-26 09:02:04', '2025-11-26 09:02:04'),
(57, 1, '2025-11-28', '16:00:00', 'delivery', 5, 0, '2025-11-26 09:02:04', '2025-11-26 09:02:04'),
(58, 1, '2025-11-28', '17:00:00', 'delivery', 5, 0, '2025-11-26 09:02:04', '2025-11-26 09:02:04'),
(59, 1, '2025-11-28', '18:00:00', 'delivery', 5, 0, '2025-11-26 09:02:04', '2025-11-26 09:02:04'),
(60, 1, '2025-11-28', '19:00:00', 'delivery', 5, 0, '2025-11-26 09:02:04', '2025-11-26 09:02:04');
INSERT INTO `orders` (`id`, `location_id`, `table_id`, `customer_id`, `employee_id`, `order_number`, `preparation_status`, `priority`, `status`, `approval_status`, `subtotal`, `tax_amount`, `discount_amount`, `total_amount`, `service_charge`, `delivery_fee`, `currency`, `ordered_at`, `completed_at`, `special_instructions`, `delivery_instructions`, `estimated_ready_time`, `created_at`, `updated_at`, `order_type`, `promotion_id`, `customer_address_id`, `payment_status`, `scheduled_at`, `pickup_time`, `kitchen_submitted_at`, `approved_by`, `approved_at`, `rejection_reason`, `is_auto_approved`, `time_slot_id`) VALUES
(1, 1, 24, 6, NULL, 'NKH-DT-20251002-3423-68f', 'pending', 0, 'received', 'pending', '163.50', '16.35', '0.00', '179.85', '0.00', '0.00', 'USD', '2025-10-02 07:26:32', NULL, 'No onions', NULL, '2025-10-02 07:47:32', '2025-11-26 08:02:54', '2025-11-26 08:02:55', 'dine-in', NULL, NULL, 'unpaid', NULL, NULL, NULL, NULL, NULL, NULL, 0, NULL),
(2, 1, NULL, 1, NULL, 'NKH-DT-20250924-9555-68d', 'pending', 0, 'ready', 'pending', '151.50', '15.15', '0.00', '166.65', '0.00', '0.00', 'USD', '2025-09-24 10:41:53', NULL, 'Vegetarian option', NULL, '2025-09-24 11:26:53', '2025-11-26 08:02:54', '2025-11-26 08:02:55', 'delivery', NULL, NULL, 'unpaid', NULL, NULL, NULL, NULL, NULL, NULL, 0, NULL),
(3, 1, 21, 4, NULL, 'NKH-DT-20251014-5558-546', 'pending', 0, 'received', 'pending', '21.00', '2.10', '0.00', '23.10', '0.00', '0.00', 'USD', '2025-10-14 23:17:51', NULL, 'Vegetarian option', NULL, '2025-10-14 23:45:51', '2025-11-26 08:02:54', '2025-11-26 08:02:55', 'dine-in', NULL, NULL, 'unpaid', NULL, NULL, NULL, NULL, NULL, NULL, 0, NULL),
(4, 1, NULL, 10, NULL, 'NKH-DT-20250920-2708-7d5', 'pending', 0, 'ready', 'pending', '64.50', '6.45', '0.00', '70.95', '0.00', '0.00', 'USD', '2025-09-20 23:37:48', NULL, NULL, NULL, '2025-09-21 00:06:48', '2025-11-26 08:02:54', '2025-11-26 08:02:55', 'pickup', NULL, NULL, 'unpaid', NULL, NULL, NULL, NULL, NULL, NULL, 0, NULL),
(5, 1, 10, 3, NULL, 'NKH-DT-20250923-0557-920', 'pending', 0, 'pending', 'pending', '40.50', '4.05', '4.34', '40.21', '0.00', '0.00', 'USD', '2025-09-23 18:31:25', NULL, NULL, NULL, '2025-09-23 19:01:25', '2025-11-26 08:02:54', '2025-11-26 08:02:55', 'dine-in', NULL, NULL, 'unpaid', NULL, NULL, NULL, NULL, NULL, NULL, 0, NULL),
(6, 1, NULL, 3, NULL, 'NKH-DT-20251106-3864-4a7', 'pending', 0, 'received', 'pending', '173.00', '17.30', '0.00', '190.30', '0.00', '0.00', 'USD', '2025-11-06 02:27:11', NULL, NULL, NULL, '2025-11-06 03:04:11', '2025-11-26 08:02:54', '2025-11-26 08:02:55', 'delivery', NULL, NULL, 'unpaid', NULL, NULL, NULL, NULL, NULL, NULL, 0, NULL),
(7, 1, 26, 3, NULL, 'NKH-DT-20251011-5386-cfb', 'pending', 0, 'pending', 'pending', '10.50', '1.05', '3.86', '7.69', '0.00', '0.00', 'USD', '2025-10-11 12:56:02', NULL, 'Extra sauce', NULL, '2025-10-11 13:19:02', '2025-11-26 08:02:54', '2025-11-26 08:02:55', 'dine-in', NULL, NULL, 'unpaid', NULL, NULL, NULL, NULL, NULL, NULL, 0, NULL),
(8, 1, NULL, 11, NULL, 'NKH-DT-20251029-8361-549', 'pending', 0, 'received', 'pending', '115.50', '11.55', '0.00', '127.05', '0.00', '0.00', 'USD', '2025-10-29 23:07:50', NULL, NULL, NULL, '2025-10-29 23:27:50', '2025-11-26 08:02:54', '2025-11-26 08:02:55', 'pickup', NULL, NULL, 'unpaid', NULL, NULL, NULL, NULL, NULL, NULL, 0, NULL),
(9, 1, 12, 1, NULL, 'NKH-DT-20251003-0177-732', 'pending', 0, 'preparing', 'pending', '63.00', '6.30', '0.00', '69.30', '0.00', '0.00', 'USD', '2025-10-03 19:55:33', NULL, 'Less salt', NULL, '2025-10-03 20:22:33', '2025-11-26 08:02:54', '2025-11-26 08:02:55', 'dine-in', NULL, NULL, 'unpaid', NULL, NULL, NULL, NULL, NULL, NULL, 0, NULL),
(10, 1, NULL, 11, NULL, 'NKH-DT-20251107-6370-b5d', 'pending', 0, 'preparing', 'pending', '50.00', '5.00', '0.00', '55.00', '0.00', '0.00', 'USD', '2025-11-07 16:41:52', NULL, 'No spicy please', NULL, '2025-11-07 17:04:52', '2025-11-26 08:02:54', '2025-11-26 08:02:55', 'pickup', NULL, NULL, 'unpaid', NULL, NULL, NULL, NULL, NULL, NULL, 0, NULL),
(11, 1, NULL, 5, NULL, 'NKH-DT-20251030-6817-8cf', 'pending', 0, 'preparing', 'pending', '100.00', '10.00', '0.00', '110.00', '0.00', '0.00', 'USD', '2025-10-30 22:11:19', NULL, 'Make it spicy', NULL, '2025-10-30 22:46:19', '2025-11-26 08:02:54', '2025-11-26 08:02:55', 'delivery', NULL, NULL, 'unpaid', NULL, NULL, NULL, NULL, NULL, NULL, 0, NULL),
(12, 1, 24, 2, NULL, 'NKH-DT-20251018-9095-972', 'pending', 0, 'preparing', 'pending', '36.50', '3.65', '0.00', '40.15', '0.00', '0.00', 'USD', '2025-10-18 02:12:13', NULL, 'Extra vegetables', NULL, '2025-10-18 02:34:13', '2025-11-26 08:02:54', '2025-11-26 08:02:55', 'dine-in', NULL, NULL, 'unpaid', NULL, NULL, NULL, NULL, NULL, NULL, 0, NULL),
(13, 1, NULL, 3, NULL, 'NKH-DT-20251103-1446-457', 'pending', 0, 'completed', 'pending', '34.00', '3.40', '5.21', '32.19', '0.00', '0.00', 'USD', '2025-11-03 13:34:27', '2025-11-03 13:34:27', 'No spicy please', NULL, '2025-11-03 13:34:27', '2025-11-26 08:02:54', '2025-11-26 08:02:55', 'delivery', NULL, NULL, 'unpaid', NULL, NULL, NULL, NULL, NULL, NULL, 0, NULL),
(14, 1, 5, 6, NULL, 'NKH-DT-20251109-5079-f26', 'pending', 0, 'completed', 'pending', '30.00', '3.00', '0.00', '33.00', '0.00', '0.00', 'USD', '2025-11-09 22:58:31', '2025-11-09 22:58:31', 'Extra sauce', NULL, '2025-11-09 22:32:31', '2025-11-26 08:02:54', '2025-11-26 08:02:55', 'dine-in', NULL, NULL, 'unpaid', NULL, NULL, NULL, NULL, NULL, NULL, 0, NULL),
(15, 1, 3, 3, NULL, 'NKH-DT-20250923-7122-332', 'pending', 0, 'ready', 'pending', '32.00', '3.20', '0.00', '35.20', '0.00', '0.00', 'USD', '2025-09-23 11:48:58', NULL, NULL, NULL, '2025-09-23 12:08:58', '2025-11-26 08:02:54', '2025-11-26 08:02:55', 'dine-in', NULL, NULL, 'unpaid', NULL, NULL, NULL, NULL, NULL, NULL, 0, NULL),
(16, 1, NULL, 6, NULL, 'NKH-DT-20251110-8926-2eb', 'pending', 0, 'completed', 'pending', '206.50', '20.65', '6.04', '221.11', '0.00', '0.00', 'USD', '2025-11-10 13:01:07', '2025-11-10 13:01:07', 'Make it spicy', NULL, '2025-11-10 12:50:07', '2025-11-26 08:02:54', '2025-11-26 08:02:55', 'delivery', NULL, NULL, 'unpaid', NULL, NULL, NULL, NULL, NULL, NULL, 0, NULL),
(17, 1, NULL, 7, NULL, 'NKH-DT-20250926-6290-f28', 'pending', 0, 'preparing', 'pending', '45.50', '4.55', '0.00', '50.05', '0.00', '0.00', 'USD', '2025-09-26 08:50:01', NULL, 'Well done', NULL, '2025-09-26 09:29:01', '2025-11-26 08:02:54', '2025-11-26 08:02:55', 'delivery', NULL, NULL, 'unpaid', NULL, NULL, NULL, NULL, NULL, NULL, 0, NULL),
(18, 1, 5, 11, NULL, 'NKH-DT-20251101-7309-ee0', 'pending', 0, 'pending', 'pending', '70.00', '7.00', '9.04', '67.96', '0.00', '0.00', 'USD', '2025-11-01 08:39:50', NULL, NULL, NULL, '2025-11-01 08:59:50', '2025-11-26 08:02:54', '2025-11-26 08:02:55', 'dine-in', NULL, NULL, 'unpaid', NULL, NULL, NULL, NULL, NULL, NULL, 0, NULL),
(19, 1, 7, 7, NULL, 'NKH-DT-20250908-0138-b65', 'pending', 0, 'received', 'pending', '31.50', '3.15', '0.00', '34.65', '0.00', '0.00', 'USD', '2025-09-08 05:22:04', NULL, NULL, NULL, '2025-09-08 05:46:04', '2025-11-26 08:02:54', '2025-11-26 08:02:55', 'dine-in', NULL, NULL, 'unpaid', NULL, NULL, NULL, NULL, NULL, NULL, 0, NULL),
(20, 1, NULL, 9, NULL, 'NKH-DT-20251019-7621-350', 'pending', 0, 'preparing', 'pending', '166.00', '16.60', '0.00', '182.60', '0.00', '0.00', 'USD', '2025-10-19 23:42:23', NULL, NULL, NULL, '2025-10-20 00:23:23', '2025-11-26 08:02:54', '2025-11-26 08:02:55', 'delivery', NULL, NULL, 'unpaid', NULL, NULL, NULL, NULL, NULL, NULL, 0, NULL),
(21, 1, NULL, 7, NULL, 'NKH-DT-20250927-9912-f61', 'pending', 0, 'preparing', 'pending', '123.00', '12.30', '5.90', '129.40', '0.00', '0.00', 'USD', '2025-09-27 07:37:31', NULL, 'Extra vegetables', NULL, '2025-09-27 08:23:31', '2025-11-26 08:02:54', '2025-11-26 08:02:55', 'delivery', NULL, NULL, 'unpaid', NULL, NULL, NULL, NULL, NULL, NULL, 0, NULL),
(22, 1, 14, 4, NULL, 'NKH-DT-20250911-5210-e30', 'pending', 0, 'pending', 'pending', '66.00', '6.60', '0.00', '72.60', '0.00', '0.00', 'USD', '2025-09-11 19:55:30', NULL, 'Extra vegetables', NULL, '2025-09-11 20:15:30', '2025-11-26 08:02:54', '2025-11-26 08:02:55', 'dine-in', NULL, NULL, 'unpaid', NULL, NULL, NULL, NULL, NULL, NULL, 0, NULL),
(23, 1, NULL, 1, NULL, 'NKH-DT-20251104-4104-bcc', 'pending', 0, 'preparing', 'pending', '60.00', '6.00', '0.00', '66.00', '0.00', '0.00', 'USD', '2025-11-04 01:35:43', NULL, 'Gluten free preparation', NULL, '2025-11-04 01:58:43', '2025-11-26 08:02:54', '2025-11-26 08:02:55', 'pickup', NULL, NULL, 'unpaid', NULL, NULL, NULL, NULL, NULL, NULL, 0, NULL),
(24, 1, NULL, 2, NULL, 'NKH-DT-20250924-5715-4cd', 'pending', 0, 'preparing', 'pending', '59.00', '5.90', '0.00', '64.90', '0.00', '0.00', 'USD', '2025-09-24 15:38:00', NULL, NULL, NULL, '2025-09-24 16:11:00', '2025-11-26 08:02:54', '2025-11-26 08:02:55', 'delivery', NULL, NULL, 'unpaid', NULL, NULL, NULL, NULL, NULL, NULL, 0, NULL),
(25, 1, 18, 6, NULL, 'NKH-DT-20250914-1938-398', 'pending', 0, 'pending', 'pending', '57.00', '5.70', '0.00', '62.70', '0.00', '0.00', 'USD', '2025-09-14 21:42:32', NULL, 'Make it spicy', NULL, '2025-09-14 22:04:32', '2025-11-26 08:02:54', '2025-11-26 08:02:55', 'dine-in', NULL, NULL, 'unpaid', NULL, NULL, NULL, NULL, NULL, NULL, 0, NULL),
(26, 1, NULL, 8, NULL, 'NKH-DT-20251111-0840-c60', 'pending', 0, 'ready', 'pending', '89.50', '8.95', '0.00', '98.45', '0.00', '0.00', 'USD', '2025-11-11 23:50:12', NULL, 'Make it spicy', NULL, '2025-11-12 00:11:12', '2025-11-26 08:02:54', '2025-11-26 08:02:55', 'pickup', NULL, NULL, 'unpaid', NULL, NULL, NULL, NULL, NULL, NULL, 0, NULL),
(27, 1, NULL, 7, NULL, 'NKH-DT-20251020-5196-360', 'pending', 0, 'preparing', 'pending', '68.00', '6.80', '0.00', '74.80', '0.00', '0.00', 'USD', '2025-10-20 10:54:22', NULL, 'No spicy please', NULL, '2025-10-20 11:26:22', '2025-11-26 08:02:54', '2025-11-26 08:02:55', 'pickup', NULL, NULL, 'unpaid', NULL, NULL, NULL, NULL, NULL, NULL, 0, NULL),
(28, 1, NULL, 7, NULL, 'NKH-DT-20250905-7154-bd8', 'pending', 0, 'pending', 'pending', '25.50', '2.55', '0.00', '28.05', '0.00', '0.00', 'USD', '2025-09-05 03:37:18', NULL, NULL, NULL, '2025-09-05 04:11:18', '2025-11-26 08:02:54', '2025-11-26 08:02:55', 'pickup', NULL, NULL, 'unpaid', NULL, NULL, NULL, NULL, NULL, NULL, 0, NULL),
(29, 1, 29, 3, NULL, 'NKH-DT-20251105-2048-4c7', 'pending', 0, 'pending', 'pending', '134.00', '13.40', '0.00', '147.40', '0.00', '0.00', 'USD', '2025-11-05 14:29:32', NULL, NULL, NULL, '2025-11-05 14:59:32', '2025-11-26 08:02:54', '2025-11-26 08:02:55', 'dine-in', NULL, NULL, 'unpaid', NULL, NULL, NULL, NULL, NULL, NULL, 0, NULL),
(30, 1, NULL, 6, NULL, 'NKH-DT-20251106-2025-dae', 'pending', 0, 'preparing', 'pending', '152.50', '15.25', '0.00', '167.75', '0.00', '0.00', 'USD', '2025-11-06 00:20:16', NULL, 'No spicy please', NULL, '2025-11-06 00:58:16', '2025-11-26 08:02:54', '2025-11-26 08:02:55', 'delivery', NULL, NULL, 'unpaid', NULL, NULL, NULL, NULL, NULL, NULL, 0, NULL),
(31, 1, NULL, 9, NULL, 'NKH-DT-20251106-1266-4e1', 'pending', 0, 'received', 'pending', '64.00', '6.40', '2.02', '68.38', '0.00', '0.00', 'USD', '2025-11-06 07:15:42', NULL, 'No onions', NULL, '2025-11-06 08:04:42', '2025-11-26 08:02:54', '2025-11-26 08:02:55', 'delivery', NULL, NULL, 'unpaid', NULL, NULL, NULL, NULL, NULL, NULL, 0, NULL),
(32, 1, NULL, 1, NULL, 'NKH-DT-20251114-3301-a02', 'pending', 0, 'ready', 'pending', '161.50', '16.15', '0.00', '177.65', '0.00', '0.00', 'USD', '2025-11-14 18:22:05', NULL, 'Well done', NULL, '2025-11-14 19:06:05', '2025-11-26 08:02:54', '2025-11-26 08:02:55', 'delivery', NULL, NULL, 'unpaid', NULL, NULL, NULL, NULL, NULL, NULL, 0, NULL),
(33, 1, NULL, 1, NULL, 'NKH-DT-20250918-4218-838', 'pending', 0, 'ready', 'pending', '94.50', '9.45', '7.81', '96.14', '0.00', '0.00', 'USD', '2025-09-18 13:48:01', NULL, 'Extra vegetables', NULL, '2025-09-18 14:12:01', '2025-11-26 08:02:54', '2025-11-26 08:02:55', 'pickup', NULL, NULL, 'unpaid', NULL, NULL, NULL, NULL, NULL, NULL, 0, NULL),
(34, 1, NULL, 8, NULL, 'NKH-DT-20251119-5586-7c6', 'pending', 0, 'preparing', 'pending', '231.00', '23.10', '0.00', '254.10', '0.00', '0.00', 'USD', '2025-11-19 04:05:42', NULL, 'Make it spicy', NULL, '2025-11-19 04:49:42', '2025-11-26 08:02:54', '2025-11-26 08:02:55', 'delivery', NULL, NULL, 'unpaid', NULL, NULL, NULL, NULL, NULL, NULL, 0, NULL),
(35, 1, NULL, 3, NULL, 'NKH-DT-20251014-5010-ce6', 'pending', 0, 'completed', 'pending', '44.00', '4.40', '0.00', '48.40', '0.00', '0.00', 'USD', '2025-10-14 21:10:34', '2025-10-14 21:10:34', 'Gluten free preparation', NULL, '2025-10-14 21:08:34', '2025-11-26 08:02:54', '2025-11-26 08:02:55', 'pickup', NULL, NULL, 'unpaid', NULL, NULL, NULL, NULL, NULL, NULL, 0, NULL),
(36, 1, NULL, 3, NULL, 'NKH-DT-20251113-3421-adf', 'pending', 0, 'pending', 'pending', '56.00', '5.60', '0.00', '61.60', '0.00', '0.00', 'USD', '2025-11-13 23:18:41', NULL, 'On the side', NULL, '2025-11-13 23:52:41', '2025-11-26 08:02:54', '2025-11-26 08:02:55', 'delivery', NULL, NULL, 'unpaid', NULL, NULL, NULL, NULL, NULL, NULL, 0, NULL),
(37, 1, NULL, 6, NULL, 'NKH-DT-20250828-2461-82b', 'pending', 0, 'completed', 'pending', '106.00', '10.60', '0.00', '116.60', '0.00', '0.00', 'USD', '2025-08-28 20:00:29', '2025-08-28 20:00:29', 'On the side', NULL, '2025-08-28 20:06:29', '2025-11-26 08:02:54', '2025-11-26 08:02:55', 'delivery', NULL, NULL, 'unpaid', NULL, NULL, NULL, NULL, NULL, NULL, 0, NULL),
(38, 1, NULL, 2, NULL, 'NKH-DT-20251016-5532-af6', 'pending', 0, 'pending', 'pending', '201.50', '20.15', '3.31', '218.34', '0.00', '0.00', 'USD', '2025-10-16 21:43:02', NULL, NULL, NULL, '2025-10-16 22:23:02', '2025-11-26 08:02:54', '2025-11-26 08:02:55', 'delivery', NULL, NULL, 'unpaid', NULL, NULL, NULL, NULL, NULL, NULL, 0, NULL),
(39, 1, 25, 11, NULL, 'NKH-DT-20250827-0066-061', 'pending', 0, 'ready', 'pending', '27.00', '2.70', '0.00', '29.70', '0.00', '0.00', 'USD', '2025-08-27 04:11:22', NULL, 'Make it spicy', NULL, '2025-08-27 04:38:22', '2025-11-26 08:02:54', '2025-11-26 08:02:55', 'dine-in', NULL, NULL, 'unpaid', NULL, NULL, NULL, NULL, NULL, NULL, 0, NULL),
(40, 1, NULL, 2, NULL, 'NKH-DT-20250916-9121-db8', 'pending', 0, 'completed', 'pending', '157.00', '15.70', '0.00', '172.70', '0.00', '0.00', 'USD', '2025-09-16 21:41:45', '2025-09-16 21:41:45', 'No onions', NULL, '2025-09-16 21:44:45', '2025-11-26 08:02:54', '2025-11-26 08:02:55', 'delivery', NULL, NULL, 'unpaid', NULL, NULL, NULL, NULL, NULL, NULL, 0, NULL),
(41, 1, NULL, 5, NULL, 'NKH-DT-20250926-8950-742', 'pending', 0, 'pending', 'pending', '106.50', '10.65', '0.00', '117.15', '0.00', '0.00', 'USD', '2025-09-26 14:35:41', NULL, 'Extra vegetables', NULL, '2025-09-26 15:06:41', '2025-11-26 08:02:54', '2025-11-26 08:02:55', 'delivery', NULL, NULL, 'unpaid', NULL, NULL, NULL, NULL, NULL, NULL, 0, NULL),
(42, 1, NULL, 8, NULL, 'NKH-DT-20251124-0840-9ba', 'pending', 0, 'completed', 'pending', '31.50', '3.15', '0.00', '34.65', '0.00', '0.00', 'USD', '2025-11-24 14:51:46', '2025-11-24 14:51:46', NULL, NULL, '2025-11-24 15:00:46', '2025-11-26 08:02:54', '2025-11-26 08:02:55', 'pickup', NULL, NULL, 'unpaid', NULL, NULL, NULL, NULL, NULL, NULL, 0, NULL),
(43, 1, NULL, 2, NULL, 'NKH-DT-20251105-5504-ca0', 'pending', 0, 'completed', 'pending', '125.50', '12.55', '0.00', '138.05', '0.00', '0.00', 'USD', '2025-11-05 09:37:51', '2025-11-05 09:37:51', 'Extra vegetables', NULL, '2025-11-05 09:11:51', '2025-11-26 08:02:54', '2025-11-26 08:02:55', 'pickup', NULL, NULL, 'unpaid', NULL, NULL, NULL, NULL, NULL, NULL, 0, NULL),
(44, 1, NULL, 11, NULL, 'NKH-DT-20251111-6457-e30', 'pending', 0, 'preparing', 'pending', '174.00', '17.40', '0.00', '191.40', '0.00', '0.00', 'USD', '2025-11-11 15:32:39', NULL, 'Less salt', NULL, '2025-11-11 15:52:39', '2025-11-26 08:02:54', '2025-11-26 08:02:55', 'pickup', NULL, NULL, 'unpaid', NULL, NULL, NULL, NULL, NULL, NULL, 0, NULL),
(45, 1, NULL, 5, NULL, 'NKH-DT-20251119-7491-040', 'pending', 0, 'completed', 'pending', '209.50', '20.95', '0.00', '230.45', '0.00', '0.00', 'USD', '2025-11-19 17:45:13', '2025-11-19 17:45:13', NULL, NULL, '2025-11-19 17:29:13', '2025-11-26 08:02:54', '2025-11-26 08:02:55', 'pickup', NULL, NULL, 'unpaid', NULL, NULL, NULL, NULL, NULL, NULL, 0, NULL),
(46, 1, NULL, 3, NULL, 'NKH-DT-20251020-4488-7a0', 'pending', 0, 'received', 'pending', '14.00', '1.40', '0.00', '15.40', '0.00', '0.00', 'USD', '2025-10-20 06:30:29', NULL, 'Extra sauce', NULL, '2025-10-20 07:03:29', '2025-11-26 08:02:54', '2025-11-26 08:02:55', 'delivery', NULL, NULL, 'unpaid', NULL, NULL, NULL, NULL, NULL, NULL, 0, NULL),
(47, 1, NULL, 8, NULL, 'NKH-DT-20251016-7320-cc0', 'pending', 0, 'ready', 'pending', '136.00', '13.60', '0.00', '149.60', '0.00', '0.00', 'USD', '2025-10-16 03:09:53', NULL, 'Vegetarian option', NULL, '2025-10-16 03:46:53', '2025-11-26 08:02:54', '2025-11-26 08:02:55', 'delivery', NULL, NULL, 'unpaid', NULL, NULL, NULL, NULL, NULL, NULL, 0, NULL),
(48, 1, 19, 3, NULL, 'NKH-DT-20251030-7852-be0', 'pending', 0, 'preparing', 'pending', '84.00', '8.40', '6.20', '86.20', '0.00', '0.00', 'USD', '2025-10-30 00:10:52', NULL, 'Gluten free preparation', NULL, '2025-10-30 00:39:52', '2025-11-26 08:02:54', '2025-11-26 08:02:55', 'dine-in', NULL, NULL, 'unpaid', NULL, NULL, NULL, NULL, NULL, NULL, 0, NULL),
(49, 1, NULL, 1, NULL, 'NKH-DT-20251021-8788-13d', 'pending', 0, 'preparing', 'pending', '52.00', '5.20', '0.00', '57.20', '0.00', '0.00', 'USD', '2025-10-21 01:28:17', NULL, NULL, NULL, '2025-10-21 01:48:17', '2025-11-26 08:02:54', '2025-11-26 08:02:55', 'pickup', NULL, NULL, 'unpaid', NULL, NULL, NULL, NULL, NULL, NULL, 0, NULL),
(50, 1, NULL, 5, NULL, 'NKH-DT-20250911-9604-451', 'pending', 0, 'ready', 'pending', '114.50', '11.45', '0.00', '125.95', '0.00', '0.00', 'USD', '2025-09-11 09:04:16', NULL, NULL, NULL, '2025-09-11 09:54:16', '2025-11-26 08:02:54', '2025-11-26 08:02:55', 'delivery', NULL, NULL, 'unpaid', NULL, NULL, NULL, NULL, NULL, NULL, 0, NULL),
(51, 1, NULL, 8, NULL, 'NKH-DT-20251117-2997-067', 'pending', 0, 'preparing', 'pending', '102.00', '10.20', '0.00', '112.20', '0.00', '0.00', 'USD', '2025-11-17 01:22:37', NULL, NULL, NULL, '2025-11-17 02:08:37', '2025-11-26 08:02:54', '2025-11-26 08:02:55', 'delivery', NULL, NULL, 'unpaid', NULL, NULL, NULL, NULL, NULL, NULL, 0, NULL),
(52, 1, 7, 4, NULL, 'NKH-DT-20251103-8783-f6d', 'pending', 0, 'ready', 'pending', '93.00', '9.30', '0.00', '102.30', '0.00', '0.00', 'USD', '2025-11-03 05:11:08', NULL, 'No onions', NULL, '2025-11-03 05:34:08', '2025-11-26 08:02:54', '2025-11-26 08:02:55', 'dine-in', NULL, NULL, 'unpaid', NULL, NULL, NULL, NULL, NULL, NULL, 0, NULL),
(53, 1, NULL, 10, NULL, 'NKH-DT-20251021-6923-906', 'pending', 0, 'received', 'pending', '95.00', '9.50', '0.00', '104.50', '0.00', '0.00', 'USD', '2025-10-21 10:29:23', NULL, 'Vegetarian option', NULL, '2025-10-21 10:57:23', '2025-11-26 08:02:54', '2025-11-26 08:02:56', 'pickup', NULL, NULL, 'unpaid', NULL, NULL, NULL, NULL, NULL, NULL, 0, NULL),
(54, 1, 3, 11, NULL, 'NKH-DT-20251024-0537-a9c', 'pending', 0, 'received', 'pending', '102.00', '10.20', '7.50', '104.70', '0.00', '0.00', 'USD', '2025-10-24 14:04:43', NULL, 'On the side', NULL, '2025-10-24 14:26:43', '2025-11-26 08:02:54', '2025-11-26 08:02:56', 'dine-in', NULL, NULL, 'unpaid', NULL, NULL, NULL, NULL, NULL, NULL, 0, NULL),
(55, 1, NULL, 6, NULL, 'NKH-DT-20251110-5103-339', 'pending', 0, 'pending', 'pending', '120.00', '12.00', '8.34', '123.66', '0.00', '0.00', 'USD', '2025-11-10 21:20:51', NULL, 'No spicy please', NULL, '2025-11-10 21:54:51', '2025-11-26 08:02:54', '2025-11-26 08:02:56', 'pickup', NULL, NULL, 'unpaid', NULL, NULL, NULL, NULL, NULL, NULL, 0, NULL),
(56, 1, 1, 5, NULL, 'NKH-DT-20251106-6648-46b', 'pending', 0, 'ready', 'pending', '140.00', '14.00', '0.00', '154.00', '0.00', '0.00', 'USD', '2025-11-06 05:08:18', NULL, NULL, NULL, '2025-11-06 05:34:18', '2025-11-26 08:02:54', '2025-11-26 08:02:56', 'dine-in', NULL, NULL, 'unpaid', NULL, NULL, NULL, NULL, NULL, NULL, 0, NULL),
(57, 1, NULL, 6, NULL, 'NKH-DT-20250905-3708-f37', 'pending', 0, 'ready', 'pending', '120.00', '12.00', '9.24', '122.76', '0.00', '0.00', 'USD', '2025-09-05 13:23:59', NULL, 'Vegetarian option', NULL, '2025-09-05 13:57:59', '2025-11-26 08:02:54', '2025-11-26 08:02:56', 'delivery', NULL, NULL, 'unpaid', NULL, NULL, NULL, NULL, NULL, NULL, 0, NULL),
(58, 1, NULL, 9, NULL, 'NKH-DT-20251028-2113-f63', 'pending', 0, 'pending', 'pending', '125.50', '12.55', '0.00', '138.05', '0.00', '0.00', 'USD', '2025-10-28 05:04:05', NULL, NULL, NULL, '2025-10-28 05:34:05', '2025-11-26 08:02:54', '2025-11-26 08:02:56', 'delivery', NULL, NULL, 'unpaid', NULL, NULL, NULL, NULL, NULL, NULL, 0, NULL),
(59, 1, 16, 11, NULL, 'NKH-DT-20251121-9271-d43', 'pending', 0, 'received', 'pending', '102.50', '10.25', '6.16', '106.59', '0.00', '0.00', 'USD', '2025-11-21 00:59:30', NULL, 'Extra vegetables', NULL, '2025-11-21 01:29:30', '2025-11-26 08:02:54', '2025-11-26 08:02:56', 'dine-in', NULL, NULL, 'unpaid', NULL, NULL, NULL, NULL, NULL, NULL, 0, NULL),
(60, 1, 6, 2, NULL, 'NKH-DT-20251018-2072-857', 'pending', 0, 'received', 'pending', '103.50', '10.35', '6.95', '106.90', '0.00', '0.00', 'USD', '2025-10-18 23:45:09', NULL, 'No onions', NULL, '2025-10-19 00:13:09', '2025-11-26 08:02:54', '2025-11-26 08:02:56', 'dine-in', NULL, NULL, 'unpaid', NULL, NULL, NULL, NULL, NULL, NULL, 0, NULL),
(61, 1, NULL, 5, NULL, 'NKH-DT-20251019-5139-7ad', 'pending', 0, 'ready', 'pending', '36.00', '3.60', '0.00', '39.60', '0.00', '0.00', 'USD', '2025-10-19 05:32:59', NULL, 'On the side', NULL, '2025-10-19 06:05:59', '2025-11-26 08:02:54', '2025-11-26 08:02:56', 'delivery', NULL, NULL, 'unpaid', NULL, NULL, NULL, NULL, NULL, NULL, 0, NULL),
(62, 1, NULL, 11, NULL, 'NKH-DT-20251029-1426-3e0', 'pending', 0, 'pending', 'pending', '103.00', '10.30', '0.00', '113.30', '0.00', '0.00', 'USD', '2025-10-29 04:30:05', NULL, 'Make it spicy', NULL, '2025-10-29 05:05:05', '2025-11-26 08:02:54', '2025-11-26 08:02:56', 'delivery', NULL, NULL, 'unpaid', NULL, NULL, NULL, NULL, NULL, NULL, 0, NULL),
(63, 1, 11, 2, NULL, 'NKH-DT-20250901-4455-3ee', 'pending', 0, 'completed', 'pending', '5.50', '0.55', '0.00', '6.05', '0.00', '0.00', 'USD', '2025-09-01 14:08:18', '2025-09-01 14:08:18', 'Extra sauce', NULL, '2025-09-01 13:44:18', '2025-11-26 08:02:54', '2025-11-26 08:02:56', 'dine-in', NULL, NULL, 'unpaid', NULL, NULL, NULL, NULL, NULL, NULL, 0, NULL),
(64, 1, 30, 11, NULL, 'NKH-DT-20250913-7780-8b7', 'pending', 0, 'received', 'pending', '64.50', '6.45', '0.00', '70.95', '0.00', '0.00', 'USD', '2025-09-13 08:05:08', NULL, 'Well done', NULL, '2025-09-13 08:33:08', '2025-11-26 08:02:54', '2025-11-26 08:02:56', 'dine-in', NULL, NULL, 'unpaid', NULL, NULL, NULL, NULL, NULL, NULL, 0, NULL),
(65, 1, NULL, 6, NULL, 'NKH-DT-20250903-2761-11f', 'pending', 0, 'received', 'pending', '164.00', '16.40', '0.00', '180.40', '0.00', '0.00', 'USD', '2025-09-03 10:59:25', NULL, 'Make it spicy', NULL, '2025-09-03 11:31:25', '2025-11-26 08:02:54', '2025-11-26 08:02:56', 'pickup', NULL, NULL, 'unpaid', NULL, NULL, NULL, NULL, NULL, NULL, 0, NULL),
(66, 1, NULL, 9, NULL, 'NKH-DT-20251120-1084-56d', 'pending', 0, 'completed', 'pending', '9.00', '0.90', '0.00', '9.90', '0.00', '0.00', 'USD', '2025-11-20 02:06:39', '2025-11-20 02:06:39', 'Extra vegetables', NULL, '2025-11-20 02:29:39', '2025-11-26 08:02:54', '2025-11-26 08:02:56', 'delivery', NULL, NULL, 'unpaid', NULL, NULL, NULL, NULL, NULL, NULL, 0, NULL),
(67, 1, 10, 5, NULL, 'NKH-DT-20250828-4955-6d2', 'pending', 0, 'completed', 'pending', '67.00', '6.70', '0.00', '73.70', '0.00', '0.00', 'USD', '2025-08-28 14:38:44', '2025-08-28 14:38:44', NULL, NULL, '2025-08-28 14:14:44', '2025-11-26 08:02:54', '2025-11-26 08:02:56', 'dine-in', NULL, NULL, 'unpaid', NULL, NULL, NULL, NULL, NULL, NULL, 0, NULL),
(68, 1, NULL, 2, NULL, 'NKH-DT-20250911-5611-429', 'pending', 0, 'ready', 'pending', '81.00', '8.10', '0.00', '89.10', '0.00', '0.00', 'USD', '2025-09-11 22:59:28', NULL, 'No spicy please', NULL, '2025-09-11 23:33:28', '2025-11-26 08:02:54', '2025-11-26 08:02:56', 'delivery', NULL, NULL, 'unpaid', NULL, NULL, NULL, NULL, NULL, NULL, 0, NULL),
(69, 1, NULL, 5, NULL, 'NKH-DT-20251118-6304-34c', 'pending', 0, 'received', 'pending', '25.00', '2.50', '0.00', '27.50', '0.00', '0.00', 'USD', '2025-11-18 23:56:02', NULL, NULL, NULL, '2025-11-19 00:19:02', '2025-11-26 08:02:54', '2025-11-26 08:02:56', 'pickup', NULL, NULL, 'unpaid', NULL, NULL, NULL, NULL, NULL, NULL, 0, NULL),
(70, 1, 5, 9, NULL, 'NKH-DT-20250927-5952-e78', 'pending', 0, 'ready', 'pending', '61.50', '6.15', '0.00', '67.65', '0.00', '0.00', 'USD', '2025-09-27 20:23:07', NULL, NULL, NULL, '2025-09-27 20:48:07', '2025-11-26 08:02:54', '2025-11-26 08:02:56', 'dine-in', NULL, NULL, 'unpaid', NULL, NULL, NULL, NULL, NULL, NULL, 0, NULL),
(71, 1, NULL, 8, NULL, 'NKH-DT-20250913-7769-206', 'pending', 0, 'received', 'pending', '82.00', '8.20', '9.46', '80.74', '0.00', '0.00', 'USD', '2025-09-13 12:34:26', NULL, NULL, NULL, '2025-09-13 13:19:26', '2025-11-26 08:02:54', '2025-11-26 08:02:56', 'delivery', NULL, NULL, 'unpaid', NULL, NULL, NULL, NULL, NULL, NULL, 0, NULL),
(72, 1, NULL, 10, NULL, 'NKH-DT-20251031-4809-6ed', 'pending', 0, 'pending', 'pending', '23.00', '2.30', '0.00', '25.30', '0.00', '0.00', 'USD', '2025-10-31 22:20:32', NULL, 'Extra sauce', NULL, '2025-10-31 23:02:32', '2025-11-26 08:02:54', '2025-11-26 08:02:56', 'delivery', NULL, NULL, 'unpaid', NULL, NULL, NULL, NULL, NULL, NULL, 0, NULL),
(73, 1, NULL, 3, NULL, 'NKH-DT-20251015-3572-c94', 'pending', 0, 'pending', 'pending', '76.50', '7.65', '0.00', '84.15', '0.00', '0.00', 'USD', '2025-10-15 23:41:42', NULL, 'Make it spicy', NULL, '2025-10-16 00:01:42', '2025-11-26 08:02:54', '2025-11-26 08:02:56', 'pickup', NULL, NULL, 'unpaid', NULL, NULL, NULL, NULL, NULL, NULL, 0, NULL),
(74, 1, NULL, 5, NULL, 'NKH-DT-20251010-1418-0e4', 'pending', 0, 'pending', 'pending', '113.50', '11.35', '0.00', '124.85', '0.00', '0.00', 'USD', '2025-10-10 07:47:13', NULL, NULL, NULL, '2025-10-10 08:17:13', '2025-11-26 08:02:54', '2025-11-26 08:02:56', 'pickup', NULL, NULL, 'unpaid', NULL, NULL, NULL, NULL, NULL, NULL, 0, NULL),
(75, 1, NULL, 4, NULL, 'NKH-DT-20251005-9618-50c', 'pending', 0, 'completed', 'pending', '29.50', '2.95', '0.00', '32.45', '0.00', '0.00', 'USD', '2025-10-05 20:36:59', '2025-10-05 20:36:59', NULL, NULL, '2025-10-05 20:42:59', '2025-11-26 08:02:54', '2025-11-26 08:02:56', 'pickup', NULL, NULL, 'unpaid', NULL, NULL, NULL, NULL, NULL, NULL, 0, NULL),
(76, 1, NULL, 5, NULL, 'NKH-DT-20250916-0431-362', 'pending', 0, 'pending', 'pending', '80.50', '8.05', '4.29', '84.26', '0.00', '0.00', 'USD', '2025-09-16 01:13:38', NULL, NULL, NULL, '2025-09-16 01:44:38', '2025-11-26 08:02:54', '2025-11-26 08:02:56', 'pickup', NULL, NULL, 'unpaid', NULL, NULL, NULL, NULL, NULL, NULL, 0, NULL),
(77, 1, 15, 8, NULL, 'NKH-DT-20251102-4481-284', 'pending', 0, 'ready', 'pending', '66.00', '6.60', '0.00', '72.60', '0.00', '0.00', 'USD', '2025-11-02 03:16:50', NULL, 'No spicy please', NULL, '2025-11-02 03:43:50', '2025-11-26 08:02:54', '2025-11-26 08:02:56', 'dine-in', NULL, NULL, 'unpaid', NULL, NULL, NULL, NULL, NULL, NULL, 0, NULL),
(78, 1, NULL, 8, NULL, 'NKH-DT-20251116-1423-933', 'pending', 0, 'preparing', 'pending', '98.50', '9.85', '0.00', '108.35', '0.00', '0.00', 'USD', '2025-11-16 18:41:23', NULL, 'No onions', NULL, '2025-11-16 19:13:23', '2025-11-26 08:02:54', '2025-11-26 08:02:56', 'pickup', NULL, NULL, 'unpaid', NULL, NULL, NULL, NULL, NULL, NULL, 0, NULL),
(79, 1, NULL, 4, NULL, 'NKH-DT-20251026-6038-216', 'pending', 0, 'received', 'pending', '78.00', '7.80', '0.00', '85.80', '0.00', '0.00', 'USD', '2025-10-26 17:09:55', NULL, 'Extra sauce', NULL, '2025-10-26 17:37:55', '2025-11-26 08:02:54', '2025-11-26 08:02:56', 'pickup', NULL, NULL, 'unpaid', NULL, NULL, NULL, NULL, NULL, NULL, 0, NULL),
(80, 1, 16, 8, NULL, 'NKH-DT-20251105-5824-71e', 'pending', 0, 'preparing', 'pending', '39.50', '3.95', '0.00', '43.45', '0.00', '0.00', 'USD', '2025-11-05 18:00:39', NULL, 'No onions', NULL, '2025-11-05 18:21:39', '2025-11-26 08:02:54', '2025-11-26 08:02:56', 'dine-in', NULL, NULL, 'unpaid', NULL, NULL, NULL, NULL, NULL, NULL, 0, NULL),
(81, 1, NULL, 10, NULL, 'NKH-DT-20250914-2648-062', 'pending', 0, 'pending', 'pending', '13.50', '1.35', '0.00', '14.85', '0.00', '0.00', 'USD', '2025-09-14 00:05:48', NULL, 'Gluten free preparation', NULL, '2025-09-14 00:39:48', '2025-11-26 08:02:54', '2025-11-26 08:02:56', 'delivery', NULL, NULL, 'unpaid', NULL, NULL, NULL, NULL, NULL, NULL, 0, NULL),
(82, 1, NULL, 8, NULL, 'NKH-DT-20251031-2074-0d7', 'pending', 0, 'ready', 'pending', '104.50', '10.45', '7.64', '107.31', '0.00', '0.00', 'USD', '2025-10-31 06:57:09', NULL, 'No onions', NULL, '2025-10-31 07:17:09', '2025-11-26 08:02:54', '2025-11-26 08:02:56', 'pickup', NULL, NULL, 'unpaid', NULL, NULL, NULL, NULL, NULL, NULL, 0, NULL),
(83, 1, NULL, 8, NULL, 'NKH-DT-20251014-3924-a4f', 'pending', 0, 'received', 'pending', '155.00', '15.50', '0.00', '170.50', '0.00', '0.00', 'USD', '2025-10-14 05:31:25', NULL, 'Extra sauce', NULL, '2025-10-14 05:59:25', '2025-11-26 08:02:54', '2025-11-26 08:02:56', 'pickup', NULL, NULL, 'unpaid', NULL, NULL, NULL, NULL, NULL, NULL, 0, NULL),
(84, 1, NULL, 11, NULL, 'NKH-DT-20251109-6745-8a1', 'pending', 0, 'completed', 'pending', '86.50', '8.65', '0.00', '95.15', '0.00', '0.00', 'USD', '2025-11-09 21:41:51', '2025-11-09 21:41:51', NULL, NULL, '2025-11-09 21:39:51', '2025-11-26 08:02:54', '2025-11-26 08:02:56', 'delivery', NULL, NULL, 'unpaid', NULL, NULL, NULL, NULL, NULL, NULL, 0, NULL),
(85, 1, NULL, 8, NULL, 'NKH-DT-20251030-8470-04c', 'pending', 0, 'received', 'pending', '73.50', '7.35', '0.00', '80.85', '0.00', '0.00', 'USD', '2025-10-30 19:32:13', NULL, NULL, NULL, '2025-10-30 19:52:13', '2025-11-26 08:02:54', '2025-11-26 08:02:56', 'pickup', NULL, NULL, 'unpaid', NULL, NULL, NULL, NULL, NULL, NULL, 0, NULL),
(86, 1, NULL, 10, NULL, 'NKH-DT-20251124-4976-d9b', 'pending', 0, 'received', 'pending', '138.50', '13.85', '0.00', '152.35', '0.00', '0.00', 'USD', '2025-11-24 16:58:57', NULL, NULL, NULL, '2025-11-24 17:29:57', '2025-11-26 08:02:54', '2025-11-26 08:02:56', 'pickup', NULL, NULL, 'unpaid', NULL, NULL, NULL, NULL, NULL, NULL, 0, NULL),
(87, 1, NULL, 2, NULL, 'NKH-DT-20251024-7933-738', 'pending', 0, 'completed', 'pending', '46.50', '4.65', '0.00', '51.15', '0.00', '0.00', 'USD', '2025-10-24 00:49:09', '2025-10-24 00:49:09', NULL, NULL, '2025-10-24 00:49:09', '2025-11-26 08:02:54', '2025-11-26 08:02:56', 'pickup', NULL, NULL, 'unpaid', NULL, NULL, NULL, NULL, NULL, NULL, 0, NULL),
(88, 1, NULL, 10, NULL, 'NKH-DT-20250902-4801-a84', 'pending', 0, 'pending', 'pending', '91.00', '9.10', '0.00', '100.10', '0.00', '0.00', 'USD', '2025-09-02 23:29:57', NULL, 'Vegetarian option', NULL, '2025-09-02 23:53:57', '2025-11-26 08:02:54', '2025-11-26 08:02:56', 'pickup', NULL, NULL, 'unpaid', NULL, NULL, NULL, NULL, NULL, NULL, 0, NULL),
(89, 1, NULL, 4, NULL, 'NKH-DT-20251122-2308-e74', 'pending', 0, 'ready', 'pending', '76.00', '7.60', '0.00', '83.60', '0.00', '0.00', 'USD', '2025-11-22 02:44:15', NULL, 'Vegetarian option', NULL, '2025-11-22 03:29:15', '2025-11-26 08:02:54', '2025-11-26 08:02:56', 'delivery', NULL, NULL, 'unpaid', NULL, NULL, NULL, NULL, NULL, NULL, 0, NULL),
(90, 1, NULL, 6, NULL, 'NKH-DT-20251103-8935-114', 'pending', 0, 'preparing', 'pending', '42.00', '4.20', '0.00', '46.20', '0.00', '0.00', 'USD', '2025-11-03 03:52:31', NULL, 'Well done', NULL, '2025-11-03 04:23:31', '2025-11-26 08:02:54', '2025-11-26 08:02:56', 'pickup', NULL, NULL, 'unpaid', NULL, NULL, NULL, NULL, NULL, NULL, 0, NULL),
(91, 1, 15, 6, NULL, 'NKH-DT-20251115-3054-25a', 'pending', 0, 'received', 'pending', '102.00', '10.20', '6.08', '106.12', '0.00', '0.00', 'USD', '2025-11-15 03:21:40', NULL, 'Gluten free preparation', NULL, '2025-11-15 03:51:40', '2025-11-26 08:02:54', '2025-11-26 08:02:56', 'dine-in', NULL, NULL, 'unpaid', NULL, NULL, NULL, NULL, NULL, NULL, 0, NULL),
(92, 1, NULL, 8, NULL, 'NKH-DT-20250927-8315-74d', 'pending', 0, 'ready', 'pending', '45.00', '4.50', '0.00', '49.50', '0.00', '0.00', 'USD', '2025-09-27 11:17:10', NULL, 'Well done', NULL, '2025-09-27 11:50:10', '2025-11-26 08:02:54', '2025-11-26 08:02:56', 'delivery', NULL, NULL, 'unpaid', NULL, NULL, NULL, NULL, NULL, NULL, 0, NULL),
(93, 1, NULL, 1, NULL, 'NKH-DT-20251016-7187-e39', 'pending', 0, 'ready', 'pending', '38.50', '3.85', '0.00', '42.35', '0.00', '0.00', 'USD', '2025-10-16 03:53:30', NULL, 'Less salt', NULL, '2025-10-16 04:14:30', '2025-11-26 08:02:54', '2025-11-26 08:02:56', 'pickup', NULL, NULL, 'unpaid', NULL, NULL, NULL, NULL, NULL, NULL, 0, NULL),
(94, 1, NULL, 2, NULL, 'NKH-DT-20251029-2205-671', 'pending', 0, 'ready', 'pending', '108.50', '10.85', '8.57', '110.78', '0.00', '0.00', 'USD', '2025-10-29 13:58:39', NULL, 'Well done', NULL, '2025-10-29 14:33:39', '2025-11-26 08:02:54', '2025-11-26 08:02:56', 'pickup', NULL, NULL, 'unpaid', NULL, NULL, NULL, NULL, NULL, NULL, 0, NULL),
(95, 1, NULL, 11, NULL, 'NKH-DT-20250915-9605-904', 'pending', 0, 'completed', 'pending', '42.50', '4.25', '0.00', '46.75', '0.00', '0.00', 'USD', '2025-09-15 07:31:29', '2025-09-15 07:31:29', 'Make it spicy', NULL, '2025-09-15 07:18:29', '2025-11-26 08:02:54', '2025-11-26 08:02:56', 'delivery', NULL, NULL, 'unpaid', NULL, NULL, NULL, NULL, NULL, NULL, 0, NULL),
(96, 1, NULL, 6, NULL, 'NKH-DT-20251017-8002-613', 'pending', 0, 'ready', 'pending', '206.00', '20.60', '0.00', '226.60', '0.00', '0.00', 'USD', '2025-10-17 15:02:52', NULL, 'Extra vegetables', NULL, '2025-10-17 15:36:52', '2025-11-26 08:02:54', '2025-11-26 08:02:56', 'delivery', NULL, NULL, 'unpaid', NULL, NULL, NULL, NULL, NULL, NULL, 0, NULL),
(97, 1, NULL, 8, NULL, 'NKH-DT-20250919-1436-9fc', 'pending', 0, 'completed', 'pending', '58.50', '5.85', '0.00', '64.35', '0.00', '0.00', 'USD', '2025-09-19 09:37:01', '2025-09-19 09:37:01', 'Vegetarian option', NULL, '2025-09-19 09:12:01', '2025-11-26 08:02:54', '2025-11-26 08:02:56', 'pickup', NULL, NULL, 'unpaid', NULL, NULL, NULL, NULL, NULL, NULL, 0, NULL),
(98, 1, 13, 5, NULL, 'NKH-DT-20251021-2821-ce6', 'pending', 0, 'completed', 'pending', '154.00', '15.40', '0.00', '169.40', '0.00', '0.00', 'USD', '2025-10-21 02:01:00', '2025-10-21 02:01:00', NULL, NULL, '2025-10-21 01:57:00', '2025-11-26 08:02:54', '2025-11-26 08:02:56', 'dine-in', NULL, NULL, 'unpaid', NULL, NULL, NULL, NULL, NULL, NULL, 0, NULL),
(99, 1, NULL, 7, NULL, 'NKH-DT-20250917-4826-096', 'pending', 0, 'received', 'pending', '9.00', '0.90', '5.79', '4.11', '0.00', '0.00', 'USD', '2025-09-17 13:11:01', NULL, 'On the side', NULL, '2025-09-17 13:52:01', '2025-11-26 08:02:54', '2025-11-26 08:02:56', 'delivery', NULL, NULL, 'unpaid', NULL, NULL, NULL, NULL, NULL, NULL, 0, NULL),
(100, 1, 21, 9, NULL, 'NKH-DT-20251026-6032-73a', 'pending', 0, 'preparing', 'pending', '120.50', '12.05', '0.00', '132.55', '0.00', '0.00', 'USD', '2025-10-26 18:59:29', NULL, 'Extra sauce', NULL, '2025-10-26 19:23:29', '2025-11-26 08:02:54', '2025-11-26 08:02:56', 'dine-in', NULL, NULL, 'unpaid', NULL, NULL, NULL, NULL, NULL, NULL, 0, NULL),
(101, 1, 33, 10, NULL, 'NKH-DT-20250831-9139-5de', 'pending', 0, 'pending', 'pending', '31.50', '3.15', '0.00', '34.65', '0.00', '0.00', 'USD', '2025-08-31 03:40:07', NULL, NULL, NULL, '2025-08-31 04:09:07', '2025-11-26 08:02:54', '2025-11-26 08:02:56', 'dine-in', NULL, NULL, 'unpaid', NULL, NULL, NULL, NULL, NULL, NULL, 0, NULL),
(102, 1, 11, 11, NULL, 'NKH-DT-20251014-1900-85d', 'pending', 0, 'completed', 'pending', '73.00', '7.30', '0.00', '80.30', '0.00', '0.00', 'USD', '2025-10-14 11:36:34', '2025-10-14 11:36:34', 'No spicy please', NULL, '2025-10-14 11:22:34', '2025-11-26 08:02:54', '2025-11-26 08:02:56', 'dine-in', NULL, NULL, 'unpaid', NULL, NULL, NULL, NULL, NULL, NULL, 0, NULL),
(103, 1, NULL, 3, NULL, 'NKH-DT-20250828-6050-e6d', 'pending', 0, 'ready', 'pending', '51.50', '5.15', '0.00', '56.65', '0.00', '0.00', 'USD', '2025-08-28 11:23:38', NULL, NULL, NULL, '2025-08-28 11:48:38', '2025-11-26 08:02:54', '2025-11-26 08:02:56', 'pickup', NULL, NULL, 'unpaid', NULL, NULL, NULL, NULL, NULL, NULL, 0, NULL),
(104, 1, NULL, 9, NULL, 'NKH-DT-20251010-7848-836', 'pending', 0, 'received', 'pending', '106.50', '10.65', '0.00', '117.15', '0.00', '0.00', 'USD', '2025-10-10 17:18:32', NULL, 'Extra vegetables', NULL, '2025-10-10 17:45:32', '2025-11-26 08:02:54', '2025-11-26 08:02:56', 'pickup', NULL, NULL, 'unpaid', NULL, NULL, NULL, NULL, NULL, NULL, 0, NULL),
(105, 1, 14, 11, NULL, 'NKH-DT-20251002-8214-666', 'pending', 0, 'received', 'pending', '76.00', '7.60', '0.00', '83.60', '0.00', '0.00', 'USD', '2025-10-02 20:48:36', NULL, 'No spicy please', NULL, '2025-10-02 21:15:36', '2025-11-26 08:02:54', '2025-11-26 08:02:56', 'dine-in', NULL, NULL, 'unpaid', NULL, NULL, NULL, NULL, NULL, NULL, 0, NULL),
(106, 1, 30, 5, NULL, 'NKH-DT-20251123-9518-5b3', 'pending', 0, 'preparing', 'pending', '104.50', '10.45', '0.00', '114.95', '0.00', '0.00', 'USD', '2025-11-23 09:52:34', NULL, 'Vegetarian option', NULL, '2025-11-23 10:18:34', '2025-11-26 08:02:54', '2025-11-26 08:02:56', 'dine-in', NULL, NULL, 'unpaid', NULL, NULL, NULL, NULL, NULL, NULL, 0, NULL),
(107, 1, NULL, 10, NULL, 'NKH-DT-20251012-0415-38c', 'pending', 0, 'ready', 'pending', '100.00', '10.00', '0.00', '110.00', '0.00', '0.00', 'USD', '2025-10-12 18:39:31', NULL, 'Well done', NULL, '2025-10-12 19:19:31', '2025-11-26 08:02:54', '2025-11-26 08:02:56', 'delivery', NULL, NULL, 'unpaid', NULL, NULL, NULL, NULL, NULL, NULL, 0, NULL),
(108, 1, NULL, 9, NULL, 'NKH-DT-20250827-0382-71c', 'pending', 0, 'received', 'pending', '236.00', '23.60', '0.00', '259.60', '0.00', '0.00', 'USD', '2025-08-27 17:35:22', NULL, 'Extra vegetables', NULL, '2025-08-27 18:10:22', '2025-11-26 08:02:54', '2025-11-26 08:02:56', 'delivery', NULL, NULL, 'unpaid', NULL, NULL, NULL, NULL, NULL, NULL, 0, NULL),
(109, 1, 9, 8, NULL, 'NKH-DT-20251016-6110-d4f', 'pending', 0, 'preparing', 'pending', '25.50', '2.55', '0.00', '28.05', '0.00', '0.00', 'USD', '2025-10-16 12:00:58', NULL, 'Gluten free preparation', NULL, '2025-10-16 12:27:58', '2025-11-26 08:02:54', '2025-11-26 08:02:56', 'dine-in', NULL, NULL, 'unpaid', NULL, NULL, NULL, NULL, NULL, NULL, 0, NULL),
(110, 1, NULL, 5, NULL, 'NKH-DT-20251029-3239-ab0', 'pending', 0, 'ready', 'pending', '24.00', '2.40', '0.00', '26.40', '0.00', '0.00', 'USD', '2025-10-29 04:55:53', NULL, 'Extra vegetables', NULL, '2025-10-29 05:29:53', '2025-11-26 08:02:54', '2025-11-26 08:02:56', 'delivery', NULL, NULL, 'unpaid', NULL, NULL, NULL, NULL, NULL, NULL, 0, NULL),
(111, 1, NULL, 5, NULL, 'NKH-DT-20250905-3966-759', 'pending', 0, 'preparing', 'pending', '50.00', '5.00', '8.04', '46.96', '0.00', '0.00', 'USD', '2025-09-05 02:35:35', NULL, 'No onions', NULL, '2025-09-05 03:00:35', '2025-11-26 08:02:54', '2025-11-26 08:02:56', 'pickup', NULL, NULL, 'unpaid', NULL, NULL, NULL, NULL, NULL, NULL, 0, NULL),
(112, 1, NULL, 3, NULL, 'NKH-DT-20251109-1151-2f3', 'pending', 0, 'pending', 'pending', '120.00', '12.00', '9.03', '122.97', '0.00', '0.00', 'USD', '2025-11-09 15:05:47', NULL, NULL, NULL, '2025-11-09 15:40:47', '2025-11-26 08:02:54', '2025-11-26 08:02:56', 'delivery', NULL, NULL, 'unpaid', NULL, NULL, NULL, NULL, NULL, NULL, 0, NULL),
(113, 1, NULL, 8, NULL, 'NKH-DT-20251118-2509-be0', 'pending', 0, 'completed', 'pending', '141.50', '14.15', '7.72', '147.93', '0.00', '0.00', 'USD', '2025-11-18 06:29:39', '2025-11-18 06:29:39', 'Extra sauce', NULL, '2025-11-18 06:25:39', '2025-11-26 08:02:54', '2025-11-26 08:02:56', 'pickup', NULL, NULL, 'unpaid', NULL, NULL, NULL, NULL, NULL, NULL, 0, NULL),
(114, 1, NULL, 10, NULL, 'NKH-DT-20250930-1258-3e7', 'pending', 0, 'pending', 'pending', '29.00', '2.90', '7.20', '24.70', '0.00', '0.00', 'USD', '2025-09-30 17:22:20', NULL, NULL, NULL, '2025-09-30 17:51:20', '2025-11-26 08:02:54', '2025-11-26 08:02:56', 'pickup', NULL, NULL, 'unpaid', NULL, NULL, NULL, NULL, NULL, NULL, 0, NULL),
(115, 1, NULL, 6, NULL, 'NKH-DT-20250918-0481-398', 'pending', 0, 'ready', 'pending', '40.50', '4.05', '0.00', '44.55', '0.00', '0.00', 'USD', '2025-09-18 10:09:53', NULL, 'Less salt', NULL, '2025-09-18 10:34:53', '2025-11-26 08:02:54', '2025-11-26 08:02:56', 'pickup', NULL, NULL, 'unpaid', NULL, NULL, NULL, NULL, NULL, NULL, 0, NULL),
(116, 1, NULL, 4, NULL, 'NKH-DT-20251015-4603-06f', 'pending', 0, 'pending', 'pending', '64.00', '6.40', '4.33', '66.07', '0.00', '0.00', 'USD', '2025-10-15 11:58:46', NULL, NULL, NULL, '2025-10-15 12:32:46', '2025-11-26 08:02:54', '2025-11-26 08:02:56', 'pickup', NULL, NULL, 'unpaid', NULL, NULL, NULL, NULL, NULL, NULL, 0, NULL),
(117, 1, NULL, 11, NULL, 'NKH-DT-20250829-2822-299', 'pending', 0, 'preparing', 'pending', '128.50', '12.85', '0.00', '141.35', '0.00', '0.00', 'USD', '2025-08-29 04:47:39', NULL, 'Gluten free preparation', NULL, '2025-08-29 05:25:39', '2025-11-26 08:02:54', '2025-11-26 08:02:56', 'delivery', NULL, NULL, 'unpaid', NULL, NULL, NULL, NULL, NULL, NULL, 0, NULL),
(118, 1, NULL, 6, NULL, 'NKH-DT-20251028-4552-641', 'pending', 0, 'completed', 'pending', '14.00', '1.40', '0.00', '15.40', '0.00', '0.00', 'USD', '2025-10-28 06:47:11', '2025-10-28 06:47:11', NULL, NULL, '2025-10-28 06:38:11', '2025-11-26 08:02:54', '2025-11-26 08:02:56', 'pickup', NULL, NULL, 'unpaid', NULL, NULL, NULL, NULL, NULL, NULL, 0, NULL),
(119, 1, 35, 10, NULL, 'NKH-DT-20250919-2329-56c', 'pending', 0, 'received', 'pending', '106.00', '10.60', '0.00', '116.60', '0.00', '0.00', 'USD', '2025-09-19 03:44:33', NULL, 'No onions', NULL, '2025-09-19 04:13:33', '2025-11-26 08:02:54', '2025-11-26 08:02:56', 'dine-in', NULL, NULL, 'unpaid', NULL, NULL, NULL, NULL, NULL, NULL, 0, NULL),
(120, 1, NULL, 10, NULL, 'NKH-DT-20251012-4153-b5d', 'pending', 0, 'pending', 'pending', '17.00', '1.70', '6.38', '12.32', '0.00', '0.00', 'USD', '2025-10-12 10:15:55', NULL, 'Gluten free preparation', NULL, '2025-10-12 10:46:55', '2025-11-26 08:02:54', '2025-11-26 08:02:56', 'delivery', NULL, NULL, 'unpaid', NULL, NULL, NULL, NULL, NULL, NULL, 0, NULL),
(121, 1, NULL, 2, NULL, 'NKH-DT-20250901-2595-41f', 'pending', 0, 'received', 'pending', '95.50', '9.55', '6.21', '98.84', '0.00', '0.00', 'USD', '2025-09-01 11:22:52', NULL, 'No spicy please', NULL, '2025-09-01 11:58:52', '2025-11-26 08:02:54', '2025-11-26 08:02:56', 'delivery', NULL, NULL, 'unpaid', NULL, NULL, NULL, NULL, NULL, NULL, 0, NULL),
(122, 1, 11, 2, NULL, 'NKH-DT-20250909-9414-4ea', 'pending', 0, 'received', 'pending', '108.50', '10.85', '0.00', '119.35', '0.00', '0.00', 'USD', '2025-09-09 09:58:05', NULL, 'Make it spicy', NULL, '2025-09-09 10:25:05', '2025-11-26 08:02:54', '2025-11-26 08:02:56', 'dine-in', NULL, NULL, 'unpaid', NULL, NULL, NULL, NULL, NULL, NULL, 0, NULL),
(123, 1, 22, 2, NULL, 'NKH-DT-20250908-8321-c42', 'pending', 0, 'preparing', 'pending', '43.00', '4.30', '0.00', '47.30', '0.00', '0.00', 'USD', '2025-09-08 16:21:52', NULL, NULL, NULL, '2025-09-08 16:47:52', '2025-11-26 08:02:54', '2025-11-26 08:02:56', 'dine-in', NULL, NULL, 'unpaid', NULL, NULL, NULL, NULL, NULL, NULL, 0, NULL),
(124, 1, NULL, 11, NULL, 'NKH-DT-20250917-3583-adf', 'pending', 0, 'preparing', 'pending', '79.50', '7.95', '0.00', '87.45', '0.00', '0.00', 'USD', '2025-09-17 01:44:44', NULL, 'No spicy please', NULL, '2025-09-17 02:09:44', '2025-11-26 08:02:54', '2025-11-26 08:02:56', 'pickup', NULL, NULL, 'unpaid', NULL, NULL, NULL, NULL, NULL, NULL, 0, NULL),
(125, 1, NULL, 1, NULL, 'NKH-DT-20251016-6292-75a', 'pending', 0, 'completed', 'pending', '47.50', '4.75', '0.00', '52.25', '0.00', '0.00', 'USD', '2025-10-16 21:53:45', '2025-10-16 21:53:45', 'Extra vegetables', NULL, '2025-10-16 21:59:45', '2025-11-26 08:02:54', '2025-11-26 08:02:57', 'delivery', NULL, NULL, 'unpaid', NULL, NULL, NULL, NULL, NULL, NULL, 0, NULL),
(126, 1, NULL, 5, NULL, 'NKH-DT-20251008-7339-167', 'pending', 0, 'pending', 'pending', '74.50', '7.45', '0.00', '81.95', '0.00', '0.00', 'USD', '2025-10-08 08:22:07', NULL, 'Extra vegetables', NULL, '2025-10-08 08:59:07', '2025-11-26 08:02:54', '2025-11-26 08:02:57', 'delivery', NULL, NULL, 'unpaid', NULL, NULL, NULL, NULL, NULL, NULL, 0, NULL),
(127, 1, NULL, 7, NULL, 'NKH-DT-20251102-5073-d9c', 'pending', 0, 'pending', 'pending', '37.00', '3.70', '0.00', '40.70', '0.00', '0.00', 'USD', '2025-11-02 08:20:47', NULL, 'Gluten free preparation', NULL, '2025-11-02 09:08:47', '2025-11-26 08:02:54', '2025-11-26 08:02:57', 'delivery', NULL, NULL, 'unpaid', NULL, NULL, NULL, NULL, NULL, NULL, 0, NULL),
(128, 1, NULL, 10, NULL, 'NKH-DT-20250906-1088-407', 'pending', 0, 'pending', 'pending', '121.00', '12.10', '0.00', '133.10', '0.00', '0.00', 'USD', '2025-09-06 22:10:55', NULL, 'On the side', NULL, '2025-09-06 22:43:55', '2025-11-26 08:02:54', '2025-11-26 08:02:57', 'delivery', NULL, NULL, 'unpaid', NULL, NULL, NULL, NULL, NULL, NULL, 0, NULL),
(129, 1, 33, 11, NULL, 'NKH-DT-20250913-0736-de0', 'pending', 0, 'received', 'pending', '150.50', '15.05', '0.00', '165.55', '0.00', '0.00', 'USD', '2025-09-13 16:45:42', NULL, 'Vegetarian option', NULL, '2025-09-13 17:14:42', '2025-11-26 08:02:54', '2025-11-26 08:02:57', 'dine-in', NULL, NULL, 'unpaid', NULL, NULL, NULL, NULL, NULL, NULL, 0, NULL),
(130, 1, 32, 4, NULL, 'NKH-DT-20251123-3769-7fb', 'pending', 0, 'pending', 'pending', '129.50', '12.95', '5.28', '137.17', '0.00', '0.00', 'USD', '2025-11-23 05:58:44', NULL, 'Well done', NULL, '2025-11-23 06:21:44', '2025-11-26 08:02:54', '2025-11-26 08:02:57', 'dine-in', NULL, NULL, 'unpaid', NULL, NULL, NULL, NULL, NULL, NULL, 0, NULL),
(131, 1, 27, 6, NULL, 'NKH-DT-20251011-0585-ff3', 'pending', 0, 'ready', 'pending', '139.50', '13.95', '0.00', '153.45', '0.00', '0.00', 'USD', '2025-10-11 09:02:37', NULL, 'Make it spicy', NULL, '2025-10-11 09:23:37', '2025-11-26 08:02:54', '2025-11-26 08:02:57', 'dine-in', NULL, NULL, 'unpaid', NULL, NULL, NULL, NULL, NULL, NULL, 0, NULL),
(132, 1, NULL, 7, NULL, 'NKH-DT-20250903-5177-3e4', 'pending', 0, 'completed', 'pending', '29.00', '2.90', '4.88', '27.02', '0.00', '0.00', 'USD', '2025-09-03 13:04:12', '2025-09-03 13:04:12', 'No spicy please', NULL, '2025-09-03 13:01:12', '2025-11-26 08:02:54', '2025-11-26 08:02:57', 'delivery', NULL, NULL, 'unpaid', NULL, NULL, NULL, NULL, NULL, NULL, 0, NULL),
(133, 1, NULL, 7, NULL, 'NKH-DT-20250923-4977-955', 'pending', 0, 'completed', 'pending', '107.50', '10.75', '0.00', '118.25', '0.00', '0.00', 'USD', '2025-09-23 16:30:40', '2025-09-23 16:30:40', 'Vegetarian option', NULL, '2025-09-23 16:14:40', '2025-11-26 08:02:54', '2025-11-26 08:02:57', 'delivery', NULL, NULL, 'unpaid', NULL, NULL, NULL, NULL, NULL, NULL, 0, NULL),
(134, 1, NULL, 4, NULL, 'NKH-DT-20250921-8398-9a1', 'pending', 0, 'completed', 'pending', '240.00', '24.00', '0.00', '264.00', '0.00', '0.00', 'USD', '2025-09-21 14:42:07', '2025-09-21 14:42:07', 'Make it spicy', NULL, '2025-09-21 14:35:07', '2025-11-26 08:02:54', '2025-11-26 08:02:57', 'pickup', NULL, NULL, 'unpaid', NULL, NULL, NULL, NULL, NULL, NULL, 0, NULL),
(135, 1, NULL, 2, NULL, 'NKH-DT-20251016-7471-447', 'pending', 0, 'received', 'pending', '101.50', '10.15', '0.00', '111.65', '0.00', '0.00', 'USD', '2025-10-16 23:09:30', NULL, 'Vegetarian option', NULL, '2025-10-16 23:41:30', '2025-11-26 08:02:54', '2025-11-26 08:02:57', 'delivery', NULL, NULL, 'unpaid', NULL, NULL, NULL, NULL, NULL, NULL, 0, NULL),
(136, 1, 23, 4, NULL, 'NKH-DT-20250904-1639-d95', 'pending', 0, 'completed', 'pending', '70.50', '7.05', '0.00', '77.55', '0.00', '0.00', 'USD', '2025-09-04 03:09:33', '2025-09-04 03:09:33', NULL, NULL, '2025-09-04 02:47:33', '2025-11-26 08:02:54', '2025-11-26 08:02:57', 'dine-in', NULL, NULL, 'unpaid', NULL, NULL, NULL, NULL, NULL, NULL, 0, NULL),
(137, 1, NULL, 6, NULL, 'NKH-DT-20251029-2661-bd1', 'pending', 0, 'ready', 'pending', '49.50', '4.95', '3.54', '50.91', '0.00', '0.00', 'USD', '2025-10-29 18:23:44', NULL, 'Gluten free preparation', NULL, '2025-10-29 18:47:44', '2025-11-26 08:02:54', '2025-11-26 08:02:57', 'pickup', NULL, NULL, 'unpaid', NULL, NULL, NULL, NULL, NULL, NULL, 0, NULL),
(138, 1, NULL, 6, NULL, 'NKH-DT-20251028-0793-def', 'pending', 0, 'completed', 'pending', '38.00', '3.80', '0.00', '41.80', '0.00', '0.00', 'USD', '2025-10-28 08:51:02', '2025-10-28 08:51:02', 'Make it spicy', NULL, '2025-10-28 08:56:02', '2025-11-26 08:02:54', '2025-11-26 08:02:57', 'pickup', NULL, NULL, 'unpaid', NULL, NULL, NULL, NULL, NULL, NULL, 0, NULL),
(139, 1, 20, 8, NULL, 'NKH-DT-20250919-4785-a43', 'pending', 0, 'preparing', 'pending', '76.50', '7.65', '0.00', '84.15', '0.00', '0.00', 'USD', '2025-09-19 17:18:19', NULL, 'Extra vegetables', NULL, '2025-09-19 17:45:19', '2025-11-26 08:02:54', '2025-11-26 08:02:57', 'dine-in', NULL, NULL, 'unpaid', NULL, NULL, NULL, NULL, NULL, NULL, 0, NULL),
(140, 1, 23, 11, NULL, 'NKH-DT-20251111-3166-b93', 'pending', 0, 'pending', 'pending', '71.00', '7.10', '0.00', '78.10', '0.00', '0.00', 'USD', '2025-11-11 13:20:07', NULL, 'Vegetarian option', NULL, '2025-11-11 13:42:07', '2025-11-26 08:02:54', '2025-11-26 08:02:57', 'dine-in', NULL, NULL, 'unpaid', NULL, NULL, NULL, NULL, NULL, NULL, 0, NULL),
(141, 1, 17, 5, NULL, 'NKH-DT-20251016-3888-755', 'pending', 0, 'preparing', 'pending', '31.50', '3.15', '2.12', '32.53', '0.00', '0.00', 'USD', '2025-10-16 02:53:42', NULL, NULL, NULL, '2025-10-16 03:13:42', '2025-11-26 08:02:55', '2025-11-26 08:02:57', 'dine-in', NULL, NULL, 'unpaid', NULL, NULL, NULL, NULL, NULL, NULL, 0, NULL),
(142, 1, 28, 4, NULL, 'NKH-DT-20251124-4918-4db', 'pending', 0, 'pending', 'pending', '89.00', '8.90', '9.85', '88.05', '0.00', '0.00', 'USD', '2025-11-24 07:38:49', NULL, 'Extra sauce', NULL, '2025-11-24 07:59:49', '2025-11-26 08:02:55', '2025-11-26 08:02:57', 'dine-in', NULL, NULL, 'unpaid', NULL, NULL, NULL, NULL, NULL, NULL, 0, NULL),
(143, 1, 4, 4, NULL, 'NKH-DT-20251024-3736-7c0', 'pending', 0, 'pending', 'pending', '64.50', '6.45', '0.00', '70.95', '0.00', '0.00', 'USD', '2025-10-24 04:58:57', NULL, NULL, NULL, '2025-10-24 05:23:57', '2025-11-26 08:02:55', '2025-11-26 08:02:57', 'dine-in', NULL, NULL, 'unpaid', NULL, NULL, NULL, NULL, NULL, NULL, 0, NULL),
(144, 1, NULL, 6, NULL, 'NKH-DT-20251013-2606-3c2', 'pending', 0, 'preparing', 'pending', '200.50', '20.05', '0.00', '220.55', '0.00', '0.00', 'USD', '2025-10-13 17:28:32', NULL, 'On the side', NULL, '2025-10-13 17:59:32', '2025-11-26 08:02:55', '2025-11-26 08:02:57', 'delivery', NULL, NULL, 'unpaid', NULL, NULL, NULL, NULL, NULL, NULL, 0, NULL),
(145, 1, NULL, 11, NULL, 'NKH-DT-20251110-5771-06d', 'pending', 0, 'received', 'pending', '51.50', '5.15', '0.00', '56.65', '0.00', '0.00', 'USD', '2025-11-10 09:42:28', NULL, NULL, NULL, '2025-11-10 10:26:28', '2025-11-26 08:02:55', '2025-11-26 08:02:57', 'delivery', NULL, NULL, 'unpaid', NULL, NULL, NULL, NULL, NULL, NULL, 0, NULL),
(146, 1, NULL, 4, NULL, 'NKH-DT-20251010-0390-812', 'pending', 0, 'completed', 'pending', '60.00', '6.00', '0.00', '66.00', '0.00', '0.00', 'USD', '2025-10-10 06:49:15', '2025-10-10 06:49:15', 'Extra sauce', NULL, '2025-10-10 06:31:15', '2025-11-26 08:02:55', '2025-11-26 08:02:57', 'pickup', NULL, NULL, 'unpaid', NULL, NULL, NULL, NULL, NULL, NULL, 0, NULL),
(147, 1, NULL, 1, NULL, 'NKH-DT-20250920-6501-e92', 'pending', 0, 'completed', 'pending', '53.00', '5.30', '0.00', '58.30', '0.00', '0.00', 'USD', '2025-09-20 09:42:16', '2025-09-20 09:42:16', 'Less salt', NULL, '2025-09-20 09:36:16', '2025-11-26 08:02:55', '2025-11-26 08:02:57', 'pickup', NULL, NULL, 'unpaid', NULL, NULL, NULL, NULL, NULL, NULL, 0, NULL),
(148, 1, NULL, 8, NULL, 'NKH-DT-20250910-0552-57e', 'pending', 0, 'ready', 'pending', '7.00', '0.70', '0.00', '7.70', '0.00', '0.00', 'USD', '2025-09-10 20:36:22', NULL, 'No onions', NULL, '2025-09-10 21:15:22', '2025-11-26 08:02:55', '2025-11-26 08:02:57', 'delivery', NULL, NULL, 'unpaid', NULL, NULL, NULL, NULL, NULL, NULL, 0, NULL),
(149, 1, NULL, 9, NULL, 'NKH-DT-20250908-4979-229', 'pending', 0, 'completed', 'pending', '68.50', '6.85', '0.00', '75.35', '0.00', '0.00', 'USD', '2025-09-08 11:00:59', '2025-09-08 11:00:59', NULL, NULL, '2025-09-08 11:08:59', '2025-11-26 08:02:55', '2025-11-26 08:02:57', 'pickup', NULL, NULL, 'unpaid', NULL, NULL, NULL, NULL, NULL, NULL, 0, NULL),
(150, 1, NULL, 3, NULL, 'NKH-DT-20251004-6778-f4c', 'pending', 0, 'ready', 'pending', '58.00', '5.80', '0.00', '63.80', '0.00', '0.00', 'USD', '2025-10-04 01:09:32', NULL, 'Less salt', NULL, '2025-10-04 01:41:32', '2025-11-26 08:02:55', '2025-11-26 08:02:57', 'delivery', NULL, NULL, 'unpaid', NULL, NULL, NULL, NULL, NULL, NULL, 0, NULL),
(151, 1, NULL, 2, NULL, 'NKH-DT-20251001-4348-d53', 'pending', 0, 'received', 'pending', '51.00', '5.10', '7.72', '48.38', '0.00', '0.00', 'USD', '2025-10-01 00:51:32', NULL, NULL, NULL, '2025-10-01 01:25:32', '2025-11-26 08:02:55', '2025-11-26 08:02:57', 'delivery', NULL, NULL, 'unpaid', NULL, NULL, NULL, NULL, NULL, NULL, 0, NULL),
(152, 1, NULL, 8, NULL, 'NKH-DT-20250911-6362-55b', 'pending', 0, 'received', 'pending', '28.00', '2.80', '6.78', '24.02', '0.00', '0.00', 'USD', '2025-09-11 19:17:17', NULL, NULL, NULL, '2025-09-11 20:00:17', '2025-11-26 08:02:55', '2025-11-26 08:02:57', 'delivery', NULL, NULL, 'unpaid', NULL, NULL, NULL, NULL, NULL, NULL, 0, NULL),
(153, 1, NULL, 1, NULL, 'NKH-DT-20250918-3743-23f', 'pending', 0, 'pending', 'pending', '166.00', '16.60', '8.05', '174.55', '0.00', '0.00', 'USD', '2025-09-18 01:16:30', NULL, 'On the side', NULL, '2025-09-18 01:54:30', '2025-11-26 08:02:55', '2025-11-26 08:02:57', 'delivery', NULL, NULL, 'unpaid', NULL, NULL, NULL, NULL, NULL, NULL, 0, NULL),
(154, 1, NULL, 2, NULL, 'NKH-DT-20250910-0414-255', 'pending', 0, 'pending', 'pending', '98.50', '9.85', '7.68', '100.67', '0.00', '0.00', 'USD', '2025-09-10 14:41:37', NULL, NULL, NULL, '2025-09-10 15:29:37', '2025-11-26 08:02:55', '2025-11-26 08:02:57', 'delivery', NULL, NULL, 'unpaid', NULL, NULL, NULL, NULL, NULL, NULL, 0, NULL),
(155, 1, 19, 4, NULL, 'NKH-DT-20250914-1548-08a', 'pending', 0, 'completed', 'pending', '53.50', '5.35', '0.00', '58.85', '0.00', '0.00', 'USD', '2025-09-14 07:00:28', '2025-09-14 07:00:28', 'No onions', NULL, '2025-09-14 06:58:28', '2025-11-26 08:02:55', '2025-11-26 08:02:57', 'dine-in', NULL, NULL, 'unpaid', NULL, NULL, NULL, NULL, NULL, NULL, 0, NULL),
(156, 1, NULL, 1, NULL, 'NKH-DT-20251018-2572-564', 'pending', 0, 'ready', 'pending', '45.00', '4.50', '9.85', '39.65', '0.00', '0.00', 'USD', '2025-10-18 12:44:40', NULL, 'Vegetarian option', NULL, '2025-10-18 13:11:40', '2025-11-26 08:02:55', '2025-11-26 08:02:57', 'pickup', NULL, NULL, 'unpaid', NULL, NULL, NULL, NULL, NULL, NULL, 0, NULL),
(157, 1, NULL, 9, NULL, 'NKH-DT-20251019-0026-b57', 'pending', 0, 'pending', 'pending', '222.00', '22.20', '0.00', '244.20', '0.00', '0.00', 'USD', '2025-10-19 09:50:50', NULL, 'Well done', NULL, '2025-10-19 10:15:50', '2025-11-26 08:02:55', '2025-11-26 08:02:57', 'pickup', NULL, NULL, 'unpaid', NULL, NULL, NULL, NULL, NULL, NULL, 0, NULL),
(158, 1, NULL, 10, NULL, 'NKH-DT-20250918-8624-755', 'pending', 0, 'preparing', 'pending', '112.00', '11.20', '0.00', '123.20', '0.00', '0.00', 'USD', '2025-09-18 22:36:44', NULL, 'Gluten free preparation', NULL, '2025-09-18 22:58:44', '2025-11-26 08:02:55', '2025-11-26 08:02:57', 'pickup', NULL, NULL, 'unpaid', NULL, NULL, NULL, NULL, NULL, NULL, 0, NULL),
(159, 1, NULL, 7, NULL, 'NKH-DT-20251030-4952-3ad', 'pending', 0, 'pending', 'pending', '108.50', '10.85', '0.00', '119.35', '0.00', '0.00', 'USD', '2025-10-30 07:42:34', NULL, 'Gluten free preparation', NULL, '2025-10-30 08:14:34', '2025-11-26 08:02:55', '2025-11-26 08:02:57', 'delivery', NULL, NULL, 'unpaid', NULL, NULL, NULL, NULL, NULL, NULL, 0, NULL),
(160, 1, NULL, 2, NULL, 'NKH-DT-20251028-4331-68d', 'pending', 0, 'ready', 'pending', '109.50', '10.95', '0.00', '120.45', '0.00', '0.00', 'USD', '2025-10-28 05:55:51', NULL, 'Extra vegetables', NULL, '2025-10-28 06:15:51', '2025-11-26 08:02:55', '2025-11-26 08:02:57', 'pickup', NULL, NULL, 'unpaid', NULL, NULL, NULL, NULL, NULL, NULL, 0, NULL),
(161, 1, NULL, 6, NULL, 'NKH-DT-20251031-3412-5fe', 'pending', 0, 'completed', 'pending', '30.50', '3.05', '0.00', '33.55', '0.00', '0.00', 'USD', '2025-11-01 00:00:37', '2025-11-01 00:00:37', 'No onions', NULL, '2025-10-31 23:49:37', '2025-11-26 08:02:55', '2025-11-26 08:02:57', 'delivery', NULL, NULL, 'unpaid', NULL, NULL, NULL, NULL, NULL, NULL, 0, NULL),
(162, 1, 30, 2, NULL, 'NKH-DT-20251020-2834-ed9', 'pending', 0, 'pending', 'pending', '31.00', '3.10', '5.21', '28.89', '0.00', '0.00', 'USD', '2025-10-20 02:08:37', NULL, 'No spicy please', NULL, '2025-10-20 02:30:37', '2025-11-26 08:02:55', '2025-11-26 08:02:57', 'dine-in', NULL, NULL, 'unpaid', NULL, NULL, NULL, NULL, NULL, NULL, 0, NULL),
(163, 1, NULL, 7, NULL, 'NKH-DT-20250828-8056-74c', 'pending', 0, 'ready', 'pending', '129.50', '12.95', '0.00', '142.45', '0.00', '0.00', 'USD', '2025-08-28 11:17:51', NULL, NULL, NULL, '2025-08-28 11:39:51', '2025-11-26 08:02:55', '2025-11-26 08:02:57', 'pickup', NULL, NULL, 'unpaid', NULL, NULL, NULL, NULL, NULL, NULL, 0, NULL),
(164, 1, NULL, 3, NULL, 'NKH-DT-20250829-1538-ac5', 'pending', 0, 'ready', 'pending', '81.00', '8.10', '3.29', '85.81', '0.00', '0.00', 'USD', '2025-08-29 23:56:03', NULL, 'Extra sauce', NULL, '2025-08-30 00:46:03', '2025-11-26 08:02:55', '2025-11-26 08:02:57', 'delivery', NULL, NULL, 'unpaid', NULL, NULL, NULL, NULL, NULL, NULL, 0, NULL),
(165, 1, 3, 8, NULL, 'NKH-DT-20251116-0242-6d9', 'pending', 0, 'preparing', 'pending', '49.50', '4.95', '0.00', '54.45', '0.00', '0.00', 'USD', '2025-11-16 06:26:32', NULL, NULL, NULL, '2025-11-16 06:53:32', '2025-11-26 08:02:55', '2025-11-26 08:02:57', 'dine-in', NULL, NULL, 'unpaid', NULL, NULL, NULL, NULL, NULL, NULL, 0, NULL),
(166, 1, NULL, 9, NULL, 'NKH-DT-20251103-8386-384', 'pending', 0, 'received', 'pending', '93.50', '9.35', '0.00', '102.85', '0.00', '0.00', 'USD', '2025-11-03 11:05:58', NULL, 'Gluten free preparation', NULL, '2025-11-03 11:25:58', '2025-11-26 08:02:55', '2025-11-26 08:02:57', 'pickup', NULL, NULL, 'unpaid', NULL, NULL, NULL, NULL, NULL, NULL, 0, NULL),
(167, 1, NULL, 7, NULL, 'NKH-DT-20251026-4186-b1a', 'pending', 0, 'ready', 'pending', '104.50', '10.45', '0.00', '114.95', '0.00', '0.00', 'USD', '2025-10-26 08:48:53', NULL, 'Vegetarian option', NULL, '2025-10-26 09:33:53', '2025-11-26 08:02:55', '2025-11-26 08:02:57', 'delivery', NULL, NULL, 'unpaid', NULL, NULL, NULL, NULL, NULL, NULL, 0, NULL),
(168, 1, 23, 8, NULL, 'NKH-DT-20250918-2385-672', 'pending', 0, 'received', 'pending', '96.00', '9.60', '0.00', '105.60', '0.00', '0.00', 'USD', '2025-09-18 20:46:44', NULL, NULL, NULL, '2025-09-18 21:13:44', '2025-11-26 08:02:55', '2025-11-26 08:02:57', 'dine-in', NULL, NULL, 'unpaid', NULL, NULL, NULL, NULL, NULL, NULL, 0, NULL),
(169, 1, 27, 10, NULL, 'NKH-DT-20250916-3399-b2b', 'pending', 0, 'ready', 'pending', '207.50', '20.75', '0.00', '228.25', '0.00', '0.00', 'USD', '2025-09-16 01:31:20', NULL, 'Less salt', NULL, '2025-09-16 01:56:20', '2025-11-26 08:02:55', '2025-11-26 08:02:57', 'dine-in', NULL, NULL, 'unpaid', NULL, NULL, NULL, NULL, NULL, NULL, 0, NULL),
(170, 1, 23, 8, NULL, 'NKH-DT-20251103-5767-299', 'pending', 0, 'pending', 'pending', '95.00', '9.50', '0.00', '104.50', '0.00', '0.00', 'USD', '2025-11-03 14:28:12', NULL, NULL, NULL, '2025-11-03 14:57:12', '2025-11-26 08:02:55', '2025-11-26 08:02:57', 'dine-in', NULL, NULL, 'unpaid', NULL, NULL, NULL, NULL, NULL, NULL, 0, NULL),
(171, 1, NULL, 9, NULL, 'NKH-DT-20250910-3459-439', 'pending', 0, 'preparing', 'pending', '30.00', '3.00', '0.00', '33.00', '0.00', '0.00', 'USD', '2025-09-10 23:22:31', NULL, 'Vegetarian option', NULL, '2025-09-10 23:56:31', '2025-11-26 08:02:55', '2025-11-26 08:02:57', 'delivery', NULL, NULL, 'unpaid', NULL, NULL, NULL, NULL, NULL, NULL, 0, NULL),
(172, 1, NULL, 1, NULL, 'NKH-DT-20250828-8717-83a', 'pending', 0, 'pending', 'pending', '113.00', '11.30', '3.54', '120.76', '0.00', '0.00', 'USD', '2025-08-28 22:33:45', NULL, 'Less salt', NULL, '2025-08-28 23:08:45', '2025-11-26 08:02:55', '2025-11-26 08:02:57', 'pickup', NULL, NULL, 'unpaid', NULL, NULL, NULL, NULL, NULL, NULL, 0, NULL),
(173, 1, 25, 8, NULL, 'NKH-DT-20251013-8763-aea', 'pending', 0, 'received', 'pending', '93.00', '9.30', '4.62', '97.68', '0.00', '0.00', 'USD', '2025-10-13 17:40:50', NULL, 'Less salt', NULL, '2025-10-13 18:07:50', '2025-11-26 08:02:55', '2025-11-26 08:02:57', 'dine-in', NULL, NULL, 'unpaid', NULL, NULL, NULL, NULL, NULL, NULL, 0, NULL),
(174, 1, NULL, 2, NULL, 'NKH-DT-20251103-5502-392', 'pending', 0, 'received', 'pending', '95.00', '9.50', '0.00', '104.50', '0.00', '0.00', 'USD', '2025-11-03 11:50:35', NULL, NULL, NULL, '2025-11-03 12:14:35', '2025-11-26 08:02:55', '2025-11-26 08:02:57', 'pickup', NULL, NULL, 'unpaid', NULL, NULL, NULL, NULL, NULL, NULL, 0, NULL),
(175, 1, NULL, 6, NULL, 'NKH-DT-20251112-5042-6cb', 'pending', 0, 'preparing', 'pending', '112.50', '11.25', '0.00', '123.75', '0.00', '0.00', 'USD', '2025-11-12 21:05:27', NULL, 'Extra vegetables', NULL, '2025-11-12 21:44:27', '2025-11-26 08:02:55', '2025-11-26 08:02:57', 'delivery', NULL, NULL, 'unpaid', NULL, NULL, NULL, NULL, NULL, NULL, 0, NULL),
(176, 1, 31, 3, NULL, 'NKH-DT-20251104-6874-149', 'pending', 0, 'received', 'pending', '156.00', '15.60', '0.00', '171.60', '0.00', '0.00', 'USD', '2025-11-04 16:05:41', NULL, 'No spicy please', NULL, '2025-11-04 16:35:41', '2025-11-26 08:02:55', '2025-11-26 08:02:57', 'dine-in', NULL, NULL, 'unpaid', NULL, NULL, NULL, NULL, NULL, NULL, 0, NULL),
(177, 1, NULL, 9, NULL, 'NKH-DT-20251008-4272-224', 'pending', 0, 'preparing', 'pending', '72.00', '7.20', '0.00', '79.20', '0.00', '0.00', 'USD', '2025-10-08 22:03:38', NULL, NULL, NULL, '2025-10-08 22:30:38', '2025-11-26 08:02:55', '2025-11-26 08:02:57', 'pickup', NULL, NULL, 'unpaid', NULL, NULL, NULL, NULL, NULL, NULL, 0, NULL),
(178, 1, NULL, 9, NULL, 'NKH-DT-20250829-9266-40c', 'pending', 0, 'received', 'pending', '174.00', '17.40', '0.00', '191.40', '0.00', '0.00', 'USD', '2025-08-29 17:09:37', NULL, 'Vegetarian option', NULL, '2025-08-29 17:43:37', '2025-11-26 08:02:55', '2025-11-26 08:02:57', 'pickup', NULL, NULL, 'unpaid', NULL, NULL, NULL, NULL, NULL, NULL, 0, NULL),
(179, 1, NULL, 3, NULL, 'NKH-DT-20250927-4930-732', 'pending', 0, 'ready', 'pending', '4.50', '0.45', '0.00', '4.95', '0.00', '0.00', 'USD', '2025-09-27 16:27:18', NULL, 'No spicy please', NULL, '2025-09-27 17:01:18', '2025-11-26 08:02:55', '2025-11-26 08:02:57', 'pickup', NULL, NULL, 'unpaid', NULL, NULL, NULL, NULL, NULL, NULL, 0, NULL),
(180, 1, 20, 2, NULL, 'NKH-DT-20251114-1206-a10', 'pending', 0, 'pending', 'pending', '13.50', '1.35', '0.00', '14.85', '0.00', '0.00', 'USD', '2025-11-14 11:00:39', NULL, 'Well done', NULL, '2025-11-14 11:22:39', '2025-11-26 08:02:55', '2025-11-26 08:02:57', 'dine-in', NULL, NULL, 'unpaid', NULL, NULL, NULL, NULL, NULL, NULL, 0, NULL),
(181, 1, NULL, 11, NULL, 'NKH-DT-20251106-2537-b80', 'pending', 0, 'received', 'pending', '181.00', '18.10', '0.00', '199.10', '0.00', '0.00', 'USD', '2025-11-06 17:04:01', NULL, 'On the side', NULL, '2025-11-06 17:48:01', '2025-11-26 08:02:55', '2025-11-26 08:02:57', 'delivery', NULL, NULL, 'unpaid', NULL, NULL, NULL, NULL, NULL, NULL, 0, NULL),
(182, 1, 9, 7, NULL, 'NKH-DT-20251025-4942-170', 'pending', 0, 'completed', 'pending', '102.00', '10.20', '0.00', '112.20', '0.00', '0.00', 'USD', '2025-10-25 21:46:48', '2025-10-25 21:46:48', 'No onions', NULL, '2025-10-25 21:37:48', '2025-11-26 08:02:55', '2025-11-26 08:02:57', 'dine-in', NULL, NULL, 'unpaid', NULL, NULL, NULL, NULL, NULL, NULL, 0, NULL),
(183, 1, 23, 6, NULL, 'NKH-DT-20251020-7434-e2e', 'pending', 0, 'completed', 'pending', '58.50', '5.85', '0.00', '64.35', '0.00', '0.00', 'USD', '2025-10-20 16:03:12', '2025-10-20 16:03:12', 'Extra sauce', NULL, '2025-10-20 15:59:12', '2025-11-26 08:02:55', '2025-11-26 08:02:57', 'dine-in', NULL, NULL, 'unpaid', NULL, NULL, NULL, NULL, NULL, NULL, 0, NULL),
(184, 1, NULL, 10, NULL, 'NKH-DT-20251117-1505-a16', 'pending', 0, 'pending', 'pending', '51.50', '5.15', '0.00', '56.65', '0.00', '0.00', 'USD', '2025-11-17 21:57:48', NULL, 'Well done', NULL, '2025-11-17 22:45:48', '2025-11-26 08:02:55', '2025-11-26 08:02:57', 'delivery', NULL, NULL, 'unpaid', NULL, NULL, NULL, NULL, NULL, NULL, 0, NULL),
(185, 1, NULL, 2, NULL, 'NKH-DT-20251118-7759-644', 'pending', 0, 'received', 'pending', '72.50', '7.25', '2.74', '77.01', '0.00', '0.00', 'USD', '2025-11-18 02:32:45', NULL, 'Extra sauce', NULL, '2025-11-18 02:54:45', '2025-11-26 08:02:55', '2025-11-26 08:02:57', 'pickup', NULL, NULL, 'unpaid', NULL, NULL, NULL, NULL, NULL, NULL, 0, NULL),
(186, 1, NULL, 6, NULL, 'NKH-DT-20251019-0200-c20', 'pending', 0, 'preparing', 'pending', '71.00', '7.10', '0.00', '78.10', '0.00', '0.00', 'USD', '2025-10-19 06:28:46', NULL, 'Well done', NULL, '2025-10-19 06:59:46', '2025-11-26 08:02:55', '2025-11-26 08:02:57', 'pickup', NULL, NULL, 'unpaid', NULL, NULL, NULL, NULL, NULL, NULL, 0, NULL),
(187, 1, NULL, 8, NULL, 'NKH-DT-20251115-6704-382', 'pending', 0, 'pending', 'pending', '61.50', '6.15', '0.00', '67.65', '0.00', '0.00', 'USD', '2025-11-15 07:50:43', NULL, 'Extra sauce', NULL, '2025-11-15 08:28:43', '2025-11-26 08:02:55', '2025-11-26 08:02:57', 'delivery', NULL, NULL, 'unpaid', NULL, NULL, NULL, NULL, NULL, NULL, 0, NULL),
(188, 1, NULL, 4, NULL, 'NKH-DT-20251029-8170-c47', 'pending', 0, 'pending', 'pending', '42.50', '4.25', '8.19', '38.56', '0.00', '0.00', 'USD', '2025-10-29 15:56:17', NULL, NULL, NULL, '2025-10-29 16:29:17', '2025-11-26 08:02:55', '2025-11-26 08:02:58', 'pickup', NULL, NULL, 'unpaid', NULL, NULL, NULL, NULL, NULL, NULL, 0, NULL),
(189, 1, 2, 8, NULL, 'NKH-DT-20250915-9822-361', 'pending', 0, 'completed', 'pending', '166.00', '16.60', '9.47', '173.13', '0.00', '0.00', 'USD', '2025-09-15 02:49:20', '2025-09-15 02:49:20', 'On the side', NULL, '2025-09-15 02:55:20', '2025-11-26 08:02:55', '2025-11-26 08:02:58', 'dine-in', NULL, NULL, 'unpaid', NULL, NULL, NULL, NULL, NULL, NULL, 0, NULL),
(190, 1, NULL, 5, NULL, 'NKH-DT-20251003-0945-f26', 'pending', 0, 'preparing', 'pending', '54.00', '5.40', '3.95', '55.45', '0.00', '0.00', 'USD', '2025-10-03 17:45:09', NULL, 'Extra vegetables', NULL, '2025-10-03 18:16:09', '2025-11-26 08:02:55', '2025-11-26 08:02:58', 'delivery', NULL, NULL, 'unpaid', NULL, NULL, NULL, NULL, NULL, NULL, 0, NULL),
(191, 1, NULL, 6, NULL, 'NKH-DT-20250912-0367-f3a', 'pending', 0, 'pending', 'pending', '48.00', '4.80', '0.00', '52.80', '0.00', '0.00', 'USD', '2025-09-12 08:04:46', NULL, 'Well done', NULL, '2025-09-12 08:26:46', '2025-11-26 08:02:55', '2025-11-26 08:02:58', 'pickup', NULL, NULL, 'unpaid', NULL, NULL, NULL, NULL, NULL, NULL, 0, NULL),
(192, 1, NULL, 1, NULL, 'NKH-DT-20251031-7513-902', 'pending', 0, 'completed', 'pending', '64.50', '6.45', '6.80', '64.15', '0.00', '0.00', 'USD', '2025-10-31 03:04:38', '2025-10-31 03:04:38', NULL, NULL, '2025-10-31 03:08:38', '2025-11-26 08:02:55', '2025-11-26 08:02:58', 'delivery', NULL, NULL, 'unpaid', NULL, NULL, NULL, NULL, NULL, NULL, 0, NULL),
(193, 1, NULL, 5, NULL, 'NKH-DT-20250927-7348-615', 'pending', 0, 'preparing', 'pending', '28.00', '2.80', '0.00', '30.80', '0.00', '0.00', 'USD', '2025-09-27 11:31:37', NULL, 'Vegetarian option', NULL, '2025-09-27 11:51:37', '2025-11-26 08:02:55', '2025-11-26 08:02:58', 'pickup', NULL, NULL, 'unpaid', NULL, NULL, NULL, NULL, NULL, NULL, 0, NULL),
(194, 1, NULL, 10, NULL, 'NKH-DT-20250827-0489-620', 'pending', 0, 'pending', 'pending', '5.50', '0.55', '0.00', '6.05', '0.00', '0.00', 'USD', '2025-08-27 11:36:54', NULL, 'Extra vegetables', NULL, '2025-08-27 12:01:54', '2025-11-26 08:02:55', '2025-11-26 08:02:58', 'pickup', NULL, NULL, 'unpaid', NULL, NULL, NULL, NULL, NULL, NULL, 0, NULL),
(195, 1, 8, 11, NULL, 'NKH-DT-20251108-6767-ddc', 'pending', 0, 'completed', 'pending', '81.50', '8.15', '0.00', '89.65', '0.00', '0.00', 'USD', '2025-11-08 11:43:18', '2025-11-08 11:43:18', 'On the side', NULL, '2025-11-08 11:25:18', '2025-11-26 08:02:55', '2025-11-26 08:02:58', 'dine-in', NULL, NULL, 'unpaid', NULL, NULL, NULL, NULL, NULL, NULL, 0, NULL),
(196, 1, NULL, 4, NULL, 'NKH-DT-20251102-8045-cc3', 'pending', 0, 'ready', 'pending', '129.00', '12.90', '0.00', '141.90', '0.00', '0.00', 'USD', '2025-11-02 22:58:03', NULL, NULL, NULL, '2025-11-02 23:33:03', '2025-11-26 08:02:55', '2025-11-26 08:02:58', 'delivery', NULL, NULL, 'unpaid', NULL, NULL, NULL, NULL, NULL, NULL, 0, NULL),
(197, 1, 15, 8, NULL, 'NKH-DT-20251116-4338-188', 'pending', 0, 'pending', 'pending', '53.50', '5.35', '0.00', '58.85', '0.00', '0.00', 'USD', '2025-11-16 05:49:32', NULL, 'Extra sauce', NULL, '2025-11-16 06:11:32', '2025-11-26 08:02:55', '2025-11-26 08:02:58', 'dine-in', NULL, NULL, 'unpaid', NULL, NULL, NULL, NULL, NULL, NULL, 0, NULL),
(198, 1, 5, 1, NULL, 'NKH-DT-20250827-3664-9fe', 'pending', 0, 'completed', 'pending', '157.50', '15.75', '6.55', '166.70', '0.00', '0.00', 'USD', '2025-08-27 09:28:10', '2025-08-27 09:28:10', 'No spicy please', NULL, '2025-08-27 09:30:10', '2025-11-26 08:02:55', '2025-11-26 08:02:58', 'dine-in', NULL, NULL, 'unpaid', NULL, NULL, NULL, NULL, NULL, NULL, 0, NULL),
(199, 1, NULL, 1, NULL, 'NKH-DT-20251102-2286-df2', 'pending', 0, 'completed', 'pending', '27.00', '2.70', '3.25', '26.45', '0.00', '0.00', 'USD', '2025-11-02 00:27:05', '2025-11-02 00:27:05', NULL, NULL, '2025-11-02 00:37:05', '2025-11-26 08:02:55', '2025-11-26 08:02:58', 'pickup', NULL, NULL, 'unpaid', NULL, NULL, NULL, NULL, NULL, NULL, 0, NULL),
(200, 1, NULL, 11, NULL, 'NKH-DT-20251114-2575-591', 'pending', 0, 'ready', 'pending', '60.00', '6.00', '0.00', '66.00', '0.00', '0.00', 'USD', '2025-11-14 10:15:26', NULL, 'On the side', NULL, '2025-11-14 10:48:26', '2025-11-26 08:02:55', '2025-11-26 08:02:58', 'pickup', NULL, NULL, 'unpaid', NULL, NULL, NULL, NULL, NULL, NULL, 0, NULL),
(201, 1, 16, 6, NULL, 'NKH-DT-20251125-2081-914', 'pending', 0, 'ready', 'pending', '73.50', '7.35', '0.00', '80.85', '0.00', '0.00', 'USD', '2025-11-25 05:21:48', NULL, 'Vegetarian option', NULL, '2025-11-25 05:50:48', '2025-11-26 08:02:55', '2025-11-26 08:02:58', 'dine-in', NULL, NULL, 'unpaid', NULL, NULL, NULL, NULL, NULL, NULL, 0, NULL),
(202, 1, 27, 4, NULL, 'NKH-DT-20251101-0250-966', 'pending', 0, 'received', 'pending', '5.50', '0.55', '0.00', '6.05', '0.00', '0.00', 'USD', '2025-11-01 02:59:10', NULL, 'Make it spicy', NULL, '2025-11-01 03:26:10', '2025-11-26 08:02:55', '2025-11-26 08:02:58', 'dine-in', NULL, NULL, 'unpaid', NULL, NULL, NULL, NULL, NULL, NULL, 0, NULL),
(203, 1, NULL, 3, NULL, 'NKH-DT-20250919-2157-b30', 'pending', 0, 'received', 'pending', '10.50', '1.05', '0.00', '11.55', '0.00', '0.00', 'USD', '2025-09-19 13:37:09', NULL, 'Extra vegetables', NULL, '2025-09-19 14:27:09', '2025-11-26 08:02:55', '2025-11-26 08:02:58', 'delivery', NULL, NULL, 'unpaid', NULL, NULL, NULL, NULL, NULL, NULL, 0, NULL),
(204, 1, NULL, 7, NULL, 'NKH-DT-20250910-6854-de6', 'pending', 0, 'completed', 'pending', '37.50', '3.75', '0.00', '41.25', '0.00', '0.00', 'USD', '2025-09-10 17:45:57', '2025-09-10 17:45:57', 'On the side', NULL, '2025-09-10 18:00:57', '2025-11-26 08:02:55', '2025-11-26 08:02:58', 'delivery', NULL, NULL, 'unpaid', NULL, NULL, NULL, NULL, NULL, NULL, 0, NULL),
(205, 1, 9, 10, NULL, 'NKH-DT-20251031-2131-050', 'pending', 0, 'pending', 'pending', '4.50', '0.45', '0.00', '4.95', '0.00', '0.00', 'USD', '2025-10-31 20:45:48', NULL, 'No onions', NULL, '2025-10-31 21:12:48', '2025-11-26 08:02:55', '2025-11-26 08:02:58', 'dine-in', NULL, NULL, 'unpaid', NULL, NULL, NULL, NULL, NULL, NULL, 0, NULL),
(206, 1, NULL, 9, NULL, 'NKH-DT-20251115-3070-e67', 'pending', 0, 'completed', 'pending', '119.50', '11.95', '0.00', '131.45', '0.00', '0.00', 'USD', '2025-11-15 11:27:56', '2025-11-15 11:27:56', 'Make it spicy', NULL, '2025-11-15 11:03:56', '2025-11-26 08:02:55', '2025-11-26 08:02:58', 'pickup', NULL, NULL, 'unpaid', NULL, NULL, NULL, NULL, NULL, NULL, 0, NULL),
(207, 1, NULL, 2, NULL, 'NKH-DT-20250908-9276-cd3', 'pending', 0, 'ready', 'pending', '17.00', '1.70', '0.00', '18.70', '0.00', '0.00', 'USD', '2025-09-08 12:37:06', NULL, NULL, NULL, '2025-09-08 13:11:06', '2025-11-26 08:02:55', '2025-11-26 08:02:58', 'delivery', NULL, NULL, 'unpaid', NULL, NULL, NULL, NULL, NULL, NULL, 0, NULL),
(208, 1, NULL, 2, NULL, 'NKH-DT-20251016-1749-256', 'pending', 0, 'completed', 'pending', '19.00', '1.90', '0.00', '20.90', '0.00', '0.00', 'USD', '2025-10-16 13:46:20', '2025-10-16 13:46:20', 'On the side', NULL, '2025-10-16 13:30:20', '2025-11-26 08:02:55', '2025-11-26 08:02:58', 'delivery', NULL, NULL, 'unpaid', NULL, NULL, NULL, NULL, NULL, NULL, 0, NULL),
(209, 1, NULL, 9, NULL, 'NKH-DT-20251124-4460-5b7', 'pending', 0, 'pending', 'pending', '82.00', '8.20', '9.89', '80.31', '0.00', '0.00', 'USD', '2025-11-24 03:29:25', NULL, 'Vegetarian option', NULL, '2025-11-24 04:05:25', '2025-11-26 08:02:55', '2025-11-26 08:02:58', 'delivery', NULL, NULL, 'unpaid', NULL, NULL, NULL, NULL, NULL, NULL, 0, NULL),
(210, 1, 5, 9, NULL, 'NKH-DT-20251118-2917-339', 'pending', 0, 'completed', 'pending', '78.50', '7.85', '0.00', '86.35', '0.00', '0.00', 'USD', '2025-11-18 06:48:12', '2025-11-18 06:48:12', 'On the side', NULL, '2025-11-18 06:28:12', '2025-11-26 08:02:55', '2025-11-26 08:02:58', 'dine-in', NULL, NULL, 'unpaid', NULL, NULL, NULL, NULL, NULL, NULL, 0, NULL),
(211, 1, NULL, 11, NULL, 'NKH-DT-20251023-9350-1b3', 'pending', 0, 'completed', 'pending', '110.50', '11.05', '0.00', '121.55', '0.00', '0.00', 'USD', '2025-10-23 07:26:57', '2025-10-23 07:26:57', NULL, NULL, '2025-10-23 07:14:57', '2025-11-26 08:02:55', '2025-11-26 08:02:58', 'delivery', NULL, NULL, 'unpaid', NULL, NULL, NULL, NULL, NULL, NULL, 0, NULL),
(212, 1, 8, 3, NULL, 'NKH-DT-20251122-0164-deb', 'pending', 0, 'pending', 'pending', '25.00', '2.50', '0.00', '27.50', '0.00', '0.00', 'USD', '2025-11-22 07:02:30', NULL, 'No spicy please', NULL, '2025-11-22 07:25:30', '2025-11-26 08:02:55', '2025-11-26 08:02:58', 'dine-in', NULL, NULL, 'unpaid', NULL, NULL, NULL, NULL, NULL, NULL, 0, NULL),
(213, 1, NULL, 1, NULL, 'NKH-DT-20250923-0924-d72', 'pending', 0, 'received', 'pending', '49.50', '4.95', '3.40', '51.05', '0.00', '0.00', 'USD', '2025-09-23 00:45:43', NULL, NULL, NULL, '2025-09-23 01:28:43', '2025-11-26 08:02:55', '2025-11-26 08:02:58', 'delivery', NULL, NULL, 'unpaid', NULL, NULL, NULL, NULL, NULL, NULL, 0, NULL),
(214, 1, NULL, 9, NULL, 'NKH-DT-20250904-5879-624', 'pending', 0, 'received', 'pending', '144.50', '14.45', '4.07', '154.88', '0.00', '0.00', 'USD', '2025-09-04 13:01:35', NULL, 'No spicy please', NULL, '2025-09-04 13:40:35', '2025-11-26 08:02:55', '2025-11-26 08:02:58', 'delivery', NULL, NULL, 'unpaid', NULL, NULL, NULL, NULL, NULL, NULL, 0, NULL),
(215, 1, NULL, 8, NULL, 'NKH-DT-20251013-2260-2cf', 'pending', 0, 'preparing', 'pending', '45.00', '4.50', '0.00', '49.50', '0.00', '0.00', 'USD', '2025-10-13 12:14:35', NULL, 'Vegetarian option', NULL, '2025-10-13 12:35:35', '2025-11-26 08:02:55', '2025-11-26 08:02:58', 'pickup', NULL, NULL, 'unpaid', NULL, NULL, NULL, NULL, NULL, NULL, 0, NULL),
(216, 1, 10, 2, NULL, 'NKH-DT-20251010-6073-ff3', 'pending', 0, 'ready', 'pending', '94.50', '9.45', '0.00', '103.95', '0.00', '0.00', 'USD', '2025-10-10 03:31:30', NULL, 'Make it spicy', NULL, '2025-10-10 03:51:30', '2025-11-26 08:02:55', '2025-11-26 08:02:58', 'dine-in', NULL, NULL, 'unpaid', NULL, NULL, NULL, NULL, NULL, NULL, 0, NULL),
(217, 1, NULL, 7, NULL, 'NKH-DT-20251119-8832-f52', 'pending', 0, 'ready', 'pending', '32.00', '3.20', '0.00', '35.20', '0.00', '0.00', 'USD', '2025-11-19 05:49:48', NULL, 'Less salt', NULL, '2025-11-19 06:24:48', '2025-11-26 08:02:55', '2025-11-26 08:02:58', 'pickup', NULL, NULL, 'unpaid', NULL, NULL, NULL, NULL, NULL, NULL, 0, NULL),
(218, 1, 29, 9, NULL, 'NKH-DT-20251106-3714-0b9', 'pending', 0, 'completed', 'pending', '60.50', '6.05', '0.00', '66.55', '0.00', '0.00', 'USD', '2025-11-06 15:16:54', '2025-11-06 15:16:54', 'No onions', NULL, '2025-11-06 15:07:54', '2025-11-26 08:02:55', '2025-11-26 08:02:58', 'dine-in', NULL, NULL, 'unpaid', NULL, NULL, NULL, NULL, NULL, NULL, 0, NULL),
(219, 1, NULL, 6, NULL, 'NKH-DT-20251112-8625-e8d', 'pending', 0, 'ready', 'pending', '146.50', '14.65', '0.00', '161.15', '0.00', '0.00', 'USD', '2025-11-12 16:58:51', NULL, 'Less salt', NULL, '2025-11-12 17:36:51', '2025-11-26 08:02:55', '2025-11-26 08:02:58', 'delivery', NULL, NULL, 'unpaid', NULL, NULL, NULL, NULL, NULL, NULL, 0, NULL),
(220, 1, 36, 6, NULL, 'NKH-DT-20251020-4155-5dd', 'pending', 0, 'completed', 'pending', '36.00', '3.60', '0.00', '39.60', '0.00', '0.00', 'USD', '2025-10-20 02:54:45', '2025-10-20 02:54:45', 'Less salt', NULL, '2025-10-20 02:26:45', '2025-11-26 08:02:55', '2025-11-26 08:02:58', 'dine-in', NULL, NULL, 'unpaid', NULL, NULL, NULL, NULL, NULL, NULL, 0, NULL),
(221, 1, NULL, 6, NULL, 'NKH-DT-20251115-6747-afc', 'pending', 0, 'ready', 'pending', '104.50', '10.45', '8.50', '106.45', '0.00', '0.00', 'USD', '2025-11-15 18:52:12', NULL, 'Gluten free preparation', NULL, '2025-11-15 19:21:12', '2025-11-26 08:02:55', '2025-11-26 08:02:58', 'pickup', NULL, NULL, 'unpaid', NULL, NULL, NULL, NULL, NULL, NULL, 0, NULL),
(222, 1, 31, 8, NULL, 'NKH-DT-20251027-2419-322', 'pending', 0, 'pending', 'pending', '13.00', '1.30', '7.98', '6.32', '0.00', '0.00', 'USD', '2025-10-27 13:08:36', NULL, NULL, NULL, '2025-10-27 13:32:36', '2025-11-26 08:02:55', '2025-11-26 08:02:58', 'dine-in', NULL, NULL, 'unpaid', NULL, NULL, NULL, NULL, NULL, NULL, 0, NULL),
(223, 1, NULL, 9, NULL, 'NKH-DT-20251003-4208-efe', 'pending', 0, 'ready', 'pending', '104.50', '10.45', '0.00', '114.95', '0.00', '0.00', 'USD', '2025-10-03 06:53:04', NULL, NULL, NULL, '2025-10-03 07:39:04', '2025-11-26 08:02:55', '2025-11-26 08:02:58', 'delivery', NULL, NULL, 'unpaid', NULL, NULL, NULL, NULL, NULL, NULL, 0, NULL),
(224, 1, 36, 9, NULL, 'NKH-DT-20251026-0603-69b', 'pending', 0, 'pending', 'pending', '83.00', '8.30', '3.73', '87.57', '0.00', '0.00', 'USD', '2025-10-26 18:52:19', NULL, 'Well done', NULL, '2025-10-26 19:13:19', '2025-11-26 08:02:55', '2025-11-26 08:02:58', 'dine-in', NULL, NULL, 'unpaid', NULL, NULL, NULL, NULL, NULL, NULL, 0, NULL),
(225, 1, 14, 7, NULL, 'NKH-DT-20251123-8473-498', 'pending', 0, 'received', 'pending', '64.00', '6.40', '0.00', '70.40', '0.00', '0.00', 'USD', '2025-11-23 06:09:12', NULL, 'Make it spicy', NULL, '2025-11-23 06:39:12', '2025-11-26 08:02:55', '2025-11-26 08:02:58', 'dine-in', NULL, NULL, 'unpaid', NULL, NULL, NULL, NULL, NULL, NULL, 0, NULL),
(226, 1, NULL, 8, NULL, 'NKH-DT-20250905-9463-472', 'pending', 0, 'ready', 'pending', '84.00', '8.40', '0.00', '92.40', '0.00', '0.00', 'USD', '2025-09-05 00:52:20', NULL, NULL, NULL, '2025-09-05 01:20:20', '2025-11-26 08:02:55', '2025-11-26 08:02:58', 'pickup', NULL, NULL, 'unpaid', NULL, NULL, NULL, NULL, NULL, NULL, 0, NULL),
(227, 1, NULL, 9, NULL, 'NKH-DT-20250918-3039-7f6', 'pending', 0, 'received', 'pending', '78.50', '7.85', '0.00', '86.35', '0.00', '0.00', 'USD', '2025-09-18 15:47:40', NULL, 'Make it spicy', NULL, '2025-09-18 16:32:40', '2025-11-26 08:02:55', '2025-11-26 08:02:58', 'delivery', NULL, NULL, 'unpaid', NULL, NULL, NULL, NULL, NULL, NULL, 0, NULL),
(228, 1, NULL, 6, NULL, 'NKH-DT-20250828-8947-6bc', 'pending', 0, 'received', 'pending', '49.50', '4.95', '0.00', '54.45', '0.00', '0.00', 'USD', '2025-08-28 04:33:13', NULL, 'Less salt', NULL, '2025-08-28 05:06:13', '2025-11-26 08:02:55', '2025-11-26 08:02:58', 'pickup', NULL, NULL, 'unpaid', NULL, NULL, NULL, NULL, NULL, NULL, 0, NULL),
(229, 1, 32, 11, NULL, 'NKH-DT-20251007-5277-e7a', 'pending', 0, 'preparing', 'pending', '141.00', '14.10', '0.00', '155.10', '0.00', '0.00', 'USD', '2025-10-07 20:06:50', NULL, 'Extra vegetables', NULL, '2025-10-07 20:29:50', '2025-11-26 08:02:55', '2025-11-26 08:02:58', 'dine-in', NULL, NULL, 'unpaid', NULL, NULL, NULL, NULL, NULL, NULL, 0, NULL),
(230, 1, NULL, 1, NULL, 'NKH-DT-20250923-3246-3f6', 'pending', 0, 'preparing', 'pending', '138.50', '13.85', '0.00', '152.35', '0.00', '0.00', 'USD', '2025-09-23 12:58:31', NULL, 'Extra vegetables', NULL, '2025-09-23 13:42:31', '2025-11-26 08:02:55', '2025-11-26 08:02:58', 'delivery', NULL, NULL, 'unpaid', NULL, NULL, NULL, NULL, NULL, NULL, 0, NULL),
(231, 1, NULL, 7, NULL, 'NKH-DT-20250908-6022-283', 'pending', 0, 'ready', 'pending', '33.50', '3.35', '0.00', '36.85', '0.00', '0.00', 'USD', '2025-09-08 03:06:14', NULL, 'Extra vegetables', NULL, '2025-09-08 03:26:14', '2025-11-26 08:02:55', '2025-11-26 08:02:58', 'pickup', NULL, NULL, 'unpaid', NULL, NULL, NULL, NULL, NULL, NULL, 0, NULL),
(232, 1, NULL, 8, NULL, 'NKH-DT-20251118-8032-5d4', 'pending', 0, 'pending', 'pending', '92.00', '9.20', '0.00', '101.20', '0.00', '0.00', 'USD', '2025-11-18 08:28:49', NULL, 'Extra sauce', NULL, '2025-11-18 09:00:49', '2025-11-26 08:02:55', '2025-11-26 08:02:58', 'delivery', NULL, NULL, 'unpaid', NULL, NULL, NULL, NULL, NULL, NULL, 0, NULL),
(233, 1, NULL, 4, NULL, 'NKH-DT-20251010-7805-904', 'pending', 0, 'preparing', 'pending', '17.00', '1.70', '0.00', '18.70', '0.00', '0.00', 'USD', '2025-10-10 12:31:04', NULL, 'Vegetarian option', NULL, '2025-10-10 13:00:04', '2025-11-26 08:02:55', '2025-11-26 08:02:58', 'pickup', NULL, NULL, 'unpaid', NULL, NULL, NULL, NULL, NULL, NULL, 0, NULL),
(234, 1, 36, 9, NULL, 'NKH-DT-20250911-4551-e81', 'pending', 0, 'ready', 'pending', '92.00', '9.20', '0.00', '101.20', '0.00', '0.00', 'USD', '2025-09-11 07:50:01', NULL, NULL, NULL, '2025-09-11 08:20:01', '2025-11-26 08:02:55', '2025-11-26 08:02:58', 'dine-in', NULL, NULL, 'unpaid', NULL, NULL, NULL, NULL, NULL, NULL, 0, NULL),
(235, 1, NULL, 10, NULL, 'NKH-DT-20250826-5777-756', 'pending', 0, 'received', 'pending', '41.00', '4.10', '0.00', '45.10', '0.00', '0.00', 'USD', '2025-08-26 09:38:31', NULL, NULL, NULL, '2025-08-26 10:07:31', '2025-11-26 08:02:55', '2025-11-26 08:02:58', 'pickup', NULL, NULL, 'unpaid', NULL, NULL, NULL, NULL, NULL, NULL, 0, NULL),
(236, 1, NULL, 3, NULL, 'NKH-DT-20250910-0834-7a9', 'pending', 0, 'ready', 'pending', '156.50', '15.65', '0.00', '172.15', '0.00', '0.00', 'USD', '2025-09-10 02:40:59', NULL, 'Vegetarian option', NULL, '2025-09-10 03:23:59', '2025-11-26 08:02:55', '2025-11-26 08:02:58', 'delivery', NULL, NULL, 'unpaid', NULL, NULL, NULL, NULL, NULL, NULL, 0, NULL),
(237, 1, NULL, 4, NULL, 'NKH-DT-20250908-4507-141', 'pending', 0, 'completed', 'pending', '30.00', '3.00', '0.00', '33.00', '0.00', '0.00', 'USD', '2025-09-08 15:54:23', '2025-09-08 15:54:23', 'No onions', NULL, '2025-09-08 16:18:23', '2025-11-26 08:02:55', '2025-11-26 08:02:58', 'delivery', NULL, NULL, 'unpaid', NULL, NULL, NULL, NULL, NULL, NULL, 0, NULL),
(238, 1, NULL, 3, NULL, 'NKH-DT-20250904-0265-5ea', 'pending', 0, 'ready', 'pending', '28.00', '2.80', '2.33', '28.47', '0.00', '0.00', 'USD', '2025-09-04 03:25:31', NULL, NULL, NULL, '2025-09-04 03:47:31', '2025-11-26 08:02:55', '2025-11-26 08:02:58', 'pickup', NULL, NULL, 'unpaid', NULL, NULL, NULL, NULL, NULL, NULL, 0, NULL),
(239, 1, NULL, 3, NULL, 'NKH-DT-20251125-5322-3d3', 'pending', 0, 'pending', 'pending', '146.50', '14.65', '0.00', '161.15', '0.00', '0.00', 'USD', '2025-11-25 21:48:25', NULL, 'Make it spicy', NULL, '2025-11-25 22:21:25', '2025-11-26 08:02:55', '2025-11-26 08:02:58', 'pickup', NULL, NULL, 'unpaid', NULL, NULL, NULL, NULL, NULL, NULL, 0, NULL),
(240, 1, NULL, 3, NULL, 'NKH-DT-20250929-2186-8ab', 'pending', 0, 'pending', 'pending', '93.50', '9.35', '2.11', '100.74', '0.00', '0.00', 'USD', '2025-09-29 19:58:12', NULL, 'No spicy please', NULL, '2025-09-29 20:44:12', '2025-11-26 08:02:55', '2025-11-26 08:02:58', 'delivery', NULL, NULL, 'unpaid', NULL, NULL, NULL, NULL, NULL, NULL, 0, NULL),
(241, 1, 29, 5, NULL, 'NKH-DT-20251031-2480-827', 'pending', 0, 'received', 'pending', '64.50', '6.45', '6.00', '64.95', '0.00', '0.00', 'USD', '2025-10-31 18:10:44', NULL, NULL, NULL, '2025-10-31 18:36:44', '2025-11-26 08:02:55', '2025-11-26 08:02:58', 'dine-in', NULL, NULL, 'unpaid', NULL, NULL, NULL, NULL, NULL, NULL, 0, NULL),
(242, 1, NULL, 3, NULL, 'NKH-DT-20251027-7144-950', 'pending', 0, 'ready', 'pending', '75.00', '7.50', '0.00', '82.50', '0.00', '0.00', 'USD', '2025-10-27 16:12:42', NULL, NULL, NULL, '2025-10-27 16:58:42', '2025-11-26 08:02:55', '2025-11-26 08:02:58', 'delivery', NULL, NULL, 'unpaid', NULL, NULL, NULL, NULL, NULL, NULL, 0, NULL),
(243, 1, NULL, 1, NULL, 'NKH-DT-20250902-0115-d93', 'pending', 0, 'completed', 'pending', '54.50', '5.45', '0.00', '59.95', '0.00', '0.00', 'USD', '2025-09-02 12:13:29', '2025-09-02 12:13:29', 'On the side', NULL, '2025-09-02 12:08:29', '2025-11-26 08:02:55', '2025-11-26 08:02:58', 'pickup', NULL, NULL, 'unpaid', NULL, NULL, NULL, NULL, NULL, NULL, 0, NULL),
(244, 1, NULL, 11, NULL, 'NKH-DT-20251029-6607-2e3', 'pending', 0, 'received', 'pending', '123.00', '12.30', '0.00', '135.30', '0.00', '0.00', 'USD', '2025-10-29 01:58:52', NULL, 'Extra vegetables', NULL, '2025-10-29 02:43:52', '2025-11-26 08:02:55', '2025-11-26 08:02:58', 'delivery', NULL, NULL, 'unpaid', NULL, NULL, NULL, NULL, NULL, NULL, 0, NULL),
(245, 1, NULL, 1, NULL, 'NKH-DT-20251028-8547-b87', 'pending', 0, 'preparing', 'pending', '7.00', '0.70', '0.00', '7.70', '0.00', '0.00', 'USD', '2025-10-28 03:36:24', NULL, 'Gluten free preparation', NULL, '2025-10-28 04:15:24', '2025-11-26 08:02:55', '2025-11-26 08:02:58', 'delivery', NULL, NULL, 'unpaid', NULL, NULL, NULL, NULL, NULL, NULL, 0, NULL),
(246, 1, NULL, 5, NULL, 'NKH-DT-20251110-4983-0e9', 'pending', 0, 'preparing', 'pending', '64.50', '6.45', '0.00', '70.95', '0.00', '0.00', 'USD', '2025-11-10 20:30:58', NULL, 'Well done', NULL, '2025-11-10 20:50:58', '2025-11-26 08:02:55', '2025-11-26 08:02:58', 'pickup', NULL, NULL, 'unpaid', NULL, NULL, NULL, NULL, NULL, NULL, 0, NULL),
(247, 1, NULL, 3, NULL, 'NKH-DT-20250917-7713-ef4', 'pending', 0, 'completed', 'pending', '86.50', '8.65', '0.00', '95.15', '0.00', '0.00', 'USD', '2025-09-17 21:15:27', '2025-09-17 21:15:27', 'Make it spicy', NULL, '2025-09-17 21:03:27', '2025-11-26 08:02:55', '2025-11-26 08:02:58', 'pickup', NULL, NULL, 'unpaid', NULL, NULL, NULL, NULL, NULL, NULL, 0, NULL),
(248, 1, NULL, 1, NULL, 'NKH-DT-20251109-8963-700', 'pending', 0, 'preparing', 'pending', '156.50', '15.65', '0.00', '172.15', '0.00', '0.00', 'USD', '2025-11-09 04:08:59', NULL, 'Make it spicy', NULL, '2025-11-09 04:38:59', '2025-11-26 08:02:55', '2025-11-26 08:02:58', 'pickup', NULL, NULL, 'unpaid', NULL, NULL, NULL, NULL, NULL, NULL, 0, NULL),
(249, 1, NULL, 9, NULL, 'NKH-DT-20250927-0509-5e3', 'pending', 0, 'pending', 'pending', '194.00', '19.40', '0.00', '213.40', '0.00', '0.00', 'USD', '2025-09-27 02:32:25', NULL, NULL, NULL, '2025-09-27 03:20:25', '2025-11-26 08:02:55', '2025-11-26 08:02:58', 'delivery', NULL, NULL, 'unpaid', NULL, NULL, NULL, NULL, NULL, NULL, 0, NULL),
(250, 1, NULL, 11, NULL, 'NKH-DT-20250917-5012-a5f', 'pending', 0, 'preparing', 'pending', '31.50', '3.15', '0.00', '34.65', '0.00', '0.00', 'USD', '2025-09-17 14:42:47', NULL, 'Extra vegetables', NULL, '2025-09-17 15:14:47', '2025-11-26 08:02:55', '2025-11-26 08:02:58', 'pickup', NULL, NULL, 'unpaid', NULL, NULL, NULL, NULL, NULL, NULL, 0, NULL),
(251, 1, NULL, 1, NULL, 'ONL-20251126-IYNWS', 'pending', 0, 'received', 'approved', '0.00', '3.40', '0.00', '37.40', '0.00', '0.00', 'USD', '2025-11-26 09:48:10', NULL, NULL, NULL, NULL, '2025-11-26 09:48:10', '2025-11-28 08:21:30', 'pickup', NULL, NULL, 'unpaid', NULL, '2025-11-26 10:00:00', NULL, NULL, '2025-11-28 08:21:30', NULL, 0, 1),
(252, 1, NULL, 1, NULL, 'ONL-20251126-ETQUI', 'pending', 0, 'received', 'approved', '0.00', '283.35', '0.00', '3116.85', '0.00', '0.00', 'USD', '2025-11-26 09:53:04', NULL, NULL, NULL, NULL, '2025-11-26 09:53:04', '2025-11-28 02:49:06', 'pickup', NULL, NULL, 'unpaid', NULL, '2025-11-26 11:00:00', NULL, NULL, '2025-11-28 02:49:06', NULL, 0, 2),
(253, 1, NULL, 1, NULL, 'ONL-20251126-2XGJQ', 'pending', 0, 'received', 'approved', '0.00', '0.85', '0.00', '9.35', '0.00', '0.00', 'USD', '2025-11-26 10:10:58', NULL, NULL, NULL, NULL, '2025-11-26 10:10:58', '2025-11-28 02:30:06', 'pickup', NULL, NULL, 'unpaid', NULL, '2025-11-26 11:00:00', NULL, NULL, '2025-11-28 02:30:06', NULL, 0, 2),
(254, 1, NULL, 1, NULL, 'ONL-20251126-CTP21', 'pending', 0, 'received', 'approved', '0.00', '2.10', '0.00', '23.10', '0.00', '0.00', 'USD', '2025-11-26 10:22:51', NULL, NULL, NULL, NULL, '2025-11-26 10:22:51', '2025-11-27 13:04:21', 'pickup', NULL, NULL, 'unpaid', NULL, '2025-11-26 17:00:00', NULL, NULL, '2025-11-27 13:04:21', NULL, 0, 8),
(255, 1, NULL, 1, NULL, 'ONL-20251127-PPGDN', 'pending', 0, 'received', 'approved', '0.00', '2.55', '0.00', '28.05', '0.00', '0.00', 'USD', '2025-11-27 00:29:31', NULL, NULL, NULL, NULL, '2025-11-27 00:29:31', '2025-11-27 13:04:15', 'pickup', NULL, NULL, 'unpaid', NULL, '2025-11-27 15:00:00', NULL, NULL, '2025-11-27 13:04:15', NULL, 0, 26),
(257, 1, NULL, 1, NULL, 'ONL-20251127-58DBF', 'pending', 0, 'received', 'approved', '29.50', '2.95', '0.00', '32.45', '0.00', '0.00', 'USD', '2025-11-27 12:10:19', NULL, NULL, NULL, NULL, '2025-11-27 12:10:19', '2025-11-27 13:04:26', 'pickup', NULL, NULL, 'unpaid', NULL, '2025-11-27 18:00:00', NULL, NULL, '2025-11-27 13:04:26', NULL, 0, 29),
(258, 1, NULL, 1, NULL, 'ONL-20251128-QFCEQ', 'pending', 0, 'ready', 'approved', '34.50', '3.45', '0.00', '37.95', '0.00', '0.00', 'USD', '2025-11-28 02:29:35', NULL, NULL, NULL, NULL, '2025-11-28 02:29:35', '2025-11-28 02:30:14', 'pickup', NULL, NULL, 'unpaid', NULL, '2025-11-28 14:00:00', NULL, NULL, '2025-11-28 02:30:01', NULL, 0, 45),
(259, 1, NULL, 1, NULL, 'ONL-20251128-5CVHS', 'pending', 0, 'received', 'approved', '12.00', '1.20', '0.00', '13.20', '0.00', '0.00', 'USD', '2025-11-28 10:09:50', NULL, NULL, NULL, NULL, '2025-11-28 10:09:50', '2025-11-28 10:44:06', 'pickup', NULL, NULL, 'unpaid', NULL, '2025-11-28 14:00:00', NULL, NULL, '2025-11-28 10:44:06', NULL, 0, 45);

INSERT INTO `payment_methods` (`id`, `name`, `code`, `type`, `processing_fee`, `description`, `display_order`, `is_active`, `created_at`, `updated_at`) VALUES
(1, 'Cash', 'CASH', 'cash', '0.00', 'Cash payment', 0, 1, '2025-11-26 08:02:54', '2025-11-26 08:02:54'),
(2, 'Credit Card', 'CREDIT', 'card', '2.50', 'Visa, MasterCard, American Express', 0, 1, '2025-11-26 08:02:54', '2025-11-26 08:02:54'),
(3, 'Debit Card', 'DEBIT', 'card', '1.50', 'Bank debit cards', 0, 1, '2025-11-26 08:02:54', '2025-11-26 08:02:54'),
(4, 'Mobile Payment', 'MOBILE', 'digital', '1.00', 'ABA Mobile, Wing, Pi Pay', 0, 1, '2025-11-26 08:02:54', '2025-11-26 08:02:54'),
(5, 'Bank Transfer', 'TRANSFER', 'transfer', '0.50', 'Direct bank transfer', 0, 1, '2025-11-26 08:02:54', '2025-11-26 08:02:54'),
(6, 'Gift Card', 'GIFT', 'voucher', '0.00', 'Restaurant gift cards', 0, 1, '2025-11-26 08:02:54', '2025-11-26 08:02:54');
INSERT INTO `payments` (`id`, `invoice_id`, `payment_method_id`, `amount`, `transaction_id`, `reference_number`, `status`, `processed_at`, `notes`, `created_at`, `updated_at`) VALUES
(1, 6, 5, '221.11', 'BANK-6926B433466F2', 'REF-20251126-8608-0TN', 'failed', '2025-11-10 13:14:07', 'Split payment', '2025-11-26 08:02:59', '2025-11-26 08:02:59'),
(2, 7, 1, '98.45', 'CASH-6926B433479B8', 'REF-20251126-0773-RK6', 'completed', '2025-11-12 01:12:12', 'Exact change', '2025-11-26 08:02:59', '2025-11-26 08:02:59'),
(3, 8, 1, '177.65', 'CASH-6926B43348E15', 'REF-20251126-0288-D9U', 'completed', '2025-11-14 19:19:05', 'Tips included', '2025-11-26 08:02:59', '2025-11-26 08:02:59'),
(4, 9, 5, '96.14', 'BANK-6926B43349E0C', 'REF-20251126-4615-37P', 'pending', '2025-09-18 15:06:01', 'Payment processed successfully', '2025-11-26 08:02:59', '2025-11-26 08:02:59'),
(5, 11, 6, '116.60', 'GIFT-6926B4334A69D', 'REF-20251126-8193-EA1', 'failed', '2025-08-28 20:26:29', 'Payment processed successfully', '2025-11-26 08:02:59', '2025-11-26 08:02:59'),
(6, 14, 5, '34.65', 'BANK-6926B4334B3C4', 'REF-20251126-2688-J3Y', 'completed', '2025-11-24 15:27:46', 'Automatic payment', '2025-11-26 08:02:59', '2025-11-26 08:02:59'),
(7, 15, 1, '138.05', 'CASH-6926B4334BE37', 'REF-20251126-7067-M0M', 'completed', '2025-11-05 09:59:51', 'Exact change', '2025-11-26 08:02:59', '2025-11-26 08:02:59'),
(8, 17, 2, '149.60', 'CARD-6926B4334C6F8', 'REF-20251126-4353-RZT', 'failed', '2025-10-16 04:38:53', 'Payment verification required', '2025-11-26 08:02:59', '2025-11-26 08:02:59'),
(9, 21, 1, '122.76', 'CASH-6926B4334D2D6', 'REF-20251126-6825-GA6', 'completed', '2025-09-05 14:09:59', NULL, '2025-11-26 08:02:59', '2025-11-26 08:02:59'),
(10, 23, 6, '6.05', 'GIFT-6926B4334DE60', 'REF-20251126-7873-TK4', 'completed', '2025-09-01 14:22:18', 'Corporate payment', '2025-11-26 08:02:59', '2025-11-26 08:02:59'),
(11, 25, 1, '73.70', 'CASH-6926B4334EE59', 'REF-20251126-3820-QJP', 'completed', '2025-08-28 15:33:44', NULL, '2025-11-26 08:02:59', '2025-11-26 08:02:59'),
(12, 26, 6, '89.10', 'GIFT-6926B4334FA89', 'REF-20251126-9789-DIH', 'completed', '2025-09-11 23:49:28', 'Refund processed', '2025-11-26 08:02:59', '2025-11-26 08:02:59'),
(13, 28, 3, '32.45', 'CARD-6926B4335094B', 'REF-20251126-8473-6HX', 'completed', '2025-10-05 21:32:59', 'Refund processed', '2025-11-26 08:02:59', '2025-11-26 08:02:59'),
(14, 29, 5, '72.60', 'BANK-6926B43351AA7', 'REF-20251126-3458-5GI', 'failed', '2025-11-02 04:03:50', 'Payment processed successfully', '2025-11-26 08:02:59', '2025-11-26 08:02:59'),
(15, 30, 4, '107.31', 'DIGI-6926B43352F4A', 'REF-20251126-4259-KX9', 'pending', '2025-10-31 08:48:09', 'Split payment', '2025-11-26 08:02:59', '2025-11-26 08:02:59'),
(16, 31, 1, '95.15', 'CASH-6926B43353DF4', 'REF-20251126-3688-IIW', 'completed', '2025-11-09 21:52:51', 'Tips included', '2025-11-26 08:02:59', '2025-11-26 08:02:59'),
(17, 32, 1, '51.15', 'CASH-6926B433554B7', 'REF-20251126-2515-HRR', 'failed', '2025-10-24 01:40:09', 'Tips included', '2025-11-26 08:02:59', '2025-11-26 08:02:59'),
(18, 33, 6, '83.60', 'GIFT-6926B4335677B', 'REF-20251126-0833-PPH', 'completed', '2025-11-22 04:00:15', 'Manual entry by cashier', '2025-11-26 08:02:59', '2025-11-26 08:02:59'),
(19, 34, 3, '49.50', 'CARD-6926B4335798F', 'REF-20251126-2803-N6U', 'pending', '2025-09-27 12:28:10', 'Payment verification required', '2025-11-26 08:02:59', '2025-11-26 08:02:59'),
(20, 36, 5, '110.78', 'BANK-6926B43358A4D', 'REF-20251126-9452-1BZ', 'completed', '2025-10-29 15:19:39', NULL, '2025-11-26 08:02:59', '2025-11-26 08:02:59'),
(21, 37, 3, '46.75', 'CARD-6926B43359A7C', 'REF-20251126-1480-WWT', 'completed', '2025-09-15 07:41:29', 'Payment processed successfully', '2025-11-26 08:02:59', '2025-11-26 08:02:59'),
(22, 39, 6, '64.35', 'GIFT-6926B4335A4E0', 'REF-20251126-7020-FNI', 'completed', '2025-09-19 10:33:01', 'Payment processed successfully', '2025-11-26 08:02:59', '2025-11-26 08:02:59'),
(23, 40, 5, '169.40', 'BANK-6926B4335B258', 'REF-20251126-9112-USU', 'completed', '2025-10-21 02:43:00', 'Split payment', '2025-11-26 08:02:59', '2025-11-26 08:02:59'),
(24, 41, 2, '80.30', 'CARD-6926B4335BAF9', 'REF-20251126-9952-1YD', 'pending', '2025-10-14 11:47:34', NULL, '2025-11-26 08:02:59', '2025-11-26 08:02:59'),
(25, 42, 5, '56.65', 'BANK-6926B4335C98E', 'REF-20251126-3098-MAK', 'completed', '2025-08-28 12:45:38', 'Manual entry by cashier', '2025-11-26 08:02:59', '2025-11-26 08:02:59'),
(26, 43, 5, '110.00', 'BANK-6926B4335D3AC', 'REF-20251126-5368-8UI', 'completed', '2025-10-12 19:36:31', 'Corporate payment', '2025-11-26 08:02:59', '2025-11-26 08:02:59'),
(27, 44, 4, '26.40', 'DIGI-6926B4335DEBD', 'REF-20251126-6390-KXC', 'completed', '2025-10-29 05:59:53', 'Automatic payment', '2025-11-26 08:02:59', '2025-11-26 08:02:59'),
(28, 48, 2, '52.25', 'CARD-6926B4335EA7D', 'REF-20251126-7091-1KJ', 'failed', '2025-10-16 22:09:45', 'Refund processed', '2025-11-26 08:02:59', '2025-11-26 08:02:59'),
(29, 49, 2, '153.45', 'CARD-6926B4335F6B9', 'REF-20251126-8596-57D', 'pending', '2025-10-11 10:04:37', 'Payment processed successfully', '2025-11-26 08:02:59', '2025-11-26 08:02:59'),
(30, 50, 4, '27.02', 'DIGI-6926B4336028E', 'REF-20251126-5898-5ZX', 'completed', '2025-09-03 13:52:12', 'Refund processed', '2025-11-26 08:02:59', '2025-11-26 08:02:59'),
(31, 53, 4, '77.55', 'DIGI-6926B433609C1', 'REF-20251126-1234-ZQ9', 'pending', '2025-09-04 03:22:33', 'Refund processed', '2025-11-26 08:02:59', '2025-11-26 08:02:59'),
(32, 54, 1, '50.91', 'CASH-6926B43361908', 'REF-20251126-3328-R1M', 'completed', '2025-10-29 20:09:44', 'Change given', '2025-11-26 08:02:59', '2025-11-26 08:02:59'),
(33, 57, 3, '58.30', 'CARD-6926B433623C6', 'REF-20251126-2816-RA2', 'pending', '2025-09-20 10:14:16', 'Manual entry by cashier', '2025-11-26 08:02:59', '2025-11-26 08:02:59'),
(34, 58, 6, '7.70', 'GIFT-6926B43362E98', 'REF-20251126-4632-TFQ', 'completed', '2025-09-10 21:31:22', NULL, '2025-11-26 08:02:59', '2025-11-26 08:02:59'),
(35, 59, 6, '75.35', 'GIFT-6926B43363B2A', 'REF-20251126-5626-VF9', 'completed', '2025-09-08 11:53:59', 'Refund processed', '2025-11-26 08:02:59', '2025-11-26 08:02:59'),
(36, 60, 1, '63.80', 'CASH-6926B433642A6', 'REF-20251126-1506-WOF', 'completed', '2025-10-04 02:50:32', 'Change given', '2025-11-26 08:02:59', '2025-11-26 08:02:59'),
(37, 61, 4, '58.85', 'DIGI-6926B43365070', 'REF-20251126-6913-LSI', 'completed', '2025-09-14 07:32:28', 'Gift card redemption', '2025-11-26 08:02:59', '2025-11-26 08:02:59'),
(38, 62, 2, '39.65', 'CARD-6926B433659D5', 'REF-20251126-4093-8XP', 'completed', '2025-10-18 14:15:40', 'Automatic payment', '2025-11-26 08:02:59', '2025-11-26 08:02:59'),
(39, 63, 6, '120.45', 'GIFT-6926B4336673C', 'REF-20251126-5505-WJQ', 'pending', '2025-10-28 06:56:51', 'Payment processed successfully', '2025-11-26 08:02:59', '2025-11-26 08:02:59'),
(40, 67, 2, '114.95', 'CARD-6926B4336759B', 'REF-20251126-2700-FHO', 'completed', '2025-10-26 09:27:53', 'Split payment', '2025-11-26 08:02:59', '2025-11-26 08:02:59'),
(41, 69, 2, '4.95', 'CARD-6926B43367D34', 'REF-20251126-5365-MDE', 'completed', '2025-09-27 17:25:18', 'Split payment', '2025-11-26 08:02:59', '2025-11-26 08:02:59'),
(42, 70, 1, '112.20', 'CASH-6926B433684A3', 'REF-20251126-9035-QRE', 'completed', '2025-10-25 22:43:48', 'Change given', '2025-11-26 08:02:59', '2025-11-26 08:02:59'),
(43, 71, 4, '64.35', 'DIGI-6926B433689E1', 'REF-20251126-8255-5IO', 'completed', '2025-10-20 16:41:12', 'Automatic payment', '2025-11-26 08:02:59', '2025-11-26 08:02:59'),
(44, 72, 1, '173.13', 'CASH-6926B43368F91', 'REF-20251126-2065-GOG', 'completed', '2025-09-15 03:24:20', 'Change given', '2025-11-26 08:02:59', '2025-11-26 08:02:59'),
(45, 73, 4, '64.15', 'DIGI-6926B433697C4', 'REF-20251126-8959-JQZ', 'completed', '2025-10-31 03:19:38', 'Corporate payment', '2025-11-26 08:02:59', '2025-11-26 08:02:59'),
(46, 74, 1, '89.65', 'CASH-6926B43369E3F', 'REF-20251126-5683-P3Z', 'completed', '2025-11-08 12:42:18', 'Change given', '2025-11-26 08:02:59', '2025-11-26 08:02:59'),
(47, 75, 4, '141.90', 'DIGI-6926B4336A468', 'REF-20251126-2037-R6H', 'completed', '2025-11-03 00:17:03', 'Payment processed successfully', '2025-11-26 08:02:59', '2025-11-26 08:02:59'),
(48, 81, 4, '131.45', 'DIGI-6926B4336AC8C', 'REF-20251126-1663-L71', 'completed', '2025-11-15 11:43:56', NULL, '2025-11-26 08:02:59', '2025-11-26 08:02:59'),
(49, 82, 5, '18.70', 'BANK-6926B4336B58B', 'REF-20251126-0130-OWP', 'failed', '2025-09-08 14:03:06', 'Corporate payment', '2025-11-26 08:02:59', '2025-11-26 08:02:59'),
(50, 83, 3, '20.90', 'CARD-6926B4336BCC4', 'REF-20251126-6882-SUB', 'pending', '2025-10-16 14:06:20', NULL, '2025-11-26 08:02:59', '2025-11-26 08:02:59'),
(51, 84, 2, '86.35', 'CARD-6926B4336C413', 'REF-20251126-9035-TA8', 'failed', '2025-11-18 07:05:12', NULL, '2025-11-26 08:02:59', '2025-11-26 08:02:59'),
(52, 86, 2, '103.95', 'CARD-6926B4336CC08', 'REF-20251126-3881-AYY', 'pending', '2025-10-10 04:53:30', 'Gift card redemption', '2025-11-26 08:02:59', '2025-11-26 08:02:59'),
(53, 89, 5, '161.15', 'BANK-6926B4336D39B', 'REF-20251126-8775-VBO', 'completed', '2025-11-12 18:21:51', 'Gift card redemption', '2025-11-26 08:02:59', '2025-11-26 08:02:59'),
(54, 90, 5, '39.60', 'BANK-6926B4336DDB7', 'REF-20251126-8618-J42', 'failed', '2025-10-20 03:06:45', 'Corporate payment', '2025-11-26 08:02:59', '2025-11-26 08:02:59'),
(55, 91, 5, '106.45', 'BANK-6926B4336E365', 'REF-20251126-1970-SQP', 'completed', '2025-11-15 19:44:12', NULL, '2025-11-26 08:02:59', '2025-11-26 08:02:59'),
(56, 95, 5, '101.20', 'BANK-6926B4336E856', 'REF-20251126-0565-WL1', 'completed', '2025-09-11 08:41:01', 'Manual entry by cashier', '2025-11-26 08:02:59', '2025-11-26 08:02:59'),
(57, 97, 1, '33.00', 'CASH-6926B4336EDA2', 'REF-20251126-9441-RYR', 'completed', '2025-09-08 16:12:23', 'Tips included', '2025-11-26 08:02:59', '2025-11-26 08:02:59'),
(58, 98, 3, '28.47', 'CARD-6926B4336F44D', 'REF-20251126-9307-ELC', 'pending', '2025-09-04 04:36:31', 'Split payment', '2025-11-26 08:02:59', '2025-11-26 08:02:59'),
(59, 99, 5, '82.50', 'BANK-6926B4336FBFC', 'REF-20251126-1003-ONO', 'completed', '2025-10-27 17:32:42', 'Payment processed successfully', '2025-11-26 08:02:59', '2025-11-26 08:02:59'),
(60, 100, 4, '59.95', 'DIGI-6926B433702AE', 'REF-20251126-4932-8O6', 'completed', '2025-09-02 12:39:29', 'Split payment', '2025-11-26 08:02:59', '2025-11-26 08:02:59');


INSERT INTO `permissions` (`id`, `name`, `slug`, `description`, `created_at`, `updated_at`) VALUES
(1, 'Manage Users', 'users.manage', NULL, '2025-11-26 08:02:42', '2025-11-26 08:02:42'),
(2, 'Manage Roles', 'roles.manage', NULL, '2025-11-26 08:02:42', '2025-11-26 08:02:42'),
(3, 'Manage Permissions', 'permissions.manage', NULL, '2025-11-26 08:02:42', '2025-11-26 08:02:42'),
(4, 'Manage Locations', 'locations.manage', NULL, '2025-11-26 08:02:42', '2025-11-26 08:02:42'),
(5, 'Manage Settings', 'settings.manage', NULL, '2025-11-26 08:02:42', '2025-11-26 08:02:42'),
(6, 'View Employees', 'employees.view', NULL, '2025-11-26 08:02:42', '2025-11-26 08:02:42'),
(7, 'Create Employees', 'employees.create', NULL, '2025-11-26 08:02:42', '2025-11-26 08:02:42'),
(8, 'Update Employees', 'employees.update', NULL, '2025-11-26 08:02:42', '2025-11-26 08:02:42'),
(9, 'Delete Employees', 'employees.delete', NULL, '2025-11-26 08:02:42', '2025-11-26 08:02:42'),
(10, 'View Menu Items', 'menu_items.view', NULL, '2025-11-26 08:02:42', '2025-11-26 08:02:42'),
(11, 'Create Menu Items', 'menu_items.create', NULL, '2025-11-26 08:02:42', '2025-11-26 08:02:42'),
(12, 'Update Menu Items', 'menu_items.update', NULL, '2025-11-26 08:02:42', '2025-11-26 08:02:42'),
(13, 'Delete Menu Items', 'menu_items.delete', NULL, '2025-11-26 08:02:42', '2025-11-26 08:02:42'),
(14, 'View Orders', 'orders.view', NULL, '2025-11-26 08:02:42', '2025-11-26 08:02:42'),
(15, 'Create Orders', 'orders.create', NULL, '2025-11-26 08:02:42', '2025-11-26 08:02:42'),
(16, 'Update Orders', 'orders.update', NULL, '2025-11-26 08:02:42', '2025-11-26 08:02:42'),
(17, 'Delete Orders', 'orders.delete', NULL, '2025-11-26 08:02:42', '2025-11-26 08:02:42'),
(18, 'View Inventory', 'inventory.view', NULL, '2025-11-26 08:02:42', '2025-11-26 08:02:42'),
(19, 'Update Inventory', 'inventory.update', NULL, '2025-11-26 08:02:42', '2025-11-26 08:02:42'),
(20, 'Process Payments', 'payments.process', NULL, '2025-11-26 08:02:42', '2025-11-26 08:02:42'),
(21, 'Process Refunds', 'refunds.process', NULL, '2025-11-26 08:02:42', '2025-11-26 08:02:42'),
(22, 'Manage Promotions', 'promotions.manage', NULL, '2025-11-26 08:02:42', '2025-11-26 08:02:42'),
(23, 'View Reports', 'reports.view', NULL, '2025-11-26 08:02:42', '2025-11-26 08:02:42');


INSERT INTO `promotions` (`id`, `location_id`, `code`, `name`, `description`, `type`, `value`, `min_order_amount`, `usage_limit`, `per_customer_limit`, `start_at`, `end_at`, `is_active`, `created_at`, `updated_at`) VALUES
(1, 1, 'NY2025', 'New Year 10% Off', 'Celebrate New Year with 10% off all orders.', 'percentage', '10.00', '0.00', 1000, 2, '2025-01-01 00:00:00', '2025-01-15 23:59:59', 1, '2025-11-26 08:03:01', '2025-11-26 08:03:01'),
(2, 1, 'LUNCH5', 'Lunch Fixed $5 Off', 'Get $5 off during lunch hours.', 'fixed', '5.00', '20.00', NULL, NULL, '2025-02-01 11:00:00', '2025-02-28 14:00:00', 1, '2025-11-26 08:03:01', '2025-11-26 08:03:01'),
(3, 1, 'HAPPYHOUR', 'Happy Hour Special', 'Evening happy hour promotion.', 'happy_hour', '0.00', NULL, NULL, NULL, '2025-03-01 17:00:00', '2025-03-31 19:00:00', 0, '2025-11-26 08:03:01', '2025-11-26 08:03:01');




INSERT INTO `reservations` (`id`, `code`, `location_id`, `customer_id`, `table_id`, `reservation_number`, `reserved_for`, `duration_minutes`, `guest_count`, `party_size`, `reservation_date`, `reservation_time`, `status`, `special_requests`, `notes`, `created_at`, `updated_at`) VALUES
(1, 'bd03f34aac72d617bfd1', 1, 2, 6, 'RES-NKH-DT-20251021-1673', '2025-11-26 08:03:00', 60, 2, 2, '2025-10-21', '12:00:00', 'cancelled', 'Window seat preferred', 'Regular customer', '2025-10-15 18:26:58', '2025-10-21 20:26:58'),
(2, 'c079dd9d6ec3c113307f', 1, 4, 4, 'RES-NKH-DT-20251120-5595', '2025-11-26 08:03:00', 60, 2, 4, '2025-11-20', '11:30:00', 'completed', 'Birthday celebration', 'VIP guest', '2025-11-18 11:54:59', '2025-11-20 12:54:59'),
(3, '5bf00e616b5d2e8ff0eb', 1, 9, 23, 'RES-NKH-DT-20251107-1787', '2025-11-26 08:03:00', 60, 2, 3, '2025-11-07', '13:00:00', 'completed', 'No allergens please', 'VIP guest', '2025-10-25 19:15:52', '2025-11-07 20:15:52'),
(4, 'ed7d6da153ee8e93ea52', 1, 4, 30, 'RES-NKH-DT-20251118-0230', '2025-11-26 08:03:00', 60, 2, 2, '2025-11-18', '12:30:00', 'no_show', 'High chair needed', 'First time visitor', '2025-11-08 16:15:13', '2025-11-18 22:15:13'),
(5, '84d29d214e8cc7ac3b4a', 1, 2, 32, 'RES-NKH-DT-20251006-9743', '2025-11-26 08:03:00', 60, 2, 2, '2025-10-06', '20:30:00', 'cancelled', NULL, 'Regular customer', '2025-09-25 15:13:01', '2025-10-06 18:13:01'),
(6, 'b34126cb314eb44a2fa5', 1, 1, 27, 'RES-NKH-DT-20251121-6731', '2025-11-26 08:03:00', 60, 2, 2, '2025-11-21', '11:30:00', 'cancelled', 'Private dining area', 'Dietary restrictions noted', '2025-11-11 01:43:14', '2025-11-21 05:43:14'),
(7, 'd78091d3990362527719', 1, 4, 24, 'RES-NKH-DT-20251102-6691', '2025-11-26 08:03:00', 60, 2, 2, '2025-11-02', '19:00:00', 'cancelled', 'Business meeting', 'Online booking', '2025-10-27 00:20:50', '2025-11-02 02:20:50'),
(8, '58d65ce934af21f1576c', 1, 6, 10, 'RES-NKH-DT-20251029-5609', '2025-11-26 08:03:00', 60, 2, 7, '2025-10-29', '13:30:00', 'completed', 'High chair needed', 'Dietary restrictions noted', '2025-10-16 09:03:52', '2025-10-29 14:03:52'),
(9, '3294add02e1b3f864d32', 1, 9, 7, 'RES-NKH-DT-20251027-0890', '2025-11-26 08:03:00', 60, 2, 2, '2025-10-27', '18:00:00', 'completed', 'Surprise dessert', 'Walk-in converted to reservation', '2025-10-13 15:16:58', '2025-10-27 21:16:58'),
(10, '5d4e0eee2bd5332bdabe', 1, 8, 12, 'RES-NKH-DT-20251119-9474', '2025-11-26 08:03:00', 60, 2, 3, '2025-11-19', '13:00:00', 'completed', NULL, NULL, '2025-11-06 05:12:00', '2025-11-19 11:12:00'),
(11, 'cf53697c588c1e74349c', 1, 6, 10, 'RES-NKH-DT-20251004-9997', '2025-11-26 08:03:00', 60, 2, 2, '2025-10-04', '13:00:00', 'completed', 'High chair needed', 'Walk-in converted to reservation', '2025-09-28 04:19:37', '2025-10-04 06:19:37'),
(12, '1f585818f52b0c4bb5a9', 1, 3, 32, 'RES-NKH-DT-20251107-2714', '2025-11-26 08:03:00', 60, 2, 2, '2025-11-07', '20:00:00', 'no_show', NULL, NULL, '2025-10-27 10:15:40', '2025-11-07 12:15:40'),
(13, '8bd0231a39b795dbd30f', 1, 9, 29, 'RES-NKH-DT-20251115-8224', '2025-11-26 08:03:00', 60, 2, 3, '2025-11-15', '18:00:00', 'completed', 'Early arrival possible', 'First time visitor', '2025-11-02 01:57:52', '2025-11-15 05:57:52'),
(14, '8831b418be20be0af59d', 1, 5, 10, 'RES-NKH-DT-20251023-1541', '2025-11-26 08:03:00', 60, 2, 4, '2025-10-23', '18:00:00', 'completed', 'High chair needed', 'First time visitor', '2025-10-12 09:51:59', '2025-10-23 13:51:59'),
(15, 'f6344861a3ac75dc2f9e', 1, 9, 36, 'RES-NKH-DT-20251002-0228', '2025-11-26 08:03:00', 60, 2, 3, '2025-10-02', '13:30:00', 'completed', 'Private dining area', NULL, '2025-09-30 09:42:29', '2025-10-02 13:42:29'),
(16, '1c6b12e72ee0c8b5a905', 1, 8, 34, 'RES-NKH-DT-20251119-2976', '2025-11-26 08:03:00', 60, 2, 3, '2025-11-19', '18:00:00', 'completed', 'Quiet table please', 'First time visitor', '2025-11-09 09:45:20', '2025-11-19 12:45:20'),
(17, '4ce9fbd7d98c118374ca', 1, 9, 33, 'RES-NKH-DT-20251021-1506', '2025-11-26 08:03:00', 60, 2, 2, '2025-10-21', '12:30:00', 'completed', 'Anniversary dinner', 'Confirmed by phone', '2025-10-17 11:24:49', '2025-10-21 14:24:49'),
(18, '46d7c2d3962c6c28669f', 1, 6, 31, 'RES-NKH-DT-20251016-8813', '2025-11-26 08:03:00', 60, 2, 6, '2025-10-16', '18:30:00', 'completed', NULL, 'Confirmed by phone', '2025-10-12 18:51:09', '2025-10-17 00:51:09'),
(19, 'bee32c91722fc6073732', 1, 8, 7, 'RES-NKH-DT-20250926-5818', '2025-11-26 08:03:00', 60, 2, 8, '2025-09-26', '13:30:00', 'completed', 'High chair needed', NULL, '2025-09-21 16:40:54', '2025-09-26 20:40:54'),
(20, '3c63413527fcf81a2136', 1, 11, 4, 'RES-NKH-DT-20251017-7323', '2025-11-26 08:03:00', 60, 2, 4, '2025-10-17', '13:30:00', 'no_show', 'Surprise dessert', NULL, '2025-10-09 20:51:34', '2025-10-17 21:51:34'),
(21, '16950abe9119d2255451', 1, 2, 30, 'RES-NKH-DT-20251029-3981', '2025-11-26 08:03:00', 60, 2, 6, '2025-10-29', '18:00:00', 'completed', 'Private dining area', 'Online booking', '2025-10-23 13:42:26', '2025-10-29 18:42:26'),
(22, '4cb5b937c07bd901c517', 1, 3, 20, 'RES-NKH-DT-20251102-7041', '2025-11-26 08:03:00', 60, 2, 4, '2025-11-02', '19:00:00', 'completed', NULL, NULL, '2025-10-27 07:19:22', '2025-11-02 11:19:22'),
(23, '05fe588fabcae27b7597', 1, 8, 27, 'RES-NKH-DT-20251111-0186', '2025-11-26 08:03:00', 60, 2, 2, '2025-11-11', '20:00:00', 'no_show', 'Vegetarian menu', 'First time visitor', '2025-11-03 14:49:19', '2025-11-11 15:49:19'),
(24, 'fc6deccf37b936c18b92', 1, 2, 28, 'RES-NKH-DT-20251115-9524', '2025-11-26 08:03:00', 60, 2, 2, '2025-11-15', '20:00:00', 'completed', NULL, 'Dietary restrictions noted', '2025-11-12 03:48:30', '2025-11-15 08:48:30'),
(25, '5356c09e52d9f035e5e9', 1, 3, 1, 'RES-NKH-DT-20251109-6679', '2025-11-26 08:03:00', 60, 2, 3, '2025-11-09', '20:30:00', 'completed', 'High chair needed', NULL, '2025-11-07 07:53:09', '2025-11-09 13:53:09'),
(26, '46d883a0b809dfdba661', 1, 1, 24, 'RES-NKH-DT-20251114-7396', '2025-11-26 08:03:00', 60, 2, 2, '2025-11-14', '20:00:00', 'no_show', NULL, 'First time visitor', '2025-11-03 10:24:40', '2025-11-14 14:24:40'),
(27, '3c1c5e645069a39729f6', 1, 8, 20, 'RES-NKH-DT-20250929-8429', '2025-11-26 08:03:00', 60, 2, 4, '2025-09-29', '18:30:00', 'completed', 'Surprise dessert', 'Corporate booking', '2025-09-20 03:27:33', '2025-09-29 04:27:33'),
(28, '422faf7c893fa1ea222c', 1, 4, 7, 'RES-NKH-DT-20251026-8699', '2025-11-26 08:03:00', 60, 2, 6, '2025-10-26', '18:30:00', 'completed', 'Anniversary dinner', NULL, '2025-10-12 02:25:45', '2025-10-26 05:25:45'),
(29, 'ed61b2e038b5c977b164', 1, 10, 33, 'RES-NKH-DT-20251111-1144', '2025-11-26 08:03:00', 60, 2, 2, '2025-11-11', '20:30:00', 'completed', 'Window seat preferred', 'Group reservation', '2025-11-01 21:05:34', '2025-11-12 03:05:34'),
(30, '24c4b613586b65b30b3f', 1, 7, 1, 'RES-NKH-DT-20251001-0857', '2025-11-26 08:03:00', 60, 2, 3, '2025-10-01', '20:30:00', 'completed', 'High chair needed', 'Confirmed by phone', '2025-09-22 11:07:01', '2025-10-01 15:07:01'),
(31, 'b56ebfcfccd821b42304', 1, 2, 24, 'RES-NKH-DT-20251007-5966', '2025-11-26 08:03:00', 60, 2, 2, '2025-10-07', '12:30:00', 'completed', NULL, 'Regular customer', '2025-09-27 17:11:55', '2025-10-07 23:11:55'),
(32, '55d91aa7613a20e13632', 1, 11, 36, 'RES-NKH-DT-20251111-5792', '2025-11-26 08:03:00', 60, 2, 4, '2025-11-11', '19:30:00', 'completed', 'Quiet table please', 'First time visitor', '2025-11-06 07:02:48', '2025-11-11 09:02:48'),
(33, 'cad9f88db5bc653e42fc', 1, 1, 3, 'RES-NKH-DT-20251011-4061', '2025-11-26 08:03:00', 60, 2, 2, '2025-10-11', '19:30:00', 'cancelled', 'Surprise dessert', 'VIP guest', '2025-10-07 02:12:01', '2025-10-11 04:12:01'),
(34, '1633e844491ff53816f3', 1, 5, 30, 'RES-NKH-DT-20251021-2850', '2025-11-26 08:03:00', 60, 2, 2, '2025-10-21', '13:30:00', 'completed', 'Wheelchair accessible table', 'Corporate booking', '2025-10-08 09:12:57', '2025-10-21 10:12:57'),
(35, 'd41bd01418727843bfed', 1, 4, 34, 'RES-NKH-DT-20251009-5294', '2025-11-26 08:03:00', 60, 2, 4, '2025-10-09', '13:30:00', 'no_show', NULL, NULL, '2025-09-26 18:40:13', '2025-10-09 21:40:13'),
(36, '98a4c71366b1a9bb310c', 1, 1, 27, 'RES-NKH-DT-20251005-9637', '2025-11-26 08:03:00', 60, 2, 2, '2025-10-05', '12:00:00', 'completed', 'No allergens please', 'Confirmed by phone', '2025-10-03 23:03:36', '2025-10-06 02:03:36'),
(37, '4d6c5df64d696ffcac9e', 1, 3, 29, 'RES-NKH-DT-20251116-4901', '2025-11-26 08:03:00', 60, 2, 3, '2025-11-16', '20:30:00', 'completed', 'Business meeting', 'Special occasion', '2025-11-13 12:04:55', '2025-11-16 15:04:55'),
(38, 'd128fac7174e7793e345', 1, 5, 18, 'RES-NKH-DT-20251024-9831', '2025-11-26 08:03:00', 60, 2, 2, '2025-10-24', '20:00:00', 'completed', 'Vegetarian menu', 'Confirmed by phone', '2025-10-10 17:17:40', '2025-10-24 18:17:40'),
(39, 'aed35ba3b4124261a653', 1, 2, 19, 'RES-NKH-DT-20251110-0233', '2025-11-26 08:03:00', 60, 2, 2, '2025-11-10', '12:00:00', 'cancelled', 'Private dining area', 'Online booking', '2025-11-06 12:58:21', '2025-11-10 16:58:21'),
(40, '25ceca77d55a1dd56ba1', 1, 8, 34, 'RES-NKH-DT-20251020-0232', '2025-11-26 08:03:00', 60, 2, 6, '2025-10-20', '19:30:00', 'cancelled', 'Early arrival possible', 'VIP guest', '2025-10-09 19:29:30', '2025-10-20 23:29:30'),
(41, 'f7ebcc21e99caa09410d', 1, 1, 25, 'RES-NKH-DT-20251023-1058', '2025-11-26 08:03:00', 60, 2, 2, '2025-10-23', '18:30:00', 'completed', NULL, 'Corporate booking', '2025-10-22 03:41:21', '2025-10-23 04:41:21'),
(42, 'c004c71e80bea0bb9b22', 1, 5, 34, 'RES-NKH-DT-20251008-7732', '2025-11-26 08:03:00', 60, 2, 8, '2025-10-08', '19:30:00', 'completed', NULL, NULL, '2025-10-01 05:17:02', '2025-10-08 09:17:02'),
(43, '44a0863a3aca7a1da94f', 1, 11, 14, 'RES-NKH-DT-20251113-9469', '2025-11-26 08:03:00', 60, 2, 3, '2025-11-13', '20:30:00', 'no_show', NULL, NULL, '2025-11-11 00:24:24', '2025-11-13 06:24:24'),
(44, 'f18f2bdc4da936fd3ac0', 1, 7, 3, 'RES-NKH-DT-20251010-6754', '2025-11-26 08:03:00', 60, 2, 4, '2025-10-10', '18:00:00', 'completed', NULL, 'Walk-in converted to reservation', '2025-10-06 02:02:51', '2025-10-10 03:02:51'),
(45, 'cb0c249627ada2747ea2', 1, 2, 26, 'RES-NKH-DT-20251108-5327', '2025-11-26 08:03:00', 60, 2, 5, '2025-11-08', '18:00:00', 'completed', 'Wheelchair accessible table', 'VIP guest', '2025-10-30 23:41:51', '2025-11-09 04:41:51'),
(46, 'c778de0cde8be322b209', 1, 3, 21, 'RES-NKH-DT-20251006-3621', '2025-11-26 08:03:00', 60, 2, 3, '2025-10-06', '11:30:00', 'no_show', 'Birthday celebration', 'Special occasion', '2025-09-30 05:33:26', '2025-10-06 07:33:26'),
(47, '9a98d99c9857d0f2aebd', 1, 11, 35, 'RES-NKH-DT-20251016-4030', '2025-11-26 08:03:00', 60, 2, 2, '2025-10-16', '13:00:00', 'cancelled', 'Wheelchair accessible table', 'Special occasion', '2025-10-07 00:23:03', '2025-10-16 03:23:03'),
(48, 'fd1892f2884da5eed8e4', 1, 2, 23, 'RES-NKH-DT-20251022-1290', '2025-11-26 08:03:00', 60, 2, 3, '2025-10-22', '11:30:00', 'completed', 'Anniversary dinner', 'Regular customer', '2025-10-10 11:17:00', '2025-10-22 14:17:00'),
(49, '4effa8cb9ca0994739b2', 1, 9, 5, 'RES-NKH-DT-20251113-8744', '2025-11-26 08:03:00', 60, 2, 2, '2025-11-13', '13:30:00', 'completed', 'Window seat preferred', 'Confirmed by phone', '2025-11-03 11:54:46', '2025-11-13 14:54:46'),
(50, '79b386eaeb28d566ba6b', 1, 8, 12, 'RES-NKH-DT-20251014-1090', '2025-11-26 08:03:00', 60, 2, 3, '2025-10-14', '19:00:00', 'cancelled', NULL, 'First time visitor', '2025-10-13 11:39:04', '2025-10-14 17:39:04'),
(51, '5ac1ec2966302fe41805', 1, 9, 2, 'RES-NKH-DT-20251124-9283', '2025-11-26 08:03:00', 60, 2, 2, '2025-11-24', '19:00:00', 'cancelled', 'Window seat preferred', NULL, '2025-11-13 16:01:05', '2025-11-24 22:01:05'),
(52, '7cdcfd0a002b56fba345', 1, 6, 24, 'RES-NKH-DT-20251011-7336', '2025-11-26 08:03:00', 60, 2, 2, '2025-10-11', '18:30:00', 'no_show', 'High chair needed', 'Walk-in converted to reservation', '2025-10-07 18:55:37', '2025-10-11 19:55:37'),
(53, 'fee85ff8cf8a4f7bfec9', 1, 7, 24, 'RES-NKH-DT-20251112-9474', '2025-11-26 08:03:00', 60, 2, 2, '2025-11-12', '19:30:00', 'completed', 'Quiet table please', NULL, '2025-11-02 05:27:43', '2025-11-12 06:27:43'),
(54, '7ce975ba033a1e63ec26', 1, 7, 1, 'RES-NKH-DT-20251029-8881', '2025-11-26 08:03:00', 60, 2, 4, '2025-10-29', '20:00:00', 'completed', NULL, 'Online booking', '2025-10-28 16:45:56', '2025-10-29 17:45:56'),
(55, '9f2ec4bdadb436219b1b', 1, 2, 28, 'RES-NKH-DT-20251010-8249', '2025-11-26 08:03:00', 60, 2, 2, '2025-10-10', '13:30:00', 'completed', NULL, NULL, '2025-10-06 13:10:24', '2025-10-10 15:10:24'),
(56, '193d9e32d41138bff133', 1, 8, 34, 'RES-NKH-DT-20251010-1150', '2025-11-26 08:03:00', 60, 2, 7, '2025-10-10', '11:30:00', 'completed', 'Business meeting', NULL, '2025-10-02 18:56:09', '2025-10-10 20:56:09'),
(57, '56d40f972b78c942bc1f', 1, 1, 29, 'RES-NKH-DT-20251007-8169', '2025-11-26 08:03:00', 60, 2, 4, '2025-10-07', '13:00:00', 'completed', 'Early arrival possible', NULL, '2025-09-23 12:42:37', '2025-10-07 18:42:37'),
(58, 'f7440ee70b58dacff55e', 1, 1, 25, 'RES-NKH-DT-20251020-6710', '2025-11-26 08:03:00', 60, 2, 2, '2025-10-20', '13:30:00', 'completed', 'Vegetarian menu', 'Group reservation', '2025-10-13 11:28:39', '2025-10-20 15:28:39'),
(59, 'a438dfa2ea32dafd0b20', 1, 3, 29, 'RES-NKH-DT-20251106-4080', '2025-11-26 08:03:00', 60, 2, 6, '2025-11-06', '19:30:00', 'completed', 'Vegetarian menu', NULL, '2025-10-25 14:04:27', '2025-11-06 19:04:27'),
(60, 'e30bc061004863877c8e', 1, 4, 29, 'RES-NKH-DT-20251031-5222', '2025-11-26 08:03:00', 60, 2, 6, '2025-10-31', '18:30:00', 'no_show', 'Birthday celebration', 'Dietary restrictions noted', '2025-10-19 23:27:15', '2025-11-01 04:27:15'),
(61, '24c42e8e5fb433a1a78a', 1, 10, 7, 'RES-NKH-DT-20251022-3739', '2025-11-26 08:03:00', 60, 2, 2, '2025-10-22', '18:00:00', 'completed', 'Vegetarian menu', NULL, '2025-10-19 19:15:47', '2025-10-22 23:15:47'),
(62, '5e09ed7200a1f3406385', 1, 10, 20, 'RES-NKH-DT-20251023-6792', '2025-11-26 08:03:00', 60, 2, 2, '2025-10-23', '19:00:00', 'completed', 'Birthday celebration', 'Dietary restrictions noted', '2025-10-21 11:55:49', '2025-10-23 14:55:49'),
(63, '7aeb696603bf61bbcd98', 1, 3, 7, 'RES-NKH-DT-20251013-4782', '2025-11-26 08:03:00', 60, 2, 8, '2025-10-13', '19:00:00', 'cancelled', NULL, NULL, '2025-10-12 00:34:49', '2025-10-13 06:34:49'),
(64, '09084da1b6ff76238c3b', 1, 11, 36, 'RES-NKH-DT-20251118-2070', '2025-11-26 08:03:00', 60, 2, 4, '2025-11-18', '19:30:00', 'completed', 'High chair needed', 'Confirmed by phone', '2025-11-06 04:10:49', '2025-11-18 05:10:49'),
(65, '20030ccb35a9efbb7700', 1, 11, 21, 'RES-NKH-DT-20251115-3874', '2025-11-26 08:03:00', 60, 2, 7, '2025-11-15', '19:30:00', 'completed', NULL, 'VIP guest', '2025-11-13 00:00:35', '2025-11-15 01:00:35'),
(66, '0f1f1a3e4433827dae13', 1, 7, 26, 'RES-NKH-DT-20251018-5242', '2025-11-26 08:03:00', 60, 2, 4, '2025-10-18', '12:30:00', 'cancelled', 'Business meeting', NULL, '2025-10-08 07:29:35', '2025-10-18 13:29:35'),
(67, '45c9622a2a5d7afff958', 1, 1, 15, 'RES-NKH-DT-20251101-9552', '2025-11-26 08:03:00', 60, 2, 2, '2025-11-01', '12:00:00', 'cancelled', NULL, 'Regular customer', '2025-10-26 02:45:14', '2025-11-01 07:45:14'),
(68, '49dfef9e2dc478809a68', 1, 2, 35, 'RES-NKH-DT-20251115-0126', '2025-11-26 08:03:00', 60, 2, 2, '2025-11-15', '18:30:00', 'completed', 'Surprise dessert', NULL, '2025-11-05 07:12:16', '2025-11-15 13:12:16'),
(69, '5fbad9950d737b920a6e', 1, 6, 24, 'RES-NKH-DT-20251124-5111', '2025-11-26 08:03:00', 60, 2, 2, '2025-11-24', '11:30:00', 'cancelled', 'Window seat preferred', 'Special occasion', '2025-11-20 08:06:43', '2025-11-24 11:06:43'),
(70, '768c99a00f698a56d1d3', 1, 5, 23, 'RES-NKH-DT-20251124-7135', '2025-11-26 08:03:00', 60, 2, 4, '2025-11-24', '13:30:00', 'no_show', 'High chair needed', 'Special occasion', '2025-11-22 11:51:58', '2025-11-24 13:51:58'),
(71, '30904994d2f962654f03', 1, 4, 4, 'RES-NKH-DT-20250930-9955', '2025-11-26 08:03:00', 60, 2, 4, '2025-09-30', '12:30:00', 'cancelled', NULL, 'Group reservation', '2025-09-28 01:40:50', '2025-09-30 03:40:50'),
(72, '51ddbeb8c648f174ddb5', 1, 9, 6, 'RES-NKH-DT-20251122-3479', '2025-11-26 08:03:00', 60, 2, 6, '2025-11-22', '12:00:00', 'completed', NULL, NULL, '2025-11-16 20:50:24', '2025-11-23 01:50:24'),
(73, '668bcdf11a514569518c', 1, 9, 23, 'RES-NKH-DT-20251008-7785', '2025-11-26 08:03:00', 60, 2, 3, '2025-10-08', '13:00:00', 'completed', 'Wheelchair accessible table', 'Corporate booking', '2025-09-24 15:53:26', '2025-10-08 16:53:26'),
(74, '4c4797ea35adb4916b32', 1, 2, 5, 'RES-NKH-DT-20251101-1571', '2025-11-26 08:03:00', 60, 2, 2, '2025-11-01', '18:30:00', 'completed', 'Business meeting', 'VIP guest', '2025-10-22 22:13:48', '2025-11-02 00:13:48'),
(75, '2e3797486d434ef4a586', 1, 7, 2, 'RES-NKH-DT-20251002-5565', '2025-11-26 08:03:00', 60, 2, 2, '2025-10-02', '20:00:00', 'no_show', 'High chair needed', 'Group reservation', '2025-09-24 11:46:32', '2025-10-02 12:46:32'),
(76, '0eb5a8ee40011eab1cd2', 1, 4, 34, 'RES-NKH-DT-20251106-4027', '2025-11-26 08:03:00', 60, 2, 3, '2025-11-06', '12:30:00', 'completed', 'Anniversary dinner', NULL, '2025-10-25 22:33:00', '2025-11-07 03:33:00'),
(77, '2716e23c4b3145581f8c', 1, 8, 21, 'RES-NKH-DT-20251030-7224', '2025-11-26 08:03:00', 60, 2, 7, '2025-10-30', '11:30:00', 'completed', 'Birthday celebration', 'First time visitor', '2025-10-24 20:01:04', '2025-10-30 23:01:04'),
(78, '050968fd2edd5b3fde2f', 1, 9, 19, 'RES-NKH-DT-20251023-4818', '2025-11-26 08:03:00', 60, 2, 2, '2025-10-23', '12:30:00', 'no_show', NULL, 'Special occasion', '2025-10-15 09:59:58', '2025-10-23 13:59:58'),
(79, '7bc077da40c23b426643', 1, 4, 25, 'RES-NKH-DT-20251022-0098', '2025-11-26 08:03:00', 60, 2, 2, '2025-10-22', '13:00:00', 'completed', 'Quiet table please', 'Corporate booking', '2025-10-14 03:44:34', '2025-10-22 06:44:34'),
(80, '5c048a9fcf0888d5595d', 1, 8, 5, 'RES-NKH-DT-20251106-3689', '2025-11-26 08:03:00', 60, 2, 2, '2025-11-06', '12:30:00', 'completed', 'Quiet table please', 'Special occasion', '2025-10-29 16:21:44', '2025-11-06 17:21:44'),
(81, '64d5df6be2b27a7240a5', 1, 6, 2, 'RES-NKH-DT-20251230-1632', '2025-11-26 08:03:00', 60, 2, 2, '2025-12-30', '12:00:00', 'confirmed', NULL, 'Confirmed by phone', '2025-11-21 08:03:00', '2025-11-24 08:03:00'),
(82, 'f00829515fbcf10a2ccb', 1, 3, 36, 'RES-NKH-DT-20251211-9095', '2025-11-26 08:03:00', 60, 2, 6, '2025-12-11', '12:00:00', 'pending', 'No allergens please', 'VIP guest', '2025-11-20 08:03:00', '2025-11-26 08:03:00'),
(83, '28b75d1eede7d6df2395', 1, 2, 6, 'RES-NKH-DT-20251220-4445', '2025-11-26 08:03:00', 60, 2, 4, '2025-12-20', '11:30:00', 'confirmed', NULL, 'Walk-in converted to reservation', '2025-11-26 08:03:00', '2025-11-23 08:03:00'),
(84, '2a35ecd57a326cdceb68', 1, 11, 31, 'RES-NKH-DT-20260108-2912', '2025-11-26 08:03:00', 60, 2, 3, '2026-01-08', '13:30:00', 'confirmed', 'High chair needed', 'Dietary restrictions noted', '2025-11-23 08:03:00', '2025-11-26 08:03:00'),
(85, 'b0b4edc413188553e18d', 1, 10, 18, 'RES-NKH-DT-20251222-7772', '2025-11-26 08:03:00', 60, 2, 2, '2025-12-22', '20:30:00', 'confirmed', 'Private dining area', 'Special occasion', '2025-11-21 08:03:00', '2025-11-23 08:03:00'),
(86, '07900a2969d09b708a43', 1, 1, 26, 'RES-NKH-DT-20251129-8204', '2025-11-26 08:03:00', 60, 2, 3, '2025-11-29', '18:30:00', 'confirmed', NULL, 'VIP guest', '2025-11-26 08:03:00', '2025-11-24 08:03:00'),
(87, '20fc72999f0de7433f6c', 1, 7, 32, 'RES-NKH-DT-20260110-4502', '2025-11-26 08:03:00', 60, 2, 2, '2026-01-10', '12:00:00', 'pending', 'Anniversary dinner', 'Regular customer', '2025-11-20 08:03:00', '2025-11-25 08:03:00'),
(88, '27867b07fad2f28eca66', 1, 1, 20, 'RES-NKH-DT-20251230-4924', '2025-11-26 08:03:00', 60, 2, 3, '2025-12-30', '11:30:00', 'confirmed', NULL, 'Confirmed by phone', '2025-11-19 08:03:00', '2025-11-23 08:03:00'),
(89, '866b82857a625d5ccc88', 1, 9, 30, 'RES-NKH-DT-20251218-8249', '2025-11-26 08:03:00', 60, 2, 2, '2025-12-18', '12:00:00', 'confirmed', 'Early arrival possible', 'Special occasion', '2025-11-20 08:03:00', '2025-11-25 08:03:00'),
(90, 'ebd80a2f5ae1f675cd7b', 1, 10, 29, 'RES-NKH-DT-20251220-4835', '2025-11-26 08:03:00', 60, 2, 4, '2025-12-20', '18:00:00', 'confirmed', 'Anniversary dinner', NULL, '2025-11-20 08:03:00', '2025-11-26 08:03:00'),
(91, 'b0ccd2ef606a46a0ebca', 1, 8, 25, 'RES-NKH-DT-20251223-0807', '2025-11-26 08:03:00', 60, 2, 2, '2025-12-23', '20:00:00', 'confirmed', 'Birthday celebration', 'Online booking', '2025-11-19 08:03:00', '2025-11-25 08:03:00'),
(92, 'bb27ffe2b8c8390b9e7f', 1, 9, 3, 'RES-NKH-DT-20251213-8098', '2025-11-26 08:03:00', 60, 2, 4, '2025-12-13', '13:30:00', 'confirmed', 'High chair needed', 'Walk-in converted to reservation', '2025-11-22 08:03:00', '2025-11-26 08:03:00'),
(93, '52dabfa583cdb5684813', 1, 7, 13, 'RES-NKH-DT-20260115-5486', '2025-11-26 08:03:00', 60, 2, 3, '2026-01-15', '13:30:00', 'cancelled', NULL, NULL, '2025-11-23 08:03:00', '2025-11-25 08:03:00'),
(94, '734123735b1343538d27', 1, 5, 16, 'RES-NKH-DT-20251231-6790', '2025-11-26 08:03:00', 60, 2, 4, '2025-12-31', '20:30:00', 'confirmed', NULL, 'Regular customer', '2025-11-21 08:03:00', '2025-11-24 08:03:00'),
(95, '7256ca70ad3b4cdde814', 1, 9, 32, 'RES-NKH-DT-20251215-2865', '2025-11-26 08:03:00', 60, 2, 2, '2025-12-15', '20:30:00', 'pending', NULL, 'First time visitor', '2025-11-20 08:03:00', '2025-11-26 08:03:00'),
(96, '8cf4ba5761508e97da2d', 1, 5, 31, 'RES-NKH-DT-20251222-8968', '2025-11-26 08:03:00', 60, 2, 5, '2025-12-22', '20:00:00', 'confirmed', 'Vegetarian menu', 'First time visitor', '2025-11-24 08:03:00', '2025-11-25 08:03:00'),
(97, '2608f3397394b4f4624f', 1, 8, 22, 'RES-NKH-DT-20260114-5703', '2025-11-26 08:03:00', 60, 2, 6, '2026-01-14', '18:00:00', 'confirmed', 'Early arrival possible', NULL, '2025-11-24 08:03:00', '2025-11-25 08:03:00'),
(98, '57c86176c21a5efb99ae', 1, 10, 27, 'RES-NKH-DT-20251218-9650', '2025-11-26 08:03:00', 60, 2, 2, '2025-12-18', '19:30:00', 'confirmed', NULL, 'Dietary restrictions noted', '2025-11-19 08:03:00', '2025-11-26 08:03:00'),
(99, '111e4c16695f1ab9d53f', 1, 3, 25, 'RES-NKH-DT-20260105-5680', '2025-11-26 08:03:00', 60, 2, 2, '2026-01-05', '18:30:00', 'pending', 'High chair needed', 'Confirmed by phone', '2025-11-20 08:03:00', '2025-11-26 08:03:00'),
(100, '08d768dc4cab8e7fa1e8', 1, 6, 26, 'RES-NKH-DT-20251219-4787', '2025-11-26 08:03:00', 60, 2, 7, '2025-12-19', '13:30:00', 'pending', 'Early arrival possible', 'Walk-in converted to reservation', '2025-11-24 08:03:00', '2025-11-24 08:03:00'),
(101, 'd83afb5ecce9e726537e', 1, 8, 12, 'RES-NKH-DT-20251207-0210', '2025-11-26 08:03:00', 60, 2, 8, '2025-12-07', '19:00:00', 'confirmed', 'Birthday celebration', 'Corporate booking', '2025-11-26 08:03:00', '2025-11-24 08:03:00'),
(102, 'a1b7ab6192bc334b49a6', 1, 6, 18, 'RES-NKH-DT-20251221-3239', '2025-11-26 08:03:00', 60, 2, 2, '2025-12-21', '12:30:00', 'pending', NULL, 'VIP guest', '2025-11-26 08:03:00', '2025-11-26 08:03:00'),
(103, '0e2c6d383af673324ce5', 1, 3, 32, 'RES-NKH-DT-20251225-1779', '2025-11-26 08:03:00', 60, 2, 2, '2025-12-25', '18:00:00', 'confirmed', 'Vegetarian menu', 'Special occasion', '2025-11-23 08:03:00', '2025-11-25 08:03:00'),
(104, '2f37b66a099e768f25ed', 1, 5, 11, 'RES-NKH-DT-20251219-2763', '2025-11-26 08:03:00', 60, 2, 2, '2025-12-19', '13:30:00', 'cancelled', NULL, 'Online booking', '2025-11-23 08:03:00', '2025-11-26 08:03:00'),
(105, '419d9f247a6d4bd1dec0', 1, 4, 25, 'RES-NKH-DT-20251211-1048', '2025-11-26 08:03:00', 60, 2, 2, '2025-12-11', '19:00:00', 'confirmed', 'Birthday celebration', 'Dietary restrictions noted', '2025-11-19 08:03:00', '2025-11-25 08:03:00'),
(106, '9d023e0bd491b1d497c4', 1, 10, 11, 'RES-NKH-DT-20251130-3306', '2025-11-26 08:03:00', 60, 2, 2, '2025-11-30', '19:00:00', 'confirmed', NULL, 'Dietary restrictions noted', '2025-11-26 08:03:00', '2025-11-24 08:03:00'),
(107, 'bfd7c5a3bddd0fea30a7', 1, 8, 7, 'RES-NKH-DT-20251211-6934', '2025-11-26 08:03:00', 60, 2, 2, '2025-12-11', '13:30:00', 'cancelled', 'Private dining area', 'Regular customer', '2025-11-23 08:03:00', '2025-11-26 08:03:00'),
(108, 'b07278a2359910eadbbe', 1, 1, 5, 'RES-NKH-DT-20260124-3175', '2025-11-26 08:03:00', 60, 2, 2, '2026-01-24', '20:30:00', 'confirmed', 'Window seat preferred', NULL, '2025-11-21 08:03:00', '2025-11-24 08:03:00'),
(109, '310d276be4d66dfff1bc', 1, 2, 30, 'RES-NKH-DT-20251217-2914', '2025-11-26 08:03:00', 60, 2, 6, '2025-12-17', '13:30:00', 'confirmed', 'Vegetarian menu', NULL, '2025-11-22 08:03:00', '2025-11-24 08:03:00'),
(110, 'cc324d938e54e1c1436c', 1, 8, 29, 'RES-NKH-DT-20251215-9127', '2025-11-26 08:03:00', 60, 2, 6, '2025-12-15', '18:30:00', 'confirmed', 'Vegetarian menu', NULL, '2025-11-23 08:03:00', '2025-11-26 08:03:00'),
(111, 'c22f09b7cc0e0f612138', 1, 11, 9, 'RES-NKH-DT-20251225-8992', '2025-11-26 08:03:00', 60, 2, 2, '2025-12-25', '20:30:00', 'confirmed', 'Early arrival possible', 'Confirmed by phone', '2025-11-20 08:03:00', '2025-11-24 08:03:00'),
(112, '84a28ee4545416c99f52', 1, 1, 32, 'RES-NKH-DT-20251216-4074', '2025-11-26 08:03:00', 60, 2, 2, '2025-12-16', '12:00:00', 'pending', NULL, NULL, '2025-11-21 08:03:00', '2025-11-26 08:03:00'),
(113, '7850799fe55799b28804', 1, 6, 22, 'RES-NKH-DT-20260102-0850', '2025-11-26 08:03:00', 60, 2, 4, '2026-01-02', '18:00:00', 'confirmed', 'No allergens please', NULL, '2025-11-26 08:03:00', '2025-11-23 08:03:00'),
(114, 'de3aaa38baaed722873c', 1, 5, 16, 'RES-NKH-DT-20260107-9577', '2025-11-26 08:03:00', 60, 2, 4, '2026-01-07', '19:00:00', 'pending', NULL, NULL, '2025-11-19 08:03:00', '2025-11-26 08:03:00'),
(115, '690a66050f779001d0ab', 1, 9, 10, 'RES-NKH-DT-20251217-5739', '2025-11-26 08:03:00', 60, 2, 4, '2025-12-17', '19:30:00', 'confirmed', 'Window seat preferred', 'First time visitor', '2025-11-22 08:03:00', '2025-11-24 08:03:00'),
(116, '00749a01af321b71454f', 1, 9, 12, 'RES-NKH-DT-20251221-3349', '2025-11-26 08:03:00', 60, 2, 5, '2025-12-21', '12:00:00', 'cancelled', 'No allergens please', 'Regular customer', '2025-11-21 08:03:00', '2025-11-25 08:03:00'),
(117, '62fa4587ba6f8d026ab7', 1, 6, 36, 'RES-NKH-DT-20251203-8189', '2025-11-26 08:03:00', 60, 2, 7, '2025-12-03', '20:30:00', 'confirmed', 'Surprise dessert', NULL, '2025-11-20 08:03:00', '2025-11-23 08:03:00'),
(118, 'd5c2889b95c012528f13', 1, 6, 11, 'RES-NKH-DT-20251130-0397', '2025-11-26 08:03:00', 60, 2, 2, '2025-11-30', '13:00:00', 'confirmed', 'Wheelchair accessible table', 'Dietary restrictions noted', '2025-11-22 08:03:00', '2025-11-23 08:03:00'),
(119, '405cbbb40f932db52d0b', 1, 11, 18, 'RES-NKH-DT-20260119-6402', '2025-11-26 08:03:00', 60, 2, 2, '2026-01-19', '20:00:00', 'pending', NULL, 'First time visitor', '2025-11-22 08:03:00', '2025-11-23 08:03:00'),
(120, 'ce041f18c2ceede8ba7e', 1, 3, 26, 'RES-NKH-DT-20251202-4850', '2025-11-26 08:03:00', 60, 2, 5, '2025-12-02', '19:30:00', 'confirmed', NULL, NULL, '2025-11-24 08:03:00', '2025-11-24 08:03:00'),
(121, 'fcbdd0971ec45b75153f', 1, 11, 23, 'RES-NKH-DT-20260103-1647', '2025-11-26 08:03:00', 60, 2, 2, '2026-01-03', '19:30:00', 'confirmed', NULL, 'Online booking', '2025-11-21 08:03:00', '2025-11-24 08:03:00'),
(122, '9c4bfe8c018f81260cd6', 1, 6, 16, 'RES-NKH-DT-20251209-5257', '2025-11-26 08:03:00', 60, 2, 3, '2025-12-09', '20:30:00', 'pending', NULL, 'Regular customer', '2025-11-19 08:03:00', '2025-11-26 08:03:00'),
(123, '1664e7efaf47f16069a9', 1, 2, 13, 'RES-NKH-DT-20260120-2600', '2025-11-26 08:03:00', 60, 2, 3, '2026-01-20', '19:30:00', 'pending', 'Early arrival possible', NULL, '2025-11-26 08:03:00', '2025-11-26 08:03:00'),
(124, '2b61503075bd37ecdb00', 1, 2, 30, 'RES-NKH-DT-20260112-8206', '2025-11-26 08:03:00', 60, 2, 2, '2026-01-12', '19:00:00', 'cancelled', 'Quiet table please', NULL, '2025-11-19 08:03:00', '2025-11-23 08:03:00'),
(125, '2f80a2a52f4cb425512f', 1, 4, 35, 'RES-NKH-DT-20251220-2394', '2025-11-26 08:03:00', 60, 2, 2, '2025-12-20', '11:30:00', 'confirmed', 'Anniversary dinner', 'Walk-in converted to reservation', '2025-11-26 08:03:00', '2025-11-25 08:03:00'),
(126, '5f280e8b9e55f0d3fb00', 1, 10, 35, 'RES-NKH-DT-20260125-5786', '2025-11-26 08:03:00', 60, 2, 2, '2026-01-25', '20:00:00', 'confirmed', 'Window seat preferred', 'First time visitor', '2025-11-24 08:03:00', '2025-11-24 08:03:00'),
(127, 'c0e3c74282416b29d2ec', 1, 11, 26, 'RES-NKH-DT-20251220-6395', '2025-11-26 08:03:00', 60, 2, 7, '2025-12-20', '12:30:00', 'cancelled', 'Private dining area', 'Regular customer', '2025-11-26 08:03:00', '2025-11-23 08:03:00'),
(128, '98843b49c1a783e83719', 1, 8, 2, 'RES-NKH-DT-20260102-7740', '2025-11-26 08:03:00', 60, 2, 4, '2026-01-02', '18:30:00', 'confirmed', 'Wheelchair accessible table', NULL, '2025-11-19 08:03:00', '2025-11-24 08:03:00'),
(129, 'd4e193ebf96f4d1dccc2', 1, 9, 5, 'RES-NKH-DT-20251128-3103', '2025-11-26 08:03:00', 60, 2, 2, '2025-11-28', '13:30:00', 'confirmed', NULL, 'First time visitor', '2025-11-26 08:03:00', '2025-11-23 08:03:00'),
(130, '47ad9d97088f4d527a25', 1, 8, 16, 'RES-NKH-DT-20260104-8882', '2025-11-26 08:03:00', 60, 2, 3, '2026-01-04', '18:30:00', 'confirmed', NULL, 'Dietary restrictions noted', '2025-11-23 08:03:00', '2025-11-24 08:03:00'),
(131, '5c507c61ff1b09b359ee', 1, 5, 20, 'RES-NKH-DT-20260112-6078', '2025-11-26 08:03:00', 60, 2, 4, '2026-01-12', '13:30:00', 'pending', 'Window seat preferred', 'Regular customer', '2025-11-24 08:03:00', '2025-11-24 08:03:00'),
(132, 'c346fce396326aa3d1b9', 1, 4, 36, 'RES-NKH-DT-20251216-1661', '2025-11-26 08:03:00', 60, 2, 3, '2025-12-16', '13:00:00', 'confirmed', 'Wheelchair accessible table', 'Regular customer', '2025-11-25 08:03:00', '2025-11-24 08:03:00'),
(133, 'd9d923e648f8c1ddddf0', 1, 1, 12, 'RES-NKH-DT-20260123-6394', '2025-11-26 08:03:00', 60, 2, 6, '2026-01-23', '19:30:00', 'confirmed', 'No allergens please', 'First time visitor', '2025-11-22 08:03:00', '2025-11-26 08:03:00'),
(134, 'a580110738d6c2ba5120', 1, 1, 5, 'RES-NKH-DT-20251215-8109', '2025-11-26 08:03:00', 60, 2, 2, '2025-12-15', '19:00:00', 'confirmed', 'Surprise dessert', NULL, '2025-11-23 08:03:00', '2025-11-26 08:03:00'),
(135, '58557ce1393ffcb399ec', 1, 5, 29, 'RES-NKH-DT-20251207-0148', '2025-11-26 08:03:00', 60, 2, 2, '2025-12-07', '12:00:00', 'confirmed', 'High chair needed', 'Dietary restrictions noted', '2025-11-22 08:03:00', '2025-11-26 08:03:00'),
(136, '2d1f317104f3ca772036', 1, 8, 19, 'RES-NKH-DT-20251209-5743', '2025-11-26 08:03:00', 60, 2, 2, '2025-12-09', '20:00:00', 'confirmed', 'No allergens please', 'Regular customer', '2025-11-21 08:03:00', '2025-11-25 08:03:00'),
(137, '272e171b1aa4a8ecd91c', 1, 1, 9, 'RES-NKH-DT-20251219-2475', '2025-11-26 08:03:00', 60, 2, 2, '2025-12-19', '18:30:00', 'confirmed', 'Birthday celebration', NULL, '2025-11-25 08:03:00', '2025-11-24 08:03:00'),
(138, '5a52d049dc12488091b3', 1, 10, 36, 'RES-NKH-DT-20260102-1223', '2025-11-26 08:03:00', 60, 2, 7, '2026-01-02', '12:30:00', 'pending', NULL, 'Special occasion', '2025-11-21 08:03:00', '2025-11-24 08:03:00'),
(139, 'db20d7cdc5d7da2afc66', 1, 9, 36, 'RES-NKH-DT-20260109-2713', '2025-11-26 08:03:00', 60, 2, 5, '2026-01-09', '18:00:00', 'confirmed', 'Business meeting', 'Online booking', '2025-11-25 08:03:00', '2025-11-26 08:03:00'),
(140, 'acb19cf6391b3937db03', 1, 10, 5, 'RES-NKH-DT-20251209-9086', '2025-11-26 08:03:00', 60, 2, 2, '2025-12-09', '13:30:00', 'confirmed', 'Wheelchair accessible table', 'Special occasion', '2025-11-20 08:03:00', '2025-11-26 08:03:00');
INSERT INTO `role_permission` (`role_id`, `permission_id`) VALUES
(1, 1),
(1, 2),
(1, 3),
(1, 4),
(1, 5),
(1, 6),
(1, 7),
(1, 8),
(1, 9),
(1, 10),
(1, 11),
(1, 12),
(1, 13),
(1, 14),
(1, 15),
(1, 16),
(1, 17),
(1, 18),
(1, 19),
(1, 20),
(1, 21),
(1, 22),
(1, 23),
(2, 6),
(2, 8),
(2, 10),
(2, 11),
(2, 12),
(2, 14),
(2, 15),
(2, 16),
(2, 18),
(2, 19),
(2, 20),
(2, 22),
(2, 23),
(4, 14),
(4, 15),
(4, 16),
(4, 20),
(5, 10),
(5, 14),
(5, 16),
(7, 14),
(7, 15);
INSERT INTO `role_user` (`role_id`, `user_id`) VALUES
(1, 1),
(1, 2),
(2, 3),
(2, 4),
(6, 5),
(6, 6),
(6, 7),
(6, 8),
(6, 9),
(6, 10),
(6, 11),
(6, 12),
(6, 13),
(6, 14),
(6, 15),
(6, 16),
(6, 17),
(6, 18),
(6, 19),
(6, 20),
(6, 32),
(7, 21),
(7, 22),
(7, 23),
(7, 24),
(7, 25),
(7, 26),
(7, 27),
(7, 28),
(7, 29),
(7, 30);
INSERT INTO `roles` (`id`, `name`, `slug`, `description`, `created_at`, `updated_at`) VALUES
(1, 'Admin', 'admin', 'Full system access with all permissions', '2025-11-26 08:02:42', '2025-11-26 08:02:42'),
(2, 'Manager', 'manager', 'Restaurant management access', '2025-11-26 08:02:42', '2025-11-26 08:02:42'),
(3, 'Cashier', 'cashier', 'Handles payments and orders', '2025-11-26 08:02:42', '2025-11-26 08:02:42'),
(4, 'Waiter', 'waiter', 'Manages orders and service', '2025-11-26 08:02:42', '2025-11-26 08:02:42'),
(5, 'Chef', 'chef', 'Kitchen management access', '2025-11-26 08:02:42', '2025-11-26 08:02:42'),
(6, 'Employee', 'employee', 'General employee access', '2025-11-26 08:02:42', '2025-11-26 08:02:42'),
(7, 'Customer', 'customer', 'Regular customer access', '2025-11-26 08:02:42', '2025-11-26 08:02:42');
INSERT INTO `sessions` (`id`, `user_id`, `ip_address`, `user_agent`, `payload`, `last_activity`) VALUES
('57IzchFXSX7ynSZHMPbVoFvVwi9qSmFP0d2syyIb', NULL, '127.0.0.1', 'Mozilla/5.0 (Windows NT 10.0; Win64; x64) AppleWebKit/537.36 (KHTML, like Gecko) Chrome/142.0.0.0 Safari/537.36', 'YToyOntzOjY6Il90b2tlbiI7czo0MDoibnZVaW9tOXpVSWVoWm1HMEhCa3h5U01oYWNSeHhOTk40UEVhOWkxdSI7czo2OiJfZmxhc2giO2E6Mjp7czozOiJvbGQiO2E6MDp7fXM6MzoibmV3IjthOjA6e319fQ==', 1764402711),
('5Tmj4jfkwugTCj3gPME8pItsl69nsKA4j69FxGXR', 5, '127.0.0.1', 'Mozilla/5.0 (Windows NT 10.0; Win64; x64) AppleWebKit/537.36 (KHTML, like Gecko) Chrome/142.0.0.0 Safari/537.36', 'YTo2OntzOjY6Il90b2tlbiI7czo0MDoiRXVobXRZcEswY3hJS1NOZWo0aUNEdlhJaWtaU2tTa1JKa2czckJRcCI7czo5OiJfcHJldmlvdXMiO2E6MTp7czozOiJ1cmwiO3M6Mzg6Imh0dHA6Ly8xMjcuMC4wLjE6ODAwMC9lbXBsb3llZS9raXRjaGVuIjt9czo2OiJfZmxhc2giO2E6Mjp7czozOiJvbGQiO2E6MDp7fXM6MzoibmV3IjthOjA6e319czozOiJ1cmwiO2E6MTp7czo4OiJpbnRlbmRlZCI7czozMToiaHR0cDovLzEyNy4wLjAuMTo4MDAwL2Rhc2hib2FyZCI7fXM6NTA6ImxvZ2luX3dlYl81OWJhMzZhZGRjMmIyZjk0MDE1ODBmMDE0YzdmNThlYTRlMzA5ODlkIjtpOjU7czoyMjoiUEhQREVCVUdCQVJfU1RBQ0tfREFUQSI7YTowOnt9fQ==', 1764405272),
('aqOctsgqdi2cCkniXUAaNa0aOz1LoonMCDCePITP', 21, '127.0.0.1', 'Mozilla/5.0 (Windows NT 10.0; Win64; x64) AppleWebKit/537.36 (KHTML, like Gecko) Chrome/142.0.0.0 Safari/537.36', 'YTo2OntzOjY6Il90b2tlbiI7czo0MDoieGVzMFRLSEo4bFBZenFyT3RGaEJnUUdleHpwWTd5WFhlV3Fxc0RrYiI7czozOiJ1cmwiO2E6MTp7czo4OiJpbnRlbmRlZCI7czozMToiaHR0cDovLzEyNy4wLjAuMTo4MDAwL2Rhc2hib2FyZCI7fXM6OToiX3ByZXZpb3VzIjthOjE6e3M6MzoidXJsIjtzOjMxOiJodHRwOi8vMTI3LjAuMC4xOjgwMDAvZGFzaGJvYXJkIjt9czo2OiJfZmxhc2giO2E6Mjp7czozOiJvbGQiO2E6MDp7fXM6MzoibmV3IjthOjA6e319czo1MDoibG9naW5fd2ViXzU5YmEzNmFkZGMyYjJmOTQwMTU4MGYwMTRjN2Y1OGVhNGUzMDk4OWQiO2k6MjE7czoyMjoiUEhQREVCVUdCQVJfU1RBQ0tfREFUQSI7YTowOnt9fQ==', 1764405262),
('E0qdaLLKqRqM5mlFNJ0dJow7TS0vsPO3mMilCeA3', 21, '127.0.0.1', 'Mozilla/5.0 (Windows NT 10.0; Win64; x64) AppleWebKit/537.36 (KHTML, like Gecko) Chrome/142.0.0.0 Safari/537.36', 'YTo1OntzOjY6Il90b2tlbiI7czo0MDoiM2FKTWpSWUxuRGJ1amZKSkNXeHhPTERnZ0lrWGZGbUR0SkhZU1NBQSI7czozOiJ1cmwiO2E6MTp7czo4OiJpbnRlbmRlZCI7czozMzoiaHR0cDovLzEyNy4wLjAuMTo4MDAwL3Jlc2VydmF0aW9uIjt9czo5OiJfcHJldmlvdXMiO2E6MTp7czozOiJ1cmwiO3M6MzE6Imh0dHA6Ly8xMjcuMC4wLjE6ODAwMC9kYXNoYm9hcmQiO31zOjY6Il9mbGFzaCI7YToyOntzOjM6Im9sZCI7YTowOnt9czozOiJuZXciO2E6MDp7fX1zOjUwOiJsb2dpbl93ZWJfNTliYTM2YWRkYzJiMmY5NDAxNTgwZjAxNGM3ZjU4ZWE0ZTMwOTg5ZCI7aToyMTt9', 1764402702),
('H7Xq0h9DAg7ga0zQoIUuMoaEpNU5gkAOk9gSjhQc', NULL, '127.0.0.1', 'Mozilla/5.0 (Windows NT 10.0; Win64; x64) AppleWebKit/537.36 (KHTML, like Gecko) Chrome/142.0.0.0 Safari/537.36', 'YToyOntzOjY6Il90b2tlbiI7czo0MDoiaThSaEtPT3g4VkJNSmdpTWIxTjlxeUdCQ2QweWVGSVcxaGNrcjR6dSI7czo2OiJfZmxhc2giO2E6Mjp7czozOiJvbGQiO2E6MDp7fXM6MzoibmV3IjthOjA6e319fQ==', 1764402808),
('iEYBmri2gKCu409oAlFwtZMnbF6vezgqWdqCoY9b', NULL, '127.0.0.1', 'Mozilla/5.0 (Windows NT 10.0; Win64; x64) AppleWebKit/537.36 (KHTML, like Gecko) Chrome/142.0.0.0 Safari/537.36', 'YToyOntzOjY6Il90b2tlbiI7czo0MDoiZlRYYzEzU21qM0FxcWk3REdaTjl3UkJhWWVRaERFU3QyZ3NEeHpUZCI7czo2OiJfZmxhc2giO2E6Mjp7czozOiJvbGQiO2E6MDp7fXM6MzoibmV3IjthOjA6e319fQ==', 1764402586),
('kivpkqnFFu5YEuHav6r5FjRL5EVvCHKdrYed2J48', 21, '127.0.0.1', 'Mozilla/5.0 (Windows NT 10.0; Win64; x64) AppleWebKit/537.36 (KHTML, like Gecko) Chrome/142.0.0.0 Safari/537.36', 'YTo2OntzOjY6Il90b2tlbiI7czo0MDoiY3VuR2ZaTWNoUG92Wld5aXlpQWhCVjlEUkFHOWJUWkZmclBWTjJNNyI7czo5OiJfcHJldmlvdXMiO2E6MTp7czozOiJ1cmwiO3M6MjE6Imh0dHA6Ly8xMjcuMC4wLjE6ODAwMCI7fXM6NjoiX2ZsYXNoIjthOjI6e3M6Mzoib2xkIjthOjA6e31zOjM6Im5ldyI7YTowOnt9fXM6MzoidXJsIjthOjE6e3M6ODoiaW50ZW5kZWQiO3M6MzE6Imh0dHA6Ly8xMjcuMC4wLjE6ODAwMC9kYXNoYm9hcmQiO31zOjUwOiJsb2dpbl93ZWJfNTliYTM2YWRkYzJiMmY5NDAxNTgwZjAxNGM3ZjU4ZWE0ZTMwOTg5ZCI7aToyMTtzOjIyOiJQSFBERUJVR0JBUl9TVEFDS19EQVRBIjthOjA6e319', 1764402562),
('n8XTm4muTilBa08ae1DPEFe2tPpl0fPdxU9xmk2d', 1, '127.0.0.1', 'Mozilla/5.0 (Windows NT 10.0; Win64; x64) AppleWebKit/537.36 (KHTML, like Gecko) Chrome/142.0.0.0 Safari/537.36', 'YTo2OntzOjY6Il90b2tlbiI7czo0MDoibXc1eXc5b0VEbUlvU1VJMEtIS05wQjRLdkdqMG5KUVpmNWJKTExEVyI7czozOiJ1cmwiO2E6MTp7czo4OiJpbnRlbmRlZCI7czozNzoiaHR0cDovL2xvY2FsaG9zdDo4MDAwL2FkbWluL2xvY2F0aW9ucyI7fXM6OToiX3ByZXZpb3VzIjthOjE6e3M6MzoidXJsIjtzOjM3OiJodHRwOi8vbG9jYWxob3N0OjgwMDAvYWRtaW4vZGFzaGJvYXJkIjt9czo2OiJfZmxhc2giO2E6Mjp7czozOiJvbGQiO2E6MDp7fXM6MzoibmV3IjthOjA6e319czo1MDoibG9naW5fd2ViXzU5YmEzNmFkZGMyYjJmOTQwMTU4MGYwMTRjN2Y1OGVhNGUzMDk4OWQiO2k6MTtzOjIyOiJQSFBERUJVR0JBUl9TVEFDS19EQVRBIjthOjA6e319', 1764405262),
('TnsEA3YIoihfdQ7zaI4IhyyecCct2oG1TACfotkA', 21, '127.0.0.1', 'Mozilla/5.0 (Windows NT 10.0; Win64; x64) AppleWebKit/537.36 (KHTML, like Gecko) Chrome/142.0.0.0 Safari/537.36', 'YTo1OntzOjY6Il90b2tlbiI7czo0MDoicnVqVGdRM2hEWG1BU0Z6NzBjeWFGWjFRbmRoTDhTZlFHc2didmE5OCI7czoyMjoiUEhQREVCVUdCQVJfU1RBQ0tfREFUQSI7YToxOntzOjI2OiIwMUtCNzlNRjdEWTJHU05XREFWNVFDQUVaQyI7Tjt9czo5OiJfcHJldmlvdXMiO2E6MTp7czozOiJ1cmwiO3M6MjE6Imh0dHA6Ly8xMjcuMC4wLjE6ODAwMCI7fXM6NjoiX2ZsYXNoIjthOjI6e3M6Mzoib2xkIjthOjA6e31zOjM6Im5ldyI7YTowOnt9fXM6NTA6ImxvZ2luX3dlYl81OWJhMzZhZGRjMmIyZjk0MDE1ODBmMDE0YzdmNThlYTRlMzA5ODlkIjtpOjIxO30=', 1764402806),
('UytLsPP3qFXFcFLuUIlVuBRaqzOuAez3E5XOW8Sf', 1, '127.0.0.1', 'Mozilla/5.0 (Windows NT 10.0; Win64; x64) AppleWebKit/537.36 (KHTML, like Gecko) Chrome/142.0.0.0 Safari/537.36', 'YTo2OntzOjY6Il90b2tlbiI7czo0MDoiQ3hWQ0NkMjNDQkZuNkFRWk96b01sRHpBNml6V0ZHNUUyMkhjaDVESiI7czozOiJ1cmwiO2E6MTp7czo4OiJpbnRlbmRlZCI7czozNzoiaHR0cDovLzEyNy4wLjAuMTo4MDAwL2FkbWluL2Rhc2hib2FyZCI7fXM6OToiX3ByZXZpb3VzIjthOjE6e3M6MzoidXJsIjtzOjM0OiJodHRwOi8vMTI3LjAuMC4xOjgwMDAvYWRtaW4vc2hpZnRzIjt9czo2OiJfZmxhc2giO2E6Mjp7czozOiJvbGQiO2E6MDp7fXM6MzoibmV3IjthOjA6e319czo1MDoibG9naW5fd2ViXzU5YmEzNmFkZGMyYjJmOTQwMTU4MGYwMTRjN2Y1OGVhNGUzMDk4OWQiO2k6MTtzOjIyOiJQSFBERUJVR0JBUl9TVEFDS19EQVRBIjthOjA6e319', 1764405272),
('vVt26n6TJoNdMeq0sz6khFPneHTBN4m6yoztl4vM', NULL, '127.0.0.1', 'Mozilla/5.0 (Windows NT 10.0; Win64; x64) AppleWebKit/537.36 (KHTML, like Gecko) Chrome/142.0.0.0 Safari/537.36', 'YToyOntzOjY6Il90b2tlbiI7czo0MDoiWDA1ck16ZURMM2F4MHFqNWtaSm1KSlFEU0VKZmU4YjZGMm1QNVBUcyI7czo2OiJfZmxhc2giO2E6Mjp7czozOiJvbGQiO2E6MDp7fXM6MzoibmV3IjthOjA6e319fQ==', 1764402806),
('wGlms2Af0LzSHI8o8s1WEikpXYQI4GPXtsy0jIjQ', NULL, '127.0.0.1', 'Mozilla/5.0 (Windows NT 10.0; Win64; x64) AppleWebKit/537.36 (KHTML, like Gecko) Chrome/142.0.0.0 Safari/537.36', 'YTo1OntzOjY6Il90b2tlbiI7czo0MDoiSHF4RWZ3elVaOEpucExFRm9LUG5zM1pqajJkWXlBcDFpbjlGUFRmZiI7czozOiJ1cmwiO2E6MTp7czo4OiJpbnRlbmRlZCI7czoyNjoiaHR0cDovLzEyNy4wLjAuMTo4MDAwL21lbnUiO31zOjY6Il9mbGFzaCI7YToyOntzOjM6Im9sZCI7YTowOnt9czozOiJuZXciO2E6MDp7fX1zOjIyOiJQSFBERUJVR0JBUl9TVEFDS19EQVRBIjthOjA6e31zOjk6Il9wcmV2aW91cyI7YToxOntzOjM6InVybCI7czoyNzoiaHR0cDovLzEyNy4wLjAuMTo4MDAwL2xvZ2luIjt9fQ==', 1764402719),
('xUJUJ93Y88xxzBabCIzMLD8I87pFXNu0H7tUOKCi', NULL, '127.0.0.1', 'Mozilla/5.0 (Windows NT 10.0; Win64; x64) AppleWebKit/537.36 (KHTML, like Gecko) Chrome/142.0.0.0 Safari/537.36', 'YToyOntzOjY6Il90b2tlbiI7czo0MDoiaXp3M250ZkFUY1pUc0dUakpDODA3bWZJeGcwcTZpVDBGajdpUlhXQyI7czo2OiJfZmxhc2giO2E6Mjp7czozOiJvbGQiO2E6MDp7fXM6MzoibmV3IjthOjA6e319fQ==', 1764402806);



INSERT INTO `suppliers` (`id`, `location_id`, `code`, `name`, `contact_name`, `contact_phone`, `email`, `phone`, `address`, `type`, `payment_terms`, `notes`, `tax_id`, `is_active`, `created_at`, `updated_at`) VALUES
(1, NULL, 'SUP-001', 'Fresh Foods Co.', NULL, NULL, 'orders@freshfoods.com', '+1-555-1000', NULL, 'food_produce', NULL, NULL, NULL, 1, '2025-11-29 08:06:41', '2025-11-29 08:06:41'),
(2, NULL, 'SUP-002', 'Prime Meats Supply', NULL, NULL, 'sales@primemeats.com', '+1-555-2000', NULL, 'meat_seafood', NULL, NULL, NULL, 1, '2025-11-29 08:06:41', '2025-11-29 08:06:41');
INSERT INTO `tables` (`id`, `floor_id`, `code`, `capacity`, `status`, `created_at`, `updated_at`) VALUES
(1, 1, 'GF-01', 4, 'available', '2025-11-26 08:02:50', '2025-11-26 08:02:50'),
(2, 1, 'GF-02', 6, 'available', '2025-11-26 08:02:50', '2025-11-26 08:02:50'),
(3, 1, 'GF-03', 4, 'available', '2025-11-26 08:02:50', '2025-11-26 08:02:50'),
(4, 1, 'GF-04', 4, 'available', '2025-11-26 08:02:50', '2025-11-26 08:02:50'),
(5, 1, 'GF-05', 2, 'available', '2025-11-26 08:02:50', '2025-11-26 08:02:50'),
(6, 1, 'GF-06', 8, 'available', '2025-11-26 08:02:50', '2025-11-26 08:02:50'),
(7, 1, 'GF-07', 8, 'available', '2025-11-26 08:02:50', '2025-11-26 08:02:50'),
(8, 1, 'GF-08', 4, 'occupied', '2025-11-26 08:02:50', '2025-11-26 08:02:50'),
(9, 1, 'GF-09', 2, 'occupied', '2025-11-26 08:02:50', '2025-11-26 08:02:50'),
(10, 1, 'GF-10', 8, 'reserved', '2025-11-26 08:02:50', '2025-11-26 08:02:50'),
(11, 1, 'GF-11', 2, 'available', '2025-11-26 08:02:50', '2025-11-26 08:02:50'),
(12, 1, 'GF-12', 8, 'available', '2025-11-26 08:02:50', '2025-11-26 08:02:50'),
(13, 2, '2F-01', 6, 'available', '2025-11-26 08:02:50', '2025-11-26 08:02:50'),
(14, 2, '2F-02', 4, 'available', '2025-11-26 08:02:50', '2025-11-26 08:02:50'),
(15, 2, '2F-03', 2, 'available', '2025-11-26 08:02:50', '2025-11-26 08:02:50'),
(16, 2, '2F-04', 4, 'available', '2025-11-26 08:02:50', '2025-11-26 08:02:50'),
(17, 2, '2F-05', 6, 'available', '2025-11-26 08:02:50', '2025-11-26 08:02:50'),
(18, 2, '2F-06', 2, 'available', '2025-11-26 08:02:50', '2025-11-26 08:02:50'),
(19, 2, '2F-07', 2, 'occupied', '2025-11-26 08:02:50', '2025-11-26 08:02:50'),
(20, 2, '2F-08', 4, 'occupied', '2025-11-26 08:02:50', '2025-11-26 08:02:50'),
(21, 2, '2F-09', 8, 'reserved', '2025-11-26 08:02:50', '2025-11-26 08:02:50'),
(22, 2, '2F-10', 6, 'available', '2025-11-26 08:02:50', '2025-11-26 08:02:50'),
(23, 3, 'TR-01', 4, 'available', '2025-11-26 08:02:50', '2025-11-26 08:02:50'),
(24, 3, 'TR-02', 2, 'available', '2025-11-26 08:02:50', '2025-11-26 08:02:50'),
(25, 3, 'TR-03', 2, 'available', '2025-11-26 08:02:50', '2025-11-26 08:02:50'),
(26, 3, 'TR-04', 8, 'available', '2025-11-26 08:02:50', '2025-11-26 08:02:50'),
(27, 3, 'TR-05', 2, 'occupied', '2025-11-26 08:02:50', '2025-11-26 08:02:50'),
(28, 3, 'TR-06', 2, 'occupied', '2025-11-26 08:02:50', '2025-11-26 08:02:50'),
(29, 3, 'TR-07', 6, 'reserved', '2025-11-26 08:02:50', '2025-11-26 08:02:50'),
(30, 3, 'TR-08', 6, 'available', '2025-11-26 08:02:50', '2025-11-26 08:02:50'),
(31, 4, 'VIP-01', 6, 'available', '2025-11-26 08:02:50', '2025-11-26 08:02:50'),
(32, 4, 'VIP-02', 2, 'available', '2025-11-26 08:02:50', '2025-11-26 08:02:50'),
(33, 4, 'VIP-03', 2, 'available', '2025-11-26 08:02:50', '2025-11-26 08:02:50'),
(34, 4, 'VIP-04', 8, 'occupied', '2025-11-26 08:02:50', '2025-11-26 08:02:50'),
(35, 4, 'VIP-05', 2, 'reserved', '2025-11-26 08:02:50', '2025-11-26 08:02:50'),
(36, 4, 'VIP-06', 8, 'unavailable', '2025-11-26 08:02:50', '2025-11-26 08:02:50');



INSERT INTO `users` (`id`, `name`, `email`, `phone`, `email_verified_at`, `password`, `is_active`, `remember_token`, `default_location_id`, `created_at`, `updated_at`) VALUES
(1, 'System Administrator', 'demo@admin.com', '+855-12-345-678', '2025-11-26 08:02:43', '$2y$12$keKgju3jRczgMlaD6CImwuMFeeFpOt9AGAYMISErHWZmejgJdYzpi', 1, NULL, 1, '2025-11-26 08:02:43', '2025-11-26 08:02:43'),
(2, 'Secondary Admin', 'admin2@nkhrestaurant.com', '+855-12-987-654', '2025-11-26 08:02:43', '$2y$12$MOlB/lgqmTLI2NeQ56q/Led3unTuMxc/27VJUDt4K2jh/7f72SdHW', 1, NULL, 2, '2025-11-26 08:02:43', '2025-11-26 08:02:43'),
(3, 'Sophea Chen', 'sophea.chen@nkhrestaurant.com', '+855-12-456-789', '2025-11-26 08:02:43', '$2y$12$.3wBtiuaCM8IMZnZ/IwpGeUvLvDdI3r1uZbLsj5xdR5NnRaFEn7s2', 1, NULL, 1, '2025-11-26 08:02:44', '2025-11-26 08:02:44'),
(4, 'Pisach Lim', 'pisach.lim@nkhrestaurant.com', '+855-12-456-790', '2025-11-26 08:02:44', '$2y$12$0RZE7m5CTwEPFVUHmAJU2u5Sx0bT1ZlNxg0h/m728Oes6EIyPQ2sO', 1, NULL, 2, '2025-11-26 08:02:44', '2025-11-26 08:02:44'),
(5, 'Ratha Meng', 'demo@employee.com', '+855-47-501-747', '2025-11-26 08:02:44', '$2y$12$515jTzfvNCKRVkHXWBvQhOSTy.8oq32i4eI5v7V3nvo2On7G3xU9K', 1, NULL, 1, '2025-11-26 08:02:44', '2025-11-26 08:02:44'),
(6, 'Maria Santos', 'maria.santos@nkhrestaurant.com', '+855-15-599-117', '2025-11-26 08:02:44', '$2y$12$adZdcAFYdaJPS57d/s98H.IH597qkHZJ.RCV8.aCtKzJFQcEIwdXe', 1, NULL, 1, '2025-11-26 08:02:44', '2025-11-26 08:02:44'),
(7, 'Bopha Keo', 'bopha.keo@nkhrestaurant.com', '+855-17-398-646', '2025-11-26 08:02:44', '$2y$12$hnEgp0K.len8CVktPi3anehPzYX.PIzvzfBPW7eSOJKW.W/IUivay', 1, NULL, 1, '2025-11-26 08:02:44', '2025-11-26 08:02:44'),
(8, 'Sovannak Pich', 'sovannak.pich@nkhrestaurant.com', '+855-25-403-912', '2025-11-26 08:02:44', '$2y$12$bqdferlrINJOoCbuqz/pAOwlmLwbhnEcM9rlGdVhzvvVcTk53iZXa', 1, NULL, 1, '2025-11-26 08:02:44', '2025-11-26 08:02:44'),
(9, 'Sokha Rath', 'sokha.rath@nkhrestaurant.com', '+855-81-214-658', '2025-11-26 08:02:45', '$2y$12$9V7nQEK9FlQbFa2lBJ4q8./5lELt2rpuvgDcPGpnAr/BhUKOcI2wK', 1, NULL, 1, '2025-11-26 08:02:45', '2025-11-26 08:02:45'),
(10, 'Dara Chea', 'dara.chea@nkhrestaurant.com', '+855-15-408-438', '2025-11-26 08:02:45', '$2y$12$oMdd2E4Zcj0oN/Vw5FSeJOP3C1Q.4rmQUa6JJQTV2bSyH9lerl.p2', 1, NULL, 1, '2025-11-26 08:02:45', '2025-11-26 08:02:45'),
(11, 'Sreypov Noun', 'sreypov.noun@nkhrestaurant.com', '+855-16-888-953', '2025-11-26 08:02:45', '$2y$12$3cEBp1aGDrX/IfQg2T4RUePj0KdPMZ77wwCWZWMYhhfc1Vo5yGQbq', 1, NULL, 1, '2025-11-26 08:02:45', '2025-11-26 08:02:45'),
(12, 'Kimheng Ly', 'kimheng.ly@nkhrestaurant.com', '+855-74-871-168', '2025-11-26 08:02:45', '$2y$12$nhRy8puuZXox9Fy7sEi6Ye5gADTn7/lAlsjOijePhsCPcYhCP4Qk6', 1, NULL, 1, '2025-11-26 08:02:45', '2025-11-26 08:02:45'),
(13, 'Pheaktra Ouk', 'pheaktra.ouk@nkhrestaurant.com', '+855-16-404-770', '2025-11-26 08:02:45', '$2y$12$LStA2nh7R0gaHI7l5VthnOhxeO2Ebq5bKGAXIA0Br4VBruplv4LZG', 1, NULL, 1, '2025-11-26 08:02:45', '2025-11-26 08:02:45'),
(14, 'Veasna Chhay', 'veasna.chhay@nkhrestaurant.com', '+855-10-227-545', '2025-11-26 08:02:46', '$2y$12$f4kXzRUncXh0JHuV0A4iIe/whCY0g8VdTDH79PmQvS7XRh4cWZVBS', 1, NULL, 1, '2025-11-26 08:02:46', '2025-11-26 08:02:46'),
(15, 'Bunthoeun Sao', 'bunthoeun.sao@nkhrestaurant.com', '+855-55-181-393', '2025-11-26 08:02:46', '$2y$12$ElbUppU2KPt0/SU6OIddRefmnJtnoLCEpdGqcNFhpNY9LEUDazlXy', 1, NULL, 1, '2025-11-26 08:02:46', '2025-11-26 08:02:46'),
(16, 'Chenda Ros', 'chenda.ros@nkhrestaurant.com', '+855-32-940-857', '2025-11-26 08:02:46', '$2y$12$PmEYtUbiKFzOB8g25U3cmOgk6Lm.alsM3F.RS1rHKE1uIGziVUx7W', 1, NULL, 1, '2025-11-26 08:02:46', '2025-11-26 08:02:46'),
(17, 'Sopheak Mao', 'sopheak.mao@nkhrestaurant.com', '+855-28-994-954', '2025-11-26 08:02:46', '$2y$12$htu/e/ka84IZCBJcuFS5H.XVR1Ks1eFoeITR7OjLleAH4JVDyTld.', 1, NULL, 1, '2025-11-26 08:02:46', '2025-11-26 08:02:46'),
(18, 'Rachana Heng', 'rachana.heng@nkhrestaurant.com', '+855-97-854-112', '2025-11-26 08:02:46', '$2y$12$8hBErXXtov.Fe4x.lV/tlehFWq4KSI74h3JH3FHrwhyUUrAaePzHi', 1, NULL, 1, '2025-11-26 08:02:46', '2025-11-26 08:02:46'),
(19, 'Sreyleak Kong', 'sreyleak.kong@nkhrestaurant.com', '+855-38-225-385', '2025-11-26 08:02:47', '$2y$12$fGb3/9byHsCM5D64jtJEaO7qxfXQTf9B70zDlzFADxIOG6mlQy9BK', 1, NULL, 1, '2025-11-26 08:02:47', '2025-11-26 08:02:47'),
(20, 'Pisey Nhem', 'pisey.nhem@nkhrestaurant.com', '+855-25-974-998', '2025-11-26 08:02:47', '$2y$12$3wQ9kACfW9ecy5UJv.nj9uu.ZtLl6OV8cqWmMnDKihyLaQkSjges.', 1, NULL, 1, '2025-11-26 08:02:47', '2025-11-26 08:02:47'),
(21, 'Chantha Lim', 'demo@customer.com', '+855-54-643-752', '2025-11-26 08:02:47', '$2y$12$f4b426Qx4XvXjo9560VZPe3.CtbaH8rOKtmiY7insFY808UUCSr06', 1, NULL, 1, '2025-11-26 08:02:47', '2025-11-26 08:02:47'),
(22, 'David Kim', 'david.kim@yahoo.com', '+855-44-974-294', '2025-11-26 08:02:47', '$2y$12$SdZcrIot/0lKj4f1qFYH1.cZw0TLT2qKm6.GZMKQg3ep3zPEJWo9S', 1, NULL, 2, '2025-11-26 08:02:47', '2025-11-26 08:02:47'),
(23, 'Sophea Chhun', 'sophea.chhun@hotmail.com', '+855-30-105-775', '2025-11-26 08:02:47', '$2y$12$lO7d9lA9fq1IUkcSmngZnugA3d0wH/J7B/GvsdC7Hq0LO98rmR/SG', 1, NULL, 1, '2025-11-26 08:02:47', '2025-11-26 08:02:47'),
(24, 'Linda Martinez', 'linda.martinez@gmail.com', '+855-42-684-554', '2025-11-26 08:02:48', '$2y$12$pqqUlbasBKSGmgc4gpjEg.LDfokEs/DS/JMCIqPrL5d9FV94ciZSC', 1, NULL, 3, '2025-11-26 08:02:48', '2025-11-26 08:02:48'),
(25, 'Narong Sok', 'narong.sok@gmail.com', '+855-57-185-538', '2025-11-26 08:02:48', '$2y$12$mtPYYSf4YLdcomJVgYdCl.qroz1la2qcigw0jbI4180Kxz5hrRmH2', 1, NULL, 2, '2025-11-26 08:02:48', '2025-11-26 08:02:48'),
(26, 'Sokny Phan', 'sokny.phan@gmail.com', '+855-10-145-111', '2025-11-26 08:02:48', '$2y$12$SAK9dYnSZo35AGv1yVu05ueuNMdmJarDadSCVv2XGOs8aAfcjvwou', 1, NULL, 1, '2025-11-26 08:02:48', '2025-11-26 08:02:48'),
(27, 'Sothy Chan', 'sothy.chan@gmail.com', '+855-74-105-329', '2025-11-26 08:02:48', '$2y$12$p7lHrTOJbEd1wPvg5JNzlOQWFRa6AuZKslb7NbxROShY0k1NFZ35i', 1, NULL, 3, '2025-11-26 08:02:48', '2025-11-26 08:02:48'),
(28, 'Nita Heng', 'nita.heng@gmail.com', '+855-97-605-562', '2025-11-26 08:02:48', '$2y$12$AJaQZrlJECkEtUuX/Bb.peVWy6t/vgstf3AGkEJfylqsInrEH.guy', 1, NULL, 1, '2025-11-26 08:02:48', '2025-11-26 08:02:48'),
(29, 'Alex Johnson', 'alex.johnson@gmail.com', '+855-79-998-869', '2025-11-26 08:02:49', '$2y$12$v1u4LoPAAbT.10eBAQzlwepkTZxM8UQEpW.m91RL7IOMb2Gbs0Jx2', 1, NULL, 2, '2025-11-26 08:02:49', '2025-11-26 08:02:49'),
(30, 'Vanna Oum', 'vanna.oum@gmail.com', '+855-37-444-785', '2025-11-26 08:02:49', '$2y$12$5xX5ZDOg7fWNb/peP9MnFuN5MJn1YLxLxa8L6uSOW3wXPSU8b5x32', 1, NULL, 1, '2025-11-26 08:02:49', '2025-11-26 08:02:49'),
(31, 'Sample Customer', 'customer@example.com', '+855 98 765 432', NULL, '$2y$12$TNDlkFoGAXEJYc/PsTJ8Ju04oHzaJdDrHqiTkZwuk4VW/7jsj7/hi', 1, NULL, 1, '2025-11-26 08:02:49', '2025-11-26 08:02:49'),
(32, 'Ratha Meng', 'ratha.meng@nkhrestaurant.com', '+855-35-115-645', '2025-11-26 08:02:50', '$2y$12$ENTrf4dS87CMzcKjvpZhk.GTBaUiqV7mXwFb4ciRJ9U4J2thr22H6', 1, NULL, 1, '2025-11-26 08:02:50', '2025-11-26 08:02:50');


/*!40101 SET SQL_MODE=@OLD_SQL_MODE */;
/*!40014 SET FOREIGN_KEY_CHECKS=@OLD_FOREIGN_KEY_CHECKS */;
/*!40014 SET UNIQUE_CHECKS=@OLD_UNIQUE_CHECKS */;
/*!40101 SET CHARACTER_SET_CLIENT=@OLD_CHARACTER_SET_CLIENT */;
/*!40101 SET CHARACTER_SET_RESULTS=@OLD_CHARACTER_SET_RESULTS */;
/*!40101 SET COLLATION_CONNECTION=@OLD_COLLATION_CONNECTION */;
/*!40111 SET SQL_NOTES=@OLD_SQL_NOTES */;