/*!40101 SET @OLD_CHARACTER_SET_CLIENT=@@CHARACTER_SET_CLIENT */;
/*!40101 SET @OLD_CHARACTER_SET_RESULTS=@@CHARACTER_SET_RESULTS */;
/*!40101 SET @OLD_COLLATION_CONNECTION=@@COLLATION_CONNECTION */;
/*!40101 SET NAMES utf8mb4 */;
/*!40014 SET @OLD_UNIQUE_CHECKS=@@UNIQUE_CHECKS, UNIQUE_CHECKS=0 */;
/*!40014 SET @OLD_FOREIGN_KEY_CHECKS=@@FOREIGN_KEY_CHECKS, FOREIGN_KEY_CHECKS=0 */;
/*!40101 SET @OLD_SQL_MODE=@@SQL_MODE, SQL_MODE='NO_AUTO_VALUE_ON_ZERO' */;
/*!40111 SET @OLD_SQL_NOTES=@@SQL_NOTES, SQL_NOTES=0 */;

DROP TABLE IF EXISTS `attendances`;
CREATE TABLE `attendances` (
  `id` bigint unsigned NOT NULL AUTO_INCREMENT,
  `employee_id` bigint unsigned NOT NULL,
  `location_id` bigint unsigned NOT NULL,
  `clock_in_at` timestamp NOT NULL,
  `clock_out_at` timestamp NULL DEFAULT NULL,
  `notes` text COLLATE utf8mb4_unicode_ci,
  `created_at` timestamp NULL DEFAULT NULL,
  `updated_at` timestamp NULL DEFAULT NULL,
  PRIMARY KEY (`id`),
  KEY `attendances_location_id_foreign` (`location_id`),
  KEY `attendances_employee_id_clock_in_at_index` (`employee_id`,`clock_in_at`),
  KEY `attendances_clock_in_at_index` (`clock_in_at`),
  KEY `attendances_clock_out_at_index` (`clock_out_at`),
  CONSTRAINT `attendances_employee_id_foreign` FOREIGN KEY (`employee_id`) REFERENCES `employees` (`id`) ON DELETE CASCADE ON UPDATE CASCADE,
  CONSTRAINT `attendances_location_id_foreign` FOREIGN KEY (`location_id`) REFERENCES `locations` (`id`) ON DELETE RESTRICT ON UPDATE CASCADE
) ENGINE=InnoDB DEFAULT CHARSET=utf8mb4 COLLATE=utf8mb4_unicode_ci;

DROP TABLE IF EXISTS `audit_logs`;
CREATE TABLE `audit_logs` (
  `id` bigint unsigned NOT NULL AUTO_INCREMENT,
  `user_id` bigint unsigned DEFAULT NULL,
  `action` varchar(150) COLLATE utf8mb4_unicode_ci NOT NULL,
  `auditable_type` varchar(255) COLLATE utf8mb4_unicode_ci DEFAULT NULL,
  `auditable_id` bigint unsigned DEFAULT NULL,
  `ip_address` varchar(45) COLLATE utf8mb4_unicode_ci DEFAULT NULL,
  `user_agent` text COLLATE utf8mb4_unicode_ci,
  `metadata` json DEFAULT NULL,
  `created_at` timestamp NULL DEFAULT NULL,
  `updated_at` timestamp NULL DEFAULT NULL,
  PRIMARY KEY (`id`),
  KEY `audit_logs_user_id_foreign` (`user_id`),
  KEY `audit_logs_auditable_type_auditable_id_index` (`auditable_type`,`auditable_id`),
  KEY `audit_logs_created_at_index` (`created_at`),
  KEY `audit_logs_action_index` (`action`),
  CONSTRAINT `audit_logs_user_id_foreign` FOREIGN KEY (`user_id`) REFERENCES `users` (`id`) ON DELETE SET NULL ON UPDATE CASCADE
) ENGINE=InnoDB DEFAULT CHARSET=utf8mb4 COLLATE=utf8mb4_unicode_ci;

DROP TABLE IF EXISTS `cache`;
CREATE TABLE `cache` (
  `key` varchar(255) COLLATE utf8mb4_unicode_ci NOT NULL,
  `value` mediumtext COLLATE utf8mb4_unicode_ci NOT NULL,
  `expiration` int NOT NULL,
  PRIMARY KEY (`key`)
) ENGINE=InnoDB DEFAULT CHARSET=utf8mb4 COLLATE=utf8mb4_unicode_ci;

DROP TABLE IF EXISTS `cache_locks`;
CREATE TABLE `cache_locks` (
  `key` varchar(255) COLLATE utf8mb4_unicode_ci NOT NULL,
  `owner` varchar(255) COLLATE utf8mb4_unicode_ci NOT NULL,
  `expiration` int NOT NULL,
  PRIMARY KEY (`key`)
) ENGINE=InnoDB DEFAULT CHARSET=utf8mb4 COLLATE=utf8mb4_unicode_ci;

DROP TABLE IF EXISTS `categories`;
CREATE TABLE `categories` (
  `id` bigint unsigned NOT NULL AUTO_INCREMENT,
  `location_id` bigint unsigned DEFAULT NULL,
  `parent_id` bigint unsigned DEFAULT NULL,
  `slug` varchar(150) COLLATE utf8mb4_unicode_ci NOT NULL,
  `display_order` int unsigned NOT NULL DEFAULT '0',
  `is_active` tinyint(1) NOT NULL DEFAULT '1',
  `image` varchar(255) COLLATE utf8mb4_unicode_ci DEFAULT NULL,
  `created_at` timestamp NULL DEFAULT NULL,
  `updated_at` timestamp NULL DEFAULT NULL,
  PRIMARY KEY (`id`),
  UNIQUE KEY `categories_location_id_slug_unique` (`location_id`,`slug`),
  KEY `categories_slug_index` (`slug`),
  KEY `categories_is_active_index` (`is_active`),
  KEY `categories_parent_id_foreign` (`parent_id`),
  CONSTRAINT `categories_location_id_foreign` FOREIGN KEY (`location_id`) REFERENCES `locations` (`id`) ON DELETE RESTRICT ON UPDATE CASCADE,
  CONSTRAINT `categories_parent_id_foreign` FOREIGN KEY (`parent_id`) REFERENCES `categories` (`id`) ON DELETE SET NULL ON UPDATE CASCADE
) ENGINE=InnoDB AUTO_INCREMENT=22 DEFAULT CHARSET=utf8mb4 COLLATE=utf8mb4_unicode_ci;

DROP TABLE IF EXISTS `category_translations`;
CREATE TABLE `category_translations` (
  `id` bigint unsigned NOT NULL AUTO_INCREMENT,
  `category_id` bigint unsigned NOT NULL,
  `locale` varchar(10) COLLATE utf8mb4_unicode_ci NOT NULL,
  `name` varchar(150) COLLATE utf8mb4_unicode_ci NOT NULL,
  `description` text COLLATE utf8mb4_unicode_ci,
  `created_at` timestamp NULL DEFAULT NULL,
  `updated_at` timestamp NULL DEFAULT NULL,
  PRIMARY KEY (`id`),
  UNIQUE KEY `category_translations_category_id_locale_unique` (`category_id`,`locale`),
  KEY `category_translations_locale_index` (`locale`),
  CONSTRAINT `category_translations_category_id_foreign` FOREIGN KEY (`category_id`) REFERENCES `categories` (`id`) ON DELETE CASCADE ON UPDATE CASCADE
) ENGINE=InnoDB AUTO_INCREMENT=43 DEFAULT CHARSET=utf8mb4 COLLATE=utf8mb4_unicode_ci;

DROP TABLE IF EXISTS `customer_addresses`;
CREATE TABLE `customer_addresses` (
  `id` bigint unsigned NOT NULL AUTO_INCREMENT,
  `customer_id` bigint unsigned NOT NULL,
  `label` varchar(100) COLLATE utf8mb4_unicode_ci NOT NULL,
  `address_line_1` varchar(255) COLLATE utf8mb4_unicode_ci NOT NULL,
  `address_line_2` varchar(255) COLLATE utf8mb4_unicode_ci DEFAULT NULL,
  `city` varchar(120) COLLATE utf8mb4_unicode_ci NOT NULL,
  `province` varchar(120) COLLATE utf8mb4_unicode_ci NOT NULL,
  `postal_code` varchar(20) COLLATE utf8mb4_unicode_ci NOT NULL,
  `latitude` decimal(10,7) DEFAULT NULL,
  `longitude` decimal(10,7) DEFAULT NULL,
  `delivery_instructions` text COLLATE utf8mb4_unicode_ci,
  `created_at` timestamp NULL DEFAULT NULL,
  `updated_at` timestamp NULL DEFAULT NULL,
  PRIMARY KEY (`id`),
  KEY `customer_addresses_customer_id_label_index` (`customer_id`,`label`),
  CONSTRAINT `customer_addresses_customer_id_foreign` FOREIGN KEY (`customer_id`) REFERENCES `customers` (`id`) ON DELETE CASCADE ON UPDATE CASCADE
) ENGINE=InnoDB AUTO_INCREMENT=3 DEFAULT CHARSET=utf8mb4 COLLATE=utf8mb4_unicode_ci;

DROP TABLE IF EXISTS `customer_requests`;
CREATE TABLE `customer_requests` (
  `id` bigint unsigned NOT NULL AUTO_INCREMENT,
  `customer_id` bigint unsigned NOT NULL,
  `type` varchar(255) COLLATE utf8mb4_unicode_ci NOT NULL,
  `subject` varchar(255) COLLATE utf8mb4_unicode_ci NOT NULL,
  `description` text COLLATE utf8mb4_unicode_ci NOT NULL,
  `status` enum('open','in_progress','resolved','closed') COLLATE utf8mb4_unicode_ci NOT NULL DEFAULT 'open',
  `priority` enum('low','medium','high','urgent') COLLATE utf8mb4_unicode_ci NOT NULL DEFAULT 'medium',
  `admin_notes` text COLLATE utf8mb4_unicode_ci,
  `resolution` text COLLATE utf8mb4_unicode_ci,
  `resolved_at` timestamp NULL DEFAULT NULL,
  `created_at` timestamp NULL DEFAULT NULL,
  `updated_at` timestamp NULL DEFAULT NULL,
  `order_id` bigint unsigned DEFAULT NULL,
  PRIMARY KEY (`id`),
  KEY `customer_requests_customer_id_foreign` (`customer_id`),
  KEY `customer_requests_order_id_foreign` (`order_id`),
  CONSTRAINT `customer_requests_customer_id_foreign` FOREIGN KEY (`customer_id`) REFERENCES `customers` (`id`) ON DELETE CASCADE,
  CONSTRAINT `customer_requests_order_id_foreign` FOREIGN KEY (`order_id`) REFERENCES `orders` (`id`) ON DELETE SET NULL
) ENGINE=InnoDB DEFAULT CHARSET=utf8mb4 COLLATE=utf8mb4_unicode_ci;

DROP TABLE IF EXISTS `customers`;
CREATE TABLE `customers` (
  `id` bigint unsigned NOT NULL AUTO_INCREMENT,
  `customer_code` varchar(255) COLLATE utf8mb4_unicode_ci NOT NULL,
  `loyalty_points` int NOT NULL DEFAULT '0',
  `total_spent` decimal(10,2) NOT NULL DEFAULT '0.00',
  `preferred_language` varchar(255) COLLATE utf8mb4_unicode_ci DEFAULT NULL,
  `dietary_preferences` json DEFAULT NULL,
  `marketing_consent` tinyint(1) NOT NULL DEFAULT '0',
  `user_id` bigint unsigned NOT NULL,
  `preferred_location_id` bigint unsigned DEFAULT NULL,
  `birth_date` date DEFAULT NULL,
  `gender` varchar(20) COLLATE utf8mb4_unicode_ci DEFAULT NULL,
  `preferences` json DEFAULT NULL,
  `points_balance` int NOT NULL DEFAULT '0',
  `notes` text COLLATE utf8mb4_unicode_ci,
  `created_at` timestamp NULL DEFAULT NULL,
  `updated_at` timestamp NULL DEFAULT NULL,
  PRIMARY KEY (`id`),
  UNIQUE KEY `customers_user_id_unique` (`user_id`),
  UNIQUE KEY `customers_customer_code_unique` (`customer_code`),
  KEY `customers_preferred_location_id_index` (`preferred_location_id`),
  CONSTRAINT `customers_preferred_location_id_foreign` FOREIGN KEY (`preferred_location_id`) REFERENCES `locations` (`id`) ON DELETE SET NULL ON UPDATE CASCADE,
  CONSTRAINT `customers_user_id_foreign` FOREIGN KEY (`user_id`) REFERENCES `users` (`id`) ON DELETE CASCADE ON UPDATE CASCADE
) ENGINE=InnoDB AUTO_INCREMENT=12 DEFAULT CHARSET=utf8mb4 COLLATE=utf8mb4_unicode_ci;

DROP TABLE IF EXISTS `employees`;
CREATE TABLE `employees` (
  `id` bigint unsigned NOT NULL AUTO_INCREMENT,
  `user_id` bigint unsigned NOT NULL,
  `position_id` bigint unsigned DEFAULT NULL,
  `location_id` bigint unsigned NOT NULL,
  `employee_code` varchar(50) COLLATE utf8mb4_unicode_ci NOT NULL,
  `hire_date` date DEFAULT NULL,
  `salary_type` enum('hourly','monthly') COLLATE utf8mb4_unicode_ci NOT NULL DEFAULT 'monthly',
  `salary` decimal(12,2) DEFAULT NULL,
  `address` varchar(255) COLLATE utf8mb4_unicode_ci DEFAULT NULL,
  `status` enum('active','inactive','terminated','on_leave') COLLATE utf8mb4_unicode_ci NOT NULL DEFAULT 'active',
  `created_at` timestamp NULL DEFAULT NULL,
  `updated_at` timestamp NULL DEFAULT NULL,
  PRIMARY KEY (`id`),
  UNIQUE KEY `employees_location_id_employee_code_unique` (`location_id`,`employee_code`),
  UNIQUE KEY `employees_user_id_unique` (`user_id`),
  KEY `employees_position_id_foreign` (`position_id`),
  KEY `employees_status_index` (`status`),
  CONSTRAINT `employees_location_id_foreign` FOREIGN KEY (`location_id`) REFERENCES `locations` (`id`) ON DELETE RESTRICT ON UPDATE CASCADE,
  CONSTRAINT `employees_position_id_foreign` FOREIGN KEY (`position_id`) REFERENCES `positions` (`id`) ON DELETE SET NULL ON UPDATE CASCADE,
  CONSTRAINT `employees_user_id_foreign` FOREIGN KEY (`user_id`) REFERENCES `users` (`id`) ON DELETE CASCADE ON UPDATE CASCADE
) ENGINE=InnoDB AUTO_INCREMENT=17 DEFAULT CHARSET=utf8mb4 COLLATE=utf8mb4_unicode_ci;

DROP TABLE IF EXISTS `expense_categories`;
CREATE TABLE `expense_categories` (
  `id` bigint unsigned NOT NULL AUTO_INCREMENT,
  `location_id` bigint unsigned NOT NULL,
  `name` varchar(120) COLLATE utf8mb4_unicode_ci NOT NULL,
  `description` varchar(255) COLLATE utf8mb4_unicode_ci DEFAULT NULL,
  `is_active` tinyint(1) NOT NULL DEFAULT '1',
  `created_at` timestamp NULL DEFAULT NULL,
  `updated_at` timestamp NULL DEFAULT NULL,
  PRIMARY KEY (`id`),
  KEY `expense_categories_location_id_foreign` (`location_id`),
  KEY `expense_categories_is_active_index` (`is_active`),
  CONSTRAINT `expense_categories_location_id_foreign` FOREIGN KEY (`location_id`) REFERENCES `locations` (`id`) ON DELETE CASCADE ON UPDATE CASCADE
) ENGINE=InnoDB DEFAULT CHARSET=utf8mb4 COLLATE=utf8mb4_unicode_ci;

DROP TABLE IF EXISTS `expenses`;
CREATE TABLE `expenses` (
  `id` bigint unsigned NOT NULL AUTO_INCREMENT,
  `location_id` bigint unsigned NOT NULL,
  `expense_category_id` bigint unsigned NOT NULL,
  `created_by` bigint unsigned DEFAULT NULL,
  `expense_date` date NOT NULL,
  `amount` decimal(12,2) NOT NULL,
  `currency` varchar(3) COLLATE utf8mb4_unicode_ci NOT NULL DEFAULT 'USD',
  `vendor_name` varchar(150) COLLATE utf8mb4_unicode_ci DEFAULT NULL,
  `reference` varchar(100) COLLATE utf8mb4_unicode_ci DEFAULT NULL,
  `description` text COLLATE utf8mb4_unicode_ci,
  `attachment_path` varchar(255) COLLATE utf8mb4_unicode_ci DEFAULT NULL,
  `status` enum('draft','approved','paid','voided') COLLATE utf8mb4_unicode_ci NOT NULL DEFAULT 'approved',
  `created_at` timestamp NULL DEFAULT NULL,
  `updated_at` timestamp NULL DEFAULT NULL,
  PRIMARY KEY (`id`),
  KEY `expenses_location_id_foreign` (`location_id`),
  KEY `expenses_expense_category_id_foreign` (`expense_category_id`),
  KEY `expenses_created_by_foreign` (`created_by`),
  KEY `expenses_status_index` (`status`),
  CONSTRAINT `expenses_created_by_foreign` FOREIGN KEY (`created_by`) REFERENCES `users` (`id`) ON DELETE SET NULL ON UPDATE CASCADE,
  CONSTRAINT `expenses_expense_category_id_foreign` FOREIGN KEY (`expense_category_id`) REFERENCES `expense_categories` (`id`) ON DELETE RESTRICT ON UPDATE CASCADE,
  CONSTRAINT `expenses_location_id_foreign` FOREIGN KEY (`location_id`) REFERENCES `locations` (`id`) ON DELETE CASCADE ON UPDATE CASCADE
) ENGINE=InnoDB DEFAULT CHARSET=utf8mb4 COLLATE=utf8mb4_unicode_ci;

DROP TABLE IF EXISTS `failed_jobs`;
CREATE TABLE `failed_jobs` (
  `id` bigint unsigned NOT NULL AUTO_INCREMENT,
  `uuid` varchar(255) COLLATE utf8mb4_unicode_ci NOT NULL,
  `connection` text COLLATE utf8mb4_unicode_ci NOT NULL,
  `queue` text COLLATE utf8mb4_unicode_ci NOT NULL,
  `payload` longtext COLLATE utf8mb4_unicode_ci NOT NULL,
  `exception` longtext COLLATE utf8mb4_unicode_ci NOT NULL,
  `failed_at` timestamp NOT NULL DEFAULT CURRENT_TIMESTAMP,
  PRIMARY KEY (`id`),
  UNIQUE KEY `failed_jobs_uuid_unique` (`uuid`)
) ENGINE=InnoDB DEFAULT CHARSET=utf8mb4 COLLATE=utf8mb4_unicode_ci;

DROP TABLE IF EXISTS `feedback`;
CREATE TABLE `feedback` (
  `id` bigint unsigned NOT NULL AUTO_INCREMENT,
  `location_id` bigint unsigned NOT NULL,
  `order_id` bigint unsigned NOT NULL,
  `customer_id` bigint unsigned NOT NULL,
  `rating` tinyint unsigned NOT NULL,
  `comments` text COLLATE utf8mb4_unicode_ci,
  `visibility` enum('public','private','internal') COLLATE utf8mb4_unicode_ci NOT NULL DEFAULT 'public',
  `created_at` timestamp NULL DEFAULT NULL,
  `updated_at` timestamp NULL DEFAULT NULL,
  PRIMARY KEY (`id`),
  KEY `feedback_location_id_foreign` (`location_id`),
  KEY `feedback_customer_id_index` (`customer_id`),
  KEY `feedback_order_id_index` (`order_id`),
  CONSTRAINT `feedback_customer_id_foreign` FOREIGN KEY (`customer_id`) REFERENCES `customers` (`id`) ON DELETE CASCADE ON UPDATE CASCADE,
  CONSTRAINT `feedback_location_id_foreign` FOREIGN KEY (`location_id`) REFERENCES `locations` (`id`) ON DELETE RESTRICT ON UPDATE CASCADE,
  CONSTRAINT `feedback_order_id_foreign` FOREIGN KEY (`order_id`) REFERENCES `orders` (`id`) ON DELETE CASCADE ON UPDATE CASCADE
) ENGINE=InnoDB DEFAULT CHARSET=utf8mb4 COLLATE=utf8mb4_unicode_ci;

DROP TABLE IF EXISTS `floors`;
CREATE TABLE `floors` (
  `id` bigint unsigned NOT NULL AUTO_INCREMENT,
  `location_id` bigint unsigned NOT NULL,
  `name` varchar(120) COLLATE utf8mb4_unicode_ci NOT NULL,
  `display_order` int unsigned NOT NULL DEFAULT '0',
  `is_active` tinyint(1) NOT NULL DEFAULT '1',
  `created_at` timestamp NULL DEFAULT NULL,
  `updated_at` timestamp NULL DEFAULT NULL,
  PRIMARY KEY (`id`),
  KEY `floors_location_id_foreign` (`location_id`),
  KEY `floors_is_active_index` (`is_active`),
  CONSTRAINT `floors_location_id_foreign` FOREIGN KEY (`location_id`) REFERENCES `locations` (`id`) ON DELETE CASCADE ON UPDATE CASCADE
) ENGINE=InnoDB AUTO_INCREMENT=5 DEFAULT CHARSET=utf8mb4 COLLATE=utf8mb4_unicode_ci;

DROP TABLE IF EXISTS `ingredients`;
CREATE TABLE `ingredients` (
  `id` bigint unsigned NOT NULL AUTO_INCREMENT,
  `location_id` bigint unsigned NOT NULL,
  `sku` varchar(60) COLLATE utf8mb4_unicode_ci DEFAULT NULL,
  `name` varchar(200) COLLATE utf8mb4_unicode_ci NOT NULL,
  `unit` varchar(20) COLLATE utf8mb4_unicode_ci NOT NULL DEFAULT 'unit',
  `quantity_on_hand` decimal(12,3) NOT NULL DEFAULT '0.000',
  `reorder_level` decimal(12,3) NOT NULL DEFAULT '0.000',
  `reorder_quantity` decimal(12,3) DEFAULT NULL,
  `cost` decimal(12,2) DEFAULT NULL,
  `is_active` tinyint(1) NOT NULL DEFAULT '1',
  `created_at` timestamp NULL DEFAULT NULL,
  `updated_at` timestamp NULL DEFAULT NULL,
  `deleted_at` timestamp NULL DEFAULT NULL,
  PRIMARY KEY (`id`),
  UNIQUE KEY `ingredients_location_id_sku_unique` (`location_id`,`sku`),
  KEY `ingredients_location_id_name_index` (`location_id`,`name`),
  KEY `ingredients_is_active_index` (`is_active`),
  CONSTRAINT `ingredients_location_id_foreign` FOREIGN KEY (`location_id`) REFERENCES `locations` (`id`) ON DELETE RESTRICT ON UPDATE CASCADE
) ENGINE=InnoDB AUTO_INCREMENT=43 DEFAULT CHARSET=utf8mb4 COLLATE=utf8mb4_unicode_ci;

DROP TABLE IF EXISTS `inventory_transactions`;
CREATE TABLE `inventory_transactions` (
  `id` bigint unsigned NOT NULL AUTO_INCREMENT,
  `ingredient_id` bigint unsigned NOT NULL,
  `type` enum('in','out','adjust') COLLATE utf8mb4_unicode_ci NOT NULL,
  `location_id` bigint unsigned NOT NULL,
  `user_id` bigint unsigned NOT NULL,
  `movement_type` varchar(20) COLLATE utf8mb4_unicode_ci NOT NULL,
  `quantity` decimal(10,2) NOT NULL,
  `unit_cost` decimal(12,2) DEFAULT NULL,
  `value` decimal(12,2) DEFAULT NULL,
  `sourceable_type` varchar(100) COLLATE utf8mb4_unicode_ci DEFAULT NULL,
  `sourceable_id` bigint unsigned DEFAULT NULL,
  `unit` varchar(20) COLLATE utf8mb4_unicode_ci NOT NULL,
  `reference_type` varchar(30) COLLATE utf8mb4_unicode_ci DEFAULT NULL,
  `reference_id` bigint unsigned DEFAULT NULL,
  `notes` text COLLATE utf8mb4_unicode_ci,
  `transacted_at` timestamp NOT NULL DEFAULT CURRENT_TIMESTAMP,
  `created_by` bigint unsigned DEFAULT NULL,
  `created_at` timestamp NULL DEFAULT NULL,
  `updated_at` timestamp NULL DEFAULT NULL,
  PRIMARY KEY (`id`),
  KEY `inventory_transactions_ingredient_id_foreign` (`ingredient_id`),
  KEY `inventory_transactions_location_id_foreign` (`location_id`),
  KEY `inventory_transactions_user_id_foreign` (`user_id`),
  KEY `inventory_transactions_movement_type_index` (`movement_type`),
  KEY `inventory_transactions_reference_type_index` (`reference_type`),
  KEY `inventory_transactions_reference_id_index` (`reference_id`),
  KEY `inventory_transactions_created_by_foreign` (`created_by`),
  KEY `inventory_transactions_sourceable_type_index` (`sourceable_type`),
  KEY `inventory_transactions_sourceable_id_index` (`sourceable_id`),
  CONSTRAINT `inventory_transactions_created_by_foreign` FOREIGN KEY (`created_by`) REFERENCES `users` (`id`) ON DELETE SET NULL ON UPDATE CASCADE,
  CONSTRAINT `inventory_transactions_ingredient_id_foreign` FOREIGN KEY (`ingredient_id`) REFERENCES `ingredients` (`id`) ON DELETE RESTRICT ON UPDATE CASCADE,
  CONSTRAINT `inventory_transactions_location_id_foreign` FOREIGN KEY (`location_id`) REFERENCES `locations` (`id`) ON DELETE RESTRICT ON UPDATE CASCADE,
  CONSTRAINT `inventory_transactions_user_id_foreign` FOREIGN KEY (`user_id`) REFERENCES `users` (`id`) ON DELETE RESTRICT ON UPDATE CASCADE
) ENGINE=InnoDB DEFAULT CHARSET=utf8mb4 COLLATE=utf8mb4_unicode_ci;

DROP TABLE IF EXISTS `invoices`;
CREATE TABLE `invoices` (
  `id` bigint unsigned NOT NULL AUTO_INCREMENT,
  `order_id` bigint unsigned NOT NULL,
  `location_id` bigint unsigned NOT NULL,
  `invoice_number` varchar(60) COLLATE utf8mb4_unicode_ci NOT NULL,
  `subtotal` decimal(12,2) NOT NULL DEFAULT '0.00',
  `tax_amount` decimal(12,2) NOT NULL DEFAULT '0.00',
  `discount_amount` decimal(12,2) NOT NULL DEFAULT '0.00',
  `total_amount` decimal(12,2) NOT NULL DEFAULT '0.00',
  `service_charge` decimal(12,2) NOT NULL DEFAULT '0.00',
  `amount_paid` decimal(12,2) NOT NULL DEFAULT '0.00',
  `amount_due` decimal(12,2) NOT NULL DEFAULT '0.00',
  `status` enum('draft','issued','paid','cancelled') COLLATE utf8mb4_unicode_ci NOT NULL DEFAULT 'draft',
  `currency` varchar(3) COLLATE utf8mb4_unicode_ci NOT NULL DEFAULT 'USD',
  `issued_at` timestamp NULL DEFAULT NULL,
  `due_at` timestamp NULL DEFAULT NULL,
  `paid_at` timestamp NULL DEFAULT NULL,
  `notes` text COLLATE utf8mb4_unicode_ci,
  `created_at` timestamp NULL DEFAULT NULL,
  `updated_at` timestamp NULL DEFAULT NULL,
  PRIMARY KEY (`id`),
  UNIQUE KEY `invoices_invoice_number_unique` (`invoice_number`),
  KEY `invoices_location_id_foreign` (`location_id`),
  KEY `invoices_order_id_index` (`order_id`),
  KEY `invoices_issued_at_index` (`issued_at`),
  CONSTRAINT `invoices_location_id_foreign` FOREIGN KEY (`location_id`) REFERENCES `locations` (`id`) ON DELETE RESTRICT ON UPDATE CASCADE,
  CONSTRAINT `invoices_order_id_foreign` FOREIGN KEY (`order_id`) REFERENCES `orders` (`id`) ON DELETE CASCADE ON UPDATE CASCADE
) ENGINE=InnoDB AUTO_INCREMENT=69 DEFAULT CHARSET=utf8mb4 COLLATE=utf8mb4_unicode_ci;

DROP TABLE IF EXISTS `job_batches`;
CREATE TABLE `job_batches` (
  `id` varchar(255) COLLATE utf8mb4_unicode_ci NOT NULL,
  `name` varchar(255) COLLATE utf8mb4_unicode_ci NOT NULL,
  `total_jobs` int NOT NULL,
  `pending_jobs` int NOT NULL,
  `failed_jobs` int NOT NULL,
  `failed_job_ids` longtext COLLATE utf8mb4_unicode_ci NOT NULL,
  `options` mediumtext COLLATE utf8mb4_unicode_ci,
  `cancelled_at` int DEFAULT NULL,
  `created_at` int NOT NULL,
  `finished_at` int DEFAULT NULL,
  PRIMARY KEY (`id`)
) ENGINE=InnoDB DEFAULT CHARSET=utf8mb4 COLLATE=utf8mb4_unicode_ci;

DROP TABLE IF EXISTS `jobs`;
CREATE TABLE `jobs` (
  `id` bigint unsigned NOT NULL AUTO_INCREMENT,
  `queue` varchar(255) COLLATE utf8mb4_unicode_ci NOT NULL,
  `payload` longtext COLLATE utf8mb4_unicode_ci NOT NULL,
  `attempts` tinyint unsigned NOT NULL,
  `reserved_at` int unsigned DEFAULT NULL,
  `available_at` int unsigned NOT NULL,
  `created_at` int unsigned NOT NULL,
  PRIMARY KEY (`id`),
  KEY `jobs_queue_index` (`queue`)
) ENGINE=InnoDB DEFAULT CHARSET=utf8mb4 COLLATE=utf8mb4_unicode_ci;

DROP TABLE IF EXISTS `leave_requests`;
CREATE TABLE `leave_requests` (
  `id` bigint unsigned NOT NULL AUTO_INCREMENT,
  `employee_id` bigint unsigned NOT NULL,
  `location_id` bigint unsigned NOT NULL,
  `start_date` date NOT NULL,
  `end_date` date NOT NULL,
  `type` enum('annual','sick','unpaid','other') COLLATE utf8mb4_unicode_ci NOT NULL DEFAULT 'annual',
  `reason` text COLLATE utf8mb4_unicode_ci,
  `status` enum('pending','approved','rejected','cancelled') COLLATE utf8mb4_unicode_ci NOT NULL DEFAULT 'pending',
  `created_at` timestamp NULL DEFAULT NULL,
  `updated_at` timestamp NULL DEFAULT NULL,
  PRIMARY KEY (`id`),
  KEY `leave_requests_location_id_foreign` (`location_id`),
  KEY `leave_requests_employee_id_start_date_index` (`employee_id`,`start_date`),
  KEY `leave_requests_start_date_index` (`start_date`),
  KEY `leave_requests_end_date_index` (`end_date`),
  KEY `leave_requests_status_index` (`status`),
  CONSTRAINT `leave_requests_employee_id_foreign` FOREIGN KEY (`employee_id`) REFERENCES `employees` (`id`) ON DELETE CASCADE ON UPDATE CASCADE,
  CONSTRAINT `leave_requests_location_id_foreign` FOREIGN KEY (`location_id`) REFERENCES `locations` (`id`) ON DELETE RESTRICT ON UPDATE CASCADE
) ENGINE=InnoDB AUTO_INCREMENT=36 DEFAULT CHARSET=utf8mb4 COLLATE=utf8mb4_unicode_ci;

DROP TABLE IF EXISTS `locations`;
CREATE TABLE `locations` (
  `id` bigint unsigned NOT NULL AUTO_INCREMENT,
  `code` varchar(50) COLLATE utf8mb4_unicode_ci NOT NULL,
  `name` varchar(150) COLLATE utf8mb4_unicode_ci NOT NULL,
  `address_line1` varchar(255) COLLATE utf8mb4_unicode_ci DEFAULT NULL,
  `address_line2` varchar(255) COLLATE utf8mb4_unicode_ci DEFAULT NULL,
  `city` varchar(100) COLLATE utf8mb4_unicode_ci DEFAULT NULL,
  `state` varchar(100) COLLATE utf8mb4_unicode_ci DEFAULT NULL,
  `postal_code` varchar(20) COLLATE utf8mb4_unicode_ci DEFAULT NULL,
  `country` varchar(100) COLLATE utf8mb4_unicode_ci DEFAULT NULL,
  `phone` varchar(30) COLLATE utf8mb4_unicode_ci DEFAULT NULL,
  `is_active` tinyint(1) NOT NULL DEFAULT '1',
  `accepts_online_orders` tinyint(1) NOT NULL DEFAULT '0',
  `accepts_pickup` tinyint(1) NOT NULL DEFAULT '0',
  `accepts_delivery` tinyint(1) NOT NULL DEFAULT '0',
  `created_at` timestamp NULL DEFAULT NULL,
  `updated_at` timestamp NULL DEFAULT NULL,
  PRIMARY KEY (`id`),
  UNIQUE KEY `locations_code_unique` (`code`),
  KEY `locations_is_active_index` (`is_active`)
) ENGINE=InnoDB AUTO_INCREMENT=2 DEFAULT CHARSET=utf8mb4 COLLATE=utf8mb4_unicode_ci;

DROP TABLE IF EXISTS `loyalty_points`;
CREATE TABLE `loyalty_points` (
  `id` bigint unsigned NOT NULL AUTO_INCREMENT,
  `customer_id` bigint unsigned NOT NULL,
  `order_id` bigint unsigned DEFAULT NULL,
  `location_id` bigint unsigned NOT NULL,
  `type` enum('earn','redeem','adjust') COLLATE utf8mb4_unicode_ci NOT NULL,
  `points` int NOT NULL,
  `balance_after` int NOT NULL,
  `occurred_at` datetime NOT NULL,
  `notes` varchar(255) COLLATE utf8mb4_unicode_ci DEFAULT NULL,
  `created_at` timestamp NULL DEFAULT NULL,
  `updated_at` timestamp NULL DEFAULT NULL,
  PRIMARY KEY (`id`),
  KEY `loyalty_points_order_id_foreign` (`order_id`),
  KEY `loyalty_points_location_id_foreign` (`location_id`),
  KEY `idx_loyalty_customer_time` (`customer_id`,`occurred_at`),
  CONSTRAINT `loyalty_points_customer_id_foreign` FOREIGN KEY (`customer_id`) REFERENCES `customers` (`id`) ON DELETE CASCADE ON UPDATE CASCADE,
  CONSTRAINT `loyalty_points_location_id_foreign` FOREIGN KEY (`location_id`) REFERENCES `locations` (`id`) ON DELETE RESTRICT ON UPDATE CASCADE,
  CONSTRAINT `loyalty_points_order_id_foreign` FOREIGN KEY (`order_id`) REFERENCES `orders` (`id`) ON DELETE SET NULL ON UPDATE CASCADE
) ENGINE=InnoDB DEFAULT CHARSET=utf8mb4 COLLATE=utf8mb4_unicode_ci;

DROP TABLE IF EXISTS `menu_item_translations`;
CREATE TABLE `menu_item_translations` (
  `id` bigint unsigned NOT NULL AUTO_INCREMENT,
  `menu_item_id` bigint unsigned NOT NULL,
  `locale` varchar(10) COLLATE utf8mb4_unicode_ci NOT NULL,
  `name` varchar(200) COLLATE utf8mb4_unicode_ci NOT NULL,
  `description` text COLLATE utf8mb4_unicode_ci,
  `created_at` timestamp NULL DEFAULT NULL,
  `updated_at` timestamp NULL DEFAULT NULL,
  PRIMARY KEY (`id`),
  UNIQUE KEY `menu_item_translations_menu_item_id_locale_unique` (`menu_item_id`,`locale`),
  KEY `menu_item_translations_locale_index` (`locale`),
  CONSTRAINT `menu_item_translations_menu_item_id_foreign` FOREIGN KEY (`menu_item_id`) REFERENCES `menu_items` (`id`) ON DELETE CASCADE ON UPDATE CASCADE
) ENGINE=InnoDB AUTO_INCREMENT=67 DEFAULT CHARSET=utf8mb4 COLLATE=utf8mb4_unicode_ci;

DROP TABLE IF EXISTS `menu_items`;
CREATE TABLE `menu_items` (
  `id` bigint unsigned NOT NULL AUTO_INCREMENT,
  `location_id` bigint unsigned NOT NULL,
  `category_id` bigint unsigned DEFAULT NULL,
  `sku` varchar(50) COLLATE utf8mb4_unicode_ci DEFAULT NULL,
  `slug` varchar(150) COLLATE utf8mb4_unicode_ci NOT NULL,
  `price` decimal(12,2) NOT NULL,
  `cost` decimal(12,2) DEFAULT NULL,
  `prep_time` int DEFAULT NULL,
  `calories` int DEFAULT NULL,
  `image_path` varchar(255) COLLATE utf8mb4_unicode_ci DEFAULT NULL,
  `is_popular` tinyint(1) NOT NULL DEFAULT '0',
  `is_active` tinyint(1) NOT NULL DEFAULT '1',
  `display_order` int unsigned NOT NULL DEFAULT '0',
  `created_at` timestamp NULL DEFAULT NULL,
  `updated_at` timestamp NULL DEFAULT NULL,
  PRIMARY KEY (`id`),
  UNIQUE KEY `menu_items_location_id_slug_unique` (`location_id`,`slug`),
  UNIQUE KEY `menu_items_location_id_sku_unique` (`location_id`,`sku`),
  KEY `menu_items_category_id_foreign` (`category_id`),
  KEY `menu_items_slug_index` (`slug`),
  KEY `menu_items_is_popular_index` (`is_popular`),
  KEY `menu_items_is_active_index` (`is_active`),
  CONSTRAINT `menu_items_category_id_foreign` FOREIGN KEY (`category_id`) REFERENCES `categories` (`id`) ON DELETE SET NULL ON UPDATE CASCADE,
  CONSTRAINT `menu_items_location_id_foreign` FOREIGN KEY (`location_id`) REFERENCES `locations` (`id`) ON DELETE RESTRICT ON UPDATE CASCADE
) ENGINE=InnoDB AUTO_INCREMENT=34 DEFAULT CHARSET=utf8mb4 COLLATE=utf8mb4_unicode_ci;

DROP TABLE IF EXISTS `migrations`;
CREATE TABLE `migrations` (
  `id` int unsigned NOT NULL AUTO_INCREMENT,
  `migration` varchar(255) COLLATE utf8mb4_unicode_ci NOT NULL,
  `batch` int NOT NULL,
  PRIMARY KEY (`id`)
) ENGINE=InnoDB AUTO_INCREMENT=77 DEFAULT CHARSET=utf8mb4 COLLATE=utf8mb4_unicode_ci;

DROP TABLE IF EXISTS `notifications`;
CREATE TABLE `notifications` (
  `id` char(36) COLLATE utf8mb4_unicode_ci NOT NULL,
  `type` varchar(255) COLLATE utf8mb4_unicode_ci NOT NULL,
  `notifiable_type` varchar(255) COLLATE utf8mb4_unicode_ci NOT NULL,
  `notifiable_id` bigint unsigned NOT NULL,
  `data` text COLLATE utf8mb4_unicode_ci NOT NULL,
  `read_at` timestamp NULL DEFAULT NULL,
  `created_at` timestamp NULL DEFAULT NULL,
  `updated_at` timestamp NULL DEFAULT NULL,
  PRIMARY KEY (`id`),
  KEY `notifications_notifiable_type_notifiable_id_index` (`notifiable_type`,`notifiable_id`)
) ENGINE=InnoDB DEFAULT CHARSET=utf8mb4 COLLATE=utf8mb4_unicode_ci;

DROP TABLE IF EXISTS `operating_hours`;
CREATE TABLE `operating_hours` (
  `id` bigint unsigned NOT NULL AUTO_INCREMENT,
  `location_id` bigint unsigned NOT NULL,
  `day_of_week` tinyint unsigned NOT NULL,
  `service_type` enum('dine-in','pickup','delivery') COLLATE utf8mb4_unicode_ci NOT NULL,
  `opening_time` time NOT NULL,
  `closing_time` time NOT NULL,
  `created_at` timestamp NULL DEFAULT NULL,
  `updated_at` timestamp NULL DEFAULT NULL,
  PRIMARY KEY (`id`),
  UNIQUE KEY `operating_hours_location_id_day_of_week_service_type_unique` (`location_id`,`day_of_week`,`service_type`),
  CONSTRAINT `operating_hours_location_id_foreign` FOREIGN KEY (`location_id`) REFERENCES `locations` (`id`) ON DELETE CASCADE ON UPDATE CASCADE
) ENGINE=InnoDB DEFAULT CHARSET=utf8mb4 COLLATE=utf8mb4_unicode_ci;

DROP TABLE IF EXISTS `order_items`;
CREATE TABLE `order_items` (
  `id` bigint unsigned NOT NULL AUTO_INCREMENT,
  `order_id` bigint unsigned NOT NULL,
  `menu_item_id` bigint unsigned NOT NULL,
  `quantity` smallint unsigned NOT NULL DEFAULT '1',
  `unit_price` decimal(12,2) NOT NULL,
  `discount_amount` decimal(12,2) NOT NULL DEFAULT '0.00',
  `tax_amount` decimal(12,2) NOT NULL DEFAULT '0.00',
  `total_price` decimal(12,2) NOT NULL,
  `status` enum('pending','preparing','ready','served','cancelled') COLLATE utf8mb4_unicode_ci NOT NULL DEFAULT 'pending',
  `special_instructions` text COLLATE utf8mb4_unicode_ci,
  `created_at` timestamp NULL DEFAULT NULL,
  `updated_at` timestamp NULL DEFAULT NULL,
  PRIMARY KEY (`id`),
  KEY `order_items_menu_item_id_index` (`menu_item_id`),
  KEY `order_items_kitchen_status_index` (`status`),
  KEY `idx_order_item_menu` (`order_id`,`menu_item_id`),
  CONSTRAINT `order_items_menu_item_id_foreign` FOREIGN KEY (`menu_item_id`) REFERENCES `menu_items` (`id`) ON DELETE RESTRICT ON UPDATE CASCADE,
  CONSTRAINT `order_items_order_id_foreign` FOREIGN KEY (`order_id`) REFERENCES `orders` (`id`) ON DELETE CASCADE ON UPDATE CASCADE
) ENGINE=InnoDB AUTO_INCREMENT=839 DEFAULT CHARSET=utf8mb4 COLLATE=utf8mb4_unicode_ci;

DROP TABLE IF EXISTS `order_time_slots`;
CREATE TABLE `order_time_slots` (
  `id` bigint unsigned NOT NULL AUTO_INCREMENT,
  `location_id` bigint unsigned NOT NULL,
  `slot_date` date NOT NULL,
  `slot_start_time` time NOT NULL,
  `slot_type` enum('pickup','delivery') COLLATE utf8mb4_unicode_ci NOT NULL,
  `max_orders` int unsigned NOT NULL,
  `current_orders` int unsigned NOT NULL DEFAULT '0',
  `created_at` timestamp NULL DEFAULT NULL,
  `updated_at` timestamp NULL DEFAULT NULL,
  PRIMARY KEY (`id`),
  UNIQUE KEY `order_time_slots_unique` (`location_id`,`slot_date`,`slot_start_time`,`slot_type`),
  KEY `order_time_slots_slot_date_slot_type_index` (`slot_date`,`slot_type`),
  KEY `order_time_slots_slot_type_index` (`slot_type`),
  CONSTRAINT `order_time_slots_location_id_foreign` FOREIGN KEY (`location_id`) REFERENCES `locations` (`id`) ON DELETE CASCADE ON UPDATE CASCADE
) ENGINE=InnoDB DEFAULT CHARSET=utf8mb4 COLLATE=utf8mb4_unicode_ci;

DROP TABLE IF EXISTS `orders`;
CREATE TABLE `orders` (
  `id` bigint unsigned NOT NULL AUTO_INCREMENT,
  `location_id` bigint unsigned NOT NULL,
  `table_id` bigint unsigned DEFAULT NULL,
  `customer_id` bigint unsigned DEFAULT NULL,
  `employee_id` bigint unsigned DEFAULT NULL,
  `order_number` varchar(50) COLLATE utf8mb4_unicode_ci NOT NULL,
  `preparation_status` enum('pending','preparing','ready','served') COLLATE utf8mb4_unicode_ci NOT NULL DEFAULT 'pending',
  `priority` int NOT NULL DEFAULT '0',
  `status` enum('pending','received','preparing','ready','completed','cancelled') COLLATE utf8mb4_unicode_ci NOT NULL DEFAULT 'pending',
  `approval_status` enum('pending','approved','rejected') COLLATE utf8mb4_unicode_ci NOT NULL DEFAULT 'pending',
  `subtotal` decimal(12,2) NOT NULL DEFAULT '0.00',
  `tax_amount` decimal(12,2) NOT NULL DEFAULT '0.00',
  `discount_amount` decimal(12,2) NOT NULL DEFAULT '0.00',
  `total_amount` decimal(12,2) NOT NULL DEFAULT '0.00',
  `service_charge` decimal(12,2) NOT NULL DEFAULT '0.00',
  `currency` varchar(3) COLLATE utf8mb4_unicode_ci NOT NULL DEFAULT 'USD',
  `ordered_at` timestamp NULL DEFAULT NULL,
  `completed_at` timestamp NULL DEFAULT NULL,
  `special_instructions` text COLLATE utf8mb4_unicode_ci,
  `estimated_ready_time` timestamp NULL DEFAULT NULL,
  `created_at` timestamp NULL DEFAULT NULL,
  `updated_at` timestamp NULL DEFAULT NULL,
  `order_type` enum('dine-in','pickup','delivery') COLLATE utf8mb4_unicode_ci NOT NULL DEFAULT 'dine-in',
  `customer_address_id` bigint unsigned DEFAULT NULL,
  `payment_status` enum('unpaid','paid','refunded') COLLATE utf8mb4_unicode_ci NOT NULL DEFAULT 'unpaid',
  `scheduled_at` timestamp NULL DEFAULT NULL,
  `kitchen_submitted_at` timestamp NULL DEFAULT NULL,
  `approved_by` bigint unsigned DEFAULT NULL,
  `approved_at` timestamp NULL DEFAULT NULL,
  `rejection_reason` text COLLATE utf8mb4_unicode_ci,
  `is_auto_approved` tinyint(1) NOT NULL DEFAULT '0',
  PRIMARY KEY (`id`),
  UNIQUE KEY `orders_location_order_unique` (`location_id`,`order_number`),
  UNIQUE KEY `orders_location_id_order_number_unique` (`location_id`,`order_number`),
  KEY `orders_table_id_foreign` (`table_id`),
  KEY `orders_employee_id_foreign` (`employee_id`),
  KEY `orders_customer_id_index` (`customer_id`),
  KEY `orders_status_index` (`status`),
  KEY `orders_placed_at_index` (`ordered_at`),
  KEY `orders_closed_at_index` (`completed_at`),
  KEY `orders_customer_address_id_foreign` (`customer_address_id`),
  KEY `orders_order_type_index` (`order_type`),
  KEY `orders_payment_status_index` (`payment_status`),
  KEY `orders_scheduled_at_index` (`scheduled_at`),
  KEY `orders_preparation_status_index` (`preparation_status`),
  KEY `orders_approved_by_foreign` (`approved_by`),
  CONSTRAINT `fk_orders_customer_id` FOREIGN KEY (`customer_id`) REFERENCES `customers` (`id`) ON DELETE SET NULL ON UPDATE CASCADE,
  CONSTRAINT `orders_approved_by_foreign` FOREIGN KEY (`approved_by`) REFERENCES `users` (`id`) ON DELETE SET NULL,
  CONSTRAINT `orders_customer_address_id_foreign` FOREIGN KEY (`customer_address_id`) REFERENCES `customer_addresses` (`id`) ON DELETE SET NULL ON UPDATE CASCADE,
  CONSTRAINT `orders_employee_id_foreign` FOREIGN KEY (`employee_id`) REFERENCES `employees` (`id`) ON DELETE SET NULL ON UPDATE CASCADE,
  CONSTRAINT `orders_location_id_foreign` FOREIGN KEY (`location_id`) REFERENCES `locations` (`id`) ON DELETE RESTRICT ON UPDATE CASCADE,
  CONSTRAINT `orders_table_id_foreign` FOREIGN KEY (`table_id`) REFERENCES `tables` (`id`) ON DELETE SET NULL ON UPDATE CASCADE
) ENGINE=InnoDB AUTO_INCREMENT=251 DEFAULT CHARSET=utf8mb4 COLLATE=utf8mb4_unicode_ci;

DROP TABLE IF EXISTS `password_reset_tokens`;
CREATE TABLE `password_reset_tokens` (
  `email` varchar(255) COLLATE utf8mb4_unicode_ci NOT NULL,
  `token` varchar(255) COLLATE utf8mb4_unicode_ci NOT NULL,
  `created_at` timestamp NULL DEFAULT NULL,
  PRIMARY KEY (`email`)
) ENGINE=InnoDB DEFAULT CHARSET=utf8mb4 COLLATE=utf8mb4_unicode_ci;

DROP TABLE IF EXISTS `payment_methods`;
CREATE TABLE `payment_methods` (
  `id` bigint unsigned NOT NULL AUTO_INCREMENT,
  `name` varchar(100) COLLATE utf8mb4_unicode_ci NOT NULL,
  `code` varchar(30) COLLATE utf8mb4_unicode_ci NOT NULL,
  `type` varchar(30) COLLATE utf8mb4_unicode_ci NOT NULL,
  `processing_fee` decimal(5,2) NOT NULL DEFAULT '0.00',
  `description` varchar(255) COLLATE utf8mb4_unicode_ci DEFAULT NULL,
  `display_order` int unsigned NOT NULL DEFAULT '0',
  `is_active` tinyint(1) NOT NULL DEFAULT '1',
  `created_at` timestamp NULL DEFAULT NULL,
  `updated_at` timestamp NULL DEFAULT NULL,
  PRIMARY KEY (`id`),
  UNIQUE KEY `payment_methods_name_unique` (`name`),
  UNIQUE KEY `payment_methods_code_unique` (`code`),
  KEY `payment_methods_is_active_index` (`is_active`)
) ENGINE=InnoDB AUTO_INCREMENT=7 DEFAULT CHARSET=utf8mb4 COLLATE=utf8mb4_unicode_ci;

DROP TABLE IF EXISTS `payments`;
CREATE TABLE `payments` (
  `id` bigint unsigned NOT NULL AUTO_INCREMENT,
  `invoice_id` bigint unsigned NOT NULL,
  `payment_method_id` bigint unsigned NOT NULL,
  `amount` decimal(12,2) NOT NULL,
  `transaction_id` varchar(100) COLLATE utf8mb4_unicode_ci NOT NULL,
  `reference_number` varchar(100) COLLATE utf8mb4_unicode_ci NOT NULL,
  `status` enum('pending','completed','failed','refunded') COLLATE utf8mb4_unicode_ci NOT NULL DEFAULT 'pending',
  `processed_at` timestamp NULL DEFAULT NULL,
  `notes` text COLLATE utf8mb4_unicode_ci,
  `created_at` timestamp NULL DEFAULT NULL,
  `updated_at` timestamp NULL DEFAULT NULL,
  PRIMARY KEY (`id`),
  UNIQUE KEY `payments_transaction_id_unique` (`transaction_id`),
  UNIQUE KEY `payments_reference_number_unique` (`reference_number`),
  KEY `payments_invoice_id_foreign` (`invoice_id`),
  KEY `payments_payment_method_id_foreign` (`payment_method_id`),
  KEY `payments_status_processed_at_index` (`status`,`processed_at`),
  CONSTRAINT `payments_invoice_id_foreign` FOREIGN KEY (`invoice_id`) REFERENCES `invoices` (`id`) ON DELETE CASCADE ON UPDATE CASCADE,
  CONSTRAINT `payments_payment_method_id_foreign` FOREIGN KEY (`payment_method_id`) REFERENCES `payment_methods` (`id`) ON DELETE RESTRICT ON UPDATE CASCADE
) ENGINE=InnoDB DEFAULT CHARSET=utf8mb4 COLLATE=utf8mb4_unicode_ci;

DROP TABLE IF EXISTS `payrolls`;
CREATE TABLE `payrolls` (
  `id` bigint unsigned NOT NULL AUTO_INCREMENT,
  `employee_id` bigint unsigned NOT NULL,
  `period_start` date NOT NULL,
  `period_end` date NOT NULL,
  `gross_pay` decimal(12,2) NOT NULL,
  `bonuses` decimal(12,2) NOT NULL DEFAULT '0.00',
  `deductions` decimal(12,2) NOT NULL DEFAULT '0.00',
  `net_pay` decimal(12,2) NOT NULL,
  `status` enum('draft','paid','cancelled') COLLATE utf8mb4_unicode_ci NOT NULL DEFAULT 'draft',
  `paid_at` timestamp NULL DEFAULT NULL,
  `created_at` timestamp NULL DEFAULT NULL,
  `updated_at` timestamp NULL DEFAULT NULL,
  PRIMARY KEY (`id`),
  KEY `payrolls_employee_id_period_start_period_end_index` (`employee_id`,`period_start`,`period_end`),
  KEY `payrolls_period_start_index` (`period_start`),
  KEY `payrolls_period_end_index` (`period_end`),
  KEY `payrolls_status_index` (`status`),
  CONSTRAINT `payrolls_employee_id_foreign` FOREIGN KEY (`employee_id`) REFERENCES `employees` (`id`) ON DELETE CASCADE ON UPDATE CASCADE
) ENGINE=InnoDB DEFAULT CHARSET=utf8mb4 COLLATE=utf8mb4_unicode_ci;

DROP TABLE IF EXISTS `permissions`;
CREATE TABLE `permissions` (
  `id` bigint unsigned NOT NULL AUTO_INCREMENT,
  `name` varchar(120) COLLATE utf8mb4_unicode_ci NOT NULL,
  `slug` varchar(120) COLLATE utf8mb4_unicode_ci NOT NULL,
  `description` text COLLATE utf8mb4_unicode_ci,
  `created_at` timestamp NULL DEFAULT NULL,
  `updated_at` timestamp NULL DEFAULT NULL,
  PRIMARY KEY (`id`),
  UNIQUE KEY `permissions_name_unique` (`name`),
  UNIQUE KEY `permissions_slug_unique` (`slug`)
) ENGINE=InnoDB AUTO_INCREMENT=24 DEFAULT CHARSET=utf8mb4 COLLATE=utf8mb4_unicode_ci;

DROP TABLE IF EXISTS `personal_access_tokens`;
CREATE TABLE `personal_access_tokens` (
  `id` bigint unsigned NOT NULL AUTO_INCREMENT,
  `tokenable_type` varchar(255) COLLATE utf8mb4_unicode_ci NOT NULL,
  `tokenable_id` bigint unsigned NOT NULL,
  `name` varchar(255) COLLATE utf8mb4_unicode_ci NOT NULL,
  `token` varchar(64) COLLATE utf8mb4_unicode_ci NOT NULL,
  `abilities` text COLLATE utf8mb4_unicode_ci,
  `last_used_at` timestamp NULL DEFAULT NULL,
  `expires_at` timestamp NULL DEFAULT NULL,
  `created_at` timestamp NULL DEFAULT NULL,
  `updated_at` timestamp NULL DEFAULT NULL,
  PRIMARY KEY (`id`),
  UNIQUE KEY `personal_access_tokens_token_unique` (`token`),
  KEY `personal_access_tokens_tokenable_type_tokenable_id_index` (`tokenable_type`,`tokenable_id`)
) ENGINE=InnoDB DEFAULT CHARSET=utf8mb4 COLLATE=utf8mb4_unicode_ci;

DROP TABLE IF EXISTS `positions`;
CREATE TABLE `positions` (
  `id` bigint unsigned NOT NULL AUTO_INCREMENT,
  `title` varchar(120) COLLATE utf8mb4_unicode_ci NOT NULL,
  `description` text COLLATE utf8mb4_unicode_ci,
  `is_active` tinyint(1) NOT NULL DEFAULT '1',
  `created_at` timestamp NULL DEFAULT NULL,
  `updated_at` timestamp NULL DEFAULT NULL,
  PRIMARY KEY (`id`),
  UNIQUE KEY `positions_title_unique` (`title`),
  KEY `positions_is_active_index` (`is_active`)
) ENGINE=InnoDB AUTO_INCREMENT=14 DEFAULT CHARSET=utf8mb4 COLLATE=utf8mb4_unicode_ci;

DROP TABLE IF EXISTS `promotions`;
CREATE TABLE `promotions` (
  `id` bigint unsigned NOT NULL AUTO_INCREMENT,
  `location_id` bigint unsigned DEFAULT NULL,
  `code` varchar(50) COLLATE utf8mb4_unicode_ci NOT NULL,
  `name` varchar(200) COLLATE utf8mb4_unicode_ci NOT NULL,
  `description` text COLLATE utf8mb4_unicode_ci,
  `type` enum('percentage','fixed','happy_hour') COLLATE utf8mb4_unicode_ci NOT NULL DEFAULT 'percentage',
  `value` decimal(12,2) NOT NULL DEFAULT '0.00',
  `min_order_amount` decimal(12,2) DEFAULT NULL,
  `usage_limit` int unsigned DEFAULT NULL,
  `per_customer_limit` int unsigned DEFAULT NULL,
  `start_at` timestamp NULL DEFAULT NULL,
  `end_at` timestamp NULL DEFAULT NULL,
  `is_active` tinyint(1) NOT NULL DEFAULT '1',
  `created_at` timestamp NULL DEFAULT NULL,
  `updated_at` timestamp NULL DEFAULT NULL,
  PRIMARY KEY (`id`),
  UNIQUE KEY `promotions_location_id_code_unique` (`location_id`,`code`),
  KEY `promotions_type_index` (`type`),
  KEY `promotions_start_at_index` (`start_at`),
  KEY `promotions_end_at_index` (`end_at`),
  KEY `promotions_is_active_index` (`is_active`),
  CONSTRAINT `promotions_location_id_foreign` FOREIGN KEY (`location_id`) REFERENCES `locations` (`id`) ON DELETE SET NULL ON UPDATE CASCADE
) ENGINE=InnoDB DEFAULT CHARSET=utf8mb4 COLLATE=utf8mb4_unicode_ci;

DROP TABLE IF EXISTS `purchase_order_items`;
CREATE TABLE `purchase_order_items` (
  `id` bigint unsigned NOT NULL AUTO_INCREMENT,
  `purchase_order_id` bigint unsigned NOT NULL,
  `ingredient_id` bigint unsigned NOT NULL,
  `quantity_ordered` decimal(12,3) NOT NULL,
  `quantity_received` decimal(12,3) NOT NULL DEFAULT '0.000',
  `unit_price` decimal(12,2) NOT NULL,
  `discount_amount` decimal(12,2) NOT NULL DEFAULT '0.00',
  `total` decimal(12,2) NOT NULL,
  `status` enum('open','partial','closed','cancelled') COLLATE utf8mb4_unicode_ci NOT NULL DEFAULT 'open',
  `tax_amount` decimal(12,2) NOT NULL DEFAULT '0.00',
  `created_at` timestamp NULL DEFAULT NULL,
  `updated_at` timestamp NULL DEFAULT NULL,
  PRIMARY KEY (`id`),
  KEY `purchase_order_items_purchase_order_id_foreign` (`purchase_order_id`),
  KEY `purchase_order_items_ingredient_id_foreign` (`ingredient_id`),
  KEY `purchase_order_items_status_index` (`status`),
  CONSTRAINT `purchase_order_items_ingredient_id_foreign` FOREIGN KEY (`ingredient_id`) REFERENCES `ingredients` (`id`) ON DELETE RESTRICT ON UPDATE CASCADE,
  CONSTRAINT `purchase_order_items_purchase_order_id_foreign` FOREIGN KEY (`purchase_order_id`) REFERENCES `purchase_orders` (`id`) ON DELETE CASCADE ON UPDATE CASCADE
) ENGINE=InnoDB DEFAULT CHARSET=utf8mb4 COLLATE=utf8mb4_unicode_ci;

DROP TABLE IF EXISTS `purchase_orders`;
CREATE TABLE `purchase_orders` (
  `id` bigint unsigned NOT NULL AUTO_INCREMENT,
  `location_id` bigint unsigned NOT NULL,
  `supplier_id` bigint unsigned NOT NULL,
  `created_by` bigint unsigned DEFAULT NULL,
  `order_date` date NOT NULL,
  `expected_date` date DEFAULT NULL,
  `received_at` datetime DEFAULT NULL,
  `status` enum('draft','submitted','partial','received','cancelled') COLLATE utf8mb4_unicode_ci NOT NULL DEFAULT 'draft',
  `total` decimal(12,2) NOT NULL DEFAULT '0.00',
  `currency` varchar(3) COLLATE utf8mb4_unicode_ci NOT NULL DEFAULT 'USD',
  `notes` text COLLATE utf8mb4_unicode_ci,
  `discount_total` decimal(12,2) NOT NULL DEFAULT '0.00',
  `tax_total` decimal(12,2) NOT NULL DEFAULT '0.00',
  `subtotal` decimal(12,2) NOT NULL DEFAULT '0.00',
  `created_at` timestamp NULL DEFAULT NULL,
  `updated_at` timestamp NULL DEFAULT NULL,
  PRIMARY KEY (`id`),
  KEY `purchase_orders_location_id_foreign` (`location_id`),
  KEY `purchase_orders_supplier_id_foreign` (`supplier_id`),
  KEY `purchase_orders_created_by_foreign` (`created_by`),
  KEY `purchase_orders_status_index` (`status`),
  CONSTRAINT `purchase_orders_created_by_foreign` FOREIGN KEY (`created_by`) REFERENCES `users` (`id`) ON DELETE SET NULL ON UPDATE CASCADE,
  CONSTRAINT `purchase_orders_location_id_foreign` FOREIGN KEY (`location_id`) REFERENCES `locations` (`id`) ON DELETE CASCADE ON UPDATE CASCADE,
  CONSTRAINT `purchase_orders_supplier_id_foreign` FOREIGN KEY (`supplier_id`) REFERENCES `suppliers` (`id`) ON DELETE RESTRICT ON UPDATE CASCADE
) ENGINE=InnoDB DEFAULT CHARSET=utf8mb4 COLLATE=utf8mb4_unicode_ci;

DROP TABLE IF EXISTS `recipe_ingredients`;
CREATE TABLE `recipe_ingredients` (
  `id` bigint unsigned NOT NULL AUTO_INCREMENT,
  `recipe_id` bigint unsigned NOT NULL,
  `ingredient_id` bigint unsigned NOT NULL,
  `quantity` decimal(12,3) NOT NULL,
  `unit` varchar(20) COLLATE utf8mb4_unicode_ci DEFAULT NULL,
  `created_at` timestamp NULL DEFAULT NULL,
  `updated_at` timestamp NULL DEFAULT NULL,
  PRIMARY KEY (`id`),
  UNIQUE KEY `recipe_ingredients_recipe_id_ingredient_id_unique` (`recipe_id`,`ingredient_id`),
  KEY `recipe_ingredients_ingredient_id_foreign` (`ingredient_id`),
  CONSTRAINT `recipe_ingredients_ingredient_id_foreign` FOREIGN KEY (`ingredient_id`) REFERENCES `ingredients` (`id`) ON DELETE RESTRICT ON UPDATE CASCADE,
  CONSTRAINT `recipe_ingredients_recipe_id_foreign` FOREIGN KEY (`recipe_id`) REFERENCES `recipes` (`id`) ON DELETE CASCADE ON UPDATE CASCADE
) ENGINE=InnoDB AUTO_INCREMENT=155 DEFAULT CHARSET=utf8mb4 COLLATE=utf8mb4_unicode_ci;

DROP TABLE IF EXISTS `recipes`;
CREATE TABLE `recipes` (
  `id` bigint unsigned NOT NULL AUTO_INCREMENT,
  `menu_item_id` bigint unsigned NOT NULL,
  `yield_portions` int unsigned NOT NULL DEFAULT '1',
  `instructions` text COLLATE utf8mb4_unicode_ci,
  `created_at` timestamp NULL DEFAULT NULL,
  `updated_at` timestamp NULL DEFAULT NULL,
  PRIMARY KEY (`id`),
  UNIQUE KEY `recipes_menu_item_id_unique` (`menu_item_id`),
  CONSTRAINT `recipes_menu_item_id_foreign` FOREIGN KEY (`menu_item_id`) REFERENCES `menu_items` (`id`) ON DELETE CASCADE ON UPDATE CASCADE
) ENGINE=InnoDB AUTO_INCREMENT=34 DEFAULT CHARSET=utf8mb4 COLLATE=utf8mb4_unicode_ci;

DROP TABLE IF EXISTS `reservations`;
CREATE TABLE `reservations` (
  `id` bigint unsigned NOT NULL AUTO_INCREMENT,
  `code` varchar(20) COLLATE utf8mb4_unicode_ci NOT NULL,
  `location_id` bigint unsigned NOT NULL,
  `customer_id` bigint unsigned NOT NULL,
  `table_id` bigint unsigned DEFAULT NULL,
  `reservation_number` varchar(50) COLLATE utf8mb4_unicode_ci NOT NULL,
  `reserved_for` varchar(255) COLLATE utf8mb4_unicode_ci DEFAULT NULL,
  `duration_minutes` int unsigned NOT NULL DEFAULT '60',
  `guest_count` int unsigned NOT NULL DEFAULT '2',
  `party_size` int NOT NULL,
  `reservation_date` date NOT NULL,
  `reservation_time` time NOT NULL,
  `status` enum('pending','confirmed','seated','completed','cancelled','no_show') COLLATE utf8mb4_unicode_ci NOT NULL DEFAULT 'pending',
  `special_requests` text COLLATE utf8mb4_unicode_ci,
  `notes` text COLLATE utf8mb4_unicode_ci,
  `created_at` timestamp NULL DEFAULT NULL,
  `updated_at` timestamp NULL DEFAULT NULL,
  PRIMARY KEY (`id`),
  UNIQUE KEY `reservations_code_unique` (`code`),
  UNIQUE KEY `reservations_reservation_number_unique` (`reservation_number`),
  UNIQUE KEY `unique_reservation_slot` (`location_id`,`reservation_date`,`reservation_time`,`table_id`),
  KEY `reservations_customer_id_foreign` (`customer_id`),
  KEY `reservations_table_id_foreign` (`table_id`),
  CONSTRAINT `reservations_customer_id_foreign` FOREIGN KEY (`customer_id`) REFERENCES `customers` (`id`) ON DELETE CASCADE ON UPDATE CASCADE,
  CONSTRAINT `reservations_location_id_foreign` FOREIGN KEY (`location_id`) REFERENCES `locations` (`id`) ON DELETE CASCADE ON UPDATE CASCADE,
  CONSTRAINT `reservations_table_id_foreign` FOREIGN KEY (`table_id`) REFERENCES `tables` (`id`) ON DELETE SET NULL ON UPDATE CASCADE
) ENGINE=InnoDB DEFAULT CHARSET=utf8mb4 COLLATE=utf8mb4_unicode_ci;

DROP TABLE IF EXISTS `role_permission`;
CREATE TABLE `role_permission` (
  `role_id` bigint unsigned NOT NULL,
  `permission_id` bigint unsigned NOT NULL,
  PRIMARY KEY (`role_id`,`permission_id`),
  KEY `role_permission_permission_id_foreign` (`permission_id`),
  CONSTRAINT `role_permission_permission_id_foreign` FOREIGN KEY (`permission_id`) REFERENCES `permissions` (`id`) ON DELETE CASCADE ON UPDATE CASCADE,
  CONSTRAINT `role_permission_role_id_foreign` FOREIGN KEY (`role_id`) REFERENCES `roles` (`id`) ON DELETE CASCADE ON UPDATE CASCADE
) ENGINE=InnoDB DEFAULT CHARSET=utf8mb4 COLLATE=utf8mb4_unicode_ci;

DROP TABLE IF EXISTS `role_user`;
CREATE TABLE `role_user` (
  `role_id` bigint unsigned NOT NULL,
  `user_id` bigint unsigned NOT NULL,
  PRIMARY KEY (`role_id`,`user_id`),
  KEY `role_user_user_id_foreign` (`user_id`),
  CONSTRAINT `role_user_role_id_foreign` FOREIGN KEY (`role_id`) REFERENCES `roles` (`id`) ON DELETE CASCADE ON UPDATE CASCADE,
  CONSTRAINT `role_user_user_id_foreign` FOREIGN KEY (`user_id`) REFERENCES `users` (`id`) ON DELETE CASCADE ON UPDATE CASCADE
) ENGINE=InnoDB DEFAULT CHARSET=utf8mb4 COLLATE=utf8mb4_unicode_ci;

DROP TABLE IF EXISTS `roles`;
CREATE TABLE `roles` (
  `id` bigint unsigned NOT NULL AUTO_INCREMENT,
  `name` varchar(100) COLLATE utf8mb4_unicode_ci NOT NULL,
  `slug` varchar(100) COLLATE utf8mb4_unicode_ci NOT NULL,
  `description` text COLLATE utf8mb4_unicode_ci,
  `created_at` timestamp NULL DEFAULT NULL,
  `updated_at` timestamp NULL DEFAULT NULL,
  PRIMARY KEY (`id`),
  UNIQUE KEY `roles_name_unique` (`name`),
  UNIQUE KEY `roles_slug_unique` (`slug`)
) ENGINE=InnoDB AUTO_INCREMENT=8 DEFAULT CHARSET=utf8mb4 COLLATE=utf8mb4_unicode_ci;

DROP TABLE IF EXISTS `sessions`;
CREATE TABLE `sessions` (
  `id` varchar(255) COLLATE utf8mb4_unicode_ci NOT NULL,
  `user_id` bigint unsigned DEFAULT NULL,
  `ip_address` varchar(45) COLLATE utf8mb4_unicode_ci DEFAULT NULL,
  `user_agent` text COLLATE utf8mb4_unicode_ci,
  `payload` longtext COLLATE utf8mb4_unicode_ci NOT NULL,
  `last_activity` int NOT NULL,
  PRIMARY KEY (`id`),
  KEY `sessions_user_id_index` (`user_id`),
  KEY `sessions_last_activity_index` (`last_activity`)
) ENGINE=InnoDB DEFAULT CHARSET=utf8mb4 COLLATE=utf8mb4_unicode_ci;

DROP TABLE IF EXISTS `settings`;
CREATE TABLE `settings` (
  `id` bigint unsigned NOT NULL AUTO_INCREMENT,
  `location_id` bigint unsigned DEFAULT NULL,
  `key` varchar(150) COLLATE utf8mb4_unicode_ci NOT NULL,
  `value` json DEFAULT NULL,
  `created_at` timestamp NULL DEFAULT NULL,
  `updated_at` timestamp NULL DEFAULT NULL,
  PRIMARY KEY (`id`),
  UNIQUE KEY `settings_location_id_key_unique` (`location_id`,`key`),
  KEY `settings_key_index` (`key`),
  CONSTRAINT `settings_location_id_foreign` FOREIGN KEY (`location_id`) REFERENCES `locations` (`id`) ON DELETE RESTRICT ON UPDATE CASCADE
) ENGINE=InnoDB DEFAULT CHARSET=utf8mb4 COLLATE=utf8mb4_unicode_ci;

DROP TABLE IF EXISTS `suppliers`;
CREATE TABLE `suppliers` (
  `id` bigint unsigned NOT NULL AUTO_INCREMENT,
  `location_id` bigint unsigned DEFAULT NULL,
  `code` varchar(50) COLLATE utf8mb4_unicode_ci NOT NULL,
  `name` varchar(150) COLLATE utf8mb4_unicode_ci NOT NULL,
  `contact_name` varchar(100) COLLATE utf8mb4_unicode_ci DEFAULT NULL,
  `contact_phone` varchar(30) COLLATE utf8mb4_unicode_ci DEFAULT NULL,
  `email` varchar(255) COLLATE utf8mb4_unicode_ci DEFAULT NULL,
  `phone` varchar(50) COLLATE utf8mb4_unicode_ci DEFAULT NULL,
  `address` varchar(255) COLLATE utf8mb4_unicode_ci DEFAULT NULL,
  `type` varchar(50) COLLATE utf8mb4_unicode_ci NOT NULL,
  `payment_terms` varchar(50) COLLATE utf8mb4_unicode_ci DEFAULT NULL,
  `notes` text COLLATE utf8mb4_unicode_ci,
  `tax_id` varchar(50) COLLATE utf8mb4_unicode_ci DEFAULT NULL,
  `is_active` tinyint(1) NOT NULL DEFAULT '1',
  `created_at` timestamp NULL DEFAULT NULL,
  `updated_at` timestamp NULL DEFAULT NULL,
  PRIMARY KEY (`id`),
  UNIQUE KEY `suppliers_code_unique` (`code`),
  KEY `suppliers_location_id_foreign` (`location_id`),
  KEY `suppliers_type_index` (`type`),
  KEY `suppliers_is_active_index` (`is_active`),
  CONSTRAINT `suppliers_location_id_foreign` FOREIGN KEY (`location_id`) REFERENCES `locations` (`id`) ON DELETE SET NULL ON UPDATE CASCADE
) ENGINE=InnoDB AUTO_INCREMENT=9 DEFAULT CHARSET=utf8mb4 COLLATE=utf8mb4_unicode_ci;

DROP TABLE IF EXISTS `tables`;
CREATE TABLE `tables` (
  `id` bigint unsigned NOT NULL AUTO_INCREMENT,
  `floor_id` bigint unsigned NOT NULL,
  `code` varchar(50) COLLATE utf8mb4_unicode_ci NOT NULL,
  `capacity` int unsigned NOT NULL DEFAULT '2',
  `status` enum('available','reserved','occupied','unavailable') COLLATE utf8mb4_unicode_ci NOT NULL DEFAULT 'available',
  `created_at` timestamp NULL DEFAULT NULL,
  `updated_at` timestamp NULL DEFAULT NULL,
  PRIMARY KEY (`id`),
  UNIQUE KEY `tables_floor_id_code_unique` (`floor_id`,`code`),
  KEY `tables_status_index` (`status`),
  CONSTRAINT `tables_floor_id_foreign` FOREIGN KEY (`floor_id`) REFERENCES `floors` (`id`) ON DELETE RESTRICT ON UPDATE CASCADE
) ENGINE=InnoDB AUTO_INCREMENT=37 DEFAULT CHARSET=utf8mb4 COLLATE=utf8mb4_unicode_ci;

DROP TABLE IF EXISTS `units`;
CREATE TABLE `units` (
  `id` bigint unsigned NOT NULL AUTO_INCREMENT,
  `code` varchar(10) COLLATE utf8mb4_unicode_ci NOT NULL,
  `name` varchar(50) COLLATE utf8mb4_unicode_ci NOT NULL,
  `display_name` varchar(20) COLLATE utf8mb4_unicode_ci NOT NULL,
  `base_unit` varchar(10) COLLATE utf8mb4_unicode_ci DEFAULT NULL,
  `conversion_factor` decimal(10,3) DEFAULT NULL,
  `is_base_unit` tinyint(1) NOT NULL DEFAULT '0',
  `for_weight` tinyint(1) NOT NULL DEFAULT '0',
  `for_volume` tinyint(1) NOT NULL DEFAULT '0',
  `for_quantity` tinyint(1) NOT NULL DEFAULT '0',
  `for_packaging` tinyint(1) NOT NULL DEFAULT '0',
  `for_produce` tinyint(1) NOT NULL DEFAULT '0',
  `created_at` timestamp NULL DEFAULT NULL,
  `updated_at` timestamp NULL DEFAULT NULL,
  PRIMARY KEY (`id`),
  UNIQUE KEY `units_code_unique` (`code`),
  KEY `units_base_unit_foreign` (`base_unit`),
  CONSTRAINT `units_base_unit_foreign` FOREIGN KEY (`base_unit`) REFERENCES `units` (`code`) ON DELETE RESTRICT ON UPDATE CASCADE
) ENGINE=InnoDB AUTO_INCREMENT=15 DEFAULT CHARSET=utf8mb4 COLLATE=utf8mb4_unicode_ci;

DROP TABLE IF EXISTS `users`;
CREATE TABLE `users` (
  `id` bigint unsigned NOT NULL AUTO_INCREMENT,
  `name` varchar(255) COLLATE utf8mb4_unicode_ci NOT NULL,
  `email` varchar(255) COLLATE utf8mb4_unicode_ci NOT NULL,
  `phone` varchar(30) COLLATE utf8mb4_unicode_ci DEFAULT NULL,
  `email_verified_at` timestamp NULL DEFAULT NULL,
  `password` varchar(255) COLLATE utf8mb4_unicode_ci NOT NULL,
  `is_active` tinyint(1) NOT NULL DEFAULT '1',
  `remember_token` varchar(100) COLLATE utf8mb4_unicode_ci DEFAULT NULL,
  `default_location_id` bigint unsigned DEFAULT NULL,
  `created_at` timestamp NULL DEFAULT NULL,
  `updated_at` timestamp NULL DEFAULT NULL,
  PRIMARY KEY (`id`),
  UNIQUE KEY `users_email_unique` (`email`),
  UNIQUE KEY `ux_users_phone` (`phone`),
  KEY `users_default_location_id_foreign` (`default_location_id`),
  KEY `users_is_active_index` (`is_active`),
  CONSTRAINT `users_default_location_id_foreign` FOREIGN KEY (`default_location_id`) REFERENCES `locations` (`id`) ON DELETE RESTRICT ON UPDATE CASCADE
) ENGINE=InnoDB AUTO_INCREMENT=33 DEFAULT CHARSET=utf8mb4 COLLATE=utf8mb4_unicode_ci;





INSERT INTO `categories` (`id`, `location_id`, `parent_id`, `slug`, `display_order`, `is_active`, `image`, `created_at`, `updated_at`) VALUES
(1, 1, NULL, 'appetizers', 1, 1, NULL, '2025-11-21 10:09:43', '2025-11-21 10:09:43'),
(2, 1, NULL, 'main-dishes', 2, 1, 'https://images.unsplash.com/photo-1546833999-b9f581a1996d?w=400&h=300&fit=crop', '2025-11-21 10:09:43', '2025-11-21 10:09:43'),
(3, 1, NULL, 'soups-salads', 3, 1, 'https://images.unsplash.com/photo-1547592180-85f173990554?w=400&h=300&fit=crop', '2025-11-21 10:09:43', '2025-11-21 10:09:43'),
(4, 1, NULL, 'desserts', 4, 1, 'https://images.unsplash.com/photo-1551024506-0bccd828d307?w=400&h=300&fit=crop', '2025-11-21 10:09:43', '2025-11-21 10:09:43'),
(5, 1, NULL, 'beverages', 5, 1, 'https://images.unsplash.com/photo-1544145945-f90425340c7e?w=400&h=300&fit=crop', '2025-11-21 10:09:43', '2025-11-21 10:09:43'),
(6, 1, 1, 'hot-appetizers', 1, 1, NULL, '2025-11-21 10:09:43', '2025-11-21 10:09:43'),
(7, 1, 1, 'cold-appetizers', 2, 1, NULL, '2025-11-21 10:09:43', '2025-11-21 10:09:43'),
(8, 1, 1, 'sharing-platters', 3, 1, NULL, '2025-11-21 10:09:43', '2025-11-21 10:09:43'),
(9, 1, 2, 'grilled-specialties', 1, 1, NULL, '2025-11-21 10:09:43', '2025-11-21 10:09:43'),
(10, 1, 2, 'pasta-noodles', 2, 1, NULL, '2025-11-21 10:09:43', '2025-11-21 10:09:43'),
(11, 1, 2, 'seafood', 3, 1, NULL, '2025-11-21 10:09:43', '2025-11-21 10:09:43'),
(12, 1, 2, 'vegetarian', 4, 1, NULL, '2025-11-21 10:09:43', '2025-11-21 10:09:43'),
(13, 1, 3, 'traditional-soups', 1, 1, NULL, '2025-11-21 10:09:43', '2025-11-21 10:09:43'),
(14, 1, 3, 'fresh-salads', 2, 1, NULL, '2025-11-21 10:09:43', '2025-11-21 10:09:43'),
(15, 1, 4, 'traditional-desserts', 1, 1, NULL, '2025-11-21 10:09:43', '2025-11-21 10:09:43'),
(16, 1, 4, 'ice-cream', 2, 1, NULL, '2025-11-21 10:09:43', '2025-11-21 10:09:43'),
(17, 1, 4, 'cakes-pastries', 3, 1, NULL, '2025-11-21 10:09:43', '2025-11-21 10:09:43'),
(18, 1, 5, 'hot-beverages', 1, 1, NULL, '2025-11-21 10:09:43', '2025-11-21 10:09:43'),
(19, 1, 5, 'cold-beverages', 2, 1, NULL, '2025-11-21 10:09:43', '2025-11-21 10:09:43'),
(20, 1, 5, 'fresh-juices', 3, 1, NULL, '2025-11-21 10:09:43', '2025-11-21 10:09:43'),
(21, 1, 5, 'alcoholic-beverages', 4, 1, NULL, '2025-11-21 10:09:43', '2025-11-21 10:09:43');
INSERT INTO `category_translations` (`id`, `category_id`, `locale`, `name`, `description`, `created_at`, `updated_at`) VALUES
(1, 1, 'en', 'Appetizers', 'Start your meal with our delicious appetizers', '2025-11-21 10:09:43', '2025-11-21 10:09:43'),
(2, 1, 'km', '', '', '2025-11-21 10:09:43', '2025-11-21 10:09:43'),
(3, 2, 'en', 'Main Dishes', 'Experience our selection of hearty main dishes', '2025-11-21 10:09:43', '2025-11-21 10:09:43'),
(4, 2, 'km', '', '', '2025-11-21 10:09:43', '2025-11-21 10:09:43'),
(5, 3, 'en', 'Soups & Salads', 'Fresh salads and warming soups', '2025-11-21 10:09:43', '2025-11-21 10:09:43'),
(6, 3, 'km', ' ', ' ', '2025-11-21 10:09:43', '2025-11-21 10:09:43'),
(7, 4, 'en', 'Desserts', 'Sweet treats to end your meal perfectly', '2025-11-21 10:09:43', '2025-11-21 10:09:43'),
(8, 4, 'km', '', '', '2025-11-21 10:09:43', '2025-11-21 10:09:43'),
(9, 5, 'en', 'Beverages', 'Refresh yourself with our selection of drinks', '2025-11-21 10:09:43', '2025-11-21 10:09:43'),
(10, 5, 'km', '', '', '2025-11-21 10:09:43', '2025-11-21 10:09:43'),
(11, 6, 'en', 'Hot Appetizers', 'Warm and delicious starters', '2025-11-21 10:09:43', '2025-11-21 10:09:43'),
(12, 6, 'km', '', ' ', '2025-11-21 10:09:43', '2025-11-21 10:09:43'),
(13, 7, 'en', 'Cold Appetizers', 'Refreshing cold starters', '2025-11-21 10:09:43', '2025-11-21 10:09:43'),
(14, 7, 'km', '', '', '2025-11-21 10:09:43', '2025-11-21 10:09:43'),
(15, 8, 'en', 'Sharing Platters', 'Perfect for sharing with friends and family', '2025-11-21 10:09:43', '2025-11-21 10:09:43'),
(16, 8, 'km', '', ' ', '2025-11-21 10:09:43', '2025-11-21 10:09:43'),
(17, 9, 'en', 'Grilled Specialties', 'Our signature grilled dishes', '2025-11-21 10:09:43', '2025-11-21 10:09:43'),
(18, 9, 'km', '', '', '2025-11-21 10:09:43', '2025-11-21 10:09:43'),
(19, 10, 'en', 'Pasta & Noodles', 'Selection of pasta and noodle dishes', '2025-11-21 10:09:43', '2025-11-21 10:09:43'),
(20, 10, 'km', ' ', ' ', '2025-11-21 10:09:43', '2025-11-21 10:09:43'),
(21, 11, 'en', 'Seafood', 'Fresh seafood dishes', '2025-11-21 10:09:43', '2025-11-21 10:09:43'),
(22, 11, 'km', '', '', '2025-11-21 10:09:43', '2025-11-21 10:09:43'),
(23, 12, 'en', 'Vegetarian', 'Delicious vegetarian options', '2025-11-21 10:09:43', '2025-11-21 10:09:43'),
(24, 12, 'km', '', '', '2025-11-21 10:09:43', '2025-11-21 10:09:43'),
(25, 13, 'en', 'Traditional Soups', 'Classic Khmer soups', '2025-11-21 10:09:43', '2025-11-21 10:09:43'),
(26, 13, 'km', '', '', '2025-11-21 10:09:43', '2025-11-21 10:09:43'),
(27, 14, 'en', 'Fresh Salads', 'Light and refreshing salads', '2025-11-21 10:09:43', '2025-11-21 10:09:43'),
(28, 14, 'km', '', '', '2025-11-21 10:09:43', '2025-11-21 10:09:43'),
(29, 15, 'en', 'Traditional Desserts', 'Classic Khmer desserts', '2025-11-21 10:09:43', '2025-11-21 10:09:43'),
(30, 15, 'km', '', '', '2025-11-21 10:09:43', '2025-11-21 10:09:43'),
(31, 16, 'en', 'Ice Cream', 'Cool and creamy ice cream treats', '2025-11-21 10:09:43', '2025-11-21 10:09:43'),
(32, 16, 'km', '', '', '2025-11-21 10:09:43', '2025-11-21 10:09:43'),
(33, 17, 'en', 'Cakes & Pastries', 'Fresh baked cakes and pastries', '2025-11-21 10:09:43', '2025-11-21 10:09:43'),
(34, 17, 'km', ' ', ' ', '2025-11-21 10:09:43', '2025-11-21 10:09:43'),
(35, 18, 'en', 'Hot Beverages', 'Warming drinks and hot beverages', '2025-11-21 10:09:43', '2025-11-21 10:09:43'),
(36, 18, 'km', '', '', '2025-11-21 10:09:43', '2025-11-21 10:09:43'),
(37, 19, 'en', 'Cold Beverages', 'Refreshing cold drinks', '2025-11-21 10:09:43', '2025-11-21 10:09:43'),
(38, 19, 'km', '', '', '2025-11-21 10:09:43', '2025-11-21 10:09:43'),
(39, 20, 'en', 'Fresh Juices', 'Freshly squeezed fruit juices', '2025-11-21 10:09:43', '2025-11-21 10:09:43'),
(40, 20, 'km', '', '', '2025-11-21 10:09:43', '2025-11-21 10:09:43'),
(41, 21, 'en', 'Alcoholic Beverages', 'Selection of beer, wine and spirits', '2025-11-21 10:09:43', '2025-11-21 10:09:43'),
(42, 21, 'km', '', '  ', '2025-11-21 10:09:43', '2025-11-21 10:09:43');
INSERT INTO `customer_addresses` (`id`, `customer_id`, `label`, `address_line_1`, `address_line_2`, `city`, `province`, `postal_code`, `latitude`, `longitude`, `delivery_instructions`, `created_at`, `updated_at`) VALUES
(1, 1, 'Home', 'No. 45, Street 123', 'Sangkat Boeung Keng Kang', 'Phnom Penh', 'Phnom Penh', '12345', '11.5564000', '104.9282000', 'Leave at the front desk.', '2025-11-21 10:09:43', '2025-11-21 10:09:43'),
(2, 1, 'Work', 'Tower A, 12th Floor', 'Russian Blvd', 'Phnom Penh', 'Phnom Penh', '12000', '11.5621000', '104.8885000', 'Call upon arrival.', '2025-11-21 10:09:43', '2025-11-21 10:09:43');

INSERT INTO `customers` (`id`, `customer_code`, `loyalty_points`, `total_spent`, `preferred_language`, `dietary_preferences`, `marketing_consent`, `user_id`, `preferred_location_id`, `birth_date`, `gender`, `preferences`, `points_balance`, `notes`, `created_at`, `updated_at`) VALUES
(1, 'CUST-34816', 0, '0.00', NULL, NULL, 0, 31, 1, NULL, 'other', NULL, 0, NULL, '2025-11-21 10:09:43', '2025-11-21 10:09:43'),
(2, 'CUST-55917', 384, '417.23', 'en', NULL, 1, 21, 1, '1996-08-20', 'female', NULL, 0, NULL, '2025-11-21 10:09:47', '2025-11-21 10:09:47'),
(3, 'CUST-54204', 494, '887.86', 'en', '\"dairy_free\"', 0, 22, 1, '1995-11-06', 'female', NULL, 0, NULL, '2025-11-21 10:09:47', '2025-11-21 10:09:47'),
(4, 'CUST-37069', 112, '1378.38', 'en', NULL, 1, 23, 1, '1965-04-17', 'male', NULL, 0, NULL, '2025-11-21 10:09:47', '2025-11-21 10:09:47'),
(5, 'CUST-57695', 467, '394.09', 'en', NULL, 0, 24, 1, '1958-08-19', 'female', NULL, 0, NULL, '2025-11-21 10:09:47', '2025-11-21 10:09:47'),
(6, 'CUST-23212', 420, '1557.33', 'km', NULL, 1, 25, 1, '1974-10-06', 'other', NULL, 0, NULL, '2025-11-21 10:09:47', '2025-11-21 10:09:47'),
(7, 'CUST-32012', 387, '449.00', 'en', NULL, 0, 26, 1, '1996-02-29', 'female', NULL, 0, NULL, '2025-11-21 10:09:47', '2025-11-21 10:09:47'),
(8, 'CUST-96620', 378, '657.07', 'en', NULL, 1, 27, 1, '1984-05-04', 'other', NULL, 0, NULL, '2025-11-21 10:09:47', '2025-11-21 10:09:47'),
(9, 'CUST-35301', 113, '1399.05', 'km', '\"no_spicy\"', 0, 28, 1, '1975-11-29', 'other', NULL, 0, NULL, '2025-11-21 10:09:47', '2025-11-21 10:09:47'),
(10, 'CUST-56988', 145, '373.52', 'en', '\"gluten_free\"', 1, 29, 1, '1966-07-08', 'male', NULL, 0, NULL, '2025-11-21 10:09:47', '2025-11-21 10:09:47'),
(11, 'CUST-27124', 110, '1961.14', 'en', NULL, 1, 30, 1, '1978-09-22', 'other', NULL, 0, NULL, '2025-11-21 10:09:47', '2025-11-21 10:09:47');
INSERT INTO `employees` (`id`, `user_id`, `position_id`, `location_id`, `employee_code`, `hire_date`, `salary_type`, `salary`, `address`, `status`, `created_at`, `updated_at`) VALUES
(1, 32, 3, 1, 'NKH-DT-EMP-4173', '2025-10-18', 'monthly', '2200.00', '414 Street 51, Mean Chey District, Phnom Penh', 'inactive', '2025-11-21 10:09:43', '2025-11-21 10:09:43'),
(2, 6, 3, 1, 'NKH-DT-EMP-8887', '2024-12-15', 'monthly', '2200.00', '977 Street 310, Mean Chey District, Phnom Penh', 'on_leave', '2025-11-21 10:09:44', '2025-11-21 10:09:44'),
(3, 7, 4, 1, 'NKH-DT-EMP-4890', '2025-04-01', 'monthly', '1600.00', '925 Monivong Blvd, Tuol Kork District, Phnom Penh', 'active', '2025-11-21 10:09:44', '2025-11-21 10:09:44'),
(4, 8, 4, 1, 'NKH-DT-EMP-6127', '2025-05-23', 'monthly', '1600.00', '937 Russian Blvd, Tuol Kork District, Phnom Penh', 'active', '2025-11-21 10:09:44', '2025-11-21 10:09:44'),
(5, 9, 7, 1, 'NKH-DT-EMP-7450', '2025-05-19', 'monthly', '1400.00', '527 Street 51, Sen Sok District, Phnom Penh', 'active', '2025-11-21 10:09:44', '2025-11-21 10:09:44'),
(6, 10, 7, 1, 'NKH-DT-EMP-5312', '2025-02-25', 'monthly', '1400.00', '667 Street 310, Mean Chey District, Phnom Penh', 'inactive', '2025-11-21 10:09:44', '2025-11-21 10:09:44'),
(7, 11, 8, 1, 'NKH-DT-EMP-2301', '2025-09-22', 'hourly', '8.50', '731 Russian Blvd, Sen Sok District, Phnom Penh', 'active', '2025-11-21 10:09:45', '2025-11-21 10:09:45'),
(8, 12, 8, 1, 'NKH-DT-EMP-8299', '2025-04-24', 'hourly', '8.50', '976 Street 310, Mean Chey District, Phnom Penh', 'active', '2025-11-21 10:09:45', '2025-11-21 10:09:45'),
(9, 13, 8, 1, 'NKH-DT-EMP-5313', '2025-08-09', 'hourly', '8.50', '876 Norodom Blvd, Chamkarmon District, Phnom Penh', 'on_leave', '2025-11-21 10:09:45', '2025-11-21 10:09:45'),
(10, 14, 8, 1, 'NKH-DT-EMP-7452', '2025-02-06', 'hourly', '8.50', '482 Russian Blvd, Mean Chey District, Phnom Penh', 'active', '2025-11-21 10:09:45', '2025-11-21 10:09:45'),
(11, 15, 5, 1, 'NKH-DT-EMP-6024', '2025-08-13', 'hourly', '12.00', '830 Street 310, Sen Sok District, Phnom Penh', 'active', '2025-11-21 10:09:46', '2025-11-21 10:09:46'),
(12, 16, 5, 1, 'NKH-DT-EMP-5757', '2025-08-05', 'hourly', '12.00', '904 Sihanouk Blvd, Tuol Kork District, Phnom Penh', 'active', '2025-11-21 10:09:46', '2025-11-21 10:09:46'),
(13, 17, 9, 1, 'NKH-DT-EMP-3692', '2025-05-01', 'hourly', '10.00', '868 Mao Tse Toung Blvd, Sen Sok District, Phnom Penh', 'inactive', '2025-11-21 10:09:46', '2025-11-21 10:09:46'),
(14, 18, 9, 1, 'NKH-DT-EMP-1417', '2025-05-14', 'hourly', '10.00', '893 Russian Blvd, Daun Penh District, Phnom Penh', 'inactive', '2025-11-21 10:09:46', '2025-11-21 10:09:46'),
(15, 19, 10, 1, 'NKH-DT-EMP-3329', '2025-02-18', 'hourly', '9.00', '867 Street 271, Mean Chey District, Phnom Penh', 'active', '2025-11-21 10:09:47', '2025-11-21 10:09:47'),
(16, 20, 10, 1, 'NKH-DT-EMP-2574', '2025-05-21', 'hourly', '9.00', '389 Street 51, Sen Sok District, Phnom Penh', 'active', '2025-11-21 10:09:47', '2025-11-21 10:09:47');




INSERT INTO `floors` (`id`, `location_id`, `name`, `display_order`, `is_active`, `created_at`, `updated_at`) VALUES
(1, 1, 'Ground Floor', 1, 1, '2025-11-21 10:09:43', '2025-11-21 10:09:43'),
(2, 1, 'Second Floor', 2, 1, '2025-11-21 10:09:43', '2025-11-21 10:09:43'),
(3, 1, 'Terrace', 3, 1, '2025-11-21 10:09:43', '2025-11-21 10:09:43'),
(4, 1, 'VIP Floor', 4, 1, '2025-11-21 10:09:43', '2025-11-21 10:09:43');
INSERT INTO `ingredients` (`id`, `location_id`, `sku`, `name`, `unit`, `quantity_on_hand`, `reorder_level`, `reorder_quantity`, `cost`, `is_active`, `created_at`, `updated_at`, `deleted_at`) VALUES
(1, 1, 'BEEF-001', 'Premium Beef', 'kg', '25.500', '10.000', '30.000', '18.50', 1, '2025-11-21 10:09:43', '2025-11-21 10:09:43', NULL),
(2, 1, 'PORK-001', 'Fresh Pork', 'kg', '18.000', '8.000', '25.000', '12.00', 1, '2025-11-21 10:09:43', '2025-11-21 10:09:43', NULL),
(3, 1, 'CHKN-001', 'Free Range Chicken', 'kg', '22.000', '12.000', '30.000', '8.50', 1, '2025-11-21 10:09:43', '2025-11-21 10:09:43', NULL),
(4, 1, 'FISH-001', 'Fresh River Fish', 'kg', '15.500', '8.000', '20.000', '14.00', 1, '2025-11-21 10:09:43', '2025-11-21 10:09:43', NULL),
(5, 1, 'PRWN-001', 'Fresh Prawns', 'kg', '8.000', '5.000', '15.000', '22.00', 1, '2025-11-21 10:09:43', '2025-11-21 10:09:43', NULL),
(6, 1, 'TOFU-001', 'Silken Tofu', 'kg', '12.000', '6.000', '20.000', '3.50', 1, '2025-11-21 10:09:43', '2025-11-21 10:09:43', NULL),
(7, 1, 'VEG-001', 'Green Papaya', 'kg', '35.000', '15.000', '40.000', '2.50', 1, '2025-11-21 10:09:43', '2025-11-21 10:09:43', NULL),
(8, 1, 'VEG-002', 'Tomatoes', 'kg', '28.000', '12.000', '35.000', '3.00', 1, '2025-11-21 10:09:43', '2025-11-21 10:09:43', NULL),
(9, 1, 'VEG-003', 'Morning Glory', 'kg', '20.000', '10.000', '25.000', '1.80', 1, '2025-11-21 10:09:43', '2025-11-21 10:09:43', NULL),
(10, 1, 'VEG-004', 'Bean Sprouts', 'kg', '15.000', '8.000', '20.000', '2.00', 1, '2025-11-21 10:09:43', '2025-11-21 10:09:43', NULL),
(11, 1, 'VEG-005', 'Lotus Stem', 'kg', '8.500', '5.000', '12.000', '4.50', 1, '2025-11-21 10:09:43', '2025-11-21 10:09:43', NULL),
(12, 1, 'VEG-006', 'Lolot Leaves', 'kg', '5.000', '3.000', '8.000', '6.00', 1, '2025-11-21 10:09:43', '2025-11-21 10:09:43', NULL),
(13, 1, 'VEG-007', 'Banana Leaves', 'unit', '50.000', '20.000', '60.000', '0.50', 1, '2025-11-21 10:09:43', '2025-11-21 10:09:43', NULL),
(14, 1, 'HERB-001', 'Fresh Ginger', 'kg', '8.000', '4.000', '10.000', '5.50', 1, '2025-11-21 10:09:43', '2025-11-21 10:09:43', NULL),
(15, 1, 'HERB-002', 'Lemongrass', 'kg', '6.500', '3.000', '8.000', '4.00', 1, '2025-11-21 10:09:43', '2025-11-21 10:09:43', NULL),
(16, 1, 'HERB-003', 'Galangal', 'kg', '4.000', '2.000', '6.000', '7.00', 1, '2025-11-21 10:09:43', '2025-11-21 10:09:43', NULL),
(17, 1, 'HERB-004', 'Kaffir Lime Leaves', 'kg', '2.500', '1.000', '4.000', '12.00', 1, '2025-11-21 10:09:43', '2025-11-21 10:09:43', NULL),
(18, 1, 'HERB-005', 'Thai Basil', 'kg', '3.000', '1.500', '5.000', '8.00', 1, '2025-11-21 10:09:43', '2025-11-21 10:09:43', NULL),
(19, 1, 'HERB-006', 'Cilantro', 'kg', '4.500', '2.000', '6.000', '6.50', 1, '2025-11-21 10:09:43', '2025-11-21 10:09:43', NULL),
(20, 1, 'SPICE-001', 'Turmeric Powder', 'kg', '5.000', '2.000', '8.000', '15.00', 1, '2025-11-21 10:09:43', '2025-11-21 10:09:43', NULL),
(21, 1, 'SPICE-002', 'Chili Powder', 'kg', '6.000', '3.000', '10.000', '12.00', 1, '2025-11-21 10:09:43', '2025-11-21 10:09:43', NULL),
(22, 1, 'PANT-001', 'Jasmine Rice', 'kg', '150.000', '50.000', '200.000', '1.20', 1, '2025-11-21 10:09:43', '2025-11-21 10:09:43', NULL),
(23, 1, 'PANT-002', 'Rice Noodles', 'kg', '45.000', '20.000', '60.000', '2.80', 1, '2025-11-21 10:09:43', '2025-11-21 10:09:43', NULL),
(24, 1, 'PANT-003', 'Coconut Milk', 'l', '25.000', '12.000', '35.000', '3.50', 1, '2025-11-21 10:09:43', '2025-11-21 10:09:43', NULL),
(25, 1, 'PANT-004', 'Fish Sauce', 'l', '18.000', '8.000', '25.000', '4.20', 1, '2025-11-21 10:09:43', '2025-11-21 10:09:43', NULL),
(26, 1, 'PANT-005', 'Soy Sauce', 'l', '22.000', '10.000', '30.000', '3.80', 1, '2025-11-21 10:09:43', '2025-11-21 10:09:43', NULL),
(27, 1, 'PANT-006', 'Oyster Sauce', 'l', '15.000', '8.000', '20.000', '5.50', 1, '2025-11-21 10:09:43', '2025-11-21 10:09:43', NULL),
(28, 1, 'PANT-007', 'Tamarind Paste', 'kg', '8.000', '4.000', '12.000', '6.80', 1, '2025-11-21 10:09:43', '2025-11-21 10:09:43', NULL),
(29, 1, 'PANT-008', 'Palm Sugar', 'kg', '12.000', '6.000', '18.000', '4.50', 1, '2025-11-21 10:09:43', '2025-11-21 10:09:43', NULL),
(30, 1, 'FRUIT-001', 'Fresh Mangoes', 'kg', '20.000', '10.000', '30.000', '3.20', 1, '2025-11-21 10:09:43', '2025-11-21 10:09:43', NULL),
(31, 1, 'FRUIT-002', 'Oranges', 'kg', '25.000', '12.000', '35.000', '2.80', 1, '2025-11-21 10:09:43', '2025-11-21 10:09:43', NULL),
(32, 1, 'FRUIT-003', 'Watermelon', 'kg', '40.000', '20.000', '60.000', '1.50', 1, '2025-11-21 10:09:43', '2025-11-21 10:09:43', NULL),
(33, 1, 'FRUIT-004', 'Limes', 'kg', '15.000', '8.000', '20.000', '4.00', 1, '2025-11-21 10:09:43', '2025-11-21 10:09:43', NULL),
(34, 1, 'DAIRY-001', 'Fresh Eggs', 'unit', '200.000', '100.000', '300.000', '0.25', 1, '2025-11-21 10:09:43', '2025-11-21 10:09:43', NULL),
(35, 1, 'DAIRY-002', 'Condensed Milk', 'l', '20.000', '10.000', '30.000', '3.80', 1, '2025-11-21 10:09:43', '2025-11-21 10:09:43', NULL),
(36, 1, 'DAIRY-003', 'Heavy Cream', 'l', '12.000', '6.000', '18.000', '5.20', 1, '2025-11-21 10:09:43', '2025-11-21 10:09:43', NULL),
(37, 1, 'BEV-001', 'Cambodian Coffee Beans', 'kg', '15.000', '8.000', '25.000', '12.50', 1, '2025-11-21 10:09:43', '2025-11-21 10:09:43', NULL),
(38, 1, 'BEV-002', 'Jasmine Tea Leaves', 'kg', '8.000', '4.000', '12.000', '18.00', 1, '2025-11-21 10:09:43', '2025-11-21 10:09:43', NULL),
(39, 1, 'BEV-003', 'Angkor Beer', 'unit', '120.000', '50.000', '200.000', '1.20', 1, '2025-11-21 10:09:43', '2025-11-21 10:09:43', NULL),
(40, 1, 'LOW-001', 'Premium Olive Oil', 'l', '2.000', '5.000', '15.000', '25.00', 1, '2025-11-21 10:09:43', '2025-11-21 10:09:43', NULL),
(41, 1, 'LOW-002', 'Sea Salt', 'kg', '1.500', '3.000', '10.000', '8.50', 1, '2025-11-21 10:09:43', '2025-11-21 10:09:43', NULL),
(42, 1, 'OUT-001', 'Black Pepper', 'kg', '0.000', '2.000', '8.000', '35.00', 1, '2025-11-21 10:09:43', '2025-11-21 10:09:43', NULL);

INSERT INTO `invoices` (`id`, `order_id`, `location_id`, `invoice_number`, `subtotal`, `tax_amount`, `discount_amount`, `total_amount`, `service_charge`, `amount_paid`, `amount_due`, `status`, `currency`, `issued_at`, `due_at`, `paid_at`, `notes`, `created_at`, `updated_at`) VALUES
(1, 1, 1, 'INV-NKH-DT-20250921-7876', '53.50', '5.35', '0.00', '58.85', '0.00', '0.00', '58.85', 'cancelled', 'USD', '2025-09-21 02:59:40', '2025-09-23 02:59:40', '2025-09-21 03:28:40', 'Group booking discount applied', '2025-11-21 10:09:49', '2025-11-21 10:09:49'),
(2, 5, 1, 'INV-NKH-DT-20251107-3179', '65.00', '6.50', '0.00', '71.50', '0.00', '0.00', '0.00', 'paid', 'USD', '2025-11-07 09:47:53', '2025-11-27 09:47:53', '2025-11-07 10:18:53', 'Corporate account - NET 30', '2025-11-21 10:09:49', '2025-11-21 10:09:49'),
(3, 12, 1, 'INV-NKH-DT-20250822-1833', '138.50', '13.85', '0.00', '152.35', '0.00', '152.35', '0.00', 'paid', 'USD', '2025-08-22 10:43:18', '2025-08-29 10:43:18', '2025-08-22 11:42:18', 'Group booking discount applied', '2025-11-21 10:09:49', '2025-11-21 10:09:49'),
(4, 17, 1, 'INV-NKH-DT-20251103-3680', '103.50', '10.35', '6.10', '107.75', '0.00', '0.00', '0.00', 'draft', 'USD', '2025-11-03 12:06:42', '2025-12-03 12:06:42', NULL, 'Special event surcharge applied', '2025-11-21 10:09:49', '2025-11-21 10:09:49'),
(5, 24, 1, 'INV-NKH-DT-20251102-2938', '83.00', '8.30', '0.00', '91.30', '0.00', '0.00', '0.00', 'paid', 'USD', '2025-11-02 06:19:07', '2025-11-27 06:19:07', NULL, 'Payment due within 30 days', '2025-11-21 10:09:49', '2025-11-21 10:09:49'),
(6, 25, 1, 'INV-NKH-DT-20251112-4290', '147.00', '14.70', '0.00', '161.70', '0.00', '161.70', '0.00', 'paid', 'USD', '2025-11-12 02:28:13', '2025-12-10 02:28:13', NULL, 'Catering service invoice', '2025-11-21 10:09:49', '2025-11-21 10:09:49'),
(7, 27, 1, 'INV-NKH-DT-20250907-2683', '131.50', '13.15', '0.00', '144.65', '0.00', '144.65', '144.65', 'draft', 'USD', '2025-09-07 19:09:08', '2025-09-30 19:09:08', '2025-09-07 19:54:08', NULL, '2025-11-21 10:09:49', '2025-11-21 10:09:49'),
(8, 34, 1, 'INV-NKH-DT-20251109-7581', '62.00', '6.20', '0.00', '68.20', '0.00', '0.00', '0.00', 'cancelled', 'USD', '2025-11-09 17:25:49', '2025-11-23 17:25:49', '2025-11-09 18:05:49', 'Corporate account - NET 30', '2025-11-21 10:09:49', '2025-11-21 10:09:49'),
(9, 37, 1, 'INV-NKH-DT-20251030-6313', '120.00', '12.00', '0.00', '132.00', '0.00', '132.00', '0.00', 'issued', 'USD', '2025-10-30 21:56:59', '2025-11-14 21:56:59', '2025-10-30 22:27:59', 'Special event surcharge applied', '2025-11-21 10:09:49', '2025-11-21 10:09:49'),
(10, 38, 1, 'INV-NKH-DT-20250916-8594', '123.00', '12.30', '0.00', '135.30', '0.00', '0.00', '0.00', 'draft', 'USD', '2025-09-16 16:14:28', '2025-10-10 16:14:28', '2025-09-16 17:11:28', 'Early payment discount available', '2025-11-21 10:09:49', '2025-11-21 10:09:49'),
(11, 40, 1, 'INV-NKH-DT-20250924-5282', '138.00', '13.80', '0.00', '151.80', '0.00', '151.80', '0.00', 'paid', 'USD', '2025-09-24 15:11:47', '2025-10-21 15:11:47', '2025-09-24 15:37:47', 'Loyalty points earned: 50', '2025-11-21 10:09:49', '2025-11-21 10:09:49'),
(12, 41, 1, 'INV-NKH-DT-20250830-3497', '96.00', '9.60', '0.00', '105.60', '0.00', '105.60', '0.00', 'paid', 'USD', '2025-08-30 15:50:25', '2025-09-11 15:50:25', '2025-08-30 16:22:25', NULL, '2025-11-21 10:09:49', '2025-11-21 10:09:49'),
(13, 42, 1, 'INV-NKH-DT-20250919-1792', '108.50', '10.85', '0.00', '119.35', '0.00', '119.35', '119.35', 'paid', 'USD', '2025-09-19 01:02:15', '2025-09-19 01:02:15', NULL, NULL, '2025-11-21 10:09:49', '2025-11-21 10:09:49'),
(14, 43, 1, 'INV-NKH-DT-20250827-9306', '204.50', '20.45', '7.12', '217.83', '0.00', '0.00', '0.00', 'paid', 'USD', '2025-08-27 14:15:41', '2025-09-25 14:15:41', '2025-08-27 14:42:41', 'Corporate account - NET 30', '2025-11-21 10:09:49', '2025-11-21 10:09:49'),
(15, 47, 1, 'INV-NKH-DT-20251118-3731', '168.50', '16.85', '5.24', '180.11', '0.00', '0.00', '180.11', 'cancelled', 'USD', '2025-11-18 14:44:42', '2025-11-27 14:44:42', '2025-11-18 15:20:42', NULL, '2025-11-21 10:09:49', '2025-11-21 10:09:49'),
(16, 48, 1, 'INV-NKH-DT-20250827-4763', '151.50', '15.15', '0.00', '166.65', '0.00', '166.65', '0.00', 'paid', 'USD', '2025-08-27 02:09:05', '2025-09-10 02:09:05', '2025-08-27 02:58:05', 'Thank you for dining with us!', '2025-11-21 10:09:49', '2025-11-21 10:09:49'),
(17, 50, 1, 'INV-NKH-DT-20251022-3849', '49.00', '4.90', '0.00', '53.90', '0.00', '0.00', '53.90', 'issued', 'USD', '2025-10-22 11:07:24', '2025-11-19 11:07:24', '2025-10-22 11:56:24', 'Corporate account - NET 30', '2025-11-21 10:09:49', '2025-11-21 10:09:49'),
(18, 53, 1, 'INV-NKH-DT-20251103-4669', '49.00', '4.90', '0.00', '53.90', '0.00', '53.90', '53.90', 'paid', 'USD', '2025-11-03 02:19:43', '2025-11-04 02:19:43', '2025-11-03 02:59:43', 'Special event surcharge applied', '2025-11-21 10:09:49', '2025-11-21 10:09:49'),
(19, 55, 1, 'INV-NKH-DT-20251101-6326', '124.50', '12.45', '0.00', '136.95', '0.00', '136.95', '136.95', 'paid', 'USD', '2025-11-01 11:45:46', '2025-11-20 11:45:46', NULL, 'Thank you for dining with us!', '2025-11-21 10:09:49', '2025-11-21 10:09:49'),
(20, 56, 1, 'INV-NKH-DT-20250911-6658', '24.00', '2.40', '0.00', '26.40', '0.00', '0.00', '0.00', 'paid', 'USD', '2025-09-11 04:09:30', '2025-09-23 04:09:30', '2025-09-11 04:47:30', 'Loyalty points earned: 50', '2025-11-21 10:09:49', '2025-11-21 10:09:49'),
(21, 57, 1, 'INV-NKH-DT-20251017-2794', '46.50', '4.65', '0.00', '51.15', '0.00', '51.15', '51.15', 'draft', 'USD', '2025-10-17 09:43:11', '2025-11-10 09:43:11', '2025-10-17 10:18:11', NULL, '2025-11-21 10:09:49', '2025-11-21 10:09:49'),
(22, 58, 1, 'INV-NKH-DT-20251015-3908', '86.50', '8.65', '9.01', '86.14', '0.00', '0.00', '0.00', 'paid', 'USD', '2025-10-15 04:27:01', '2025-10-23 04:27:01', NULL, 'Loyalty points earned: 50', '2025-11-21 10:09:49', '2025-11-21 10:09:49'),
(23, 61, 1, 'INV-NKH-DT-20251120-4914', '10.00', '1.00', '0.00', '11.00', '0.00', '11.00', '11.00', 'paid', 'USD', '2025-11-20 06:36:18', '2025-12-12 06:36:18', NULL, NULL, '2025-11-21 10:09:49', '2025-11-21 10:09:49'),
(24, 68, 1, 'INV-NKH-DT-20250901-6872', '64.50', '6.45', '0.00', '70.95', '0.00', '70.95', '70.95', 'draft', 'USD', '2025-09-01 16:55:52', '2025-09-28 16:55:52', NULL, 'Catering service invoice', '2025-11-21 10:09:49', '2025-11-21 10:09:49'),
(25, 72, 1, 'INV-NKH-DT-20250910-5692', '68.00', '6.80', '8.17', '66.63', '0.00', '66.63', '0.00', 'draft', 'USD', '2025-09-10 01:36:15', '2025-09-10 01:36:15', '2025-09-10 02:23:15', NULL, '2025-11-21 10:09:49', '2025-11-21 10:09:49'),
(26, 73, 1, 'INV-NKH-DT-20251119-8519', '47.50', '4.75', '0.00', '52.25', '0.00', '0.00', '0.00', 'paid', 'USD', '2025-11-19 01:51:23', '2025-11-20 01:51:23', NULL, 'Loyalty points earned: 50', '2025-11-21 10:09:49', '2025-11-21 10:09:49'),
(27, 77, 1, 'INV-NKH-DT-20250926-8439', '26.50', '2.65', '0.00', '29.15', '0.00', '29.15', '0.00', 'paid', 'USD', '2025-09-26 09:46:05', '2025-10-04 09:46:05', '2025-09-26 10:14:05', 'Catering service invoice', '2025-11-21 10:09:49', '2025-11-21 10:09:49'),
(28, 79, 1, 'INV-NKH-DT-20251018-1946', '83.00', '8.30', '0.00', '91.30', '0.00', '0.00', '0.00', 'paid', 'USD', '2025-10-18 02:44:00', '2025-11-17 02:44:00', '2025-10-18 03:29:00', 'Thank you for dining with us!', '2025-11-21 10:09:49', '2025-11-21 10:09:49'),
(29, 80, 1, 'INV-NKH-DT-20250826-9508', '50.50', '5.05', '0.00', '55.55', '0.00', '55.55', '0.00', 'issued', 'USD', '2025-08-26 12:35:45', '2025-09-25 12:35:45', '2025-08-26 13:27:45', NULL, '2025-11-21 10:09:49', '2025-11-21 10:09:49'),
(30, 84, 1, 'INV-NKH-DT-20251005-7214', '103.50', '10.35', '0.00', '113.85', '0.00', '0.00', '113.85', 'paid', 'USD', '2025-10-05 15:29:39', '2025-10-07 15:29:39', '2025-10-05 16:12:39', 'Group booking discount applied', '2025-11-21 10:09:49', '2025-11-21 10:09:49'),
(31, 86, 1, 'INV-NKH-DT-20250928-7314', '13.00', '1.30', '6.05', '8.25', '0.00', '0.00', '0.00', 'draft', 'USD', '2025-09-28 16:33:52', '2025-10-15 16:33:52', NULL, 'Loyalty points earned: 50', '2025-11-21 10:09:49', '2025-11-21 10:09:49'),
(32, 89, 1, 'INV-NKH-DT-20251003-7639', '131.50', '13.15', '0.00', '144.65', '0.00', '0.00', '0.00', 'draft', 'USD', '2025-10-03 09:02:34', '2025-10-23 09:02:34', NULL, 'Early payment discount available', '2025-11-21 10:09:49', '2025-11-21 10:09:49'),
(33, 92, 1, 'INV-NKH-DT-20250927-1951', '52.50', '5.25', '7.81', '49.94', '0.00', '49.94', '49.94', 'paid', 'USD', '2025-09-27 23:17:52', '2025-10-07 23:17:52', '2025-09-28 00:00:52', 'Special event surcharge applied', '2025-11-21 10:09:49', '2025-11-21 10:09:49'),
(34, 95, 1, 'INV-NKH-DT-20251023-6760', '34.50', '3.45', '0.00', '37.95', '0.00', '0.00', '37.95', 'draft', 'USD', '2025-10-23 22:37:56', '2025-11-22 22:37:56', '2025-10-23 22:56:56', NULL, '2025-11-21 10:09:49', '2025-11-21 10:09:49'),
(35, 97, 1, 'INV-NKH-DT-20251011-1601', '20.00', '2.00', '0.00', '22.00', '0.00', '22.00', '0.00', 'draft', 'USD', '2025-10-11 12:56:58', '2025-10-14 12:56:58', '2025-10-11 13:26:58', NULL, '2025-11-21 10:09:49', '2025-11-21 10:09:49'),
(36, 99, 1, 'INV-NKH-DT-20250901-4070', '76.50', '7.65', '0.00', '84.15', '0.00', '84.15', '84.15', 'paid', 'USD', '2025-09-01 13:23:11', '2025-09-10 13:23:11', '2025-09-01 13:48:11', 'Special event surcharge applied', '2025-11-21 10:09:49', '2025-11-21 10:09:49'),
(37, 100, 1, 'INV-NKH-DT-20250821-1624', '27.00', '2.70', '0.00', '29.70', '0.00', '29.70', '0.00', 'draft', 'USD', '2025-08-21 19:55:36', '2025-08-29 19:55:36', '2025-08-21 20:14:36', 'Corporate account - NET 30', '2025-11-21 10:09:49', '2025-11-21 10:09:49'),
(38, 103, 1, 'INV-NKH-DT-20251019-9921', '28.00', '2.80', '0.00', '30.80', '0.00', '0.00', '30.80', 'paid', 'USD', '2025-10-19 19:33:17', '2025-11-01 19:33:17', '2025-10-19 19:44:17', NULL, '2025-11-21 10:09:49', '2025-11-21 10:09:49'),
(39, 106, 1, 'INV-NKH-DT-20251004-6327', '15.00', '1.50', '0.00', '16.50', '0.00', '0.00', '0.00', 'paid', 'USD', '2025-10-04 16:43:05', '2025-10-18 16:43:05', '2025-10-04 17:02:05', 'Catering service invoice', '2025-11-21 10:09:49', '2025-11-21 10:09:49'),
(40, 108, 1, 'INV-NKH-DT-20250908-2760', '22.00', '2.20', '0.00', '24.20', '0.00', '24.20', '0.00', 'paid', 'USD', '2025-09-08 16:34:54', '2025-10-05 16:34:54', NULL, 'Loyalty points earned: 50', '2025-11-21 10:09:49', '2025-11-21 10:09:49'),
(41, 109, 1, 'INV-NKH-DT-20250830-8887', '23.00', '2.30', '0.00', '25.30', '0.00', '0.00', '25.30', 'paid', 'USD', '2025-08-30 11:18:33', '2025-09-21 11:18:33', '2025-08-30 12:08:33', 'Payment due within 30 days', '2025-11-21 10:09:49', '2025-11-21 10:09:49'),
(42, 111, 1, 'INV-NKH-DT-20251120-1159', '110.50', '11.05', '0.00', '121.55', '0.00', '0.00', '0.00', 'paid', 'USD', '2025-11-20 08:37:02', '2025-12-16 08:37:02', '2025-11-20 09:15:02', NULL, '2025-11-21 10:09:49', '2025-11-21 10:09:49'),
(43, 113, 1, 'INV-NKH-DT-20250915-9981', '12.00', '1.20', '0.00', '13.20', '0.00', '0.00', '0.00', 'paid', 'USD', '2025-09-15 18:57:52', '2025-09-28 18:57:52', NULL, NULL, '2025-11-21 10:09:49', '2025-11-21 10:09:49'),
(44, 115, 1, 'INV-NKH-DT-20251111-2435', '129.50', '12.95', '0.00', '142.45', '0.00', '0.00', '0.00', 'paid', 'USD', '2025-11-11 23:02:03', '2025-11-29 23:02:03', '2025-11-12 00:00:03', NULL, '2025-11-21 10:09:49', '2025-11-21 10:09:49'),
(45, 120, 1, 'INV-NKH-DT-20250908-3235', '140.00', '14.00', '0.00', '154.00', '0.00', '154.00', '0.00', 'paid', 'USD', '2025-09-08 06:56:21', '2025-10-07 06:56:21', '2025-09-08 07:48:21', NULL, '2025-11-21 10:09:49', '2025-11-21 10:09:49'),
(46, 123, 1, 'INV-NKH-DT-20251014-3276', '107.50', '10.75', '0.00', '118.25', '0.00', '0.00', '0.00', 'issued', 'USD', '2025-10-14 22:59:47', '2025-10-21 22:59:47', '2025-10-14 23:37:47', 'Catering service invoice', '2025-11-21 10:09:49', '2025-11-21 10:09:49'),
(47, 124, 1, 'INV-NKH-DT-20251017-6109', '79.00', '7.90', '4.12', '82.78', '0.00', '0.00', '0.00', 'draft', 'USD', '2025-10-17 16:31:52', '2025-10-19 16:31:52', NULL, 'Catering service invoice', '2025-11-21 10:09:49', '2025-11-21 10:09:49'),
(48, 126, 1, 'INV-NKH-DT-20250901-8732', '123.00', '12.30', '0.00', '135.30', '0.00', '135.30', '135.30', 'cancelled', 'USD', '2025-09-01 18:41:33', '2025-10-01 18:41:33', NULL, 'Group booking discount applied', '2025-11-21 10:09:49', '2025-11-21 10:09:49'),
(49, 127, 1, 'INV-NKH-DT-20250920-6223', '68.50', '6.85', '0.00', '75.35', '0.00', '75.35', '0.00', 'paid', 'USD', '2025-09-20 10:54:23', '2025-10-07 10:54:23', NULL, 'Thank you for dining with us!', '2025-11-21 10:09:49', '2025-11-21 10:09:49'),
(50, 129, 1, 'INV-NKH-DT-20251027-7155', '43.00', '4.30', '0.00', '47.30', '0.00', '0.00', '0.00', 'paid', 'USD', '2025-10-27 23:06:03', '2025-11-12 23:06:03', '2025-10-27 23:36:03', 'Catering service invoice', '2025-11-21 10:09:49', '2025-11-21 10:09:49'),
(51, 132, 1, 'INV-NKH-DT-20251028-9597', '12.00', '1.20', '0.00', '13.20', '0.00', '13.20', '0.00', 'draft', 'USD', '2025-10-28 21:01:23', '2025-11-14 21:01:23', '2025-10-28 21:43:23', 'Early payment discount available', '2025-11-21 10:09:49', '2025-11-21 10:09:49'),
(52, 133, 1, 'INV-NKH-DT-20251018-3585', '105.50', '10.55', '0.00', '116.05', '0.00', '0.00', '0.00', 'paid', 'USD', '2025-10-18 10:31:58', '2025-11-15 10:31:58', '2025-10-18 11:07:58', 'Catering service invoice', '2025-11-21 10:09:49', '2025-11-21 10:09:49'),
(53, 134, 1, 'INV-NKH-DT-20251003-2279', '6.00', '0.60', '0.00', '6.60', '0.00', '0.00', '6.60', 'draft', 'USD', '2025-10-03 10:23:44', '2025-10-26 10:23:44', '2025-10-03 10:37:44', NULL, '2025-11-21 10:09:49', '2025-11-21 10:09:49'),
(54, 139, 1, 'INV-NKH-DT-20251019-8018', '36.00', '3.60', '0.00', '39.60', '0.00', '0.00', '0.00', 'paid', 'USD', '2025-10-19 07:09:52', '2025-11-05 07:09:52', NULL, NULL, '2025-11-21 10:09:49', '2025-11-21 10:09:49'),
(55, 140, 1, 'INV-NKH-DT-20250826-5025', '37.00', '3.70', '0.00', '40.70', '0.00', '0.00', '0.00', 'paid', 'USD', '2025-08-26 21:34:23', '2025-08-28 21:34:23', '2025-08-26 21:56:23', 'Loyalty points earned: 50', '2025-11-21 10:09:49', '2025-11-21 10:09:49'),
(56, 141, 1, 'INV-NKH-DT-20251003-9907', '13.50', '1.35', '0.00', '14.85', '0.00', '14.85', '0.00', 'paid', 'USD', '2025-10-03 06:42:59', '2025-10-06 06:42:59', NULL, 'Special event surcharge applied', '2025-11-21 10:09:49', '2025-11-21 10:09:49'),
(57, 143, 1, 'INV-NKH-DT-20251023-8092', '124.00', '12.40', '0.00', '136.40', '0.00', '136.40', '0.00', 'paid', 'USD', '2025-10-23 23:25:43', '2025-11-10 23:25:43', NULL, NULL, '2025-11-21 10:09:49', '2025-11-21 10:09:49'),
(58, 147, 1, 'INV-NKH-DT-20250908-4989', '8.00', '0.80', '0.00', '8.80', '0.00', '0.00', '0.00', 'issued', 'USD', '2025-09-08 08:39:38', '2025-10-08 08:39:38', '2025-09-08 09:32:38', NULL, '2025-11-21 10:09:49', '2025-11-21 10:09:49'),
(59, 149, 1, 'INV-NKH-DT-20251027-2841', '95.50', '9.55', '0.00', '105.05', '0.00', '105.05', '0.00', 'paid', 'USD', '2025-10-27 22:40:49', '2025-11-06 22:40:49', '2025-10-27 23:15:49', NULL, '2025-11-21 10:09:49', '2025-11-21 10:09:49'),
(60, 150, 1, 'INV-NKH-DT-20251020-1098', '69.50', '6.95', '0.00', '76.45', '0.00', '0.00', '0.00', 'draft', 'USD', '2025-10-20 08:02:55', '2025-11-04 08:02:55', NULL, 'Group booking discount applied', '2025-11-21 10:09:49', '2025-11-21 10:09:49'),
(61, 151, 1, 'INV-NKH-DT-20250918-1315', '37.50', '3.75', '0.00', '41.25', '0.00', '41.25', '0.00', 'paid', 'USD', '2025-09-18 06:00:13', '2025-10-13 06:00:13', '2025-09-18 06:56:13', 'Loyalty points earned: 50', '2025-11-21 10:09:49', '2025-11-21 10:09:49'),
(62, 153, 1, 'INV-NKH-DT-20251105-3345', '113.50', '11.35', '2.40', '122.45', '0.00', '122.45', '0.00', 'paid', 'USD', '2025-11-05 20:22:50', '2025-12-02 20:22:50', NULL, NULL, '2025-11-21 10:09:49', '2025-11-21 10:09:49'),
(63, 155, 1, 'INV-NKH-DT-20250914-1709', '26.50', '2.65', '0.00', '29.15', '0.00', '29.15', '29.15', 'paid', 'USD', '2025-09-14 07:18:00', '2025-09-24 07:18:00', NULL, 'Early payment discount available', '2025-11-21 10:09:49', '2025-11-21 10:09:49'),
(64, 156, 1, 'INV-NKH-DT-20251024-5964', '66.00', '6.60', '0.00', '72.60', '0.00', '72.60', '0.00', 'issued', 'USD', '2025-10-24 15:50:23', '2025-10-25 15:50:23', NULL, 'Corporate account - NET 30', '2025-11-21 10:09:49', '2025-11-21 10:09:49'),
(65, 157, 1, 'INV-NKH-DT-20251111-4461', '212.00', '21.20', '5.86', '227.34', '0.00', '227.34', '227.34', 'paid', 'USD', '2025-11-11 18:44:01', '2025-12-09 18:44:01', '2025-11-11 19:09:01', 'Loyalty points earned: 50', '2025-11-21 10:09:49', '2025-11-21 10:09:49'),
(66, 158, 1, 'INV-NKH-DT-20250907-6001', '2.50', '0.25', '9.99', '-7.24', '0.00', '-7.24', '0.00', 'issued', 'USD', '2025-09-07 03:13:37', '2025-09-19 03:13:37', '2025-09-07 03:39:37', 'Special event surcharge applied', '2025-11-21 10:09:49', '2025-11-21 10:09:49'),
(67, 161, 1, 'INV-NKH-DT-20251111-3202', '45.00', '4.50', '0.00', '49.50', '0.00', '49.50', '49.50', 'cancelled', 'USD', '2025-11-11 13:37:05', '2025-11-23 13:37:05', NULL, 'Early payment discount available', '2025-11-21 10:09:49', '2025-11-21 10:09:49');


INSERT INTO `leave_requests` (`id`, `employee_id`, `location_id`, `start_date`, `end_date`, `type`, `reason`, `status`, `created_at`, `updated_at`) VALUES
(1, 1, 1, '2025-12-08', '2025-12-09', 'sick', 'Personal matters', 'pending', '2025-11-28 10:09:47', '2025-12-07 10:09:47'),
(2, 1, 1, '2025-12-13', '2025-12-18', 'annual', 'Attending wedding', 'approved', '2025-12-04 10:09:47', '2025-12-06 10:09:47'),
(3, 2, 1, '2026-01-22', '2026-01-27', 'unpaid', 'Attending wedding', 'pending', '2026-01-08 10:09:47', '2026-01-15 10:09:47'),
(4, 2, 1, '2026-01-04', '2026-01-09', 'sick', 'Personal matters', 'pending', '2025-12-27 10:09:47', '2025-12-30 10:09:47'),
(5, 2, 1, '2025-12-21', '2025-12-24', 'annual', 'Family emergency', 'pending', '2025-12-13 10:09:47', '2025-12-20 10:09:47'),
(6, 3, 1, '2026-02-10', '2026-02-14', 'other', 'Medical appointment', 'approved', '2026-02-01 10:09:47', '2026-02-04 10:09:47'),
(7, 3, 1, '2025-12-12', '2025-12-14', 'annual', 'Medical appointment', 'approved', '2025-12-03 10:09:47', '2025-12-11 10:09:47'),
(8, 3, 1, '2025-12-02', '2025-12-04', 'sick', 'Attending wedding', 'pending', '2025-11-18 10:09:47', '2025-11-29 10:09:47'),
(9, 4, 1, '2026-01-04', '2026-01-07', 'annual', 'Personal matters', 'pending', '2025-12-21 10:09:47', '2026-01-01 10:09:47'),
(10, 5, 1, '2025-12-14', '2025-12-17', 'other', 'Personal matters', 'pending', '2025-12-02 10:09:47', '2025-12-08 10:09:47'),
(11, 5, 1, '2026-01-05', '2026-01-09', 'other', 'Home emergency', 'pending', '2025-12-29 10:09:47', '2026-01-04 10:09:47'),
(12, 6, 1, '2026-01-28', '2026-01-30', 'other', 'Family celebration', 'pending', '2026-01-19 10:09:47', '2026-01-24 10:09:47'),
(13, 6, 1, '2026-01-05', '2026-01-06', 'unpaid', 'Family celebration', 'pending', '2025-12-23 10:09:47', '2026-01-02 10:09:47'),
(14, 6, 1, '2025-12-24', '2025-12-28', 'other', 'Attending wedding', 'pending', '2025-12-13 10:09:47', '2025-12-21 10:09:47'),
(15, 7, 1, '2026-02-11', '2026-02-12', 'unpaid', 'Home emergency', 'approved', '2026-02-04 10:09:47', '2026-02-05 10:09:47'),
(16, 8, 1, '2026-01-01', '2026-01-04', 'annual', 'Family celebration', 'approved', '2025-12-21 10:09:47', '2025-12-30 10:09:47'),
(17, 9, 1, '2025-12-30', '2026-01-04', 'other', 'Personal matters', 'approved', '2025-12-19 10:09:47', '2025-12-29 10:09:47'),
(18, 9, 1, '2025-11-25', '2025-11-27', 'sick', 'Personal matters', 'approved', '2025-11-13 10:09:47', '2025-11-21 10:09:47'),
(19, 9, 1, '2026-01-19', '2026-01-24', 'unpaid', 'Medical appointment', 'approved', '2026-01-07 10:09:47', '2026-01-15 10:09:47'),
(20, 10, 1, '2025-12-21', '2025-12-26', 'unpaid', 'Attending wedding', 'pending', '2025-12-10 10:09:47', '2025-12-17 10:09:47'),
(21, 10, 1, '2026-01-11', '2026-01-15', 'sick', 'Family celebration', 'pending', '2025-12-31 10:09:47', '2026-01-05 10:09:47'),
(22, 11, 1, '2026-01-25', '2026-01-27', 'unpaid', 'Family celebration', 'pending', '2026-01-17 10:09:47', '2026-01-23 10:09:47'),
(23, 11, 1, '2025-12-02', '2025-12-04', 'other', 'Family emergency', 'pending', '2025-11-24 10:09:47', '2025-11-30 10:09:47'),
(24, 11, 1, '2026-01-22', '2026-01-25', 'annual', 'Religious observance', 'pending', '2026-01-12 10:09:47', '2026-01-20 10:09:47'),
(25, 12, 1, '2025-12-15', '2025-12-17', 'annual', 'Annual vacation', 'pending', '2025-12-06 10:09:47', '2025-12-09 10:09:47'),
(26, 13, 1, '2026-02-14', '2026-02-18', 'sick', 'Family celebration', 'pending', '2026-02-02 10:09:47', '2026-02-08 10:09:47'),
(27, 13, 1, '2025-11-23', '2025-11-28', 'sick', 'Attending wedding', 'pending', '2025-11-12 10:09:47', '2025-11-16 10:09:47'),
(28, 13, 1, '2026-02-07', '2026-02-12', 'sick', 'Annual vacation', 'pending', '2026-01-30 10:09:47', '2026-02-01 10:09:47'),
(29, 14, 1, '2026-01-15', '2026-01-16', 'annual', 'Annual vacation', 'pending', '2026-01-07 10:09:47', '2026-01-11 10:09:47'),
(30, 14, 1, '2026-01-03', '2026-01-07', 'other', 'Home emergency', 'approved', '2025-12-20 10:09:47', '2025-12-28 10:09:47'),
(31, 15, 1, '2025-12-07', '2025-12-10', 'annual', 'Religious observance', 'pending', '2025-11-25 10:09:47', '2025-12-01 10:09:47'),
(32, 15, 1, '2025-12-14', '2025-12-18', 'sick', 'Family emergency', 'pending', '2025-12-03 10:09:47', '2025-12-11 10:09:47'),
(33, 15, 1, '2025-11-25', '2025-11-27', 'unpaid', 'Family celebration', 'approved', '2025-11-18 10:09:47', '2025-11-22 10:09:47'),
(34, 16, 1, '2026-02-13', '2026-02-14', 'annual', 'Medical appointment', 'approved', '2026-02-03 10:09:47', '2026-02-08 10:09:47'),
(35, 16, 1, '2025-12-16', '2025-12-17', 'annual', 'Attending wedding', 'pending', '2025-12-09 10:09:47', '2025-12-15 10:09:47');
INSERT INTO `locations` (`id`, `code`, `name`, `address_line1`, `address_line2`, `city`, `state`, `postal_code`, `country`, `phone`, `is_active`, `accepts_online_orders`, `accepts_pickup`, `accepts_delivery`, `created_at`, `updated_at`) VALUES
(1, 'NKH-DT', 'NKH Downtown Flagship', '123 Main Street', 'Downtown District', 'Phnom Penh', 'Phnom Penh', '12000', 'Cambodia', '+855-23-123-456', 1, 1, 1, 1, '2025-11-21 10:09:36', '2025-11-21 10:09:36');

INSERT INTO `menu_item_translations` (`id`, `menu_item_id`, `locale`, `name`, `description`, `created_at`, `updated_at`) VALUES
(1, 1, 'en', 'Fresh Spring Rolls', 'Crispy spring rolls filled with fresh vegetables and herbs, served with sweet chili sauce', '2025-11-21 10:09:43', '2025-11-21 10:09:43'),
(2, 1, 'km', '', '   ', '2025-11-21 10:09:43', '2025-11-21 10:09:43'),
(3, 2, 'en', 'Chicken Satay', 'Grilled chicken skewers marinated in aromatic spices, served with peanut sauce', '2025-11-21 10:09:43', '2025-11-21 10:09:43'),
(4, 2, 'km', '', ' ', '2025-11-21 10:09:43', '2025-11-21 10:09:43'),
(5, 3, 'en', 'Cambodian Fish Cakes', 'Traditional fish cakes made with fresh river fish and aromatic herbs', '2025-11-21 10:09:43', '2025-11-21 10:09:43'),
(6, 3, 'km', '', '  ', '2025-11-21 10:09:43', '2025-11-21 10:09:43'),
(7, 4, 'en', 'Green Papaya Salad', 'Fresh and tangy salad with shredded green papaya, tomatoes, and lime dressing', '2025-11-21 10:09:43', '2025-11-21 10:09:43'),
(8, 4, 'km', '', '  ', '2025-11-21 10:09:43', '2025-11-21 10:09:43'),
(9, 5, 'en', 'Cambodian Beef Salad', 'Tender beef slices with fresh herbs, vegetables and tangy lime dressing', '2025-11-21 10:09:43', '2025-11-21 10:09:43'),
(10, 5, 'km', '', '  ', '2025-11-21 10:09:43', '2025-11-21 10:09:43'),
(11, 6, 'en', 'Mixed Appetizer Platter', 'A selection of our finest appetizers perfect for sharing', '2025-11-21 10:09:43', '2025-11-21 10:09:43'),
(12, 6, 'km', '', '', '2025-11-21 10:09:43', '2025-11-21 10:09:43'),
(13, 7, 'en', 'Traditional Khmer Noodle Soup', 'Authentic Cambodian noodle soup with rich broth and fresh herbs', '2025-11-21 10:09:43', '2025-11-21 10:09:43'),
(14, 7, 'km', '', '  ', '2025-11-21 10:09:43', '2025-11-21 10:09:43'),
(15, 8, 'en', 'Pad Thai', 'Classic Thai stir-fried noodles with shrimp, tofu, and bean sprouts', '2025-11-21 10:09:43', '2025-11-21 10:09:43'),
(16, 8, 'km', '', '   ', '2025-11-21 10:09:43', '2025-11-21 10:09:43'),
(17, 9, 'en', 'Spaghetti Carbonara', 'Classic Italian pasta with creamy sauce, bacon, and parmesan cheese', '2025-11-21 10:09:43', '2025-11-21 10:09:43'),
(18, 9, 'km', '', '  ', '2025-11-21 10:09:43', '2025-11-21 10:09:43'),
(19, 10, 'en', 'Sour Fish Soup', 'Traditional Cambodian sour soup with fresh fish and vegetables', '2025-11-21 10:09:43', '2025-11-21 10:09:43'),
(20, 10, 'km', '', '  ', '2025-11-21 10:09:43', '2025-11-21 10:09:43'),
(21, 11, 'en', 'Chicken Coconut Soup', 'Creamy coconut soup with tender chicken and aromatic herbs', '2025-11-21 10:09:43', '2025-11-21 10:09:43'),
(22, 11, 'km', '', '  ', '2025-11-21 10:09:43', '2025-11-21 10:09:43'),
(23, 12, 'en', 'Lotus Stem Salad', 'Crunchy lotus stem salad with herbs and lime dressing', '2025-11-21 10:09:43', '2025-11-21 10:09:43'),
(24, 12, 'km', '', '  ', '2025-11-21 10:09:43', '2025-11-21 10:09:43'),
(25, 13, 'en', 'Sticky Rice with Mango', 'Sweet sticky rice served with fresh mango slices and coconut milk', '2025-11-21 10:09:43', '2025-11-21 10:09:43'),
(26, 13, 'km', '', '  ', '2025-11-21 10:09:43', '2025-11-21 10:09:43'),
(27, 14, 'en', 'Coconut Custard', 'Traditional Cambodian coconut custard dessert', '2025-11-21 10:09:43', '2025-11-21 10:09:43'),
(28, 14, 'km', '', '', '2025-11-21 10:09:43', '2025-11-21 10:09:43'),
(29, 15, 'en', 'Coconut Ice Cream', 'Creamy coconut ice cream made with fresh coconut milk', '2025-11-21 10:09:43', '2025-11-21 10:09:43'),
(30, 15, 'km', '', '', '2025-11-21 10:09:43', '2025-11-21 10:09:43'),
(31, 16, 'en', 'Mango Ice Cream', 'Rich and creamy mango ice cream made with fresh mangoes', '2025-11-21 10:09:43', '2025-11-21 10:09:43'),
(32, 16, 'km', '', '', '2025-11-21 10:09:43', '2025-11-21 10:09:43'),
(33, 17, 'en', 'Chocolate Cake', 'Rich chocolate cake with smooth chocolate ganache', '2025-11-21 10:09:43', '2025-11-21 10:09:43'),
(34, 17, 'km', '', '', '2025-11-21 10:09:43', '2025-11-21 10:09:43'),
(35, 18, 'en', 'Traditional Cambodian Coffee', 'Strong Cambodian coffee served with condensed milk', '2025-11-21 10:09:43', '2025-11-21 10:09:43'),
(36, 18, 'km', '', '', '2025-11-21 10:09:43', '2025-11-21 10:09:43'),
(37, 19, 'en', 'Jasmine Tea', 'Fragrant jasmine tea served hot', '2025-11-21 10:09:43', '2025-11-21 10:09:43'),
(38, 19, 'km', '', '', '2025-11-21 10:09:43', '2025-11-21 10:09:43'),
(39, 20, 'en', 'Iced Coffee', 'Refreshing iced coffee with condensed milk', '2025-11-21 10:09:43', '2025-11-21 10:09:43'),
(40, 20, 'km', '', '', '2025-11-21 10:09:43', '2025-11-21 10:09:43'),
(41, 21, 'en', 'Soft Drinks', 'Selection of carbonated soft drinks', '2025-11-21 10:09:43', '2025-11-21 10:09:43'),
(42, 21, 'km', '', '', '2025-11-21 10:09:43', '2025-11-21 10:09:43'),
(43, 22, 'en', 'Fresh Orange Juice', 'Freshly squeezed orange juice', '2025-11-21 10:09:43', '2025-11-21 10:09:43'),
(44, 22, 'km', '', '', '2025-11-21 10:09:43', '2025-11-21 10:09:43'),
(45, 23, 'en', 'Watermelon Juice', 'Fresh watermelon juice, perfect for hot weather', '2025-11-21 10:09:43', '2025-11-21 10:09:43'),
(46, 23, 'km', '', '', '2025-11-21 10:09:43', '2025-11-21 10:09:43'),
(47, 24, 'en', 'Angkor Beer', 'Cambodia\'s premium local beer', '2025-11-21 10:09:43', '2025-11-21 10:09:43'),
(48, 24, 'km', '', '', '2025-11-21 10:09:43', '2025-11-21 10:09:43'),
(49, 25, 'en', 'House Red Wine', 'Our selection of red wine by the glass', '2025-11-21 10:09:43', '2025-11-21 10:09:43'),
(50, 25, 'km', '', '', '2025-11-21 10:09:43', '2025-11-21 10:09:43'),
(51, 26, 'en', 'Grilled Fish in Banana Leaf', 'Fresh fish grilled in banana leaf with traditional Khmer spices', '2025-11-21 10:09:43', '2025-11-21 10:09:43'),
(52, 26, 'km', '', '', '2025-11-21 10:09:43', '2025-11-21 10:09:43'),
(53, 27, 'en', 'Steamed Fish with Ginger', 'Delicate steamed fish with fresh ginger and soy sauce', '2025-11-21 10:09:43', '2025-11-21 10:09:43'),
(54, 27, 'km', '', '  ', '2025-11-21 10:09:43', '2025-11-21 10:09:43'),
(55, 28, 'en', 'Prawns in Tamarind Sauce', 'Fresh prawns cooked in sweet and sour tamarind sauce', '2025-11-21 10:09:43', '2025-11-21 10:09:43'),
(56, 28, 'km', '', '', '2025-11-21 10:09:43', '2025-11-21 10:09:43'),
(57, 29, 'en', 'Grilled Beef in Lolot Leaves', 'Premium beef wrapped in aromatic lolot leaves and grilled to perfection', '2025-11-21 10:09:43', '2025-11-21 10:09:43'),
(58, 29, 'km', '', ' ', '2025-11-21 10:09:43', '2025-11-21 10:09:43'),
(59, 30, 'en', 'Grilled Pork Ribs', 'Tender pork ribs marinated in special sauce and grilled over charcoal', '2025-11-21 10:09:43', '2025-11-21 10:09:43'),
(60, 30, 'km', '', ' ', '2025-11-21 10:09:43', '2025-11-21 10:09:43'),
(61, 31, 'en', 'Grilled Chicken Wings', 'Juicy chicken wings marinated in herbs and spices, grilled to golden perfection', '2025-11-21 10:09:43', '2025-11-21 10:09:43'),
(62, 31, 'km', '', ' ', '2025-11-21 10:09:43', '2025-11-21 10:09:43'),
(63, 32, 'en', 'Stir-fried Morning Glory', 'Fresh water spinach stir-fried with garlic and oyster sauce', '2025-11-21 10:09:43', '2025-11-21 10:09:43'),
(64, 32, 'km', '', '  ', '2025-11-21 10:09:43', '2025-11-21 10:09:43'),
(65, 33, 'en', 'Tofu Red Curry', 'Silky tofu in aromatic red curry with vegetables', '2025-11-21 10:09:43', '2025-11-21 10:09:43'),
(66, 33, 'km', '', '', '2025-11-21 10:09:43', '2025-11-21 10:09:43');
INSERT INTO `menu_items` (`id`, `location_id`, `category_id`, `sku`, `slug`, `price`, `cost`, `prep_time`, `calories`, `image_path`, `is_popular`, `is_active`, `display_order`, `created_at`, `updated_at`) VALUES
(1, 1, 1, NULL, 'spring-rolls', '8.50', '3.20', NULL, NULL, '\\images\\menu-items\\spring-rolls.jpg', 1, 1, 0, '2025-11-21 10:09:43', '2025-11-21 10:09:43'),
(2, 1, 1, NULL, 'chicken-satay', '12.00', '4.50', NULL, NULL, '\\images\\menu-items\\chicken-satay.jpg', 1, 1, 0, '2025-11-21 10:09:43', '2025-11-21 10:09:43'),
(3, 1, 1, NULL, 'fish-cakes', '10.50', '4.00', NULL, NULL, '\\images\\menu-items\\fish-cakes.jpg', 0, 1, 0, '2025-11-21 10:09:43', '2025-11-21 10:09:43'),
(4, 1, 1, NULL, 'papaya-salad', '9.00', '2.50', NULL, NULL, '\\images\\menu-items\\papaya-salad.jpg', 1, 1, 0, '2025-11-21 10:09:43', '2025-11-21 10:09:43'),
(5, 1, 1, NULL, 'beef-salad', '13.50', '5.00', NULL, NULL, '\\images\\menu-items\\beef-salad.jpg', 1, 1, 0, '2025-11-21 10:09:43', '2025-11-21 10:09:43'),
(6, 1, 1, NULL, 'mixed-appetizer-platter', '28.00', '12.00', NULL, NULL, '\\images\\menu-items\\mixed-appetizer-platter.jpg', 1, 1, 0, '2025-11-21 10:09:43', '2025-11-21 10:09:43'),
(7, 1, 2, NULL, 'khmer-noodle-soup', '12.50', '4.00', NULL, NULL, '\\images\\menu-items\\khmer-noodle-soup.jpg', 1, 1, 0, '2025-11-21 10:09:43', '2025-11-21 10:09:43'),
(8, 1, 2, NULL, 'pad-thai', '14.00', '4.50', NULL, NULL, '\\images\\menu-items\\pad-thai.jpg', 1, 1, 0, '2025-11-21 10:09:43', '2025-11-21 10:09:43'),
(9, 1, 2, NULL, 'spaghetti-carbonara', '16.50', '5.50', NULL, NULL, '\\images\\menu-items\\spaghetti-carbonara.jpg', 0, 1, 0, '2025-11-21 10:09:43', '2025-11-21 10:09:43'),
(10, 1, 3, NULL, 'sour-soup-fish', '15.00', '5.50', NULL, NULL, '\\images\\menu-items\\sour-soup-fish.jpg', 1, 1, 0, '2025-11-21 10:09:43', '2025-11-21 10:09:43'),
(11, 1, 3, NULL, 'chicken-coconut-soup', '13.50', '4.50', NULL, NULL, '\\images\\menu-items\\chicken-coconut-soup.jpg', 1, 1, 0, '2025-11-21 10:09:43', '2025-11-21 10:09:43'),
(12, 1, 3, NULL, 'lotus-stem-salad', '10.00', '3.00', NULL, NULL, '\\images\\menu-items\\lotus-stem-salad.jpg', 0, 1, 0, '2025-11-21 10:09:43', '2025-11-21 10:09:43'),
(13, 1, 4, NULL, 'sticky-rice-mango', '7.50', '2.50', NULL, NULL, '\\images\\menu-items\\sticky-rice-mango.jpg', 1, 1, 0, '2025-11-21 10:09:43', '2025-11-21 10:09:43'),
(14, 1, 4, NULL, 'coconut-custard', '6.50', '2.00', NULL, NULL, '\\images\\menu-items\\coconut-custard.jpg', 1, 1, 0, '2025-11-21 10:09:43', '2025-11-21 10:09:43'),
(15, 1, 4, NULL, 'coconut-ice-cream', '5.50', '1.50', NULL, NULL, '\\images\\menu-items\\coconut-ice-cream.jpg', 1, 1, 0, '2025-11-21 10:09:43', '2025-11-21 10:09:43'),
(16, 1, 4, NULL, 'mango-ice-cream', '6.00', '1.80', NULL, NULL, '\\images\\menu-items\\mango-ice-cream.jpg', 1, 1, 0, '2025-11-21 10:09:43', '2025-11-21 10:09:43'),
(17, 1, 4, NULL, 'chocolate-cake', '8.50', '3.00', NULL, NULL, '\\images\\menu-items\\chocolate-cake.jpg', 1, 1, 0, '2025-11-21 10:09:43', '2025-11-21 10:09:43'),
(18, 1, 5, NULL, 'cambodian-coffee', '4.50', '1.00', NULL, NULL, '\\images\\menu-items\\cambodian-coffee.jpg', 1, 1, 0, '2025-11-21 10:09:43', '2025-11-21 10:09:43'),
(19, 1, 5, NULL, 'jasmine-tea', '3.50', '0.80', NULL, NULL, '\\images\\menu-items\\jasmine-tea.jpg', 1, 1, 0, '2025-11-21 10:09:43', '2025-11-21 10:09:43'),
(20, 1, 5, NULL, 'iced-coffee', '4.00', '1.20', NULL, NULL, '\\images\\menu-items\\iced-coffee.jpg', 1, 1, 0, '2025-11-21 10:09:43', '2025-11-21 10:09:43'),
(21, 1, 5, NULL, 'soft-drinks', '2.50', '0.80', NULL, NULL, '\\images\\menu-items\\soft-drinks.jpg', 1, 1, 0, '2025-11-21 10:09:43', '2025-11-21 10:09:43'),
(22, 1, 5, NULL, 'fresh-orange-juice', '5.50', '2.00', NULL, NULL, '\\images\\menu-items\\fresh-orange-juice.jpg', 1, 1, 0, '2025-11-21 10:09:43', '2025-11-21 10:09:43'),
(23, 1, 5, NULL, 'watermelon-juice', '4.50', '1.50', NULL, NULL, '\\images\\menu-items\\watermelon-juice.jpg', 1, 1, 0, '2025-11-21 10:09:43', '2025-11-21 10:09:43'),
(24, 1, 5, NULL, 'angkor-beer', '3.50', '1.50', NULL, NULL, '\\images\\menu-items\\angkor-beer.jpg', 1, 1, 0, '2025-11-21 10:09:43', '2025-11-21 10:09:43'),
(25, 1, 5, NULL, 'house-wine-red', '8.50', '3.50', NULL, NULL, '\\images\\menu-items\\house-wine-red.jpg', 0, 1, 0, '2025-11-21 10:09:43', '2025-11-21 10:09:43'),
(26, 1, 11, NULL, 'grilled-fish-banana-leaf', '25.00', '10.00', NULL, NULL, '\\images\\menu-items\\grilled-fish-banana-leaf.jpg', 1, 1, 0, '2025-11-21 10:09:43', '2025-11-21 10:09:43'),
(27, 1, 11, NULL, 'steamed-fish-ginger', '28.00', '12.00', NULL, NULL, '\\images\\menu-items\\steamed-fish-ginger.jpg', 1, 1, 0, '2025-11-21 10:09:43', '2025-11-21 10:09:43'),
(28, 1, 11, NULL, 'prawns-tamarind-sauce', '32.00', '14.00', NULL, NULL, '\\images\\menu-items\\prawns-tamarind-sauce.jpg', 1, 1, 0, '2025-11-21 10:09:43', '2025-11-21 10:09:43'),
(29, 1, 9, NULL, 'grilled-beef-lolot', '18.50', '7.50', NULL, NULL, '\\images\\menu-items\\grilled-beef-lolot.jpg', 1, 1, 0, '2025-11-21 10:09:43', '2025-11-21 10:09:43'),
(30, 1, 9, NULL, 'grilled-pork-ribs', '22.00', '9.00', NULL, NULL, '\\images\\menu-items\\grilled-pork-ribs.jpg', 1, 1, 0, '2025-11-21 10:09:43', '2025-11-21 10:09:43'),
(31, 1, 9, NULL, 'grilled-chicken-wings', '15.00', '5.50', NULL, NULL, '\\images\\menu-items\\grilled-chicken-wings.jpg', 1, 1, 0, '2025-11-21 10:09:43', '2025-11-21 10:09:43'),
(32, 1, 12, NULL, 'stir-fried-morning-glory', '8.00', '2.00', NULL, NULL, '\\images\\menu-items\\stir-fried-morning-glory.jpg', 1, 1, 0, '2025-11-21 10:09:43', '2025-11-21 10:09:43'),
(33, 1, 12, NULL, 'tofu-curry', '11.50', '3.50', NULL, NULL, '\\images\\menu-items\\tofu-curry.jpg', 0, 1, 0, '2025-11-21 10:09:43', '2025-11-21 10:09:43');
INSERT INTO `migrations` (`id`, `migration`, `batch`) VALUES
(1, '0001_01_01_000000_create_users_table', 1),
(2, '0001_01_01_000001_create_cache_table', 1),
(3, '0001_01_01_000002_create_jobs_table', 1),
(4, '2025_09_18_080023_create_locations_table', 1),
(5, '2025_09_18_080024_create_settings_table', 1),
(6, '2025_09_18_080025_alter_users_add_profile_fields', 1),
(7, '2025_09_18_080025_create_units_table', 1),
(8, '2025_09_18_080026_create_roles_table', 1),
(9, '2025_09_18_080027_create_permissions_table', 1),
(10, '2025_09_18_080028_create_role_permission_table', 1),
(11, '2025_09_18_080029_create_role_user_table', 1),
(12, '2025_09_18_080030_create_audit_logs_table', 1),
(13, '2025_09_18_080031_create_positions_table', 1),
(14, '2025_09_18_080032_create_employees_table', 1),
(15, '2025_09_18_080033_create_attendances_table', 1),
(16, '2025_09_18_080034_create_payrolls_table', 1),
(17, '2025_09_18_080035_create_leave_requests_table', 1),
(18, '2025_09_18_080036_create_categories_table', 1),
(19, '2025_09_18_080037_create_category_translations_table', 1),
(20, '2025_09_18_080038_create_menu_items_table', 1),
(21, '2025_09_18_080039_create_menu_item_translations_table', 1),
(22, '2025_09_18_080040_create_recipes_table', 1),
(23, '2025_09_18_080043_create_ingredients_table', 1),
(24, '2025_09_18_080044_create_purchase_orders_table', 1),
(25, '2025_09_18_080044_create_suppliers_table', 1),
(26, '2025_09_18_080045_create_purchase_order_items_table', 1),
(27, '2025_09_18_080046_create_inventory_transactions_table', 1),
(28, '2025_09_18_080048_create_floors_table', 1),
(29, '2025_09_18_080049_create_tables_table', 1),
(30, '2025_09_18_080051_create_payment_methods_table', 1),
(31, '2025_09_18_080052_create_orders_table', 1),
(32, '2025_09_18_080053_create_order_items_table', 1),
(33, '2025_09_18_080054_create_invoices_table', 1),
(34, '2025_09_18_080057_create_customers_table', 1),
(35, '2025_09_18_080058_create_feedback_table', 1),
(36, '2025_09_18_080058_create_reservations_table', 1),
(37, '2025_09_18_080100_create_loyalty_points_table', 1),
(38, '2025_09_18_080101_create_expense_categories_table', 1),
(39, '2025_09_18_080102_create_expenses_table', 1),
(40, '2025_09_18_102300_create_recipe_ingredients_table', 1),
(41, '2025_09_18_103300_create_promotions_table', 1),
(42, '2025_09_18_110000_create_customer_addresses_table', 1),
(43, '2025_09_18_110100_create_operating_hours_table', 1),
(44, '2025_09_18_110300_create_order_time_slots_table', 1),
(45, '2025_09_18_110400_add_online_ordering_fields_to_orders_table', 1),
(46, '2025_09_18_120000_update_orders_base_structure', 1),
(47, '2025_09_18_120010_update_payment_methods_structure', 1),
(48, '2025_09_18_120020_update_customers_structure', 1),
(49, '2025_09_18_130000_create_personal_access_tokens_table', 1),
(50, '2025_09_19_140500_fix_schema_relationships_phase1', 1),
(51, '2025_09_19_141000_fix_schema_relationships_phase2', 1),
(52, '2025_09_28_160000_fix_order_status_enum', 1),
(53, '2025_09_29_120000_add_order_preparation_fields', 1),
(54, '2025_09_29_120000_add_payment_method_fields', 1),
(55, '2025_10_21_000003_create_customer_requests_table', 1),
(56, '2025_10_21_093333_rename_total_column_in_orders_table', 1),
(57, '2025_10_21_093600_create_order_items_table', 1),
(58, '2025_10_21_093601_create_invoices_table', 1),
(59, '2025_10_21_093601_create_payments_table', 1),
(60, '2025_10_21_094728_add_image_to_categories_table', 1),
(61, '2025_10_21_094841_add_fields_to_menu_items_table', 1),
(62, '2025_10_21_095159_add_customer_code_to_customers_table', 1),
(63, '2025_10_21_095331_add_additional_fields_to_customers_table', 1),
(64, '2025_10_21_100100_add_fields_to_payment_methods_table', 1),
(65, '2025_10_21_100200_align_order_table_columns', 1),
(66, '2025_10_21_100300_align_order_items_columns', 1),
(67, '2025_10_21_100400_align_invoice_columns', 1),
(68, '2025_10_21_100600_recreate_payments_table', 1),
(69, '2025_10_27_000000_add_order_id_to_customer_requests_table', 1),
(70, '2025_10_27_000001_create_notifications_table', 1),
(71, '2025_10_27_114513_add_approval_workflow_to_orders_table', 1),
(72, '2025_10_27_122508_add_order_id_to_customer_requests_table', 1),
(73, '2025_11_01_000000_fix_user_password_hashing', 1),
(74, '2025_11_01_000001_fix_admin_password', 1),
(75, '2025_11_11_103757_update_user_passwords_to_bcrypt', 1),
(76, '2025_11_19_140000_add_parent_id_to_categories_table', 1);


INSERT INTO `order_items` (`id`, `order_id`, `menu_item_id`, `quantity`, `unit_price`, `discount_amount`, `tax_amount`, `total_price`, `status`, `special_instructions`, `created_at`, `updated_at`) VALUES
(1, 1, 12, 2, '10.00', '0.00', '0.00', '20.00', 'pending', 'Mild spice', '2025-11-21 10:09:47', '2025-11-21 10:09:47'),
(2, 1, 29, 1, '18.50', '0.00', '0.00', '18.50', 'pending', NULL, '2025-11-21 10:09:47', '2025-11-21 10:09:47'),
(3, 1, 31, 1, '15.00', '0.00', '0.00', '15.00', 'pending', 'Well done', '2025-11-21 10:09:47', '2025-11-21 10:09:47'),
(4, 2, 6, 2, '28.00', '0.00', '0.00', '56.00', 'pending', 'No onions', '2025-11-21 10:09:47', '2025-11-21 10:09:47'),
(5, 2, 16, 1, '6.00', '0.00', '0.00', '6.00', 'pending', NULL, '2025-11-21 10:09:47', '2025-11-21 10:09:47'),
(6, 2, 18, 1, '4.50', '0.00', '0.00', '4.50', 'pending', NULL, '2025-11-21 10:09:47', '2025-11-21 10:09:47'),
(7, 2, 20, 3, '4.00', '0.00', '0.00', '12.00', 'pending', NULL, '2025-11-21 10:09:47', '2025-11-21 10:09:47'),
(8, 2, 33, 3, '11.50', '0.00', '0.00', '34.50', 'pending', 'Medium rare', '2025-11-21 10:09:47', '2025-11-21 10:09:47'),
(9, 3, 10, 1, '15.00', '0.00', '0.00', '15.00', 'pending', NULL, '2025-11-21 10:09:47', '2025-11-21 10:09:47'),
(10, 4, 5, 1, '13.50', '0.00', '0.00', '13.50', 'pending', 'Extra herbs', '2025-11-21 10:09:47', '2025-11-21 10:09:47'),
(11, 4, 11, 3, '13.50', '0.00', '0.00', '40.50', 'pending', 'On the side', '2025-11-21 10:09:47', '2025-11-21 10:09:47'),
(12, 4, 17, 3, '8.50', '0.00', '0.00', '25.50', 'pending', 'Extra sauce', '2025-11-21 10:09:47', '2025-11-21 10:09:47'),
(13, 4, 33, 1, '11.50', '0.00', '0.00', '11.50', 'pending', 'Medium rare', '2025-11-21 10:09:47', '2025-11-21 10:09:47'),
(14, 5, 1, 2, '8.50', '0.00', '0.00', '17.00', 'pending', 'On the side', '2025-11-21 10:09:47', '2025-11-21 10:09:47'),
(15, 5, 8, 1, '14.00', '0.00', '0.00', '14.00', 'pending', NULL, '2025-11-21 10:09:47', '2025-11-21 10:09:47'),
(16, 5, 12, 1, '10.00', '0.00', '0.00', '10.00', 'pending', 'On the side', '2025-11-21 10:09:47', '2025-11-21 10:09:47'),
(17, 5, 15, 1, '5.50', '0.00', '0.00', '5.50', 'pending', 'Extra sauce', '2025-11-21 10:09:47', '2025-11-21 10:09:47'),
(18, 5, 21, 1, '2.50', '0.00', '0.00', '2.50', 'pending', NULL, '2025-11-21 10:09:47', '2025-11-21 10:09:47'),
(19, 5, 32, 2, '8.00', '0.00', '0.00', '16.00', 'pending', 'Extra cheese', '2025-11-21 10:09:47', '2025-11-21 10:09:47'),
(20, 6, 15, 1, '5.50', '0.00', '0.00', '5.50', 'pending', 'Mild spice', '2025-11-21 10:09:47', '2025-11-21 10:09:47'),
(21, 7, 25, 2, '8.50', '0.00', '0.00', '17.00', 'pending', NULL, '2025-11-21 10:09:47', '2025-11-21 10:09:47'),
(22, 8, 7, 1, '12.50', '0.00', '0.00', '12.50', 'pending', NULL, '2025-11-21 10:09:47', '2025-11-21 10:09:47'),
(23, 8, 8, 2, '14.00', '0.00', '0.00', '28.00', 'pending', NULL, '2025-11-21 10:09:47', '2025-11-21 10:09:47'),
(24, 9, 15, 2, '5.50', '0.00', '0.00', '11.00', 'pending', 'Mild spice', '2025-11-21 10:09:47', '2025-11-21 10:09:47'),
(25, 9, 18, 3, '4.50', '0.00', '0.00', '13.50', 'pending', NULL, '2025-11-21 10:09:47', '2025-11-21 10:09:47'),
(26, 9, 23, 1, '4.50', '0.00', '0.00', '4.50', 'pending', 'Medium rare', '2025-11-21 10:09:47', '2025-11-21 10:09:47'),
(27, 10, 10, 2, '15.00', '0.00', '0.00', '30.00', 'pending', 'No vegetables', '2025-11-21 10:09:47', '2025-11-21 10:09:47'),
(28, 10, 13, 2, '7.50', '0.00', '0.00', '15.00', 'pending', NULL, '2025-11-21 10:09:47', '2025-11-21 10:09:47'),
(29, 10, 33, 1, '11.50', '0.00', '0.00', '11.50', 'pending', NULL, '2025-11-21 10:09:47', '2025-11-21 10:09:47'),
(30, 11, 1, 1, '8.50', '0.00', '0.00', '8.50', 'pending', 'On the side', '2025-11-21 10:09:47', '2025-11-21 10:09:47'),
(31, 11, 17, 2, '8.50', '0.00', '0.00', '17.00', 'pending', 'Mild spice', '2025-11-21 10:09:47', '2025-11-21 10:09:47'),
(32, 11, 27, 3, '28.00', '0.00', '0.00', '84.00', 'pending', NULL, '2025-11-21 10:09:47', '2025-11-21 10:09:47'),
(33, 12, 3, 2, '10.50', '0.00', '0.00', '21.00', 'pending', 'No onions', '2025-11-21 10:09:47', '2025-11-21 10:09:47'),
(34, 12, 5, 1, '13.50', '0.00', '0.00', '13.50', 'pending', NULL, '2025-11-21 10:09:47', '2025-11-21 10:09:47'),
(35, 12, 6, 1, '28.00', '0.00', '0.00', '28.00', 'pending', 'On the side', '2025-11-21 10:09:47', '2025-11-21 10:09:47'),
(36, 12, 8, 2, '14.00', '0.00', '0.00', '28.00', 'pending', 'Extra spicy', '2025-11-21 10:09:47', '2025-11-21 10:09:47'),
(37, 12, 22, 2, '5.50', '0.00', '0.00', '11.00', 'pending', NULL, '2025-11-21 10:09:47', '2025-11-21 10:09:47'),
(38, 12, 29, 2, '18.50', '0.00', '0.00', '37.00', 'pending', 'Medium rare', '2025-11-21 10:09:47', '2025-11-21 10:09:47'),
(39, 13, 1, 1, '8.50', '0.00', '0.00', '8.50', 'pending', NULL, '2025-11-21 10:09:47', '2025-11-21 10:09:47'),
(40, 13, 8, 1, '14.00', '0.00', '0.00', '14.00', 'pending', NULL, '2025-11-21 10:09:47', '2025-11-21 10:09:47'),
(41, 13, 10, 3, '15.00', '0.00', '0.00', '45.00', 'pending', NULL, '2025-11-21 10:09:47', '2025-11-21 10:09:47'),
(42, 13, 12, 3, '10.00', '0.00', '0.00', '30.00', 'pending', 'Extra cheese', '2025-11-21 10:09:47', '2025-11-21 10:09:47'),
(43, 13, 22, 2, '5.50', '0.00', '0.00', '11.00', 'pending', 'No vegetables', '2025-11-21 10:09:47', '2025-11-21 10:09:47'),
(44, 13, 33, 2, '11.50', '0.00', '0.00', '23.00', 'pending', NULL, '2025-11-21 10:09:47', '2025-11-21 10:09:47'),
(45, 14, 4, 3, '9.00', '0.00', '0.00', '27.00', 'pending', NULL, '2025-11-21 10:09:47', '2025-11-21 10:09:47'),
(46, 14, 21, 3, '2.50', '0.00', '0.00', '7.50', 'pending', NULL, '2025-11-21 10:09:47', '2025-11-21 10:09:47'),
(47, 14, 26, 1, '25.00', '0.00', '0.00', '25.00', 'pending', 'No vegetables', '2025-11-21 10:09:47', '2025-11-21 10:09:47'),
(48, 15, 1, 2, '8.50', '0.00', '0.00', '17.00', 'pending', 'Well done', '2025-11-21 10:09:47', '2025-11-21 10:09:47'),
(49, 15, 2, 3, '12.00', '0.00', '0.00', '36.00', 'pending', 'Medium rare', '2025-11-21 10:09:47', '2025-11-21 10:09:47'),
(50, 15, 17, 3, '8.50', '0.00', '0.00', '25.50', 'pending', NULL, '2025-11-21 10:09:47', '2025-11-21 10:09:47'),
(51, 15, 20, 3, '4.00', '0.00', '0.00', '12.00', 'pending', NULL, '2025-11-21 10:09:47', '2025-11-21 10:09:47'),
(52, 16, 1, 2, '8.50', '0.00', '0.00', '17.00', 'pending', 'Extra spicy', '2025-11-21 10:09:47', '2025-11-21 10:09:47'),
(53, 16, 15, 2, '5.50', '0.00', '0.00', '11.00', 'pending', NULL, '2025-11-21 10:09:47', '2025-11-21 10:09:47'),
(54, 16, 17, 3, '8.50', '0.00', '0.00', '25.50', 'pending', 'On the side', '2025-11-21 10:09:47', '2025-11-21 10:09:47'),
(55, 16, 33, 3, '11.50', '0.00', '0.00', '34.50', 'pending', NULL, '2025-11-21 10:09:47', '2025-11-21 10:09:47'),
(56, 17, 4, 3, '9.00', '0.00', '0.00', '27.00', 'pending', NULL, '2025-11-21 10:09:47', '2025-11-21 10:09:47'),
(57, 17, 7, 2, '12.50', '0.00', '0.00', '25.00', 'pending', 'Medium rare', '2025-11-21 10:09:47', '2025-11-21 10:09:47'),
(58, 17, 12, 3, '10.00', '0.00', '0.00', '30.00', 'pending', NULL, '2025-11-21 10:09:47', '2025-11-21 10:09:47'),
(59, 17, 22, 2, '5.50', '0.00', '0.00', '11.00', 'pending', 'Extra herbs', '2025-11-21 10:09:47', '2025-11-21 10:09:47'),
(60, 17, 24, 3, '3.50', '0.00', '0.00', '10.50', 'pending', 'Medium rare', '2025-11-21 10:09:47', '2025-11-21 10:09:47'),
(61, 18, 4, 1, '9.00', '0.00', '0.00', '9.00', 'pending', 'Extra herbs', '2025-11-21 10:09:47', '2025-11-21 10:09:47'),
(62, 18, 7, 3, '12.50', '0.00', '0.00', '37.50', 'pending', 'On the side', '2025-11-21 10:09:47', '2025-11-21 10:09:47'),
(63, 18, 11, 2, '13.50', '0.00', '0.00', '27.00', 'pending', 'Extra herbs', '2025-11-21 10:09:47', '2025-11-21 10:09:47'),
(64, 18, 18, 2, '4.50', '0.00', '0.00', '9.00', 'pending', 'Extra cheese', '2025-11-21 10:09:47', '2025-11-21 10:09:47'),
(65, 18, 26, 3, '25.00', '0.00', '0.00', '75.00', 'pending', NULL, '2025-11-21 10:09:47', '2025-11-21 10:09:47'),
(66, 18, 32, 3, '8.00', '0.00', '0.00', '24.00', 'pending', NULL, '2025-11-21 10:09:47', '2025-11-21 10:09:47'),
(67, 19, 13, 3, '7.50', '0.00', '0.00', '22.50', 'pending', NULL, '2025-11-21 10:09:47', '2025-11-21 10:09:47'),
(68, 19, 32, 3, '8.00', '0.00', '0.00', '24.00', 'pending', NULL, '2025-11-21 10:09:47', '2025-11-21 10:09:47'),
(69, 20, 15, 1, '5.50', '0.00', '0.00', '5.50', 'pending', NULL, '2025-11-21 10:09:47', '2025-11-21 10:09:47'),
(70, 20, 17, 3, '8.50', '0.00', '0.00', '25.50', 'pending', NULL, '2025-11-21 10:09:47', '2025-11-21 10:09:47'),
(71, 20, 22, 1, '5.50', '0.00', '0.00', '5.50', 'pending', 'Mild spice', '2025-11-21 10:09:47', '2025-11-21 10:09:47'),
(72, 21, 11, 2, '13.50', '0.00', '0.00', '27.00', 'pending', 'Medium rare', '2025-11-21 10:09:47', '2025-11-21 10:09:47'),
(73, 21, 23, 3, '4.50', '0.00', '0.00', '13.50', 'pending', 'Mild spice', '2025-11-21 10:09:47', '2025-11-21 10:09:47'),
(74, 21, 24, 1, '3.50', '0.00', '0.00', '3.50', 'pending', 'No vegetables', '2025-11-21 10:09:47', '2025-11-21 10:09:47'),
(75, 21, 32, 2, '8.00', '0.00', '0.00', '16.00', 'pending', 'Well done', '2025-11-21 10:09:47', '2025-11-21 10:09:47'),
(76, 22, 2, 1, '12.00', '0.00', '0.00', '12.00', 'pending', 'Extra sauce', '2025-11-21 10:09:47', '2025-11-21 10:09:47'),
(77, 22, 10, 2, '15.00', '0.00', '0.00', '30.00', 'pending', 'Mild spice', '2025-11-21 10:09:47', '2025-11-21 10:09:47'),
(78, 22, 26, 2, '25.00', '0.00', '0.00', '50.00', 'pending', 'On the side', '2025-11-21 10:09:47', '2025-11-21 10:09:47'),
(79, 22, 29, 3, '18.50', '0.00', '0.00', '55.50', 'pending', 'No onions', '2025-11-21 10:09:47', '2025-11-21 10:09:47'),
(80, 22, 33, 2, '11.50', '0.00', '0.00', '23.00', 'pending', NULL, '2025-11-21 10:09:47', '2025-11-21 10:09:47'),
(81, 23, 9, 2, '16.50', '0.00', '0.00', '33.00', 'pending', 'Extra sauce', '2025-11-21 10:09:47', '2025-11-21 10:09:47'),
(82, 23, 22, 1, '5.50', '0.00', '0.00', '5.50', 'pending', NULL, '2025-11-21 10:09:47', '2025-11-21 10:09:47'),
(83, 23, 23, 3, '4.50', '0.00', '0.00', '13.50', 'pending', NULL, '2025-11-21 10:09:47', '2025-11-21 10:09:47'),
(84, 23, 26, 3, '25.00', '0.00', '0.00', '75.00', 'pending', 'Mild spice', '2025-11-21 10:09:47', '2025-11-21 10:09:47'),
(85, 23, 33, 1, '11.50', '0.00', '0.00', '11.50', 'pending', 'No vegetables', '2025-11-21 10:09:47', '2025-11-21 10:09:47'),
(86, 24, 1, 3, '8.50', '0.00', '0.00', '25.50', 'pending', NULL, '2025-11-21 10:09:47', '2025-11-21 10:09:47'),
(87, 24, 11, 1, '13.50', '0.00', '0.00', '13.50', 'pending', NULL, '2025-11-21 10:09:47', '2025-11-21 10:09:47'),
(88, 24, 18, 2, '4.50', '0.00', '0.00', '9.00', 'pending', 'Extra sauce', '2025-11-21 10:09:47', '2025-11-21 10:09:47'),
(89, 24, 20, 3, '4.00', '0.00', '0.00', '12.00', 'pending', 'Extra sauce', '2025-11-21 10:09:47', '2025-11-21 10:09:47'),
(90, 24, 33, 2, '11.50', '0.00', '0.00', '23.00', 'pending', NULL, '2025-11-21 10:09:47', '2025-11-21 10:09:47'),
(91, 25, 6, 3, '28.00', '0.00', '0.00', '84.00', 'pending', 'No onions', '2025-11-21 10:09:47', '2025-11-21 10:09:47'),
(92, 25, 23, 1, '4.50', '0.00', '0.00', '4.50', 'pending', 'On the side', '2025-11-21 10:09:47', '2025-11-21 10:09:47'),
(93, 25, 25, 1, '8.50', '0.00', '0.00', '8.50', 'pending', 'Medium rare', '2025-11-21 10:09:47', '2025-11-21 10:09:47'),
(94, 25, 26, 2, '25.00', '0.00', '0.00', '50.00', 'pending', 'Well done', '2025-11-21 10:09:47', '2025-11-21 10:09:47'),
(95, 26, 1, 1, '8.50', '0.00', '0.00', '8.50', 'pending', NULL, '2025-11-21 10:09:47', '2025-11-21 10:09:47'),
(96, 26, 8, 1, '14.00', '0.00', '0.00', '14.00', 'pending', NULL, '2025-11-21 10:09:47', '2025-11-21 10:09:47'),
(97, 26, 11, 3, '13.50', '0.00', '0.00', '40.50', 'pending', NULL, '2025-11-21 10:09:47', '2025-11-21 10:09:47'),
(98, 26, 18, 3, '4.50', '0.00', '0.00', '13.50', 'pending', NULL, '2025-11-21 10:09:47', '2025-11-21 10:09:47'),
(99, 26, 31, 1, '15.00', '0.00', '0.00', '15.00', 'pending', NULL, '2025-11-21 10:09:47', '2025-11-21 10:09:47'),
(100, 27, 4, 2, '9.00', '0.00', '0.00', '18.00', 'pending', 'Extra herbs', '2025-11-21 10:09:47', '2025-11-21 10:09:47'),
(101, 27, 8, 1, '14.00', '0.00', '0.00', '14.00', 'pending', 'Extra herbs', '2025-11-21 10:09:47', '2025-11-21 10:09:47'),
(102, 27, 13, 3, '7.50', '0.00', '0.00', '22.50', 'pending', NULL, '2025-11-21 10:09:47', '2025-11-21 10:09:47'),
(103, 27, 18, 3, '4.50', '0.00', '0.00', '13.50', 'pending', NULL, '2025-11-21 10:09:47', '2025-11-21 10:09:47'),
(104, 27, 29, 3, '18.50', '0.00', '0.00', '55.50', 'pending', 'Extra cheese', '2025-11-21 10:09:47', '2025-11-21 10:09:47'),
(105, 27, 32, 1, '8.00', '0.00', '0.00', '8.00', 'pending', NULL, '2025-11-21 10:09:47', '2025-11-21 10:09:47'),
(106, 28, 14, 1, '6.50', '0.00', '0.00', '6.50', 'pending', 'No onions', '2025-11-21 10:09:47', '2025-11-21 10:09:47'),
(107, 28, 22, 1, '5.50', '0.00', '0.00', '5.50', 'pending', 'Extra cheese', '2025-11-21 10:09:47', '2025-11-21 10:09:47'),
(108, 28, 23, 2, '4.50', '0.00', '0.00', '9.00', 'pending', 'Extra herbs', '2025-11-21 10:09:47', '2025-11-21 10:09:47'),
(109, 28, 30, 3, '22.00', '0.00', '0.00', '66.00', 'pending', NULL, '2025-11-21 10:09:47', '2025-11-21 10:09:47'),
(110, 29, 15, 2, '5.50', '0.00', '0.00', '11.00', 'pending', 'Extra herbs', '2025-11-21 10:09:47', '2025-11-21 10:09:47'),
(111, 29, 28, 1, '32.00', '0.00', '0.00', '32.00', 'pending', 'No vegetables', '2025-11-21 10:09:47', '2025-11-21 10:09:47'),
(112, 30, 16, 1, '6.00', '0.00', '0.00', '6.00', 'pending', 'Extra spicy', '2025-11-21 10:09:47', '2025-11-21 10:09:47'),
(113, 30, 19, 2, '3.50', '0.00', '0.00', '7.00', 'pending', 'Well done', '2025-11-21 10:09:47', '2025-11-21 10:09:47'),
(114, 31, 3, 2, '10.50', '0.00', '0.00', '21.00', 'pending', 'On the side', '2025-11-21 10:09:47', '2025-11-21 10:09:47'),
(115, 31, 13, 2, '7.50', '0.00', '0.00', '15.00', 'pending', 'Medium rare', '2025-11-21 10:09:47', '2025-11-21 10:09:47'),
(116, 31, 32, 2, '8.00', '0.00', '0.00', '16.00', 'pending', NULL, '2025-11-21 10:09:47', '2025-11-21 10:09:47'),
(117, 32, 7, 1, '12.50', '0.00', '0.00', '12.50', 'pending', NULL, '2025-11-21 10:09:47', '2025-11-21 10:09:47'),
(118, 32, 8, 2, '14.00', '0.00', '0.00', '28.00', 'pending', 'On the side', '2025-11-21 10:09:47', '2025-11-21 10:09:47'),
(119, 33, 17, 2, '8.50', '0.00', '0.00', '17.00', 'pending', 'Extra spicy', '2025-11-21 10:09:47', '2025-11-21 10:09:47'),
(120, 33, 22, 2, '5.50', '0.00', '0.00', '11.00', 'pending', NULL, '2025-11-21 10:09:47', '2025-11-21 10:09:47'),
(121, 33, 28, 2, '32.00', '0.00', '0.00', '64.00', 'pending', 'On the side', '2025-11-21 10:09:47', '2025-11-21 10:09:47'),
(122, 34, 6, 1, '28.00', '0.00', '0.00', '28.00', 'pending', NULL, '2025-11-21 10:09:47', '2025-11-21 10:09:47'),
(123, 34, 18, 2, '4.50', '0.00', '0.00', '9.00', 'pending', NULL, '2025-11-21 10:09:47', '2025-11-21 10:09:47'),
(124, 34, 26, 1, '25.00', '0.00', '0.00', '25.00', 'pending', 'No onions', '2025-11-21 10:09:47', '2025-11-21 10:09:47'),
(125, 35, 8, 1, '14.00', '0.00', '0.00', '14.00', 'pending', 'On the side', '2025-11-21 10:09:47', '2025-11-21 10:09:47'),
(126, 35, 17, 2, '8.50', '0.00', '0.00', '17.00', 'pending', 'Mild spice', '2025-11-21 10:09:47', '2025-11-21 10:09:47'),
(127, 35, 24, 3, '3.50', '0.00', '0.00', '10.50', 'pending', 'Well done', '2025-11-21 10:09:47', '2025-11-21 10:09:47'),
(128, 36, 1, 1, '8.50', '0.00', '0.00', '8.50', 'pending', 'Extra herbs', '2025-11-21 10:09:47', '2025-11-21 10:09:47'),
(129, 36, 7, 1, '12.50', '0.00', '0.00', '12.50', 'pending', 'Well done', '2025-11-21 10:09:47', '2025-11-21 10:09:47'),
(130, 36, 18, 3, '4.50', '0.00', '0.00', '13.50', 'pending', NULL, '2025-11-21 10:09:47', '2025-11-21 10:09:47'),
(131, 36, 24, 1, '3.50', '0.00', '0.00', '3.50', 'pending', NULL, '2025-11-21 10:09:47', '2025-11-21 10:09:47'),
(132, 36, 32, 1, '8.00', '0.00', '0.00', '8.00', 'pending', NULL, '2025-11-21 10:09:47', '2025-11-21 10:09:47'),
(133, 36, 33, 3, '11.50', '0.00', '0.00', '34.50', 'pending', 'No vegetables', '2025-11-21 10:09:47', '2025-11-21 10:09:47'),
(134, 37, 28, 3, '32.00', '0.00', '0.00', '96.00', 'pending', 'On the side', '2025-11-21 10:09:47', '2025-11-21 10:09:47'),
(135, 37, 32, 3, '8.00', '0.00', '0.00', '24.00', 'pending', 'Well done', '2025-11-21 10:09:47', '2025-11-21 10:09:47'),
(136, 38, 4, 3, '9.00', '0.00', '0.00', '27.00', 'pending', NULL, '2025-11-21 10:09:47', '2025-11-21 10:09:47'),
(137, 38, 12, 2, '10.00', '0.00', '0.00', '20.00', 'pending', NULL, '2025-11-21 10:09:47', '2025-11-21 10:09:47'),
(138, 38, 15, 3, '5.50', '0.00', '0.00', '16.50', 'pending', 'Extra cheese', '2025-11-21 10:09:47', '2025-11-21 10:09:47'),
(139, 38, 16, 1, '6.00', '0.00', '0.00', '6.00', 'pending', 'No vegetables', '2025-11-21 10:09:47', '2025-11-21 10:09:47'),
(140, 38, 24, 1, '3.50', '0.00', '0.00', '3.50', 'pending', 'Well done', '2025-11-21 10:09:47', '2025-11-21 10:09:47'),
(141, 38, 26, 2, '25.00', '0.00', '0.00', '50.00', 'pending', NULL, '2025-11-21 10:09:47', '2025-11-21 10:09:47'),
(142, 39, 3, 1, '10.50', '0.00', '0.00', '10.50', 'pending', NULL, '2025-11-21 10:09:47', '2025-11-21 10:09:47'),
(143, 40, 6, 2, '28.00', '0.00', '0.00', '56.00', 'pending', 'Well done', '2025-11-21 10:09:47', '2025-11-21 10:09:47'),
(144, 40, 9, 3, '16.50', '0.00', '0.00', '49.50', 'pending', 'No vegetables', '2025-11-21 10:09:47', '2025-11-21 10:09:47'),
(145, 40, 12, 3, '10.00', '0.00', '0.00', '30.00', 'pending', NULL, '2025-11-21 10:09:47', '2025-11-21 10:09:47'),
(146, 40, 21, 1, '2.50', '0.00', '0.00', '2.50', 'pending', 'No vegetables', '2025-11-21 10:09:47', '2025-11-21 10:09:47'),
(147, 41, 20, 3, '4.00', '0.00', '0.00', '12.00', 'pending', 'Medium rare', '2025-11-21 10:09:47', '2025-11-21 10:09:47'),
(148, 41, 27, 3, '28.00', '0.00', '0.00', '84.00', 'pending', 'Extra spicy', '2025-11-21 10:09:47', '2025-11-21 10:09:47'),
(149, 42, 6, 2, '28.00', '0.00', '0.00', '56.00', 'pending', 'Extra spicy', '2025-11-21 10:09:47', '2025-11-21 10:09:47'),
(150, 42, 10, 3, '15.00', '0.00', '0.00', '45.00', 'pending', 'No vegetables', '2025-11-21 10:09:47', '2025-11-21 10:09:47'),
(151, 42, 13, 1, '7.50', '0.00', '0.00', '7.50', 'pending', 'Extra spicy', '2025-11-21 10:09:47', '2025-11-21 10:09:47'),
(152, 43, 8, 2, '14.00', '0.00', '0.00', '28.00', 'pending', NULL, '2025-11-21 10:09:47', '2025-11-21 10:09:47'),
(153, 43, 15, 2, '5.50', '0.00', '0.00', '11.00', 'pending', 'No vegetables', '2025-11-21 10:09:47', '2025-11-21 10:09:47'),
(154, 43, 17, 1, '8.50', '0.00', '0.00', '8.50', 'pending', 'Mild spice', '2025-11-21 10:09:47', '2025-11-21 10:09:47'),
(155, 43, 25, 2, '8.50', '0.00', '0.00', '17.00', 'pending', 'Well done', '2025-11-21 10:09:47', '2025-11-21 10:09:47'),
(156, 43, 28, 3, '32.00', '0.00', '0.00', '96.00', 'pending', 'Extra herbs', '2025-11-21 10:09:47', '2025-11-21 10:09:47'),
(157, 43, 30, 2, '22.00', '0.00', '0.00', '44.00', 'pending', 'Mild spice', '2025-11-21 10:09:47', '2025-11-21 10:09:47'),
(158, 44, 16, 3, '6.00', '0.00', '0.00', '18.00', 'pending', NULL, '2025-11-21 10:09:47', '2025-11-21 10:09:47'),
(159, 45, 1, 2, '8.50', '0.00', '0.00', '17.00', 'pending', NULL, '2025-11-21 10:09:47', '2025-11-21 10:09:47'),
(160, 45, 3, 3, '10.50', '0.00', '0.00', '31.50', 'pending', 'Extra spicy', '2025-11-21 10:09:47', '2025-11-21 10:09:47'),
(161, 45, 11, 1, '13.50', '0.00', '0.00', '13.50', 'pending', 'Extra sauce', '2025-11-21 10:09:47', '2025-11-21 10:09:47'),
(162, 46, 3, 2, '10.50', '0.00', '0.00', '21.00', 'pending', 'No onions', '2025-11-21 10:09:47', '2025-11-21 10:09:47'),
(163, 46, 21, 1, '2.50', '0.00', '0.00', '2.50', 'pending', NULL, '2025-11-21 10:09:47', '2025-11-21 10:09:47'),
(164, 46, 24, 1, '3.50', '0.00', '0.00', '3.50', 'pending', 'Extra spicy', '2025-11-21 10:09:47', '2025-11-21 10:09:47'),
(165, 47, 5, 2, '13.50', '0.00', '0.00', '27.00', 'pending', NULL, '2025-11-21 10:09:47', '2025-11-21 10:09:47'),
(166, 47, 17, 3, '8.50', '0.00', '0.00', '25.50', 'pending', NULL, '2025-11-21 10:09:47', '2025-11-21 10:09:47'),
(167, 47, 20, 1, '4.00', '0.00', '0.00', '4.00', 'pending', NULL, '2025-11-21 10:09:47', '2025-11-21 10:09:47'),
(168, 47, 21, 2, '2.50', '0.00', '0.00', '5.00', 'pending', 'No onions', '2025-11-21 10:09:48', '2025-11-21 10:09:48'),
(169, 47, 26, 3, '25.00', '0.00', '0.00', '75.00', 'pending', NULL, '2025-11-21 10:09:48', '2025-11-21 10:09:48'),
(170, 47, 28, 1, '32.00', '0.00', '0.00', '32.00', 'pending', 'No onions', '2025-11-21 10:09:48', '2025-11-21 10:09:48'),
(171, 48, 14, 2, '6.50', '0.00', '0.00', '13.00', 'pending', 'Extra herbs', '2025-11-21 10:09:48', '2025-11-21 10:09:48'),
(172, 48, 18, 2, '4.50', '0.00', '0.00', '9.00', 'pending', 'Extra sauce', '2025-11-21 10:09:48', '2025-11-21 10:09:48'),
(173, 48, 25, 1, '8.50', '0.00', '0.00', '8.50', 'pending', 'Well done', '2025-11-21 10:09:48', '2025-11-21 10:09:48'),
(174, 48, 26, 2, '25.00', '0.00', '0.00', '50.00', 'pending', 'Medium rare', '2025-11-21 10:09:48', '2025-11-21 10:09:48'),
(175, 48, 27, 2, '28.00', '0.00', '0.00', '56.00', 'pending', NULL, '2025-11-21 10:09:48', '2025-11-21 10:09:48'),
(176, 48, 31, 1, '15.00', '0.00', '0.00', '15.00', 'pending', NULL, '2025-11-21 10:09:48', '2025-11-21 10:09:48'),
(177, 49, 9, 2, '16.50', '0.00', '0.00', '33.00', 'pending', 'Extra spicy', '2025-11-21 10:09:48', '2025-11-21 10:09:48'),
(178, 49, 24, 1, '3.50', '0.00', '0.00', '3.50', 'pending', 'Mild spice', '2025-11-21 10:09:48', '2025-11-21 10:09:48'),
(179, 49, 28, 3, '32.00', '0.00', '0.00', '96.00', 'pending', 'Mild spice', '2025-11-21 10:09:48', '2025-11-21 10:09:48'),
(180, 50, 1, 3, '8.50', '0.00', '0.00', '25.50', 'pending', 'Extra herbs', '2025-11-21 10:09:48', '2025-11-21 10:09:48'),
(181, 50, 5, 1, '13.50', '0.00', '0.00', '13.50', 'pending', 'Extra sauce', '2025-11-21 10:09:48', '2025-11-21 10:09:48'),
(182, 50, 12, 1, '10.00', '0.00', '0.00', '10.00', 'pending', NULL, '2025-11-21 10:09:48', '2025-11-21 10:09:48'),
(183, 51, 3, 1, '10.50', '0.00', '0.00', '10.50', 'pending', 'Mild spice', '2025-11-21 10:09:48', '2025-11-21 10:09:48'),
(184, 51, 30, 1, '22.00', '0.00', '0.00', '22.00', 'pending', 'On the side', '2025-11-21 10:09:48', '2025-11-21 10:09:48'),
(185, 51, 31, 3, '15.00', '0.00', '0.00', '45.00', 'pending', NULL, '2025-11-21 10:09:48', '2025-11-21 10:09:48'),
(186, 52, 1, 3, '8.50', '0.00', '0.00', '25.50', 'pending', NULL, '2025-11-21 10:09:48', '2025-11-21 10:09:48'),
(187, 52, 20, 1, '4.00', '0.00', '0.00', '4.00', 'pending', 'No onions', '2025-11-21 10:09:48', '2025-11-21 10:09:48'),
(188, 53, 3, 1, '10.50', '0.00', '0.00', '10.50', 'pending', 'Extra cheese', '2025-11-21 10:09:48', '2025-11-21 10:09:48'),
(189, 53, 19, 1, '3.50', '0.00', '0.00', '3.50', 'pending', NULL, '2025-11-21 10:09:48', '2025-11-21 10:09:48'),
(190, 53, 22, 3, '5.50', '0.00', '0.00', '16.50', 'pending', 'Well done', '2025-11-21 10:09:48', '2025-11-21 10:09:48'),
(191, 53, 29, 1, '18.50', '0.00', '0.00', '18.50', 'pending', 'Well done', '2025-11-21 10:09:48', '2025-11-21 10:09:48'),
(192, 54, 6, 2, '28.00', '0.00', '0.00', '56.00', 'pending', NULL, '2025-11-21 10:09:48', '2025-11-21 10:09:48'),
(193, 54, 8, 3, '14.00', '0.00', '0.00', '42.00', 'pending', 'No vegetables', '2025-11-21 10:09:48', '2025-11-21 10:09:48'),
(194, 54, 21, 1, '2.50', '0.00', '0.00', '2.50', 'pending', 'Extra sauce', '2025-11-21 10:09:48', '2025-11-21 10:09:48'),
(195, 55, 1, 2, '8.50', '0.00', '0.00', '17.00', 'pending', 'Extra sauce', '2025-11-21 10:09:48', '2025-11-21 10:09:48'),
(196, 55, 3, 2, '10.50', '0.00', '0.00', '21.00', 'pending', 'Extra spicy', '2025-11-21 10:09:48', '2025-11-21 10:09:48'),
(197, 55, 6, 2, '28.00', '0.00', '0.00', '56.00', 'pending', 'Well done', '2025-11-21 10:09:48', '2025-11-21 10:09:48'),
(198, 55, 14, 2, '6.50', '0.00', '0.00', '13.00', 'pending', 'On the side', '2025-11-21 10:09:48', '2025-11-21 10:09:48'),
(199, 55, 21, 1, '2.50', '0.00', '0.00', '2.50', 'pending', 'Extra cheese', '2025-11-21 10:09:48', '2025-11-21 10:09:48'),
(200, 55, 31, 1, '15.00', '0.00', '0.00', '15.00', 'pending', 'Medium rare', '2025-11-21 10:09:48', '2025-11-21 10:09:48'),
(201, 56, 11, 1, '13.50', '0.00', '0.00', '13.50', 'pending', 'Medium rare', '2025-11-21 10:09:48', '2025-11-21 10:09:48'),
(202, 56, 24, 3, '3.50', '0.00', '0.00', '10.50', 'pending', 'Extra herbs', '2025-11-21 10:09:48', '2025-11-21 10:09:48'),
(203, 57, 9, 2, '16.50', '0.00', '0.00', '33.00', 'pending', 'No onions', '2025-11-21 10:09:48', '2025-11-21 10:09:48'),
(204, 57, 18, 3, '4.50', '0.00', '0.00', '13.50', 'pending', 'Mild spice', '2025-11-21 10:09:48', '2025-11-21 10:09:48'),
(205, 58, 1, 2, '8.50', '0.00', '0.00', '17.00', 'pending', NULL, '2025-11-21 10:09:48', '2025-11-21 10:09:48'),
(206, 58, 2, 1, '12.00', '0.00', '0.00', '12.00', 'pending', 'Medium rare', '2025-11-21 10:09:48', '2025-11-21 10:09:48'),
(207, 58, 23, 1, '4.50', '0.00', '0.00', '4.50', 'pending', 'No vegetables', '2025-11-21 10:09:48', '2025-11-21 10:09:48'),
(208, 58, 29, 1, '18.50', '0.00', '0.00', '18.50', 'pending', 'No onions', '2025-11-21 10:09:48', '2025-11-21 10:09:48'),
(209, 58, 33, 3, '11.50', '0.00', '0.00', '34.50', 'pending', 'Extra sauce', '2025-11-21 10:09:48', '2025-11-21 10:09:48'),
(210, 59, 2, 2, '12.00', '0.00', '0.00', '24.00', 'pending', NULL, '2025-11-21 10:09:48', '2025-11-21 10:09:48'),
(211, 59, 9, 3, '16.50', '0.00', '0.00', '49.50', 'pending', 'On the side', '2025-11-21 10:09:48', '2025-11-21 10:09:48'),
(212, 59, 11, 3, '13.50', '0.00', '0.00', '40.50', 'pending', 'Medium rare', '2025-11-21 10:09:48', '2025-11-21 10:09:48'),
(213, 59, 21, 2, '2.50', '0.00', '0.00', '5.00', 'pending', 'Extra spicy', '2025-11-21 10:09:48', '2025-11-21 10:09:48'),
(214, 60, 9, 1, '16.50', '0.00', '0.00', '16.50', 'pending', 'Extra sauce', '2025-11-21 10:09:48', '2025-11-21 10:09:48'),
(215, 61, 13, 1, '7.50', '0.00', '0.00', '7.50', 'pending', 'On the side', '2025-11-21 10:09:48', '2025-11-21 10:09:48'),
(216, 61, 21, 1, '2.50', '0.00', '0.00', '2.50', 'pending', 'Extra cheese', '2025-11-21 10:09:48', '2025-11-21 10:09:48'),
(217, 62, 7, 3, '12.50', '0.00', '0.00', '37.50', 'pending', 'Extra sauce', '2025-11-21 10:09:48', '2025-11-21 10:09:48'),
(218, 63, 9, 3, '16.50', '0.00', '0.00', '49.50', 'pending', 'Medium rare', '2025-11-21 10:09:48', '2025-11-21 10:09:48'),
(219, 63, 21, 3, '2.50', '0.00', '0.00', '7.50', 'pending', 'Extra herbs', '2025-11-21 10:09:48', '2025-11-21 10:09:48'),
(220, 63, 22, 2, '5.50', '0.00', '0.00', '11.00', 'pending', 'Extra sauce', '2025-11-21 10:09:48', '2025-11-21 10:09:48'),
(221, 64, 2, 3, '12.00', '0.00', '0.00', '36.00', 'pending', 'Mild spice', '2025-11-21 10:09:48', '2025-11-21 10:09:48'),
(222, 64, 7, 1, '12.50', '0.00', '0.00', '12.50', 'pending', NULL, '2025-11-21 10:09:48', '2025-11-21 10:09:48'),
(223, 64, 12, 1, '10.00', '0.00', '0.00', '10.00', 'pending', 'Extra herbs', '2025-11-21 10:09:48', '2025-11-21 10:09:48'),
(224, 64, 18, 3, '4.50', '0.00', '0.00', '13.50', 'pending', 'No onions', '2025-11-21 10:09:48', '2025-11-21 10:09:48'),
(225, 64, 19, 3, '3.50', '0.00', '0.00', '10.50', 'pending', 'Well done', '2025-11-21 10:09:48', '2025-11-21 10:09:48'),
(226, 64, 21, 1, '2.50', '0.00', '0.00', '2.50', 'pending', 'Extra cheese', '2025-11-21 10:09:48', '2025-11-21 10:09:48'),
(227, 65, 1, 1, '8.50', '0.00', '0.00', '8.50', 'pending', NULL, '2025-11-21 10:09:48', '2025-11-21 10:09:48'),
(228, 65, 4, 2, '9.00', '0.00', '0.00', '18.00', 'pending', 'No onions', '2025-11-21 10:09:48', '2025-11-21 10:09:48'),
(229, 65, 9, 1, '16.50', '0.00', '0.00', '16.50', 'pending', NULL, '2025-11-21 10:09:48', '2025-11-21 10:09:48'),
(230, 65, 17, 2, '8.50', '0.00', '0.00', '17.00', 'pending', 'Medium rare', '2025-11-21 10:09:48', '2025-11-21 10:09:48'),
(231, 65, 21, 2, '2.50', '0.00', '0.00', '5.00', 'pending', 'Extra herbs', '2025-11-21 10:09:48', '2025-11-21 10:09:48'),
(232, 65, 23, 3, '4.50', '0.00', '0.00', '13.50', 'pending', 'No onions', '2025-11-21 10:09:48', '2025-11-21 10:09:48'),
(233, 66, 4, 1, '9.00', '0.00', '0.00', '9.00', 'pending', 'Extra sauce', '2025-11-21 10:09:48', '2025-11-21 10:09:48'),
(234, 66, 16, 3, '6.00', '0.00', '0.00', '18.00', 'pending', NULL, '2025-11-21 10:09:48', '2025-11-21 10:09:48'),
(235, 66, 19, 1, '3.50', '0.00', '0.00', '3.50', 'pending', NULL, '2025-11-21 10:09:48', '2025-11-21 10:09:48'),
(236, 66, 21, 3, '2.50', '0.00', '0.00', '7.50', 'pending', 'Well done', '2025-11-21 10:09:48', '2025-11-21 10:09:48'),
(237, 67, 4, 1, '9.00', '0.00', '0.00', '9.00', 'pending', NULL, '2025-11-21 10:09:48', '2025-11-21 10:09:48'),
(238, 67, 9, 3, '16.50', '0.00', '0.00', '49.50', 'pending', 'Extra cheese', '2025-11-21 10:09:48', '2025-11-21 10:09:48'),
(239, 67, 12, 1, '10.00', '0.00', '0.00', '10.00', 'pending', 'Extra spicy', '2025-11-21 10:09:48', '2025-11-21 10:09:48'),
(240, 67, 23, 1, '4.50', '0.00', '0.00', '4.50', 'pending', NULL, '2025-11-21 10:09:48', '2025-11-21 10:09:48'),
(241, 68, 8, 3, '14.00', '0.00', '0.00', '42.00', 'pending', NULL, '2025-11-21 10:09:48', '2025-11-21 10:09:48'),
(242, 68, 13, 3, '7.50', '0.00', '0.00', '22.50', 'pending', 'No vegetables', '2025-11-21 10:09:48', '2025-11-21 10:09:48'),
(243, 69, 17, 2, '8.50', '0.00', '0.00', '17.00', 'pending', 'Medium rare', '2025-11-21 10:09:48', '2025-11-21 10:09:48'),
(244, 70, 2, 2, '12.00', '0.00', '0.00', '24.00', 'pending', NULL, '2025-11-21 10:09:48', '2025-11-21 10:09:48'),
(245, 70, 6, 2, '28.00', '0.00', '0.00', '56.00', 'pending', 'Mild spice', '2025-11-21 10:09:48', '2025-11-21 10:09:48'),
(246, 70, 7, 1, '12.50', '0.00', '0.00', '12.50', 'pending', 'Medium rare', '2025-11-21 10:09:48', '2025-11-21 10:09:48'),
(247, 71, 7, 3, '12.50', '0.00', '0.00', '37.50', 'pending', NULL, '2025-11-21 10:09:48', '2025-11-21 10:09:48'),
(248, 71, 13, 3, '7.50', '0.00', '0.00', '22.50', 'pending', 'Mild spice', '2025-11-21 10:09:48', '2025-11-21 10:09:48'),
(249, 71, 16, 2, '6.00', '0.00', '0.00', '12.00', 'pending', 'Extra spicy', '2025-11-21 10:09:48', '2025-11-21 10:09:48'),
(250, 71, 22, 1, '5.50', '0.00', '0.00', '5.50', 'pending', 'No onions', '2025-11-21 10:09:48', '2025-11-21 10:09:48'),
(251, 72, 10, 2, '15.00', '0.00', '0.00', '30.00', 'pending', 'Extra sauce', '2025-11-21 10:09:48', '2025-11-21 10:09:48'),
(252, 72, 14, 2, '6.50', '0.00', '0.00', '13.00', 'pending', NULL, '2025-11-21 10:09:48', '2025-11-21 10:09:48'),
(253, 72, 26, 1, '25.00', '0.00', '0.00', '25.00', 'pending', 'Mild spice', '2025-11-21 10:09:48', '2025-11-21 10:09:48'),
(254, 73, 17, 3, '8.50', '0.00', '0.00', '25.50', 'pending', 'Mild spice', '2025-11-21 10:09:48', '2025-11-21 10:09:48'),
(255, 73, 30, 1, '22.00', '0.00', '0.00', '22.00', 'pending', 'Medium rare', '2025-11-21 10:09:48', '2025-11-21 10:09:48'),
(256, 74, 1, 3, '8.50', '0.00', '0.00', '25.50', 'pending', 'On the side', '2025-11-21 10:09:48', '2025-11-21 10:09:48'),
(257, 74, 23, 3, '4.50', '0.00', '0.00', '13.50', 'pending', 'Medium rare', '2025-11-21 10:09:48', '2025-11-21 10:09:48'),
(258, 74, 25, 3, '8.50', '0.00', '0.00', '25.50', 'pending', 'No onions', '2025-11-21 10:09:48', '2025-11-21 10:09:48'),
(259, 74, 29, 3, '18.50', '0.00', '0.00', '55.50', 'pending', 'Mild spice', '2025-11-21 10:09:48', '2025-11-21 10:09:48'),
(260, 74, 30, 3, '22.00', '0.00', '0.00', '66.00', 'pending', NULL, '2025-11-21 10:09:48', '2025-11-21 10:09:48'),
(261, 74, 32, 1, '8.00', '0.00', '0.00', '8.00', 'pending', 'Medium rare', '2025-11-21 10:09:48', '2025-11-21 10:09:48'),
(262, 75, 11, 3, '13.50', '0.00', '0.00', '40.50', 'pending', 'Extra spicy', '2025-11-21 10:09:48', '2025-11-21 10:09:48'),
(263, 75, 16, 3, '6.00', '0.00', '0.00', '18.00', 'pending', NULL, '2025-11-21 10:09:48', '2025-11-21 10:09:48'),
(264, 75, 21, 2, '2.50', '0.00', '0.00', '5.00', 'pending', NULL, '2025-11-21 10:09:48', '2025-11-21 10:09:48'),
(265, 76, 11, 1, '13.50', '0.00', '0.00', '13.50', 'pending', NULL, '2025-11-21 10:09:48', '2025-11-21 10:09:48'),
(266, 76, 20, 3, '4.00', '0.00', '0.00', '12.00', 'pending', NULL, '2025-11-21 10:09:48', '2025-11-21 10:09:48'),
(267, 76, 31, 1, '15.00', '0.00', '0.00', '15.00', 'pending', NULL, '2025-11-21 10:09:48', '2025-11-21 10:09:48'),
(268, 77, 1, 2, '8.50', '0.00', '0.00', '17.00', 'pending', NULL, '2025-11-21 10:09:48', '2025-11-21 10:09:48'),
(269, 77, 16, 1, '6.00', '0.00', '0.00', '6.00', 'pending', 'Extra cheese', '2025-11-21 10:09:48', '2025-11-21 10:09:48'),
(270, 77, 24, 1, '3.50', '0.00', '0.00', '3.50', 'pending', 'Extra sauce', '2025-11-21 10:09:48', '2025-11-21 10:09:48'),
(271, 78, 13, 1, '7.50', '0.00', '0.00', '7.50', 'pending', 'Extra herbs', '2025-11-21 10:09:48', '2025-11-21 10:09:48'),
(272, 79, 1, 2, '8.50', '0.00', '0.00', '17.00', 'pending', 'Extra sauce', '2025-11-21 10:09:48', '2025-11-21 10:09:48'),
(273, 79, 30, 3, '22.00', '0.00', '0.00', '66.00', 'pending', 'Extra sauce', '2025-11-21 10:09:48', '2025-11-21 10:09:48'),
(274, 80, 11, 1, '13.50', '0.00', '0.00', '13.50', 'pending', NULL, '2025-11-21 10:09:48', '2025-11-21 10:09:48'),
(275, 80, 16, 3, '6.00', '0.00', '0.00', '18.00', 'pending', NULL, '2025-11-21 10:09:48', '2025-11-21 10:09:48'),
(276, 80, 22, 2, '5.50', '0.00', '0.00', '11.00', 'pending', 'On the side', '2025-11-21 10:09:48', '2025-11-21 10:09:48'),
(277, 80, 32, 1, '8.00', '0.00', '0.00', '8.00', 'pending', 'No onions', '2025-11-21 10:09:48', '2025-11-21 10:09:48'),
(278, 81, 6, 1, '28.00', '0.00', '0.00', '28.00', 'pending', NULL, '2025-11-21 10:09:48', '2025-11-21 10:09:48'),
(279, 81, 16, 2, '6.00', '0.00', '0.00', '12.00', 'pending', 'Extra cheese', '2025-11-21 10:09:48', '2025-11-21 10:09:48'),
(280, 81, 17, 2, '8.50', '0.00', '0.00', '17.00', 'pending', 'On the side', '2025-11-21 10:09:48', '2025-11-21 10:09:48'),
(281, 81, 22, 3, '5.50', '0.00', '0.00', '16.50', 'pending', 'Well done', '2025-11-21 10:09:48', '2025-11-21 10:09:48'),
(282, 81, 29, 2, '18.50', '0.00', '0.00', '37.00', 'pending', 'Mild spice', '2025-11-21 10:09:48', '2025-11-21 10:09:48'),
(283, 82, 8, 2, '14.00', '0.00', '0.00', '28.00', 'pending', NULL, '2025-11-21 10:09:48', '2025-11-21 10:09:48'),
(284, 82, 21, 1, '2.50', '0.00', '0.00', '2.50', 'pending', 'Extra herbs', '2025-11-21 10:09:48', '2025-11-21 10:09:48'),
(285, 82, 22, 1, '5.50', '0.00', '0.00', '5.50', 'pending', NULL, '2025-11-21 10:09:48', '2025-11-21 10:09:48'),
(286, 82, 33, 3, '11.50', '0.00', '0.00', '34.50', 'pending', 'Extra sauce', '2025-11-21 10:09:48', '2025-11-21 10:09:48'),
(287, 83, 1, 3, '8.50', '0.00', '0.00', '25.50', 'pending', 'Extra cheese', '2025-11-21 10:09:48', '2025-11-21 10:09:48'),
(288, 83, 5, 2, '13.50', '0.00', '0.00', '27.00', 'pending', 'Extra sauce', '2025-11-21 10:09:48', '2025-11-21 10:09:48'),
(289, 83, 28, 3, '32.00', '0.00', '0.00', '96.00', 'pending', NULL, '2025-11-21 10:09:48', '2025-11-21 10:09:48'),
(290, 83, 30, 2, '22.00', '0.00', '0.00', '44.00', 'pending', NULL, '2025-11-21 10:09:48', '2025-11-21 10:09:48'),
(291, 83, 33, 3, '11.50', '0.00', '0.00', '34.50', 'pending', NULL, '2025-11-21 10:09:48', '2025-11-21 10:09:48'),
(292, 84, 6, 3, '28.00', '0.00', '0.00', '84.00', 'pending', 'No onions', '2025-11-21 10:09:48', '2025-11-21 10:09:48'),
(293, 84, 14, 3, '6.50', '0.00', '0.00', '19.50', 'pending', NULL, '2025-11-21 10:09:48', '2025-11-21 10:09:48'),
(294, 85, 8, 2, '14.00', '0.00', '0.00', '28.00', 'pending', NULL, '2025-11-21 10:09:48', '2025-11-21 10:09:48'),
(295, 85, 23, 3, '4.50', '0.00', '0.00', '13.50', 'pending', 'Mild spice', '2025-11-21 10:09:48', '2025-11-21 10:09:48'),
(296, 85, 24, 1, '3.50', '0.00', '0.00', '3.50', 'pending', 'Well done', '2025-11-21 10:09:48', '2025-11-21 10:09:48'),
(297, 85, 26, 1, '25.00', '0.00', '0.00', '25.00', 'pending', 'No vegetables', '2025-11-21 10:09:48', '2025-11-21 10:09:48'),
(298, 85, 31, 1, '15.00', '0.00', '0.00', '15.00', 'pending', 'Extra cheese', '2025-11-21 10:09:48', '2025-11-21 10:09:48'),
(299, 85, 32, 1, '8.00', '0.00', '0.00', '8.00', 'pending', NULL, '2025-11-21 10:09:48', '2025-11-21 10:09:48'),
(300, 86, 19, 3, '3.50', '0.00', '0.00', '10.50', 'pending', 'Extra cheese', '2025-11-21 10:09:48', '2025-11-21 10:09:48'),
(301, 86, 21, 1, '2.50', '0.00', '0.00', '2.50', 'pending', NULL, '2025-11-21 10:09:48', '2025-11-21 10:09:48'),
(302, 87, 1, 3, '8.50', '0.00', '0.00', '25.50', 'pending', 'Extra spicy', '2025-11-21 10:09:48', '2025-11-21 10:09:48'),
(303, 87, 21, 2, '2.50', '0.00', '0.00', '5.00', 'pending', 'Extra sauce', '2025-11-21 10:09:48', '2025-11-21 10:09:48'),
(304, 88, 11, 2, '13.50', '0.00', '0.00', '27.00', 'pending', NULL, '2025-11-21 10:09:48', '2025-11-21 10:09:48'),
(305, 88, 15, 1, '5.50', '0.00', '0.00', '5.50', 'pending', 'Extra cheese', '2025-11-21 10:09:48', '2025-11-21 10:09:48'),
(306, 88, 28, 2, '32.00', '0.00', '0.00', '64.00', 'pending', 'Mild spice', '2025-11-21 10:09:48', '2025-11-21 10:09:48'),
(307, 88, 29, 2, '18.50', '0.00', '0.00', '37.00', 'pending', 'Extra sauce', '2025-11-21 10:09:48', '2025-11-21 10:09:48'),
(308, 89, 11, 3, '13.50', '0.00', '0.00', '40.50', 'pending', 'On the side', '2025-11-21 10:09:48', '2025-11-21 10:09:48'),
(309, 89, 12, 2, '10.00', '0.00', '0.00', '20.00', 'pending', NULL, '2025-11-21 10:09:48', '2025-11-21 10:09:48'),
(310, 89, 21, 1, '2.50', '0.00', '0.00', '2.50', 'pending', NULL, '2025-11-21 10:09:48', '2025-11-21 10:09:48'),
(311, 89, 22, 3, '5.50', '0.00', '0.00', '16.50', 'pending', NULL, '2025-11-21 10:09:48', '2025-11-21 10:09:48'),
(312, 89, 29, 2, '18.50', '0.00', '0.00', '37.00', 'pending', 'No vegetables', '2025-11-21 10:09:48', '2025-11-21 10:09:48'),
(313, 89, 31, 1, '15.00', '0.00', '0.00', '15.00', 'pending', 'Extra spicy', '2025-11-21 10:09:48', '2025-11-21 10:09:48'),
(314, 90, 3, 1, '10.50', '0.00', '0.00', '10.50', 'pending', 'No onions', '2025-11-21 10:09:48', '2025-11-21 10:09:48'),
(315, 90, 15, 2, '5.50', '0.00', '0.00', '11.00', 'pending', 'Extra sauce', '2025-11-21 10:09:48', '2025-11-21 10:09:48'),
(316, 90, 31, 2, '15.00', '0.00', '0.00', '30.00', 'pending', NULL, '2025-11-21 10:09:48', '2025-11-21 10:09:48'),
(317, 91, 6, 2, '28.00', '0.00', '0.00', '56.00', 'pending', 'Mild spice', '2025-11-21 10:09:48', '2025-11-21 10:09:48'),
(318, 91, 7, 3, '12.50', '0.00', '0.00', '37.50', 'pending', NULL, '2025-11-21 10:09:48', '2025-11-21 10:09:48'),
(319, 91, 27, 1, '28.00', '0.00', '0.00', '28.00', 'pending', NULL, '2025-11-21 10:09:48', '2025-11-21 10:09:48'),
(320, 91, 33, 1, '11.50', '0.00', '0.00', '11.50', 'pending', 'Well done', '2025-11-21 10:09:48', '2025-11-21 10:09:48'),
(321, 92, 2, 2, '12.00', '0.00', '0.00', '24.00', 'pending', NULL, '2025-11-21 10:09:48', '2025-11-21 10:09:48'),
(322, 92, 13, 1, '7.50', '0.00', '0.00', '7.50', 'pending', 'Extra herbs', '2025-11-21 10:09:48', '2025-11-21 10:09:48'),
(323, 92, 15, 3, '5.50', '0.00', '0.00', '16.50', 'pending', NULL, '2025-11-21 10:09:48', '2025-11-21 10:09:48'),
(324, 92, 18, 1, '4.50', '0.00', '0.00', '4.50', 'pending', 'Extra spicy', '2025-11-21 10:09:48', '2025-11-21 10:09:48'),
(325, 93, 18, 3, '4.50', '0.00', '0.00', '13.50', 'pending', 'Extra spicy', '2025-11-21 10:09:48', '2025-11-21 10:09:48'),
(326, 93, 28, 3, '32.00', '0.00', '0.00', '96.00', 'pending', 'Well done', '2025-11-21 10:09:48', '2025-11-21 10:09:48'),
(327, 94, 1, 2, '8.50', '0.00', '0.00', '17.00', 'pending', 'Extra herbs', '2025-11-21 10:09:48', '2025-11-21 10:09:48'),
(328, 94, 2, 3, '12.00', '0.00', '0.00', '36.00', 'pending', 'Well done', '2025-11-21 10:09:48', '2025-11-21 10:09:48'),
(329, 94, 12, 2, '10.00', '0.00', '0.00', '20.00', 'pending', 'Well done', '2025-11-21 10:09:48', '2025-11-21 10:09:48'),
(330, 94, 22, 2, '5.50', '0.00', '0.00', '11.00', 'pending', 'Mild spice', '2025-11-21 10:09:48', '2025-11-21 10:09:48'),
(331, 94, 28, 2, '32.00', '0.00', '0.00', '64.00', 'pending', NULL, '2025-11-21 10:09:48', '2025-11-21 10:09:48'),
(332, 94, 33, 3, '11.50', '0.00', '0.00', '34.50', 'pending', 'No onions', '2025-11-21 10:09:48', '2025-11-21 10:09:48'),
(333, 95, 7, 1, '12.50', '0.00', '0.00', '12.50', 'pending', 'No vegetables', '2025-11-21 10:09:48', '2025-11-21 10:09:48'),
(334, 95, 24, 2, '3.50', '0.00', '0.00', '7.00', 'pending', NULL, '2025-11-21 10:09:48', '2025-11-21 10:09:48'),
(335, 95, 31, 1, '15.00', '0.00', '0.00', '15.00', 'pending', 'Extra herbs', '2025-11-21 10:09:48', '2025-11-21 10:09:48'),
(336, 96, 1, 3, '8.50', '0.00', '0.00', '25.50', 'pending', 'Extra herbs', '2025-11-21 10:09:48', '2025-11-21 10:09:48'),
(337, 96, 12, 2, '10.00', '0.00', '0.00', '20.00', 'pending', 'On the side', '2025-11-21 10:09:48', '2025-11-21 10:09:48'),
(338, 96, 15, 2, '5.50', '0.00', '0.00', '11.00', 'pending', 'No onions', '2025-11-21 10:09:48', '2025-11-21 10:09:48'),
(339, 96, 26, 2, '25.00', '0.00', '0.00', '50.00', 'pending', 'Extra herbs', '2025-11-21 10:09:48', '2025-11-21 10:09:48'),
(340, 97, 12, 2, '10.00', '0.00', '0.00', '20.00', 'pending', 'On the side', '2025-11-21 10:09:48', '2025-11-21 10:09:48'),
(341, 98, 6, 2, '28.00', '0.00', '0.00', '56.00', 'pending', 'No onions', '2025-11-21 10:09:48', '2025-11-21 10:09:48'),
(342, 99, 15, 1, '5.50', '0.00', '0.00', '5.50', 'pending', NULL, '2025-11-21 10:09:48', '2025-11-21 10:09:48'),
(343, 99, 16, 1, '6.00', '0.00', '0.00', '6.00', 'pending', 'Extra cheese', '2025-11-21 10:09:48', '2025-11-21 10:09:48'),
(344, 99, 21, 3, '2.50', '0.00', '0.00', '7.50', 'pending', 'Extra cheese', '2025-11-21 10:09:48', '2025-11-21 10:09:48'),
(345, 99, 25, 3, '8.50', '0.00', '0.00', '25.50', 'pending', 'Mild spice', '2025-11-21 10:09:48', '2025-11-21 10:09:48'),
(346, 99, 28, 1, '32.00', '0.00', '0.00', '32.00', 'pending', 'Extra cheese', '2025-11-21 10:09:48', '2025-11-21 10:09:48'),
(347, 100, 11, 1, '13.50', '0.00', '0.00', '13.50', 'pending', 'Mild spice', '2025-11-21 10:09:48', '2025-11-21 10:09:48'),
(348, 100, 18, 3, '4.50', '0.00', '0.00', '13.50', 'pending', 'Extra sauce', '2025-11-21 10:09:48', '2025-11-21 10:09:48'),
(349, 101, 8, 1, '14.00', '0.00', '0.00', '14.00', 'pending', NULL, '2025-11-21 10:09:48', '2025-11-21 10:09:48'),
(350, 101, 18, 2, '4.50', '0.00', '0.00', '9.00', 'pending', NULL, '2025-11-21 10:09:48', '2025-11-21 10:09:48'),
(351, 101, 20, 2, '4.00', '0.00', '0.00', '8.00', 'pending', 'On the side', '2025-11-21 10:09:48', '2025-11-21 10:09:48'),
(352, 101, 32, 2, '8.00', '0.00', '0.00', '16.00', 'pending', 'Extra sauce', '2025-11-21 10:09:48', '2025-11-21 10:09:48'),
(353, 102, 4, 3, '9.00', '0.00', '0.00', '27.00', 'pending', NULL, '2025-11-21 10:09:48', '2025-11-21 10:09:48'),
(354, 102, 7, 3, '12.50', '0.00', '0.00', '37.50', 'pending', NULL, '2025-11-21 10:09:48', '2025-11-21 10:09:48'),
(355, 102, 12, 2, '10.00', '0.00', '0.00', '20.00', 'pending', 'No vegetables', '2025-11-21 10:09:48', '2025-11-21 10:09:48'),
(356, 102, 14, 3, '6.50', '0.00', '0.00', '19.50', 'pending', 'Extra cheese', '2025-11-21 10:09:48', '2025-11-21 10:09:48'),
(357, 102, 28, 2, '32.00', '0.00', '0.00', '64.00', 'pending', 'Extra sauce', '2025-11-21 10:09:48', '2025-11-21 10:09:48'),
(358, 103, 27, 1, '28.00', '0.00', '0.00', '28.00', 'pending', 'Extra sauce', '2025-11-21 10:09:48', '2025-11-21 10:09:48'),
(359, 104, 3, 1, '10.50', '0.00', '0.00', '10.50', 'pending', 'Well done', '2025-11-21 10:09:48', '2025-11-21 10:09:48'),
(360, 104, 4, 3, '9.00', '0.00', '0.00', '27.00', 'pending', NULL, '2025-11-21 10:09:48', '2025-11-21 10:09:48'),
(361, 104, 12, 2, '10.00', '0.00', '0.00', '20.00', 'pending', NULL, '2025-11-21 10:09:48', '2025-11-21 10:09:48'),
(362, 104, 24, 1, '3.50', '0.00', '0.00', '3.50', 'pending', 'Medium rare', '2025-11-21 10:09:48', '2025-11-21 10:09:48'),
(363, 104, 28, 2, '32.00', '0.00', '0.00', '64.00', 'pending', 'Medium rare', '2025-11-21 10:09:48', '2025-11-21 10:09:48'),
(364, 105, 16, 3, '6.00', '0.00', '0.00', '18.00', 'pending', 'Well done', '2025-11-21 10:09:48', '2025-11-21 10:09:48'),
(365, 105, 23, 1, '4.50', '0.00', '0.00', '4.50', 'pending', 'Extra spicy', '2025-11-21 10:09:48', '2025-11-21 10:09:48'),
(366, 106, 13, 2, '7.50', '0.00', '0.00', '15.00', 'pending', 'Extra sauce', '2025-11-21 10:09:48', '2025-11-21 10:09:48'),
(367, 107, 10, 3, '15.00', '0.00', '0.00', '45.00', 'pending', 'Well done', '2025-11-21 10:09:48', '2025-11-21 10:09:48'),
(368, 107, 16, 2, '6.00', '0.00', '0.00', '12.00', 'pending', 'Mild spice', '2025-11-21 10:09:48', '2025-11-21 10:09:48'),
(369, 107, 20, 3, '4.00', '0.00', '0.00', '12.00', 'pending', NULL, '2025-11-21 10:09:48', '2025-11-21 10:09:48'),
(370, 107, 25, 1, '8.50', '0.00', '0.00', '8.50', 'pending', NULL, '2025-11-21 10:09:48', '2025-11-21 10:09:48'),
(371, 107, 27, 3, '28.00', '0.00', '0.00', '84.00', 'pending', NULL, '2025-11-21 10:09:48', '2025-11-21 10:09:48'),
(372, 107, 33, 2, '11.50', '0.00', '0.00', '23.00', 'pending', 'Medium rare', '2025-11-21 10:09:48', '2025-11-21 10:09:48'),
(373, 108, 30, 1, '22.00', '0.00', '0.00', '22.00', 'pending', 'No onions', '2025-11-21 10:09:48', '2025-11-21 10:09:48'),
(374, 109, 33, 2, '11.50', '0.00', '0.00', '23.00', 'pending', 'Extra sauce', '2025-11-21 10:09:48', '2025-11-21 10:09:48'),
(375, 110, 4, 3, '9.00', '0.00', '0.00', '27.00', 'pending', 'Extra herbs', '2025-11-21 10:09:48', '2025-11-21 10:09:48'),
(376, 110, 22, 3, '5.50', '0.00', '0.00', '16.50', 'pending', 'No onions', '2025-11-21 10:09:48', '2025-11-21 10:09:48'),
(377, 111, 22, 3, '5.50', '0.00', '0.00', '16.50', 'pending', 'Well done', '2025-11-21 10:09:48', '2025-11-21 10:09:48'),
(378, 111, 25, 1, '8.50', '0.00', '0.00', '8.50', 'pending', NULL, '2025-11-21 10:09:48', '2025-11-21 10:09:48'),
(379, 111, 30, 2, '22.00', '0.00', '0.00', '44.00', 'pending', 'Well done', '2025-11-21 10:09:48', '2025-11-21 10:09:48'),
(380, 111, 31, 2, '15.00', '0.00', '0.00', '30.00', 'pending', 'Medium rare', '2025-11-21 10:09:48', '2025-11-21 10:09:48'),
(381, 111, 33, 1, '11.50', '0.00', '0.00', '11.50', 'pending', 'Extra sauce', '2025-11-21 10:09:48', '2025-11-21 10:09:48'),
(382, 112, 3, 3, '10.50', '0.00', '0.00', '31.50', 'pending', NULL, '2025-11-21 10:09:48', '2025-11-21 10:09:48'),
(383, 112, 6, 2, '28.00', '0.00', '0.00', '56.00', 'pending', 'Medium rare', '2025-11-21 10:09:48', '2025-11-21 10:09:48'),
(384, 112, 8, 3, '14.00', '0.00', '0.00', '42.00', 'pending', NULL, '2025-11-21 10:09:48', '2025-11-21 10:09:48'),
(385, 112, 10, 1, '15.00', '0.00', '0.00', '15.00', 'pending', NULL, '2025-11-21 10:09:48', '2025-11-21 10:09:48'),
(386, 112, 14, 3, '6.50', '0.00', '0.00', '19.50', 'pending', 'Extra spicy', '2025-11-21 10:09:48', '2025-11-21 10:09:48'),
(387, 112, 24, 3, '3.50', '0.00', '0.00', '10.50', 'pending', NULL, '2025-11-21 10:09:48', '2025-11-21 10:09:48'),
(388, 113, 20, 3, '4.00', '0.00', '0.00', '12.00', 'pending', NULL, '2025-11-21 10:09:48', '2025-11-21 10:09:48'),
(389, 114, 17, 3, '8.50', '0.00', '0.00', '25.50', 'pending', NULL, '2025-11-21 10:09:48', '2025-11-21 10:09:48'),
(390, 114, 20, 3, '4.00', '0.00', '0.00', '12.00', 'pending', NULL, '2025-11-21 10:09:48', '2025-11-21 10:09:48'),
(391, 114, 22, 1, '5.50', '0.00', '0.00', '5.50', 'pending', 'Extra spicy', '2025-11-21 10:09:48', '2025-11-21 10:09:48'),
(392, 115, 8, 1, '14.00', '0.00', '0.00', '14.00', 'pending', 'No onions', '2025-11-21 10:09:48', '2025-11-21 10:09:48'),
(393, 115, 11, 3, '13.50', '0.00', '0.00', '40.50', 'pending', NULL, '2025-11-21 10:09:48', '2025-11-21 10:09:48'),
(394, 115, 26, 3, '25.00', '0.00', '0.00', '75.00', 'pending', 'Extra herbs', '2025-11-21 10:09:48', '2025-11-21 10:09:48'),
(395, 116, 18, 3, '4.50', '0.00', '0.00', '13.50', 'pending', 'Extra cheese', '2025-11-21 10:09:48', '2025-11-21 10:09:48'),
(396, 116, 19, 2, '3.50', '0.00', '0.00', '7.00', 'pending', 'Extra herbs', '2025-11-21 10:09:48', '2025-11-21 10:09:48'),
(397, 117, 2, 1, '12.00', '0.00', '0.00', '12.00', 'pending', 'No vegetables', '2025-11-21 10:09:48', '2025-11-21 10:09:48'),
(398, 117, 4, 3, '9.00', '0.00', '0.00', '27.00', 'pending', 'Extra sauce', '2025-11-21 10:09:48', '2025-11-21 10:09:48'),
(399, 117, 5, 1, '13.50', '0.00', '0.00', '13.50', 'pending', 'Medium rare', '2025-11-21 10:09:48', '2025-11-21 10:09:48'),
(400, 117, 20, 1, '4.00', '0.00', '0.00', '4.00', 'pending', NULL, '2025-11-21 10:09:48', '2025-11-21 10:09:48'),
(401, 117, 26, 1, '25.00', '0.00', '0.00', '25.00', 'pending', 'No onions', '2025-11-21 10:09:48', '2025-11-21 10:09:48'),
(402, 117, 31, 3, '15.00', '0.00', '0.00', '45.00', 'pending', NULL, '2025-11-21 10:09:48', '2025-11-21 10:09:48'),
(403, 118, 2, 3, '12.00', '0.00', '0.00', '36.00', 'pending', 'Extra spicy', '2025-11-21 10:09:48', '2025-11-21 10:09:48'),
(404, 118, 12, 2, '10.00', '0.00', '0.00', '20.00', 'pending', 'Well done', '2025-11-21 10:09:48', '2025-11-21 10:09:48'),
(405, 118, 19, 1, '3.50', '0.00', '0.00', '3.50', 'pending', 'Extra cheese', '2025-11-21 10:09:48', '2025-11-21 10:09:48'),
(406, 118, 27, 1, '28.00', '0.00', '0.00', '28.00', 'pending', NULL, '2025-11-21 10:09:48', '2025-11-21 10:09:48'),
(407, 119, 18, 2, '4.50', '0.00', '0.00', '9.00', 'pending', 'Extra herbs', '2025-11-21 10:09:48', '2025-11-21 10:09:48'),
(408, 120, 3, 1, '10.50', '0.00', '0.00', '10.50', 'pending', 'Extra herbs', '2025-11-21 10:09:48', '2025-11-21 10:09:48'),
(409, 120, 9, 3, '16.50', '0.00', '0.00', '49.50', 'pending', 'On the side', '2025-11-21 10:09:48', '2025-11-21 10:09:48'),
(410, 120, 13, 3, '7.50', '0.00', '0.00', '22.50', 'pending', 'Medium rare', '2025-11-21 10:09:48', '2025-11-21 10:09:48'),
(411, 120, 25, 3, '8.50', '0.00', '0.00', '25.50', 'pending', NULL, '2025-11-21 10:09:48', '2025-11-21 10:09:48'),
(412, 120, 28, 1, '32.00', '0.00', '0.00', '32.00', 'pending', 'Extra cheese', '2025-11-21 10:09:48', '2025-11-21 10:09:48'),
(413, 121, 3, 1, '10.50', '0.00', '0.00', '10.50', 'pending', 'No vegetables', '2025-11-21 10:09:48', '2025-11-21 10:09:48'),
(414, 122, 2, 1, '12.00', '0.00', '0.00', '12.00', 'pending', 'No vegetables', '2025-11-21 10:09:48', '2025-11-21 10:09:48'),
(415, 122, 6, 3, '28.00', '0.00', '0.00', '84.00', 'pending', NULL, '2025-11-21 10:09:48', '2025-11-21 10:09:48'),
(416, 122, 9, 1, '16.50', '0.00', '0.00', '16.50', 'pending', 'No onions', '2025-11-21 10:09:48', '2025-11-21 10:09:48'),
(417, 122, 12, 2, '10.00', '0.00', '0.00', '20.00', 'pending', 'Extra spicy', '2025-11-21 10:09:48', '2025-11-21 10:09:48'),
(418, 122, 15, 2, '5.50', '0.00', '0.00', '11.00', 'pending', 'Extra herbs', '2025-11-21 10:09:48', '2025-11-21 10:09:48'),
(419, 122, 22, 3, '5.50', '0.00', '0.00', '16.50', 'pending', 'No onions', '2025-11-21 10:09:48', '2025-11-21 10:09:48'),
(420, 123, 3, 2, '10.50', '0.00', '0.00', '21.00', 'pending', 'Well done', '2025-11-21 10:09:48', '2025-11-21 10:09:48'),
(421, 123, 4, 3, '9.00', '0.00', '0.00', '27.00', 'pending', 'Medium rare', '2025-11-21 10:09:48', '2025-11-21 10:09:48'),
(422, 123, 5, 2, '13.50', '0.00', '0.00', '27.00', 'pending', NULL, '2025-11-21 10:09:48', '2025-11-21 10:09:48'),
(423, 123, 18, 1, '4.50', '0.00', '0.00', '4.50', 'pending', 'Extra sauce', '2025-11-21 10:09:48', '2025-11-21 10:09:48'),
(424, 123, 27, 1, '28.00', '0.00', '0.00', '28.00', 'pending', NULL, '2025-11-21 10:09:48', '2025-11-21 10:09:48'),
(425, 124, 1, 1, '8.50', '0.00', '0.00', '8.50', 'pending', 'Extra sauce', '2025-11-21 10:09:48', '2025-11-21 10:09:48'),
(426, 124, 11, 2, '13.50', '0.00', '0.00', '27.00', 'pending', 'Well done', '2025-11-21 10:09:48', '2025-11-21 10:09:48'),
(427, 124, 12, 2, '10.00', '0.00', '0.00', '20.00', 'pending', NULL, '2025-11-21 10:09:48', '2025-11-21 10:09:48'),
(428, 124, 17, 1, '8.50', '0.00', '0.00', '8.50', 'pending', 'Well done', '2025-11-21 10:09:48', '2025-11-21 10:09:48'),
(429, 124, 31, 1, '15.00', '0.00', '0.00', '15.00', 'pending', 'Extra cheese', '2025-11-21 10:09:48', '2025-11-21 10:09:48'),
(430, 125, 1, 3, '8.50', '0.00', '0.00', '25.50', 'pending', NULL, '2025-11-21 10:09:48', '2025-11-21 10:09:48'),
(431, 125, 15, 1, '5.50', '0.00', '0.00', '5.50', 'pending', 'Well done', '2025-11-21 10:09:48', '2025-11-21 10:09:48'),
(432, 125, 16, 3, '6.00', '0.00', '0.00', '18.00', 'pending', NULL, '2025-11-21 10:09:48', '2025-11-21 10:09:48'),
(433, 125, 22, 1, '5.50', '0.00', '0.00', '5.50', 'pending', 'Medium rare', '2025-11-21 10:09:48', '2025-11-21 10:09:48'),
(434, 125, 29, 3, '18.50', '0.00', '0.00', '55.50', 'pending', NULL, '2025-11-21 10:09:48', '2025-11-21 10:09:48'),
(435, 125, 30, 2, '22.00', '0.00', '0.00', '44.00', 'pending', 'On the side', '2025-11-21 10:09:48', '2025-11-21 10:09:48'),
(436, 126, 1, 2, '8.50', '0.00', '0.00', '17.00', 'pending', 'Extra sauce', '2025-11-21 10:09:48', '2025-11-21 10:09:48'),
(437, 126, 26, 2, '25.00', '0.00', '0.00', '50.00', 'pending', NULL, '2025-11-21 10:09:48', '2025-11-21 10:09:48'),
(438, 126, 27, 2, '28.00', '0.00', '0.00', '56.00', 'pending', NULL, '2025-11-21 10:09:48', '2025-11-21 10:09:48'),
(439, 127, 9, 2, '16.50', '0.00', '0.00', '33.00', 'pending', NULL, '2025-11-21 10:09:48', '2025-11-21 10:09:48'),
(440, 127, 21, 3, '2.50', '0.00', '0.00', '7.50', 'pending', NULL, '2025-11-21 10:09:48', '2025-11-21 10:09:48'),
(441, 127, 27, 1, '28.00', '0.00', '0.00', '28.00', 'pending', NULL, '2025-11-21 10:09:48', '2025-11-21 10:09:48'),
(442, 128, 12, 1, '10.00', '0.00', '0.00', '10.00', 'pending', 'Well done', '2025-11-21 10:09:48', '2025-11-21 10:09:48'),
(443, 128, 19, 1, '3.50', '0.00', '0.00', '3.50', 'pending', 'Extra cheese', '2025-11-21 10:09:48', '2025-11-21 10:09:48'),
(444, 128, 29, 1, '18.50', '0.00', '0.00', '18.50', 'pending', NULL, '2025-11-21 10:09:48', '2025-11-21 10:09:48'),
(445, 129, 1, 2, '8.50', '0.00', '0.00', '17.00', 'pending', 'On the side', '2025-11-21 10:09:48', '2025-11-21 10:09:48'),
(446, 129, 17, 2, '8.50', '0.00', '0.00', '17.00', 'pending', 'Mild spice', '2025-11-21 10:09:48', '2025-11-21 10:09:48'),
(447, 129, 23, 2, '4.50', '0.00', '0.00', '9.00', 'pending', 'Medium rare', '2025-11-21 10:09:48', '2025-11-21 10:09:48'),
(448, 130, 1, 1, '8.50', '0.00', '0.00', '8.50', 'pending', 'Extra cheese', '2025-11-21 10:09:48', '2025-11-21 10:09:48'),
(449, 130, 7, 3, '12.50', '0.00', '0.00', '37.50', 'pending', 'On the side', '2025-11-21 10:09:48', '2025-11-21 10:09:48'),
(450, 130, 22, 3, '5.50', '0.00', '0.00', '16.50', 'pending', 'On the side', '2025-11-21 10:09:48', '2025-11-21 10:09:48'),
(451, 130, 28, 3, '32.00', '0.00', '0.00', '96.00', 'pending', 'No onions', '2025-11-21 10:09:48', '2025-11-21 10:09:48'),
(452, 130, 29, 1, '18.50', '0.00', '0.00', '18.50', 'pending', NULL, '2025-11-21 10:09:48', '2025-11-21 10:09:48'),
(453, 130, 33, 1, '11.50', '0.00', '0.00', '11.50', 'pending', NULL, '2025-11-21 10:09:48', '2025-11-21 10:09:48'),
(454, 131, 5, 1, '13.50', '0.00', '0.00', '13.50', 'pending', 'No vegetables', '2025-11-21 10:09:48', '2025-11-21 10:09:48'),
(455, 131, 32, 1, '8.00', '0.00', '0.00', '8.00', 'pending', 'Mild spice', '2025-11-21 10:09:48', '2025-11-21 10:09:48'),
(456, 132, 13, 1, '7.50', '0.00', '0.00', '7.50', 'pending', 'No onions', '2025-11-21 10:09:48', '2025-11-21 10:09:48'),
(457, 132, 23, 1, '4.50', '0.00', '0.00', '4.50', 'pending', 'Extra sauce', '2025-11-21 10:09:48', '2025-11-21 10:09:48'),
(458, 133, 3, 2, '10.50', '0.00', '0.00', '21.00', 'pending', NULL, '2025-11-21 10:09:48', '2025-11-21 10:09:48'),
(459, 133, 7, 3, '12.50', '0.00', '0.00', '37.50', 'pending', 'Extra cheese', '2025-11-21 10:09:48', '2025-11-21 10:09:48'),
(460, 133, 9, 1, '16.50', '0.00', '0.00', '16.50', 'pending', 'No vegetables', '2025-11-21 10:09:48', '2025-11-21 10:09:48'),
(461, 133, 15, 1, '5.50', '0.00', '0.00', '5.50', 'pending', 'No vegetables', '2025-11-21 10:09:48', '2025-11-21 10:09:48'),
(462, 133, 26, 1, '25.00', '0.00', '0.00', '25.00', 'pending', 'Extra herbs', '2025-11-21 10:09:48', '2025-11-21 10:09:48'),
(463, 134, 16, 1, '6.00', '0.00', '0.00', '6.00', 'pending', 'No onions', '2025-11-21 10:09:48', '2025-11-21 10:09:48'),
(464, 135, 4, 3, '9.00', '0.00', '0.00', '27.00', 'pending', 'Extra cheese', '2025-11-21 10:09:48', '2025-11-21 10:09:48'),
(465, 135, 13, 1, '7.50', '0.00', '0.00', '7.50', 'pending', NULL, '2025-11-21 10:09:48', '2025-11-21 10:09:48'),
(466, 135, 16, 2, '6.00', '0.00', '0.00', '12.00', 'pending', NULL, '2025-11-21 10:09:48', '2025-11-21 10:09:48'),
(467, 135, 23, 1, '4.50', '0.00', '0.00', '4.50', 'pending', NULL, '2025-11-21 10:09:48', '2025-11-21 10:09:48'),
(468, 135, 31, 3, '15.00', '0.00', '0.00', '45.00', 'pending', NULL, '2025-11-21 10:09:48', '2025-11-21 10:09:48'),
(469, 136, 11, 3, '13.50', '0.00', '0.00', '40.50', 'pending', 'On the side', '2025-11-21 10:09:48', '2025-11-21 10:09:48'),
(470, 136, 26, 1, '25.00', '0.00', '0.00', '25.00', 'pending', NULL, '2025-11-21 10:09:48', '2025-11-21 10:09:48'),
(471, 137, 3, 1, '10.50', '0.00', '0.00', '10.50', 'pending', 'Mild spice', '2025-11-21 10:09:48', '2025-11-21 10:09:48'),
(472, 137, 6, 2, '28.00', '0.00', '0.00', '56.00', 'pending', 'Well done', '2025-11-21 10:09:48', '2025-11-21 10:09:48'),
(473, 137, 17, 2, '8.50', '0.00', '0.00', '17.00', 'pending', NULL, '2025-11-21 10:09:48', '2025-11-21 10:09:48'),
(474, 137, 18, 3, '4.50', '0.00', '0.00', '13.50', 'pending', 'On the side', '2025-11-21 10:09:48', '2025-11-21 10:09:48'),
(475, 137, 22, 2, '5.50', '0.00', '0.00', '11.00', 'pending', 'No onions', '2025-11-21 10:09:48', '2025-11-21 10:09:48'),
(476, 137, 23, 2, '4.50', '0.00', '0.00', '9.00', 'pending', NULL, '2025-11-21 10:09:48', '2025-11-21 10:09:48'),
(477, 138, 6, 2, '28.00', '0.00', '0.00', '56.00', 'pending', 'Extra herbs', '2025-11-21 10:09:48', '2025-11-21 10:09:48'),
(478, 138, 13, 2, '7.50', '0.00', '0.00', '15.00', 'pending', 'On the side', '2025-11-21 10:09:48', '2025-11-21 10:09:48'),
(479, 138, 17, 2, '8.50', '0.00', '0.00', '17.00', 'pending', NULL, '2025-11-21 10:09:48', '2025-11-21 10:09:48'),
(480, 138, 19, 2, '3.50', '0.00', '0.00', '7.00', 'pending', 'No vegetables', '2025-11-21 10:09:48', '2025-11-21 10:09:48'),
(481, 138, 31, 1, '15.00', '0.00', '0.00', '15.00', 'pending', 'On the side', '2025-11-21 10:09:48', '2025-11-21 10:09:48'),
(482, 138, 33, 3, '11.50', '0.00', '0.00', '34.50', 'pending', 'Mild spice', '2025-11-21 10:09:48', '2025-11-21 10:09:48'),
(483, 139, 2, 2, '12.00', '0.00', '0.00', '24.00', 'pending', 'Extra spicy', '2025-11-21 10:09:48', '2025-11-21 10:09:48'),
(484, 139, 20, 3, '4.00', '0.00', '0.00', '12.00', 'pending', 'Extra herbs', '2025-11-21 10:09:48', '2025-11-21 10:09:48'),
(485, 140, 12, 2, '10.00', '0.00', '0.00', '20.00', 'pending', NULL, '2025-11-21 10:09:48', '2025-11-21 10:09:48'),
(486, 140, 22, 1, '5.50', '0.00', '0.00', '5.50', 'pending', 'Extra herbs', '2025-11-21 10:09:48', '2025-11-21 10:09:48'),
(487, 140, 33, 1, '11.50', '0.00', '0.00', '11.50', 'pending', NULL, '2025-11-21 10:09:48', '2025-11-21 10:09:48'),
(488, 141, 22, 1, '5.50', '0.00', '0.00', '5.50', 'pending', 'Medium rare', '2025-11-21 10:09:48', '2025-11-21 10:09:48'),
(489, 141, 32, 1, '8.00', '0.00', '0.00', '8.00', 'pending', NULL, '2025-11-21 10:09:48', '2025-11-21 10:09:48'),
(490, 142, 6, 1, '28.00', '0.00', '0.00', '28.00', 'pending', 'On the side', '2025-11-21 10:09:48', '2025-11-21 10:09:48'),
(491, 143, 4, 1, '9.00', '0.00', '0.00', '9.00', 'pending', 'No onions', '2025-11-21 10:09:48', '2025-11-21 10:09:48'),
(492, 143, 16, 2, '6.00', '0.00', '0.00', '12.00', 'pending', 'Well done', '2025-11-21 10:09:48', '2025-11-21 10:09:48'),
(493, 143, 24, 2, '3.50', '0.00', '0.00', '7.00', 'pending', NULL, '2025-11-21 10:09:48', '2025-11-21 10:09:48'),
(494, 143, 28, 3, '32.00', '0.00', '0.00', '96.00', 'pending', 'Extra spicy', '2025-11-21 10:09:48', '2025-11-21 10:09:48'),
(495, 144, 5, 1, '13.50', '0.00', '0.00', '13.50', 'pending', 'Extra cheese', '2025-11-21 10:09:48', '2025-11-21 10:09:48'),
(496, 145, 1, 3, '8.50', '0.00', '0.00', '25.50', 'pending', 'Extra spicy', '2025-11-21 10:09:48', '2025-11-21 10:09:48'),
(497, 145, 3, 3, '10.50', '0.00', '0.00', '31.50', 'pending', 'No onions', '2025-11-21 10:09:48', '2025-11-21 10:09:48'),
(498, 145, 12, 1, '10.00', '0.00', '0.00', '10.00', 'pending', 'Extra spicy', '2025-11-21 10:09:48', '2025-11-21 10:09:48'),
(499, 145, 15, 2, '5.50', '0.00', '0.00', '11.00', 'pending', NULL, '2025-11-21 10:09:48', '2025-11-21 10:09:48'),
(500, 145, 31, 1, '15.00', '0.00', '0.00', '15.00', 'pending', 'Extra herbs', '2025-11-21 10:09:48', '2025-11-21 10:09:48'),
(501, 146, 3, 2, '10.50', '0.00', '0.00', '21.00', 'pending', NULL, '2025-11-21 10:09:48', '2025-11-21 10:09:48'),
(502, 146, 10, 2, '15.00', '0.00', '0.00', '30.00', 'pending', 'Extra cheese', '2025-11-21 10:09:48', '2025-11-21 10:09:48'),
(503, 146, 32, 2, '8.00', '0.00', '0.00', '16.00', 'pending', 'Extra cheese', '2025-11-21 10:09:48', '2025-11-21 10:09:48'),
(504, 147, 32, 1, '8.00', '0.00', '0.00', '8.00', 'pending', 'Extra herbs', '2025-11-21 10:09:48', '2025-11-21 10:09:48'),
(505, 148, 3, 2, '10.50', '0.00', '0.00', '21.00', 'pending', 'Medium rare', '2025-11-21 10:09:48', '2025-11-21 10:09:48'),
(506, 148, 5, 1, '13.50', '0.00', '0.00', '13.50', 'pending', NULL, '2025-11-21 10:09:48', '2025-11-21 10:09:48'),
(507, 148, 7, 3, '12.50', '0.00', '0.00', '37.50', 'pending', 'Extra sauce', '2025-11-21 10:09:48', '2025-11-21 10:09:48'),
(508, 148, 17, 1, '8.50', '0.00', '0.00', '8.50', 'pending', 'No onions', '2025-11-21 10:09:48', '2025-11-21 10:09:48'),
(509, 148, 27, 1, '28.00', '0.00', '0.00', '28.00', 'pending', NULL, '2025-11-21 10:09:48', '2025-11-21 10:09:48'),
(510, 149, 3, 3, '10.50', '0.00', '0.00', '31.50', 'pending', 'On the side', '2025-11-21 10:09:48', '2025-11-21 10:09:48'),
(511, 149, 5, 2, '13.50', '0.00', '0.00', '27.00', 'pending', NULL, '2025-11-21 10:09:48', '2025-11-21 10:09:48'),
(512, 149, 14, 3, '6.50', '0.00', '0.00', '19.50', 'pending', 'Mild spice', '2025-11-21 10:09:48', '2025-11-21 10:09:48'),
(513, 149, 20, 1, '4.00', '0.00', '0.00', '4.00', 'pending', 'Extra herbs', '2025-11-21 10:09:48', '2025-11-21 10:09:48'),
(514, 149, 23, 3, '4.50', '0.00', '0.00', '13.50', 'pending', 'Medium rare', '2025-11-21 10:09:48', '2025-11-21 10:09:48'),
(515, 150, 1, 1, '8.50', '0.00', '0.00', '8.50', 'pending', 'On the side', '2025-11-21 10:09:48', '2025-11-21 10:09:48'),
(516, 150, 4, 1, '9.00', '0.00', '0.00', '9.00', 'pending', NULL, '2025-11-21 10:09:48', '2025-11-21 10:09:48'),
(517, 150, 16, 3, '6.00', '0.00', '0.00', '18.00', 'pending', 'No onions', '2025-11-21 10:09:48', '2025-11-21 10:09:48'),
(518, 150, 22, 2, '5.50', '0.00', '0.00', '11.00', 'pending', 'No vegetables', '2025-11-21 10:09:48', '2025-11-21 10:09:48'),
(519, 150, 23, 1, '4.50', '0.00', '0.00', '4.50', 'pending', 'No vegetables', '2025-11-21 10:09:48', '2025-11-21 10:09:48'),
(520, 150, 29, 1, '18.50', '0.00', '0.00', '18.50', 'pending', NULL, '2025-11-21 10:09:48', '2025-11-21 10:09:48'),
(521, 151, 4, 3, '9.00', '0.00', '0.00', '27.00', 'pending', 'Medium rare', '2025-11-21 10:09:48', '2025-11-21 10:09:48'),
(522, 151, 19, 3, '3.50', '0.00', '0.00', '10.50', 'pending', 'Medium rare', '2025-11-21 10:09:48', '2025-11-21 10:09:48'),
(523, 152, 7, 1, '12.50', '0.00', '0.00', '12.50', 'pending', 'Extra sauce', '2025-11-21 10:09:48', '2025-11-21 10:09:48'),
(524, 152, 18, 3, '4.50', '0.00', '0.00', '13.50', 'pending', NULL, '2025-11-21 10:09:48', '2025-11-21 10:09:48'),
(525, 153, 14, 2, '6.50', '0.00', '0.00', '13.00', 'pending', NULL, '2025-11-21 10:09:48', '2025-11-21 10:09:48'),
(526, 153, 15, 3, '5.50', '0.00', '0.00', '16.50', 'pending', 'On the side', '2025-11-21 10:09:48', '2025-11-21 10:09:48'),
(527, 153, 27, 3, '28.00', '0.00', '0.00', '84.00', 'pending', 'Well done', '2025-11-21 10:09:48', '2025-11-21 10:09:48'),
(528, 154, 1, 1, '8.50', '0.00', '0.00', '8.50', 'pending', 'Extra herbs', '2025-11-21 10:09:48', '2025-11-21 10:09:48'),
(529, 154, 33, 1, '11.50', '0.00', '0.00', '11.50', 'pending', 'Mild spice', '2025-11-21 10:09:48', '2025-11-21 10:09:48'),
(530, 155, 4, 2, '9.00', '0.00', '0.00', '18.00', 'pending', 'Extra herbs', '2025-11-21 10:09:48', '2025-11-21 10:09:48'),
(531, 155, 25, 1, '8.50', '0.00', '0.00', '8.50', 'pending', NULL, '2025-11-21 10:09:48', '2025-11-21 10:09:48'),
(532, 156, 2, 1, '12.00', '0.00', '0.00', '12.00', 'pending', 'Extra cheese', '2025-11-21 10:09:48', '2025-11-21 10:09:48'),
(533, 156, 7, 2, '12.50', '0.00', '0.00', '25.00', 'pending', 'No vegetables', '2025-11-21 10:09:48', '2025-11-21 10:09:48'),
(534, 156, 15, 1, '5.50', '0.00', '0.00', '5.50', 'pending', NULL, '2025-11-21 10:09:48', '2025-11-21 10:09:48'),
(535, 156, 16, 2, '6.00', '0.00', '0.00', '12.00', 'pending', 'Extra spicy', '2025-11-21 10:09:48', '2025-11-21 10:09:48'),
(536, 156, 20, 1, '4.00', '0.00', '0.00', '4.00', 'pending', 'Mild spice', '2025-11-21 10:09:48', '2025-11-21 10:09:48'),
(537, 156, 21, 3, '2.50', '0.00', '0.00', '7.50', 'pending', 'On the side', '2025-11-21 10:09:48', '2025-11-21 10:09:48'),
(538, 157, 10, 2, '15.00', '0.00', '0.00', '30.00', 'pending', 'No onions', '2025-11-21 10:09:48', '2025-11-21 10:09:48'),
(539, 157, 11, 2, '13.50', '0.00', '0.00', '27.00', 'pending', NULL, '2025-11-21 10:09:48', '2025-11-21 10:09:48'),
(540, 157, 27, 2, '28.00', '0.00', '0.00', '56.00', 'pending', 'No onions', '2025-11-21 10:09:48', '2025-11-21 10:09:48'),
(541, 157, 28, 1, '32.00', '0.00', '0.00', '32.00', 'pending', 'Extra sauce', '2025-11-21 10:09:48', '2025-11-21 10:09:48'),
(542, 157, 30, 2, '22.00', '0.00', '0.00', '44.00', 'pending', NULL, '2025-11-21 10:09:48', '2025-11-21 10:09:48'),
(543, 157, 33, 2, '11.50', '0.00', '0.00', '23.00', 'pending', NULL, '2025-11-21 10:09:48', '2025-11-21 10:09:48'),
(544, 158, 21, 1, '2.50', '0.00', '0.00', '2.50', 'pending', 'On the side', '2025-11-21 10:09:48', '2025-11-21 10:09:48'),
(545, 159, 2, 3, '12.00', '0.00', '0.00', '36.00', 'pending', NULL, '2025-11-21 10:09:48', '2025-11-21 10:09:48'),
(546, 159, 4, 3, '9.00', '0.00', '0.00', '27.00', 'pending', NULL, '2025-11-21 10:09:48', '2025-11-21 10:09:48'),
(547, 159, 12, 2, '10.00', '0.00', '0.00', '20.00', 'pending', NULL, '2025-11-21 10:09:48', '2025-11-21 10:09:48'),
(548, 159, 14, 1, '6.50', '0.00', '0.00', '6.50', 'pending', 'Extra spicy', '2025-11-21 10:09:48', '2025-11-21 10:09:48'),
(549, 160, 6, 1, '28.00', '0.00', '0.00', '28.00', 'pending', 'Extra herbs', '2025-11-21 10:09:48', '2025-11-21 10:09:48'),
(550, 161, 9, 1, '16.50', '0.00', '0.00', '16.50', 'pending', 'Extra herbs', '2025-11-21 10:09:48', '2025-11-21 10:09:48'),
(551, 161, 16, 2, '6.00', '0.00', '0.00', '12.00', 'pending', 'No vegetables', '2025-11-21 10:09:48', '2025-11-21 10:09:48'),
(552, 161, 22, 3, '5.50', '0.00', '0.00', '16.50', 'pending', NULL, '2025-11-21 10:09:48', '2025-11-21 10:09:48'),
(553, 162, 22, 2, '5.50', '0.00', '0.00', '11.00', 'pending', 'No onions', '2025-11-21 10:09:48', '2025-11-21 10:09:48'),
(554, 163, 1, 1, '8.50', '0.00', '0.00', '8.50', 'pending', 'Extra cheese', '2025-11-21 10:09:48', '2025-11-21 10:09:48'),
(555, 164, 7, 2, '12.50', '0.00', '0.00', '25.00', 'pending', NULL, '2025-11-21 10:09:48', '2025-11-21 10:09:48'),
(556, 164, 17, 2, '8.50', '0.00', '0.00', '17.00', 'pending', NULL, '2025-11-21 10:09:48', '2025-11-21 10:09:48'),
(557, 165, 6, 2, '28.00', '0.00', '0.00', '56.00', 'pending', 'Mild spice', '2025-11-21 10:09:48', '2025-11-21 10:09:48'),
(558, 165, 11, 3, '13.50', '0.00', '0.00', '40.50', 'pending', 'Extra spicy', '2025-11-21 10:09:48', '2025-11-21 10:09:48'),
(559, 166, 17, 2, '8.50', '0.00', '0.00', '17.00', 'pending', 'Mild spice', '2025-11-21 10:09:48', '2025-11-21 10:09:48'),
(560, 167, 16, 1, '6.00', '0.00', '0.00', '6.00', 'pending', NULL, '2025-11-21 10:09:48', '2025-11-21 10:09:48'),
(561, 167, 21, 3, '2.50', '0.00', '0.00', '7.50', 'pending', 'Extra sauce', '2025-11-21 10:09:48', '2025-11-21 10:09:48'),
(562, 168, 15, 2, '5.50', '0.00', '0.00', '11.00', 'pending', 'Extra cheese', '2025-11-21 10:09:48', '2025-11-21 10:09:48'),
(563, 168, 25, 2, '8.50', '0.00', '0.00', '17.00', 'pending', NULL, '2025-11-21 10:09:48', '2025-11-21 10:09:48'),
(564, 168, 33, 3, '11.50', '0.00', '0.00', '34.50', 'pending', 'Extra sauce', '2025-11-21 10:09:48', '2025-11-21 10:09:48'),
(565, 169, 17, 2, '8.50', '0.00', '0.00', '17.00', 'pending', 'Mild spice', '2025-11-21 10:09:48', '2025-11-21 10:09:48'),
(566, 169, 33, 2, '11.50', '0.00', '0.00', '23.00', 'pending', 'No vegetables', '2025-11-21 10:09:48', '2025-11-21 10:09:48'),
(567, 170, 3, 1, '10.50', '0.00', '0.00', '10.50', 'pending', 'Extra herbs', '2025-11-21 10:09:48', '2025-11-21 10:09:48'),
(568, 170, 20, 2, '4.00', '0.00', '0.00', '8.00', 'pending', 'Medium rare', '2025-11-21 10:09:48', '2025-11-21 10:09:48'),
(569, 170, 29, 1, '18.50', '0.00', '0.00', '18.50', 'pending', 'No onions', '2025-11-21 10:09:48', '2025-11-21 10:09:48'),
(570, 171, 6, 3, '28.00', '0.00', '0.00', '84.00', 'pending', NULL, '2025-11-21 10:09:48', '2025-11-21 10:09:48'),
(571, 171, 7, 1, '12.50', '0.00', '0.00', '12.50', 'pending', 'Mild spice', '2025-11-21 10:09:48', '2025-11-21 10:09:48'),
(572, 171, 14, 2, '6.50', '0.00', '0.00', '13.00', 'pending', 'Mild spice', '2025-11-21 10:09:48', '2025-11-21 10:09:48'),
(573, 171, 18, 3, '4.50', '0.00', '0.00', '13.50', 'pending', NULL, '2025-11-21 10:09:48', '2025-11-21 10:09:48'),
(574, 171, 22, 3, '5.50', '0.00', '0.00', '16.50', 'pending', NULL, '2025-11-21 10:09:48', '2025-11-21 10:09:48'),
(575, 171, 29, 3, '18.50', '0.00', '0.00', '55.50', 'pending', 'No onions', '2025-11-21 10:09:48', '2025-11-21 10:09:48'),
(576, 172, 7, 3, '12.50', '0.00', '0.00', '37.50', 'pending', NULL, '2025-11-21 10:09:48', '2025-11-21 10:09:48'),
(577, 173, 29, 3, '18.50', '0.00', '0.00', '55.50', 'pending', NULL, '2025-11-21 10:09:48', '2025-11-21 10:09:48'),
(578, 174, 4, 1, '9.00', '0.00', '0.00', '9.00', 'pending', 'Well done', '2025-11-21 10:09:48', '2025-11-21 10:09:48'),
(579, 174, 8, 1, '14.00', '0.00', '0.00', '14.00', 'pending', 'Mild spice', '2025-11-21 10:09:48', '2025-11-21 10:09:48'),
(580, 174, 18, 2, '4.50', '0.00', '0.00', '9.00', 'pending', 'No vegetables', '2025-11-21 10:09:48', '2025-11-21 10:09:48'),
(581, 174, 21, 1, '2.50', '0.00', '0.00', '2.50', 'pending', 'No onions', '2025-11-21 10:09:48', '2025-11-21 10:09:48'),
(582, 174, 22, 2, '5.50', '0.00', '0.00', '11.00', 'pending', NULL, '2025-11-21 10:09:48', '2025-11-21 10:09:48'),
(583, 174, 27, 3, '28.00', '0.00', '0.00', '84.00', 'pending', 'No vegetables', '2025-11-21 10:09:48', '2025-11-21 10:09:48'),
(584, 175, 1, 1, '8.50', '0.00', '0.00', '8.50', 'pending', 'No vegetables', '2025-11-21 10:09:48', '2025-11-21 10:09:48'),
(585, 175, 9, 3, '16.50', '0.00', '0.00', '49.50', 'pending', 'Extra cheese', '2025-11-21 10:09:48', '2025-11-21 10:09:48'),
(586, 175, 22, 1, '5.50', '0.00', '0.00', '5.50', 'pending', NULL, '2025-11-21 10:09:48', '2025-11-21 10:09:48'),
(587, 175, 24, 2, '3.50', '0.00', '0.00', '7.00', 'pending', 'Extra cheese', '2025-11-21 10:09:48', '2025-11-21 10:09:48'),
(588, 175, 28, 3, '32.00', '0.00', '0.00', '96.00', 'pending', NULL, '2025-11-21 10:09:48', '2025-11-21 10:09:48'),
(589, 175, 29, 3, '18.50', '0.00', '0.00', '55.50', 'pending', NULL, '2025-11-21 10:09:48', '2025-11-21 10:09:48'),
(590, 176, 9, 2, '16.50', '0.00', '0.00', '33.00', 'pending', 'No vegetables', '2025-11-21 10:09:48', '2025-11-21 10:09:48'),
(591, 176, 14, 1, '6.50', '0.00', '0.00', '6.50', 'pending', NULL, '2025-11-21 10:09:48', '2025-11-21 10:09:48'),
(592, 176, 20, 1, '4.00', '0.00', '0.00', '4.00', 'pending', NULL, '2025-11-21 10:09:48', '2025-11-21 10:09:48'),
(593, 176, 25, 1, '8.50', '0.00', '0.00', '8.50', 'pending', NULL, '2025-11-21 10:09:48', '2025-11-21 10:09:48'),
(594, 176, 26, 2, '25.00', '0.00', '0.00', '50.00', 'pending', 'Medium rare', '2025-11-21 10:09:48', '2025-11-21 10:09:48'),
(595, 176, 29, 2, '18.50', '0.00', '0.00', '37.00', 'pending', NULL, '2025-11-21 10:09:48', '2025-11-21 10:09:48'),
(596, 177, 9, 1, '16.50', '0.00', '0.00', '16.50', 'pending', 'Medium rare', '2025-11-21 10:09:48', '2025-11-21 10:09:48'),
(597, 177, 10, 3, '15.00', '0.00', '0.00', '45.00', 'pending', 'On the side', '2025-11-21 10:09:48', '2025-11-21 10:09:48'),
(598, 177, 14, 3, '6.50', '0.00', '0.00', '19.50', 'pending', 'Extra spicy', '2025-11-21 10:09:48', '2025-11-21 10:09:48'),
(599, 177, 17, 3, '8.50', '0.00', '0.00', '25.50', 'pending', 'Extra sauce', '2025-11-21 10:09:48', '2025-11-21 10:09:48'),
(600, 178, 2, 1, '12.00', '0.00', '0.00', '12.00', 'pending', 'Medium rare', '2025-11-21 10:09:48', '2025-11-21 10:09:48'),
(601, 178, 26, 3, '25.00', '0.00', '0.00', '75.00', 'pending', 'On the side', '2025-11-21 10:09:48', '2025-11-21 10:09:48'),
(602, 179, 23, 3, '4.50', '0.00', '0.00', '13.50', 'pending', 'Extra herbs', '2025-11-21 10:09:48', '2025-11-21 10:09:48'),
(603, 179, 33, 3, '11.50', '0.00', '0.00', '34.50', 'pending', NULL, '2025-11-21 10:09:48', '2025-11-21 10:09:48'),
(604, 180, 12, 1, '10.00', '0.00', '0.00', '10.00', 'pending', 'No onions', '2025-11-21 10:09:48', '2025-11-21 10:09:48'),
(605, 181, 1, 2, '8.50', '0.00', '0.00', '17.00', 'pending', 'On the side', '2025-11-21 10:09:48', '2025-11-21 10:09:48'),
(606, 181, 29, 1, '18.50', '0.00', '0.00', '18.50', 'pending', 'Extra sauce', '2025-11-21 10:09:48', '2025-11-21 10:09:48'),
(607, 182, 6, 2, '28.00', '0.00', '0.00', '56.00', 'pending', NULL, '2025-11-21 10:09:48', '2025-11-21 10:09:48'),
(608, 182, 11, 1, '13.50', '0.00', '0.00', '13.50', 'pending', 'Extra herbs', '2025-11-21 10:09:48', '2025-11-21 10:09:48'),
(609, 182, 18, 1, '4.50', '0.00', '0.00', '4.50', 'pending', 'Extra sauce', '2025-11-21 10:09:48', '2025-11-21 10:09:48'),
(610, 182, 24, 1, '3.50', '0.00', '0.00', '3.50', 'pending', 'No vegetables', '2025-11-21 10:09:48', '2025-11-21 10:09:48'),
(611, 182, 27, 2, '28.00', '0.00', '0.00', '56.00', 'pending', NULL, '2025-11-21 10:09:48', '2025-11-21 10:09:48'),
(612, 182, 33, 1, '11.50', '0.00', '0.00', '11.50', 'pending', 'Extra herbs', '2025-11-21 10:09:48', '2025-11-21 10:09:48'),
(613, 183, 9, 1, '16.50', '0.00', '0.00', '16.50', 'pending', 'No onions', '2025-11-21 10:09:48', '2025-11-21 10:09:48'),
(614, 183, 10, 1, '15.00', '0.00', '0.00', '15.00', 'pending', 'Extra spicy', '2025-11-21 10:09:48', '2025-11-21 10:09:48'),
(615, 184, 8, 2, '14.00', '0.00', '0.00', '28.00', 'pending', 'No onions', '2025-11-21 10:09:48', '2025-11-21 10:09:48'),
(616, 184, 17, 3, '8.50', '0.00', '0.00', '25.50', 'pending', NULL, '2025-11-21 10:09:48', '2025-11-21 10:09:48'),
(617, 184, 31, 2, '15.00', '0.00', '0.00', '30.00', 'pending', NULL, '2025-11-21 10:09:48', '2025-11-21 10:09:48'),
(618, 185, 10, 2, '15.00', '0.00', '0.00', '30.00', 'pending', 'Medium rare', '2025-11-21 10:09:48', '2025-11-21 10:09:48'),
(619, 185, 18, 2, '4.50', '0.00', '0.00', '9.00', 'pending', 'Medium rare', '2025-11-21 10:09:48', '2025-11-21 10:09:48'),
(620, 186, 2, 2, '12.00', '0.00', '0.00', '24.00', 'pending', 'Well done', '2025-11-21 10:09:48', '2025-11-21 10:09:48'),
(621, 186, 10, 1, '15.00', '0.00', '0.00', '15.00', 'pending', 'No vegetables', '2025-11-21 10:09:48', '2025-11-21 10:09:48'),
(622, 186, 30, 2, '22.00', '0.00', '0.00', '44.00', 'pending', 'Extra spicy', '2025-11-21 10:09:48', '2025-11-21 10:09:48'),
(623, 187, 1, 2, '8.50', '0.00', '0.00', '17.00', 'pending', 'On the side', '2025-11-21 10:09:48', '2025-11-21 10:09:48'),
(624, 187, 7, 1, '12.50', '0.00', '0.00', '12.50', 'pending', NULL, '2025-11-21 10:09:48', '2025-11-21 10:09:48'),
(625, 187, 12, 2, '10.00', '0.00', '0.00', '20.00', 'pending', 'On the side', '2025-11-21 10:09:48', '2025-11-21 10:09:48'),
(626, 187, 19, 3, '3.50', '0.00', '0.00', '10.50', 'pending', 'Well done', '2025-11-21 10:09:48', '2025-11-21 10:09:48'),
(627, 188, 21, 1, '2.50', '0.00', '0.00', '2.50', 'pending', 'No onions', '2025-11-21 10:09:48', '2025-11-21 10:09:48'),
(628, 188, 23, 3, '4.50', '0.00', '0.00', '13.50', 'pending', NULL, '2025-11-21 10:09:48', '2025-11-21 10:09:48'),
(629, 189, 3, 2, '10.50', '0.00', '0.00', '21.00', 'pending', 'Extra sauce', '2025-11-21 10:09:48', '2025-11-21 10:09:48'),
(630, 189, 31, 1, '15.00', '0.00', '0.00', '15.00', 'pending', 'Well done', '2025-11-21 10:09:48', '2025-11-21 10:09:48'),
(631, 190, 1, 2, '8.50', '0.00', '0.00', '17.00', 'pending', 'No vegetables', '2025-11-21 10:09:48', '2025-11-21 10:09:48'),
(632, 190, 6, 2, '28.00', '0.00', '0.00', '56.00', 'pending', 'Extra cheese', '2025-11-21 10:09:48', '2025-11-21 10:09:48'),
(633, 190, 9, 1, '16.50', '0.00', '0.00', '16.50', 'pending', NULL, '2025-11-21 10:09:48', '2025-11-21 10:09:48'),
(634, 190, 10, 1, '15.00', '0.00', '0.00', '15.00', 'pending', 'Extra spicy', '2025-11-21 10:09:48', '2025-11-21 10:09:48'),
(635, 190, 13, 1, '7.50', '0.00', '0.00', '7.50', 'pending', 'Mild spice', '2025-11-21 10:09:48', '2025-11-21 10:09:48'),
(636, 191, 3, 2, '10.50', '0.00', '0.00', '21.00', 'pending', 'On the side', '2025-11-21 10:09:48', '2025-11-21 10:09:48'),
(637, 191, 5, 3, '13.50', '0.00', '0.00', '40.50', 'pending', NULL, '2025-11-21 10:09:48', '2025-11-21 10:09:48'),
(638, 191, 6, 2, '28.00', '0.00', '0.00', '56.00', 'pending', 'Extra cheese', '2025-11-21 10:09:48', '2025-11-21 10:09:48'),
(639, 191, 11, 2, '13.50', '0.00', '0.00', '27.00', 'pending', NULL, '2025-11-21 10:09:48', '2025-11-21 10:09:48'),
(640, 191, 12, 1, '10.00', '0.00', '0.00', '10.00', 'pending', 'Extra cheese', '2025-11-21 10:09:48', '2025-11-21 10:09:48'),
(641, 191, 23, 3, '4.50', '0.00', '0.00', '13.50', 'pending', 'Extra cheese', '2025-11-21 10:09:48', '2025-11-21 10:09:48'),
(642, 192, 6, 2, '28.00', '0.00', '0.00', '56.00', 'pending', 'Extra spicy', '2025-11-21 10:09:48', '2025-11-21 10:09:48'),
(643, 192, 7, 1, '12.50', '0.00', '0.00', '12.50', 'pending', 'No onions', '2025-11-21 10:09:48', '2025-11-21 10:09:48'),
(644, 192, 11, 1, '13.50', '0.00', '0.00', '13.50', 'pending', 'Extra spicy', '2025-11-21 10:09:48', '2025-11-21 10:09:48'),
(645, 192, 13, 3, '7.50', '0.00', '0.00', '22.50', 'pending', 'No onions', '2025-11-21 10:09:48', '2025-11-21 10:09:48'),
(646, 193, 2, 3, '12.00', '0.00', '0.00', '36.00', 'pending', 'Extra herbs', '2025-11-21 10:09:48', '2025-11-21 10:09:48'),
(647, 193, 19, 1, '3.50', '0.00', '0.00', '3.50', 'pending', 'Extra spicy', '2025-11-21 10:09:48', '2025-11-21 10:09:48'),
(648, 193, 20, 1, '4.00', '0.00', '0.00', '4.00', 'pending', 'Extra spicy', '2025-11-21 10:09:48', '2025-11-21 10:09:48'),
(649, 193, 22, 1, '5.50', '0.00', '0.00', '5.50', 'pending', 'Extra spicy', '2025-11-21 10:09:48', '2025-11-21 10:09:48'),
(650, 193, 26, 2, '25.00', '0.00', '0.00', '50.00', 'pending', 'Medium rare', '2025-11-21 10:09:48', '2025-11-21 10:09:48'),
(651, 193, 30, 3, '22.00', '0.00', '0.00', '66.00', 'pending', 'Well done', '2025-11-21 10:09:48', '2025-11-21 10:09:48'),
(652, 194, 7, 3, '12.50', '0.00', '0.00', '37.50', 'pending', 'Medium rare', '2025-11-21 10:09:48', '2025-11-21 10:09:48'),
(653, 194, 24, 1, '3.50', '0.00', '0.00', '3.50', 'pending', NULL, '2025-11-21 10:09:48', '2025-11-21 10:09:48'),
(654, 195, 22, 3, '5.50', '0.00', '0.00', '16.50', 'pending', 'Well done', '2025-11-21 10:09:48', '2025-11-21 10:09:48'),
(655, 195, 30, 3, '22.00', '0.00', '0.00', '66.00', 'pending', 'No vegetables', '2025-11-21 10:09:48', '2025-11-21 10:09:48'),
(656, 196, 12, 1, '10.00', '0.00', '0.00', '10.00', 'pending', 'On the side', '2025-11-21 10:09:48', '2025-11-21 10:09:48'),
(657, 196, 20, 2, '4.00', '0.00', '0.00', '8.00', 'pending', 'No onions', '2025-11-21 10:09:48', '2025-11-21 10:09:48'),
(658, 197, 7, 1, '12.50', '0.00', '0.00', '12.50', 'pending', NULL, '2025-11-21 10:09:49', '2025-11-21 10:09:49'),
(659, 197, 16, 3, '6.00', '0.00', '0.00', '18.00', 'pending', 'Extra spicy', '2025-11-21 10:09:49', '2025-11-21 10:09:49'),
(660, 197, 28, 3, '32.00', '0.00', '0.00', '96.00', 'pending', NULL, '2025-11-21 10:09:49', '2025-11-21 10:09:49'),
(661, 197, 30, 3, '22.00', '0.00', '0.00', '66.00', 'pending', 'Extra cheese', '2025-11-21 10:09:49', '2025-11-21 10:09:49'),
(662, 197, 31, 3, '15.00', '0.00', '0.00', '45.00', 'pending', 'Extra herbs', '2025-11-21 10:09:49', '2025-11-21 10:09:49'),
(663, 198, 1, 1, '8.50', '0.00', '0.00', '8.50', 'pending', 'Well done', '2025-11-21 10:09:49', '2025-11-21 10:09:49'),
(664, 198, 13, 2, '7.50', '0.00', '0.00', '15.00', 'pending', NULL, '2025-11-21 10:09:49', '2025-11-21 10:09:49'),
(665, 198, 16, 2, '6.00', '0.00', '0.00', '12.00', 'pending', 'On the side', '2025-11-21 10:09:49', '2025-11-21 10:09:49'),
(666, 198, 29, 3, '18.50', '0.00', '0.00', '55.50', 'pending', 'No vegetables', '2025-11-21 10:09:49', '2025-11-21 10:09:49'),
(667, 199, 2, 2, '12.00', '0.00', '0.00', '24.00', 'pending', 'Extra sauce', '2025-11-21 10:09:49', '2025-11-21 10:09:49'),
(668, 199, 24, 1, '3.50', '0.00', '0.00', '3.50', 'pending', 'Extra cheese', '2025-11-21 10:09:49', '2025-11-21 10:09:49'),
(669, 200, 4, 3, '9.00', '0.00', '0.00', '27.00', 'pending', NULL, '2025-11-21 10:09:49', '2025-11-21 10:09:49'),
(670, 200, 16, 3, '6.00', '0.00', '0.00', '18.00', 'pending', 'Extra cheese', '2025-11-21 10:09:49', '2025-11-21 10:09:49'),
(671, 201, 5, 3, '13.50', '0.00', '0.00', '40.50', 'pending', 'Extra herbs', '2025-11-21 10:09:49', '2025-11-21 10:09:49'),
(672, 201, 7, 1, '12.50', '0.00', '0.00', '12.50', 'pending', NULL, '2025-11-21 10:09:49', '2025-11-21 10:09:49'),
(673, 202, 29, 3, '18.50', '0.00', '0.00', '55.50', 'pending', 'Extra herbs', '2025-11-21 10:09:49', '2025-11-21 10:09:49'),
(674, 202, 32, 3, '8.00', '0.00', '0.00', '24.00', 'pending', 'Mild spice', '2025-11-21 10:09:49', '2025-11-21 10:09:49'),
(675, 203, 1, 2, '8.50', '0.00', '0.00', '17.00', 'pending', 'Extra spicy', '2025-11-21 10:09:49', '2025-11-21 10:09:49'),
(676, 203, 12, 3, '10.00', '0.00', '0.00', '30.00', 'pending', NULL, '2025-11-21 10:09:49', '2025-11-21 10:09:49'),
(677, 203, 19, 1, '3.50', '0.00', '0.00', '3.50', 'pending', NULL, '2025-11-21 10:09:49', '2025-11-21 10:09:49'),
(678, 204, 6, 1, '28.00', '0.00', '0.00', '28.00', 'pending', 'Extra spicy', '2025-11-21 10:09:49', '2025-11-21 10:09:49'),
(679, 205, 7, 3, '12.50', '0.00', '0.00', '37.50', 'pending', 'On the side', '2025-11-21 10:09:49', '2025-11-21 10:09:49'),
(680, 205, 20, 2, '4.00', '0.00', '0.00', '8.00', 'pending', NULL, '2025-11-21 10:09:49', '2025-11-21 10:09:49'),
(681, 206, 7, 1, '12.50', '0.00', '0.00', '12.50', 'pending', NULL, '2025-11-21 10:09:49', '2025-11-21 10:09:49'),
(682, 206, 10, 1, '15.00', '0.00', '0.00', '15.00', 'pending', 'Medium rare', '2025-11-21 10:09:49', '2025-11-21 10:09:49'),
(683, 206, 21, 1, '2.50', '0.00', '0.00', '2.50', 'pending', NULL, '2025-11-21 10:09:49', '2025-11-21 10:09:49'),
(684, 206, 27, 3, '28.00', '0.00', '0.00', '84.00', 'pending', NULL, '2025-11-21 10:09:49', '2025-11-21 10:09:49'),
(685, 206, 29, 1, '18.50', '0.00', '0.00', '18.50', 'pending', 'Extra herbs', '2025-11-21 10:09:49', '2025-11-21 10:09:49'),
(686, 207, 9, 3, '16.50', '0.00', '0.00', '49.50', 'pending', 'Extra sauce', '2025-11-21 10:09:49', '2025-11-21 10:09:49'),
(687, 208, 3, 1, '10.50', '0.00', '0.00', '10.50', 'pending', 'Extra herbs', '2025-11-21 10:09:49', '2025-11-21 10:09:49'),
(688, 208, 30, 1, '22.00', '0.00', '0.00', '22.00', 'pending', 'Extra sauce', '2025-11-21 10:09:49', '2025-11-21 10:09:49'),
(689, 209, 3, 1, '10.50', '0.00', '0.00', '10.50', 'pending', 'Well done', '2025-11-21 10:09:49', '2025-11-21 10:09:49'),
(690, 209, 12, 1, '10.00', '0.00', '0.00', '10.00', 'pending', 'Mild spice', '2025-11-21 10:09:49', '2025-11-21 10:09:49'),
(691, 209, 18, 2, '4.50', '0.00', '0.00', '9.00', 'pending', 'Medium rare', '2025-11-21 10:09:49', '2025-11-21 10:09:49'),
(692, 209, 20, 2, '4.00', '0.00', '0.00', '8.00', 'pending', 'No onions', '2025-11-21 10:09:49', '2025-11-21 10:09:49'),
(693, 209, 26, 2, '25.00', '0.00', '0.00', '50.00', 'pending', NULL, '2025-11-21 10:09:49', '2025-11-21 10:09:49'),
(694, 209, 30, 3, '22.00', '0.00', '0.00', '66.00', 'pending', 'Extra cheese', '2025-11-21 10:09:49', '2025-11-21 10:09:49'),
(695, 210, 11, 1, '13.50', '0.00', '0.00', '13.50', 'pending', 'Extra sauce', '2025-11-21 10:09:49', '2025-11-21 10:09:49'),
(696, 210, 19, 3, '3.50', '0.00', '0.00', '10.50', 'pending', NULL, '2025-11-21 10:09:49', '2025-11-21 10:09:49'),
(697, 210, 20, 1, '4.00', '0.00', '0.00', '4.00', 'pending', NULL, '2025-11-21 10:09:49', '2025-11-21 10:09:49'),
(698, 210, 21, 2, '2.50', '0.00', '0.00', '5.00', 'pending', 'Medium rare', '2025-11-21 10:09:49', '2025-11-21 10:09:49'),
(699, 210, 32, 3, '8.00', '0.00', '0.00', '24.00', 'pending', NULL, '2025-11-21 10:09:49', '2025-11-21 10:09:49'),
(700, 210, 33, 2, '11.50', '0.00', '0.00', '23.00', 'pending', NULL, '2025-11-21 10:09:49', '2025-11-21 10:09:49'),
(701, 211, 4, 1, '9.00', '0.00', '0.00', '9.00', 'pending', 'Medium rare', '2025-11-21 10:09:49', '2025-11-21 10:09:49'),
(702, 211, 23, 1, '4.50', '0.00', '0.00', '4.50', 'pending', 'Extra spicy', '2025-11-21 10:09:49', '2025-11-21 10:09:49'),
(703, 211, 27, 3, '28.00', '0.00', '0.00', '84.00', 'pending', 'No vegetables', '2025-11-21 10:09:49', '2025-11-21 10:09:49'),
(704, 211, 28, 2, '32.00', '0.00', '0.00', '64.00', 'pending', 'Mild spice', '2025-11-21 10:09:49', '2025-11-21 10:09:49'),
(705, 212, 19, 1, '3.50', '0.00', '0.00', '3.50', 'pending', 'Medium rare', '2025-11-21 10:09:49', '2025-11-21 10:09:49'),
(706, 212, 24, 1, '3.50', '0.00', '0.00', '3.50', 'pending', 'Extra sauce', '2025-11-21 10:09:49', '2025-11-21 10:09:49'),
(707, 213, 6, 1, '28.00', '0.00', '0.00', '28.00', 'pending', 'No vegetables', '2025-11-21 10:09:49', '2025-11-21 10:09:49'),
(708, 213, 18, 2, '4.50', '0.00', '0.00', '9.00', 'pending', NULL, '2025-11-21 10:09:49', '2025-11-21 10:09:49'),
(709, 213, 19, 2, '3.50', '0.00', '0.00', '7.00', 'pending', 'Well done', '2025-11-21 10:09:49', '2025-11-21 10:09:49'),
(710, 214, 17, 3, '8.50', '0.00', '0.00', '25.50', 'pending', 'On the side', '2025-11-21 10:09:49', '2025-11-21 10:09:49'),
(711, 214, 19, 3, '3.50', '0.00', '0.00', '10.50', 'pending', NULL, '2025-11-21 10:09:49', '2025-11-21 10:09:49'),
(712, 214, 30, 1, '22.00', '0.00', '0.00', '22.00', 'pending', 'No onions', '2025-11-21 10:09:49', '2025-11-21 10:09:49'),
(713, 215, 16, 1, '6.00', '0.00', '0.00', '6.00', 'pending', 'Extra sauce', '2025-11-21 10:09:49', '2025-11-21 10:09:49'),
(714, 215, 26, 1, '25.00', '0.00', '0.00', '25.00', 'pending', NULL, '2025-11-21 10:09:49', '2025-11-21 10:09:49'),
(715, 215, 32, 2, '8.00', '0.00', '0.00', '16.00', 'pending', NULL, '2025-11-21 10:09:49', '2025-11-21 10:09:49'),
(716, 216, 6, 2, '28.00', '0.00', '0.00', '56.00', 'pending', 'Extra herbs', '2025-11-21 10:09:49', '2025-11-21 10:09:49'),
(717, 216, 23, 3, '4.50', '0.00', '0.00', '13.50', 'pending', NULL, '2025-11-21 10:09:49', '2025-11-21 10:09:49'),
(718, 217, 28, 1, '32.00', '0.00', '0.00', '32.00', 'pending', 'No onions', '2025-11-21 10:09:49', '2025-11-21 10:09:49'),
(719, 217, 29, 2, '18.50', '0.00', '0.00', '37.00', 'pending', 'On the side', '2025-11-21 10:09:49', '2025-11-21 10:09:49'),
(720, 217, 30, 2, '22.00', '0.00', '0.00', '44.00', 'pending', 'Extra sauce', '2025-11-21 10:09:49', '2025-11-21 10:09:49'),
(721, 217, 32, 1, '8.00', '0.00', '0.00', '8.00', 'pending', 'Extra sauce', '2025-11-21 10:09:49', '2025-11-21 10:09:49'),
(722, 218, 7, 2, '12.50', '0.00', '0.00', '25.00', 'pending', 'Extra cheese', '2025-11-21 10:09:49', '2025-11-21 10:09:49'),
(723, 218, 14, 3, '6.50', '0.00', '0.00', '19.50', 'pending', 'On the side', '2025-11-21 10:09:49', '2025-11-21 10:09:49'),
(724, 218, 26, 3, '25.00', '0.00', '0.00', '75.00', 'pending', 'Extra sauce', '2025-11-21 10:09:49', '2025-11-21 10:09:49'),
(725, 219, 14, 3, '6.50', '0.00', '0.00', '19.50', 'pending', NULL, '2025-11-21 10:09:49', '2025-11-21 10:09:49'),
(726, 219, 18, 1, '4.50', '0.00', '0.00', '4.50', 'pending', NULL, '2025-11-21 10:09:49', '2025-11-21 10:09:49'),
(727, 219, 26, 3, '25.00', '0.00', '0.00', '75.00', 'pending', 'Medium rare', '2025-11-21 10:09:49', '2025-11-21 10:09:49'),
(728, 220, 21, 3, '2.50', '0.00', '0.00', '7.50', 'pending', 'Extra herbs', '2025-11-21 10:09:49', '2025-11-21 10:09:49'),
(729, 221, 16, 2, '6.00', '0.00', '0.00', '12.00', 'pending', 'Well done', '2025-11-21 10:09:49', '2025-11-21 10:09:49'),
(730, 221, 30, 2, '22.00', '0.00', '0.00', '44.00', 'pending', NULL, '2025-11-21 10:09:49', '2025-11-21 10:09:49'),
(731, 221, 33, 3, '11.50', '0.00', '0.00', '34.50', 'pending', 'No vegetables', '2025-11-21 10:09:49', '2025-11-21 10:09:49'),
(732, 222, 16, 3, '6.00', '0.00', '0.00', '18.00', 'pending', 'Extra sauce', '2025-11-21 10:09:49', '2025-11-21 10:09:49'),
(733, 223, 14, 2, '6.50', '0.00', '0.00', '13.00', 'pending', 'No onions', '2025-11-21 10:09:49', '2025-11-21 10:09:49'),
(734, 223, 25, 1, '8.50', '0.00', '0.00', '8.50', 'pending', NULL, '2025-11-21 10:09:49', '2025-11-21 10:09:49'),
(735, 224, 22, 1, '5.50', '0.00', '0.00', '5.50', 'pending', 'Mild spice', '2025-11-21 10:09:49', '2025-11-21 10:09:49'),
(736, 225, 9, 2, '16.50', '0.00', '0.00', '33.00', 'pending', NULL, '2025-11-21 10:09:49', '2025-11-21 10:09:49'),
(737, 225, 13, 1, '7.50', '0.00', '0.00', '7.50', 'pending', 'No vegetables', '2025-11-21 10:09:49', '2025-11-21 10:09:49'),
(738, 225, 14, 3, '6.50', '0.00', '0.00', '19.50', 'pending', NULL, '2025-11-21 10:09:49', '2025-11-21 10:09:49'),
(739, 225, 30, 2, '22.00', '0.00', '0.00', '44.00', 'pending', NULL, '2025-11-21 10:09:49', '2025-11-21 10:09:49'),
(740, 225, 32, 2, '8.00', '0.00', '0.00', '16.00', 'pending', 'Extra cheese', '2025-11-21 10:09:49', '2025-11-21 10:09:49'),
(741, 226, 18, 3, '4.50', '0.00', '0.00', '13.50', 'pending', NULL, '2025-11-21 10:09:49', '2025-11-21 10:09:49'),
(742, 226, 19, 2, '3.50', '0.00', '0.00', '7.00', 'pending', NULL, '2025-11-21 10:09:49', '2025-11-21 10:09:49'),
(743, 226, 23, 2, '4.50', '0.00', '0.00', '9.00', 'pending', NULL, '2025-11-21 10:09:49', '2025-11-21 10:09:49'),
(744, 226, 26, 3, '25.00', '0.00', '0.00', '75.00', 'pending', NULL, '2025-11-21 10:09:49', '2025-11-21 10:09:49'),
(745, 227, 20, 1, '4.00', '0.00', '0.00', '4.00', 'pending', 'Mild spice', '2025-11-21 10:09:49', '2025-11-21 10:09:49'),
(746, 227, 21, 2, '2.50', '0.00', '0.00', '5.00', 'pending', 'Mild spice', '2025-11-21 10:09:49', '2025-11-21 10:09:49'),
(747, 227, 26, 3, '25.00', '0.00', '0.00', '75.00', 'pending', 'Extra sauce', '2025-11-21 10:09:49', '2025-11-21 10:09:49'),
(748, 227, 33, 1, '11.50', '0.00', '0.00', '11.50', 'pending', NULL, '2025-11-21 10:09:49', '2025-11-21 10:09:49'),
(749, 228, 3, 3, '10.50', '0.00', '0.00', '31.50', 'pending', 'Medium rare', '2025-11-21 10:09:49', '2025-11-21 10:09:49'),
(750, 228, 13, 2, '7.50', '0.00', '0.00', '15.00', 'pending', 'Extra sauce', '2025-11-21 10:09:49', '2025-11-21 10:09:49'),
(751, 228, 14, 2, '6.50', '0.00', '0.00', '13.00', 'pending', 'Mild spice', '2025-11-21 10:09:49', '2025-11-21 10:09:49'),
(752, 228, 20, 3, '4.00', '0.00', '0.00', '12.00', 'pending', NULL, '2025-11-21 10:09:49', '2025-11-21 10:09:49'),
(753, 228, 25, 3, '8.50', '0.00', '0.00', '25.50', 'pending', 'No onions', '2025-11-21 10:09:49', '2025-11-21 10:09:49'),
(754, 228, 27, 1, '28.00', '0.00', '0.00', '28.00', 'pending', 'Mild spice', '2025-11-21 10:09:49', '2025-11-21 10:09:49'),
(755, 229, 5, 1, '13.50', '0.00', '0.00', '13.50', 'pending', 'Mild spice', '2025-11-21 10:09:49', '2025-11-21 10:09:49'),
(756, 230, 2, 1, '12.00', '0.00', '0.00', '12.00', 'pending', NULL, '2025-11-21 10:09:49', '2025-11-21 10:09:49'),
(757, 230, 27, 3, '28.00', '0.00', '0.00', '84.00', 'pending', NULL, '2025-11-21 10:09:49', '2025-11-21 10:09:49'),
(758, 231, 3, 3, '10.50', '0.00', '0.00', '31.50', 'pending', 'Medium rare', '2025-11-21 10:09:49', '2025-11-21 10:09:49'),
(759, 231, 6, 3, '28.00', '0.00', '0.00', '84.00', 'pending', 'Extra cheese', '2025-11-21 10:09:49', '2025-11-21 10:09:49'),
(760, 231, 7, 1, '12.50', '0.00', '0.00', '12.50', 'pending', 'Extra herbs', '2025-11-21 10:09:49', '2025-11-21 10:09:49'),
(761, 231, 19, 3, '3.50', '0.00', '0.00', '10.50', 'pending', 'Extra sauce', '2025-11-21 10:09:49', '2025-11-21 10:09:49'),
(762, 231, 27, 2, '28.00', '0.00', '0.00', '56.00', 'pending', 'Extra herbs', '2025-11-21 10:09:49', '2025-11-21 10:09:49'),
(763, 232, 2, 3, '12.00', '0.00', '0.00', '36.00', 'pending', NULL, '2025-11-21 10:09:49', '2025-11-21 10:09:49'),
(764, 232, 16, 3, '6.00', '0.00', '0.00', '18.00', 'pending', NULL, '2025-11-21 10:09:49', '2025-11-21 10:09:49'),
(765, 232, 17, 1, '8.50', '0.00', '0.00', '8.50', 'pending', NULL, '2025-11-21 10:09:49', '2025-11-21 10:09:49'),
(766, 232, 20, 1, '4.00', '0.00', '0.00', '4.00', 'pending', 'Mild spice', '2025-11-21 10:09:49', '2025-11-21 10:09:49'),
(767, 232, 25, 2, '8.50', '0.00', '0.00', '17.00', 'pending', NULL, '2025-11-21 10:09:49', '2025-11-21 10:09:49'),
(768, 232, 28, 3, '32.00', '0.00', '0.00', '96.00', 'pending', 'Medium rare', '2025-11-21 10:09:49', '2025-11-21 10:09:49'),
(769, 233, 6, 1, '28.00', '0.00', '0.00', '28.00', 'pending', 'Extra spicy', '2025-11-21 10:09:49', '2025-11-21 10:09:49'),
(770, 233, 8, 3, '14.00', '0.00', '0.00', '42.00', 'pending', 'Extra herbs', '2025-11-21 10:09:49', '2025-11-21 10:09:49'),
(771, 233, 11, 3, '13.50', '0.00', '0.00', '40.50', 'pending', 'Medium rare', '2025-11-21 10:09:49', '2025-11-21 10:09:49'),
(772, 233, 31, 2, '15.00', '0.00', '0.00', '30.00', 'pending', NULL, '2025-11-21 10:09:49', '2025-11-21 10:09:49'),
(773, 234, 4, 3, '9.00', '0.00', '0.00', '27.00', 'pending', 'Extra herbs', '2025-11-21 10:09:49', '2025-11-21 10:09:49'),
(774, 234, 8, 1, '14.00', '0.00', '0.00', '14.00', 'pending', 'Extra herbs', '2025-11-21 10:09:49', '2025-11-21 10:09:49'),
(775, 234, 11, 2, '13.50', '0.00', '0.00', '27.00', 'pending', NULL, '2025-11-21 10:09:49', '2025-11-21 10:09:49'),
(776, 234, 13, 2, '7.50', '0.00', '0.00', '15.00', 'pending', 'Extra spicy', '2025-11-21 10:09:49', '2025-11-21 10:09:49'),
(777, 234, 29, 3, '18.50', '0.00', '0.00', '55.50', 'pending', 'Medium rare', '2025-11-21 10:09:49', '2025-11-21 10:09:49'),
(778, 235, 1, 2, '8.50', '0.00', '0.00', '17.00', 'pending', NULL, '2025-11-21 10:09:49', '2025-11-21 10:09:49'),
(779, 235, 4, 1, '9.00', '0.00', '0.00', '9.00', 'pending', 'Extra herbs', '2025-11-21 10:09:49', '2025-11-21 10:09:49'),
(780, 235, 16, 1, '6.00', '0.00', '0.00', '6.00', 'pending', 'Extra herbs', '2025-11-21 10:09:49', '2025-11-21 10:09:49'),
(781, 235, 26, 1, '25.00', '0.00', '0.00', '25.00', 'pending', 'Medium rare', '2025-11-21 10:09:49', '2025-11-21 10:09:49'),
(782, 235, 30, 1, '22.00', '0.00', '0.00', '22.00', 'pending', 'No vegetables', '2025-11-21 10:09:49', '2025-11-21 10:09:49'),
(783, 235, 33, 1, '11.50', '0.00', '0.00', '11.50', 'pending', NULL, '2025-11-21 10:09:49', '2025-11-21 10:09:49'),
(784, 236, 5, 1, '13.50', '0.00', '0.00', '13.50', 'pending', NULL, '2025-11-21 10:09:49', '2025-11-21 10:09:49'),
(785, 236, 13, 3, '7.50', '0.00', '0.00', '22.50', 'pending', 'Medium rare', '2025-11-21 10:09:49', '2025-11-21 10:09:49'),
(786, 236, 27, 3, '28.00', '0.00', '0.00', '84.00', 'pending', 'No vegetables', '2025-11-21 10:09:49', '2025-11-21 10:09:49'),
(787, 236, 29, 1, '18.50', '0.00', '0.00', '18.50', 'pending', 'No vegetables', '2025-11-21 10:09:49', '2025-11-21 10:09:49'),
(788, 237, 19, 1, '3.50', '0.00', '0.00', '3.50', 'pending', 'Well done', '2025-11-21 10:09:49', '2025-11-21 10:09:49'),
(789, 237, 28, 3, '32.00', '0.00', '0.00', '96.00', 'pending', NULL, '2025-11-21 10:09:49', '2025-11-21 10:09:49'),
(790, 238, 1, 3, '8.50', '0.00', '0.00', '25.50', 'pending', 'No onions', '2025-11-21 10:09:49', '2025-11-21 10:09:49'),
(791, 238, 4, 3, '9.00', '0.00', '0.00', '27.00', 'pending', NULL, '2025-11-21 10:09:49', '2025-11-21 10:09:49'),
(792, 238, 18, 1, '4.50', '0.00', '0.00', '4.50', 'pending', NULL, '2025-11-21 10:09:49', '2025-11-21 10:09:49'),
(793, 238, 23, 3, '4.50', '0.00', '0.00', '13.50', 'pending', 'Extra cheese', '2025-11-21 10:09:49', '2025-11-21 10:09:49'),
(794, 238, 29, 2, '18.50', '0.00', '0.00', '37.00', 'pending', NULL, '2025-11-21 10:09:49', '2025-11-21 10:09:49'),
(795, 238, 31, 2, '15.00', '0.00', '0.00', '30.00', 'pending', 'Extra herbs', '2025-11-21 10:09:49', '2025-11-21 10:09:49'),
(796, 239, 1, 2, '8.50', '0.00', '0.00', '17.00', 'pending', 'No onions', '2025-11-21 10:09:49', '2025-11-21 10:09:49'),
(797, 239, 8, 3, '14.00', '0.00', '0.00', '42.00', 'pending', 'No onions', '2025-11-21 10:09:49', '2025-11-21 10:09:49'),
(798, 239, 14, 3, '6.50', '0.00', '0.00', '19.50', 'pending', 'Medium rare', '2025-11-21 10:09:49', '2025-11-21 10:09:49'),
(799, 239, 23, 3, '4.50', '0.00', '0.00', '13.50', 'pending', 'Extra spicy', '2025-11-21 10:09:49', '2025-11-21 10:09:49'),
(800, 239, 24, 2, '3.50', '0.00', '0.00', '7.00', 'pending', 'Medium rare', '2025-11-21 10:09:49', '2025-11-21 10:09:49'),
(801, 240, 14, 3, '6.50', '0.00', '0.00', '19.50', 'pending', NULL, '2025-11-21 10:09:49', '2025-11-21 10:09:49'),
(802, 240, 27, 1, '28.00', '0.00', '0.00', '28.00', 'pending', 'No onions', '2025-11-21 10:09:49', '2025-11-21 10:09:49'),
(803, 241, 11, 2, '13.50', '0.00', '0.00', '27.00', 'pending', 'Extra cheese', '2025-11-21 10:09:49', '2025-11-21 10:09:49'),
(804, 241, 18, 2, '4.50', '0.00', '0.00', '9.00', 'pending', 'No onions', '2025-11-21 10:09:49', '2025-11-21 10:09:49'),
(805, 241, 28, 3, '32.00', '0.00', '0.00', '96.00', 'pending', 'Extra herbs', '2025-11-21 10:09:49', '2025-11-21 10:09:49'),
(806, 242, 5, 3, '13.50', '0.00', '0.00', '40.50', 'pending', NULL, '2025-11-21 10:09:49', '2025-11-21 10:09:49'),
(807, 242, 8, 2, '14.00', '0.00', '0.00', '28.00', 'pending', NULL, '2025-11-21 10:09:49', '2025-11-21 10:09:49'),
(808, 242, 21, 1, '2.50', '0.00', '0.00', '2.50', 'pending', 'No onions', '2025-11-21 10:09:49', '2025-11-21 10:09:49'),
(809, 242, 29, 2, '18.50', '0.00', '0.00', '37.00', 'pending', NULL, '2025-11-21 10:09:49', '2025-11-21 10:09:49'),
(810, 242, 31, 1, '15.00', '0.00', '0.00', '15.00', 'pending', 'Extra herbs', '2025-11-21 10:09:49', '2025-11-21 10:09:49'),
(811, 243, 15, 3, '5.50', '0.00', '0.00', '16.50', 'pending', 'No onions', '2025-11-21 10:09:49', '2025-11-21 10:09:49'),
(812, 244, 15, 2, '5.50', '0.00', '0.00', '11.00', 'pending', 'Medium rare', '2025-11-21 10:09:49', '2025-11-21 10:09:49'),
(813, 244, 19, 3, '3.50', '0.00', '0.00', '10.50', 'pending', 'Medium rare', '2025-11-21 10:09:49', '2025-11-21 10:09:49'),
(814, 245, 3, 1, '10.50', '0.00', '0.00', '10.50', 'pending', 'Mild spice', '2025-11-21 10:09:49', '2025-11-21 10:09:49'),
(815, 245, 13, 2, '7.50', '0.00', '0.00', '15.00', 'pending', 'Mild spice', '2025-11-21 10:09:49', '2025-11-21 10:09:49'),
(816, 245, 16, 2, '6.00', '0.00', '0.00', '12.00', 'pending', 'On the side', '2025-11-21 10:09:49', '2025-11-21 10:09:49'),
(817, 245, 21, 3, '2.50', '0.00', '0.00', '7.50', 'pending', 'Extra spicy', '2025-11-21 10:09:49', '2025-11-21 10:09:49'),
(818, 245, 27, 3, '28.00', '0.00', '0.00', '84.00', 'pending', 'No vegetables', '2025-11-21 10:09:49', '2025-11-21 10:09:49'),
(819, 246, 24, 2, '3.50', '0.00', '0.00', '7.00', 'pending', 'Extra sauce', '2025-11-21 10:09:49', '2025-11-21 10:09:49'),
(820, 247, 5, 2, '13.50', '0.00', '0.00', '27.00', 'pending', 'Medium rare', '2025-11-21 10:09:49', '2025-11-21 10:09:49'),
(821, 247, 13, 1, '7.50', '0.00', '0.00', '7.50', 'pending', 'Extra sauce', '2025-11-21 10:09:49', '2025-11-21 10:09:49'),
(822, 247, 31, 3, '15.00', '0.00', '0.00', '45.00', 'pending', 'Extra cheese', '2025-11-21 10:09:49', '2025-11-21 10:09:49'),
(823, 248, 10, 1, '15.00', '0.00', '0.00', '15.00', 'pending', 'Extra sauce', '2025-11-21 10:09:49', '2025-11-21 10:09:49'),
(824, 248, 17, 3, '8.50', '0.00', '0.00', '25.50', 'pending', NULL, '2025-11-21 10:09:49', '2025-11-21 10:09:49'),
(825, 248, 20, 1, '4.00', '0.00', '0.00', '4.00', 'pending', NULL, '2025-11-21 10:09:49', '2025-11-21 10:09:49'),
(826, 248, 24, 1, '3.50', '0.00', '0.00', '3.50', 'pending', NULL, '2025-11-21 10:09:49', '2025-11-21 10:09:49'),
(827, 248, 29, 1, '18.50', '0.00', '0.00', '18.50', 'pending', 'Mild spice', '2025-11-21 10:09:49', '2025-11-21 10:09:49'),
(828, 248, 31, 3, '15.00', '0.00', '0.00', '45.00', 'pending', 'Extra spicy', '2025-11-21 10:09:49', '2025-11-21 10:09:49'),
(829, 249, 4, 3, '9.00', '0.00', '0.00', '27.00', 'pending', NULL, '2025-11-21 10:09:49', '2025-11-21 10:09:49'),
(830, 249, 7, 3, '12.50', '0.00', '0.00', '37.50', 'pending', NULL, '2025-11-21 10:09:49', '2025-11-21 10:09:49'),
(831, 249, 12, 1, '10.00', '0.00', '0.00', '10.00', 'pending', NULL, '2025-11-21 10:09:49', '2025-11-21 10:09:49'),
(832, 249, 25, 2, '8.50', '0.00', '0.00', '17.00', 'pending', 'No vegetables', '2025-11-21 10:09:49', '2025-11-21 10:09:49'),
(833, 249, 26, 2, '25.00', '0.00', '0.00', '50.00', 'pending', NULL, '2025-11-21 10:09:49', '2025-11-21 10:09:49'),
(834, 250, 1, 3, '8.50', '0.00', '0.00', '25.50', 'pending', 'On the side', '2025-11-21 10:09:49', '2025-11-21 10:09:49'),
(835, 250, 4, 2, '9.00', '0.00', '0.00', '18.00', 'pending', 'Extra spicy', '2025-11-21 10:09:49', '2025-11-21 10:09:49'),
(836, 250, 11, 1, '13.50', '0.00', '0.00', '13.50', 'pending', NULL, '2025-11-21 10:09:49', '2025-11-21 10:09:49'),
(837, 250, 18, 2, '4.50', '0.00', '0.00', '9.00', 'pending', 'On the side', '2025-11-21 10:09:49', '2025-11-21 10:09:49'),
(838, 250, 30, 2, '22.00', '0.00', '0.00', '44.00', 'pending', 'On the side', '2025-11-21 10:09:49', '2025-11-21 10:09:49');

INSERT INTO `orders` (`id`, `location_id`, `table_id`, `customer_id`, `employee_id`, `order_number`, `preparation_status`, `priority`, `status`, `approval_status`, `subtotal`, `tax_amount`, `discount_amount`, `total_amount`, `service_charge`, `currency`, `ordered_at`, `completed_at`, `special_instructions`, `estimated_ready_time`, `created_at`, `updated_at`, `order_type`, `customer_address_id`, `payment_status`, `scheduled_at`, `kitchen_submitted_at`, `approved_by`, `approved_at`, `rejection_reason`, `is_auto_approved`) VALUES
(1, 1, 2, 11, NULL, 'NKH-DT-20250921-4003-89a', 'pending', 0, 'completed', 'pending', '53.50', '5.35', '0.00', '58.85', '0.00', 'USD', '2025-09-21 02:59:40', '2025-09-21 02:59:40', 'On the side', '2025-09-21 02:42:40', '2025-11-21 10:09:47', '2025-11-21 10:09:47', 'dine-in', NULL, 'unpaid', NULL, NULL, NULL, NULL, NULL, 0),
(2, 1, NULL, 9, NULL, 'NKH-DT-20251006-5265-4d9', 'pending', 0, 'received', 'pending', '113.00', '11.30', '4.97', '119.33', '0.00', 'USD', '2025-10-06 22:14:53', NULL, 'Gluten free preparation', '2025-10-06 23:04:53', '2025-11-21 10:09:47', '2025-11-21 10:09:47', 'delivery', NULL, 'unpaid', NULL, NULL, NULL, NULL, NULL, 0),
(3, 1, NULL, 2, NULL, 'NKH-DT-20251104-8678-4fc', 'pending', 0, 'preparing', 'pending', '15.00', '1.50', '0.00', '16.50', '0.00', 'USD', '2025-11-04 13:16:41', NULL, 'Extra vegetables', '2025-11-04 13:45:41', '2025-11-21 10:09:47', '2025-11-21 10:09:47', 'pickup', NULL, 'unpaid', NULL, NULL, NULL, NULL, NULL, 0),
(4, 1, 16, 11, NULL, 'NKH-DT-20250827-2768-598', 'pending', 0, 'pending', 'pending', '91.00', '9.10', '0.00', '100.10', '0.00', 'USD', '2025-08-27 04:13:08', NULL, 'On the side', '2025-08-27 04:36:08', '2025-11-21 10:09:47', '2025-11-21 10:09:47', 'dine-in', NULL, 'unpaid', NULL, NULL, NULL, NULL, NULL, 0),
(5, 1, 33, 7, NULL, 'NKH-DT-20251107-2867-236', 'pending', 0, 'ready', 'pending', '65.00', '6.50', '0.00', '71.50', '0.00', 'USD', '2025-11-07 09:06:53', NULL, 'Well done', '2025-11-07 09:34:53', '2025-11-21 10:09:47', '2025-11-21 10:09:47', 'dine-in', NULL, 'unpaid', NULL, NULL, NULL, NULL, NULL, 0),
(6, 1, 25, 11, NULL, 'NKH-DT-20250921-1670-ac0', 'pending', 0, 'pending', 'pending', '5.50', '0.55', '0.00', '6.05', '0.00', 'USD', '2025-09-21 19:50:57', NULL, 'Extra sauce', '2025-09-21 20:10:57', '2025-11-21 10:09:47', '2025-11-21 10:09:47', 'dine-in', NULL, 'unpaid', NULL, NULL, NULL, NULL, NULL, 0),
(7, 1, NULL, 1, NULL, 'NKH-DT-20251019-5464-ac4', 'pending', 0, 'received', 'pending', '17.00', '1.70', '9.17', '9.53', '0.00', 'USD', '2025-10-19 21:55:36', NULL, 'No spicy please', '2025-10-19 22:29:36', '2025-11-21 10:09:47', '2025-11-21 10:09:47', 'pickup', NULL, 'unpaid', NULL, NULL, NULL, NULL, NULL, 0),
(8, 1, 27, 10, NULL, 'NKH-DT-20250927-6640-287', 'pending', 0, 'preparing', 'pending', '40.50', '4.05', '0.00', '44.55', '0.00', 'USD', '2025-09-27 02:58:24', NULL, NULL, '2025-09-27 03:22:24', '2025-11-21 10:09:47', '2025-11-21 10:09:47', 'dine-in', NULL, 'unpaid', NULL, NULL, NULL, NULL, NULL, 0),
(9, 1, NULL, 9, NULL, 'NKH-DT-20250919-5673-ae8', 'pending', 0, 'pending', 'pending', '29.00', '2.90', '4.26', '27.64', '0.00', 'USD', '2025-09-19 11:01:35', NULL, 'Extra sauce', '2025-09-19 11:31:35', '2025-11-21 10:09:47', '2025-11-21 10:09:47', 'delivery', NULL, 'unpaid', NULL, NULL, NULL, NULL, NULL, 0),
(10, 1, NULL, 5, NULL, 'NKH-DT-20251104-5416-fde', 'pending', 0, 'preparing', 'pending', '56.50', '5.65', '0.00', '62.15', '0.00', 'USD', '2025-11-04 00:55:13', NULL, NULL, '2025-11-04 01:27:13', '2025-11-21 10:09:47', '2025-11-21 10:09:47', 'pickup', NULL, 'unpaid', NULL, NULL, NULL, NULL, NULL, 0),
(11, 1, NULL, 4, NULL, 'NKH-DT-20250910-6770-a59', 'pending', 0, 'preparing', 'pending', '109.50', '10.95', '0.00', '120.45', '0.00', 'USD', '2025-09-10 02:49:10', NULL, 'Vegetarian option', '2025-09-10 03:25:10', '2025-11-21 10:09:47', '2025-11-21 10:09:47', 'delivery', NULL, 'unpaid', NULL, NULL, NULL, NULL, NULL, 0),
(12, 1, NULL, 11, NULL, 'NKH-DT-20250822-4368-60c', 'pending', 0, 'completed', 'pending', '138.50', '13.85', '0.00', '152.35', '0.00', 'USD', '2025-08-22 10:43:18', '2025-08-22 10:43:18', 'Vegetarian option', '2025-08-22 10:44:18', '2025-11-21 10:09:47', '2025-11-21 10:09:47', 'delivery', NULL, 'unpaid', NULL, NULL, NULL, NULL, NULL, 0),
(13, 1, NULL, 3, NULL, 'NKH-DT-20250909-3066-0a2', 'pending', 0, 'preparing', 'pending', '131.50', '13.15', '0.00', '144.65', '0.00', 'USD', '2025-09-09 07:11:27', NULL, 'On the side', '2025-09-09 07:42:27', '2025-11-21 10:09:47', '2025-11-21 10:09:47', 'pickup', NULL, 'unpaid', NULL, NULL, NULL, NULL, NULL, 0),
(14, 1, 33, 5, NULL, 'NKH-DT-20250902-4730-022', 'pending', 0, 'preparing', 'pending', '59.50', '5.95', '0.00', '65.45', '0.00', 'USD', '2025-09-02 22:47:05', NULL, 'Less salt', '2025-09-02 23:07:05', '2025-11-21 10:09:47', '2025-11-21 10:09:47', 'dine-in', NULL, 'unpaid', NULL, NULL, NULL, NULL, NULL, 0),
(15, 1, 30, 8, NULL, 'NKH-DT-20251028-8133-20e', 'pending', 0, 'received', 'pending', '90.50', '9.05', '0.00', '99.55', '0.00', 'USD', '2025-10-28 01:14:56', NULL, NULL, '2025-10-28 01:42:56', '2025-11-21 10:09:47', '2025-11-21 10:09:47', 'dine-in', NULL, 'unpaid', NULL, NULL, NULL, NULL, NULL, 0),
(16, 1, NULL, 9, NULL, 'NKH-DT-20251004-7171-90e', 'pending', 0, 'preparing', 'pending', '88.00', '8.80', '0.00', '96.80', '0.00', 'USD', '2025-10-04 15:31:34', NULL, 'Extra sauce', '2025-10-04 15:58:34', '2025-11-21 10:09:47', '2025-11-21 10:09:47', 'pickup', NULL, 'unpaid', NULL, NULL, NULL, NULL, NULL, 0),
(17, 1, 17, 2, NULL, 'NKH-DT-20251103-4509-fde', 'pending', 0, 'ready', 'pending', '103.50', '10.35', '6.10', '107.75', '0.00', 'USD', '2025-11-03 11:41:42', NULL, 'Extra sauce', '2025-11-03 12:05:42', '2025-11-21 10:09:47', '2025-11-21 10:09:47', 'dine-in', NULL, 'unpaid', NULL, NULL, NULL, NULL, NULL, 0),
(18, 1, NULL, 5, NULL, 'NKH-DT-20250924-7440-335', 'pending', 0, 'received', 'pending', '181.50', '18.15', '0.00', '199.65', '0.00', 'USD', '2025-09-24 20:02:09', NULL, 'Extra sauce', '2025-09-24 20:50:09', '2025-11-21 10:09:47', '2025-11-21 10:09:47', 'delivery', NULL, 'unpaid', NULL, NULL, NULL, NULL, NULL, 0),
(19, 1, NULL, 2, NULL, 'NKH-DT-20250908-9413-786', 'pending', 0, 'preparing', 'pending', '46.50', '4.65', '0.00', '51.15', '0.00', 'USD', '2025-09-08 11:59:42', NULL, 'No spicy please', '2025-09-08 12:33:42', '2025-11-21 10:09:47', '2025-11-21 10:09:47', 'pickup', NULL, 'unpaid', NULL, NULL, NULL, NULL, NULL, 0),
(20, 1, NULL, 10, NULL, 'NKH-DT-20251009-9491-89e', 'pending', 0, 'received', 'pending', '36.50', '3.65', '7.00', '33.15', '0.00', 'USD', '2025-10-09 21:16:01', NULL, 'Less salt', '2025-10-09 21:54:01', '2025-11-21 10:09:47', '2025-11-21 10:09:47', 'delivery', NULL, 'unpaid', NULL, NULL, NULL, NULL, NULL, 0),
(21, 1, NULL, 1, NULL, 'NKH-DT-20251111-7844-105', 'pending', 0, 'received', 'pending', '60.00', '6.00', '2.36', '63.64', '0.00', 'USD', '2025-11-11 09:29:07', NULL, 'On the side', '2025-11-11 10:10:07', '2025-11-21 10:09:47', '2025-11-21 10:09:47', 'delivery', NULL, 'unpaid', NULL, NULL, NULL, NULL, NULL, 0),
(22, 1, 13, 9, NULL, 'NKH-DT-20251024-9762-614', 'pending', 0, 'received', 'pending', '170.50', '17.05', '0.00', '187.55', '0.00', 'USD', '2025-10-24 01:00:16', NULL, 'Vegetarian option', '2025-10-24 01:25:16', '2025-11-21 10:09:47', '2025-11-21 10:09:47', 'dine-in', NULL, 'unpaid', NULL, NULL, NULL, NULL, NULL, 0),
(23, 1, 14, 6, NULL, 'NKH-DT-20251018-2821-ae7', 'pending', 0, 'pending', 'pending', '138.50', '13.85', '3.83', '148.52', '0.00', 'USD', '2025-10-18 14:57:43', NULL, 'Extra sauce', '2025-10-18 15:23:43', '2025-11-21 10:09:47', '2025-11-21 10:09:47', 'dine-in', NULL, 'unpaid', NULL, NULL, NULL, NULL, NULL, 0),
(24, 1, 2, 11, NULL, 'NKH-DT-20251102-0781-c9b', 'pending', 0, 'ready', 'pending', '83.00', '8.30', '0.00', '91.30', '0.00', 'USD', '2025-11-02 05:52:07', NULL, 'Make it spicy', '2025-11-02 06:18:07', '2025-11-21 10:09:47', '2025-11-21 10:09:47', 'dine-in', NULL, 'unpaid', NULL, NULL, NULL, NULL, NULL, 0),
(25, 1, NULL, 7, NULL, 'NKH-DT-20251112-0636-864', 'pending', 0, 'ready', 'pending', '147.00', '14.70', '0.00', '161.70', '0.00', 'USD', '2025-11-12 01:40:13', NULL, NULL, '2025-11-12 02:07:13', '2025-11-21 10:09:47', '2025-11-21 10:09:47', 'pickup', NULL, 'unpaid', NULL, NULL, NULL, NULL, NULL, 0),
(26, 1, NULL, 5, NULL, 'NKH-DT-20251120-5388-fb2', 'pending', 0, 'pending', 'pending', '91.50', '9.15', '0.00', '100.65', '0.00', 'USD', '2025-11-20 06:21:36', NULL, 'No onions', '2025-11-20 06:52:36', '2025-11-21 10:09:47', '2025-11-21 10:09:47', 'pickup', NULL, 'unpaid', NULL, NULL, NULL, NULL, NULL, 0),
(27, 1, NULL, 8, NULL, 'NKH-DT-20250907-3894-e9c', 'pending', 0, 'ready', 'pending', '131.50', '13.15', '0.00', '144.65', '0.00', 'USD', '2025-09-07 18:18:08', NULL, 'No onions', '2025-09-07 18:49:08', '2025-11-21 10:09:47', '2025-11-21 10:09:47', 'pickup', NULL, 'unpaid', NULL, NULL, NULL, NULL, NULL, 0),
(28, 1, 10, 3, NULL, 'NKH-DT-20251117-9472-333', 'pending', 0, 'preparing', 'pending', '87.00', '8.70', '0.00', '95.70', '0.00', 'USD', '2025-11-17 08:51:04', NULL, NULL, '2025-11-17 09:16:04', '2025-11-21 10:09:47', '2025-11-21 10:09:47', 'dine-in', NULL, 'unpaid', NULL, NULL, NULL, NULL, NULL, 0),
(29, 1, NULL, 2, NULL, 'NKH-DT-20250929-2311-f93', 'pending', 0, 'preparing', 'pending', '43.00', '4.30', '0.00', '47.30', '0.00', 'USD', '2025-09-29 16:32:51', NULL, 'Make it spicy', '2025-09-29 16:56:51', '2025-11-21 10:09:47', '2025-11-21 10:09:47', 'pickup', NULL, 'unpaid', NULL, NULL, NULL, NULL, NULL, 0),
(30, 1, 19, 9, NULL, 'NKH-DT-20250929-8456-a17', 'pending', 0, 'received', 'pending', '13.00', '1.30', '0.00', '14.30', '0.00', 'USD', '2025-09-29 08:45:33', NULL, NULL, '2025-09-29 09:12:33', '2025-11-21 10:09:47', '2025-11-21 10:09:47', 'dine-in', NULL, 'unpaid', NULL, NULL, NULL, NULL, NULL, 0),
(31, 1, NULL, 3, NULL, 'NKH-DT-20251010-8166-a1f', 'pending', 0, 'preparing', 'pending', '52.00', '5.20', '0.00', '57.20', '0.00', 'USD', '2025-10-10 22:49:50', NULL, 'Extra vegetables', '2025-10-10 23:12:50', '2025-11-21 10:09:47', '2025-11-21 10:09:47', 'pickup', NULL, 'unpaid', NULL, NULL, NULL, NULL, NULL, 0),
(32, 1, NULL, 8, NULL, 'NKH-DT-20251002-7167-22e', 'pending', 0, 'received', 'pending', '40.50', '4.05', '0.00', '44.55', '0.00', 'USD', '2025-10-02 20:46:05', NULL, 'Make it spicy', '2025-10-02 21:17:05', '2025-11-21 10:09:47', '2025-11-21 10:09:47', 'delivery', NULL, 'unpaid', NULL, NULL, NULL, NULL, NULL, 0),
(33, 1, 30, 8, NULL, 'NKH-DT-20250908-7631-4c3', 'pending', 0, 'pending', 'pending', '92.00', '9.20', '0.00', '101.20', '0.00', 'USD', '2025-09-08 11:38:44', NULL, 'Vegetarian option', '2025-09-08 12:02:44', '2025-11-21 10:09:47', '2025-11-21 10:09:47', 'dine-in', NULL, 'unpaid', NULL, NULL, NULL, NULL, NULL, 0),
(34, 1, 12, 8, NULL, 'NKH-DT-20251109-8831-c3d', 'pending', 0, 'ready', 'pending', '62.00', '6.20', '0.00', '68.20', '0.00', 'USD', '2025-11-09 16:46:49', NULL, 'Well done', '2025-11-09 17:11:49', '2025-11-21 10:09:47', '2025-11-21 10:09:47', 'dine-in', NULL, 'unpaid', NULL, NULL, NULL, NULL, NULL, 0),
(35, 1, NULL, 2, NULL, 'NKH-DT-20251031-2259-737', 'pending', 0, 'received', 'pending', '41.50', '4.15', '0.00', '45.65', '0.00', 'USD', '2025-10-31 01:36:21', NULL, 'Less salt', '2025-10-31 02:11:21', '2025-11-21 10:09:47', '2025-11-21 10:09:47', 'delivery', NULL, 'unpaid', NULL, NULL, NULL, NULL, NULL, 0),
(36, 1, NULL, 8, NULL, 'NKH-DT-20250915-3315-a26', 'pending', 0, 'received', 'pending', '80.50', '8.05', '0.00', '88.55', '0.00', 'USD', '2025-09-15 20:22:14', NULL, 'Extra sauce', '2025-09-15 20:47:14', '2025-11-21 10:09:47', '2025-11-21 10:09:47', 'pickup', NULL, 'unpaid', NULL, NULL, NULL, NULL, NULL, 0),
(37, 1, NULL, 9, NULL, 'NKH-DT-20251030-8453-b07', 'pending', 0, 'completed', 'pending', '120.00', '12.00', '0.00', '132.00', '0.00', 'USD', '2025-10-30 21:56:59', '2025-10-30 21:56:59', NULL, '2025-10-30 21:59:59', '2025-11-21 10:09:47', '2025-11-21 10:09:47', 'delivery', NULL, 'unpaid', NULL, NULL, NULL, NULL, NULL, 0),
(38, 1, NULL, 5, NULL, 'NKH-DT-20250916-2114-212', 'pending', 0, 'completed', 'pending', '123.00', '12.30', '0.00', '135.30', '0.00', 'USD', '2025-09-16 16:14:28', '2025-09-16 16:14:28', 'Vegetarian option', '2025-09-16 16:18:28', '2025-11-21 10:09:47', '2025-11-21 10:09:47', 'delivery', NULL, 'unpaid', NULL, NULL, NULL, NULL, NULL, 0),
(39, 1, NULL, 4, NULL, 'NKH-DT-20251103-0400-1ab', 'pending', 0, 'received', 'pending', '10.50', '1.05', '0.00', '11.55', '0.00', 'USD', '2025-11-03 21:02:11', NULL, 'Make it spicy', '2025-11-03 21:35:11', '2025-11-21 10:09:47', '2025-11-21 10:09:47', 'pickup', NULL, 'unpaid', NULL, NULL, NULL, NULL, NULL, 0),
(40, 1, NULL, 8, NULL, 'NKH-DT-20250924-0427-981', 'pending', 0, 'completed', 'pending', '138.00', '13.80', '0.00', '151.80', '0.00', 'USD', '2025-09-24 15:11:47', '2025-09-24 15:11:47', 'Extra vegetables', '2025-09-24 14:49:47', '2025-11-21 10:09:47', '2025-11-21 10:09:47', 'pickup', NULL, 'unpaid', NULL, NULL, NULL, NULL, NULL, 0),
(41, 1, NULL, 11, NULL, 'NKH-DT-20250830-4429-14c', 'pending', 0, 'ready', 'pending', '96.00', '9.60', '0.00', '105.60', '0.00', 'USD', '2025-08-30 15:25:25', NULL, 'Make it spicy', '2025-08-30 16:07:25', '2025-11-21 10:09:47', '2025-11-21 10:09:47', 'delivery', NULL, 'unpaid', NULL, NULL, NULL, NULL, NULL, 0),
(42, 1, NULL, 9, NULL, 'NKH-DT-20250919-4974-2ca', 'pending', 0, 'ready', 'pending', '108.50', '10.85', '0.00', '119.35', '0.00', 'USD', '2025-09-19 00:07:15', NULL, 'Extra vegetables', '2025-09-19 00:27:15', '2025-11-21 10:09:47', '2025-11-21 10:09:47', 'pickup', NULL, 'unpaid', NULL, NULL, NULL, NULL, NULL, 0),
(43, 1, NULL, 4, NULL, 'NKH-DT-20250827-5965-758', 'pending', 0, 'ready', 'pending', '204.50', '20.45', '7.12', '217.83', '0.00', 'USD', '2025-08-27 13:22:41', NULL, 'Make it spicy', '2025-08-27 13:56:41', '2025-11-21 10:09:47', '2025-11-21 10:09:47', 'pickup', NULL, 'unpaid', NULL, NULL, NULL, NULL, NULL, 0),
(44, 1, 25, 10, NULL, 'NKH-DT-20251016-7950-fb5', 'pending', 0, 'received', 'pending', '18.00', '1.80', '0.00', '19.80', '0.00', 'USD', '2025-10-16 12:52:14', NULL, 'Vegetarian option', '2025-10-16 13:15:14', '2025-11-21 10:09:47', '2025-11-21 10:09:47', 'dine-in', NULL, 'unpaid', NULL, NULL, NULL, NULL, NULL, 0),
(45, 1, NULL, 3, NULL, 'NKH-DT-20250904-9338-c2d', 'pending', 0, 'preparing', 'pending', '62.00', '6.20', '0.00', '68.20', '0.00', 'USD', '2025-09-04 12:18:08', NULL, 'On the side', '2025-09-04 12:49:08', '2025-11-21 10:09:47', '2025-11-21 10:09:47', 'pickup', NULL, 'unpaid', NULL, NULL, NULL, NULL, NULL, 0),
(46, 1, NULL, 3, NULL, 'NKH-DT-20250908-1681-9d6', 'pending', 0, 'preparing', 'pending', '27.00', '2.70', '0.00', '29.70', '0.00', 'USD', '2025-09-08 06:06:52', NULL, NULL, '2025-09-08 06:55:52', '2025-11-21 10:09:47', '2025-11-21 10:09:47', 'delivery', NULL, 'unpaid', NULL, NULL, NULL, NULL, NULL, 0),
(47, 1, NULL, 1, NULL, 'NKH-DT-20251118-2461-d02', 'pending', 0, 'completed', 'pending', '168.50', '16.85', '5.24', '180.11', '0.00', 'USD', '2025-11-18 14:44:42', '2025-11-18 14:44:42', 'Well done', '2025-11-18 14:24:42', '2025-11-21 10:09:47', '2025-11-21 10:09:48', 'pickup', NULL, 'unpaid', NULL, NULL, NULL, NULL, NULL, 0),
(48, 1, NULL, 8, NULL, 'NKH-DT-20250827-9543-3e0', 'pending', 0, 'completed', 'pending', '151.50', '15.15', '0.00', '166.65', '0.00', 'USD', '2025-08-27 02:09:05', '2025-08-27 02:09:05', 'Gluten free preparation', '2025-08-27 02:13:05', '2025-11-21 10:09:47', '2025-11-21 10:09:48', 'delivery', NULL, 'unpaid', NULL, NULL, NULL, NULL, NULL, 0),
(49, 1, 25, 7, NULL, 'NKH-DT-20251020-3924-4bf', 'pending', 0, 'pending', 'pending', '132.50', '13.25', '0.00', '145.75', '0.00', 'USD', '2025-10-20 10:40:08', NULL, 'On the side', '2025-10-20 11:08:08', '2025-11-21 10:09:47', '2025-11-21 10:09:48', 'dine-in', NULL, 'unpaid', NULL, NULL, NULL, NULL, NULL, 0),
(50, 1, NULL, 8, NULL, 'NKH-DT-20251022-9251-715', 'pending', 0, 'completed', 'pending', '49.00', '4.90', '0.00', '53.90', '0.00', 'USD', '2025-10-22 11:07:24', '2025-10-22 11:07:24', 'Less salt', '2025-10-22 10:55:24', '2025-11-21 10:09:47', '2025-11-21 10:09:48', 'pickup', NULL, 'unpaid', NULL, NULL, NULL, NULL, NULL, 0),
(51, 1, NULL, 4, NULL, 'NKH-DT-20250912-9664-ab0', 'pending', 0, 'pending', 'pending', '77.50', '7.75', '0.00', '85.25', '0.00', 'USD', '2025-09-12 20:51:58', NULL, 'No onions', '2025-09-12 21:20:58', '2025-11-21 10:09:47', '2025-11-21 10:09:48', 'pickup', NULL, 'unpaid', NULL, NULL, NULL, NULL, NULL, 0),
(52, 1, 5, 7, NULL, 'NKH-DT-20250831-3748-b85', 'pending', 0, 'pending', 'pending', '29.50', '2.95', '0.00', '32.45', '0.00', 'USD', '2025-08-31 05:48:08', NULL, NULL, '2025-08-31 06:10:08', '2025-11-21 10:09:47', '2025-11-21 10:09:48', 'dine-in', NULL, 'unpaid', NULL, NULL, NULL, NULL, NULL, 0),
(53, 1, NULL, 7, NULL, 'NKH-DT-20251103-4348-696', 'pending', 0, 'completed', 'pending', '49.00', '4.90', '0.00', '53.90', '0.00', 'USD', '2025-11-03 02:19:43', '2025-11-03 02:19:43', 'No spicy please', '2025-11-03 02:10:43', '2025-11-21 10:09:47', '2025-11-21 10:09:48', 'delivery', NULL, 'unpaid', NULL, NULL, NULL, NULL, NULL, 0),
(54, 1, 4, 9, NULL, 'NKH-DT-20251030-6179-4a9', 'pending', 0, 'preparing', 'pending', '100.50', '10.05', '0.00', '110.55', '0.00', 'USD', '2025-10-30 13:40:15', NULL, 'On the side', '2025-10-30 14:08:15', '2025-11-21 10:09:47', '2025-11-21 10:09:48', 'dine-in', NULL, 'unpaid', NULL, NULL, NULL, NULL, NULL, 0),
(55, 1, NULL, 11, NULL, 'NKH-DT-20251101-4650-f59', 'pending', 0, 'completed', 'pending', '124.50', '12.45', '0.00', '136.95', '0.00', 'USD', '2025-11-01 11:45:46', '2025-11-01 11:45:46', NULL, '2025-11-01 11:59:46', '2025-11-21 10:09:47', '2025-11-21 10:09:48', 'delivery', NULL, 'unpaid', NULL, NULL, NULL, NULL, NULL, 0),
(56, 1, NULL, 10, NULL, 'NKH-DT-20250911-5107-2da', 'pending', 0, 'completed', 'pending', '24.00', '2.40', '0.00', '26.40', '0.00', 'USD', '2025-09-11 04:09:30', '2025-09-11 04:09:30', NULL, '2025-09-11 04:23:30', '2025-11-21 10:09:47', '2025-11-21 10:09:48', 'delivery', NULL, 'unpaid', NULL, NULL, NULL, NULL, NULL, 0),
(57, 1, 36, 9, NULL, 'NKH-DT-20251017-9616-774', 'pending', 0, 'ready', 'pending', '46.50', '4.65', '0.00', '51.15', '0.00', 'USD', '2025-10-17 09:23:11', NULL, NULL, '2025-10-17 09:48:11', '2025-11-21 10:09:47', '2025-11-21 10:09:48', 'dine-in', NULL, 'unpaid', NULL, NULL, NULL, NULL, NULL, 0),
(58, 1, 3, 5, NULL, 'NKH-DT-20251015-1836-3a6', 'pending', 0, 'completed', 'pending', '86.50', '8.65', '9.01', '86.14', '0.00', 'USD', '2025-10-15 04:27:01', '2025-10-15 04:27:01', 'On the side', '2025-10-15 04:19:01', '2025-11-21 10:09:47', '2025-11-21 10:09:48', 'dine-in', NULL, 'unpaid', NULL, NULL, NULL, NULL, NULL, 0),
(59, 1, 7, 2, NULL, 'NKH-DT-20250823-1629-d35', 'pending', 0, 'preparing', 'pending', '119.00', '11.90', '9.45', '121.45', '0.00', 'USD', '2025-08-23 17:28:44', NULL, 'No onions', '2025-08-23 17:48:44', '2025-11-21 10:09:47', '2025-11-21 10:09:48', 'dine-in', NULL, 'unpaid', NULL, NULL, NULL, NULL, NULL, 0),
(60, 1, NULL, 7, NULL, 'NKH-DT-20251009-2762-fc8', 'pending', 0, 'preparing', 'pending', '16.50', '1.65', '5.43', '12.72', '0.00', 'USD', '2025-10-09 17:03:03', NULL, NULL, '2025-10-09 17:30:03', '2025-11-21 10:09:47', '2025-11-21 10:09:48', 'pickup', NULL, 'unpaid', NULL, NULL, NULL, NULL, NULL, 0),
(61, 1, 26, 10, NULL, 'NKH-DT-20251120-9139-77a', 'pending', 0, 'ready', 'pending', '10.00', '1.00', '0.00', '11.00', '0.00', 'USD', '2025-11-20 05:37:18', NULL, 'Gluten free preparation', '2025-11-20 05:58:18', '2025-11-21 10:09:47', '2025-11-21 10:09:48', 'dine-in', NULL, 'unpaid', NULL, NULL, NULL, NULL, NULL, 0),
(62, 1, 2, 6, NULL, 'NKH-DT-20251101-0406-f9b', 'pending', 0, 'preparing', 'pending', '37.50', '3.75', '0.00', '41.25', '0.00', 'USD', '2025-11-01 07:48:24', NULL, 'On the side', '2025-11-01 08:17:24', '2025-11-21 10:09:47', '2025-11-21 10:09:48', 'dine-in', NULL, 'unpaid', NULL, NULL, NULL, NULL, NULL, 0),
(63, 1, NULL, 6, NULL, 'NKH-DT-20251026-8542-9a5', 'pending', 0, 'received', 'pending', '68.00', '6.80', '5.10', '69.70', '0.00', 'USD', '2025-10-26 14:24:17', NULL, 'Vegetarian option', '2025-10-26 14:52:17', '2025-11-21 10:09:47', '2025-11-21 10:09:48', 'pickup', NULL, 'unpaid', NULL, NULL, NULL, NULL, NULL, 0),
(64, 1, NULL, 4, NULL, 'NKH-DT-20250827-7209-584', 'pending', 0, 'received', 'pending', '85.00', '8.50', '0.00', '93.50', '0.00', 'USD', '2025-08-27 10:54:52', NULL, 'Gluten free preparation', '2025-08-27 11:17:52', '2025-11-21 10:09:47', '2025-11-21 10:09:48', 'pickup', NULL, 'unpaid', NULL, NULL, NULL, NULL, NULL, 0),
(65, 1, NULL, 2, NULL, 'NKH-DT-20251015-7946-5fd', 'pending', 0, 'pending', 'pending', '78.50', '7.85', '0.00', '86.35', '0.00', 'USD', '2025-10-15 15:31:34', NULL, 'Well done', '2025-10-15 16:12:34', '2025-11-21 10:09:47', '2025-11-21 10:09:48', 'delivery', NULL, 'unpaid', NULL, NULL, NULL, NULL, NULL, 0),
(66, 1, NULL, 5, NULL, 'NKH-DT-20251105-7643-f14', 'pending', 0, 'preparing', 'pending', '38.00', '3.80', '7.01', '34.79', '0.00', 'USD', '2025-11-05 09:31:17', NULL, 'Extra vegetables', '2025-11-05 10:01:17', '2025-11-21 10:09:47', '2025-11-21 10:09:48', 'delivery', NULL, 'unpaid', NULL, NULL, NULL, NULL, NULL, 0),
(67, 1, NULL, 5, NULL, 'NKH-DT-20250919-9481-ebb', 'pending', 0, 'preparing', 'pending', '73.00', '7.30', '0.00', '80.30', '0.00', 'USD', '2025-09-19 01:09:28', NULL, 'No onions', '2025-09-19 01:34:28', '2025-11-21 10:09:47', '2025-11-21 10:09:48', 'pickup', NULL, 'unpaid', NULL, NULL, NULL, NULL, NULL, 0),
(68, 1, 7, 1, NULL, 'NKH-DT-20250901-9615-f6c', 'pending', 0, 'completed', 'pending', '64.50', '6.45', '0.00', '70.95', '0.00', 'USD', '2025-09-01 16:55:52', '2025-09-01 16:55:52', 'No spicy please', '2025-09-01 16:58:52', '2025-11-21 10:09:47', '2025-11-21 10:09:48', 'dine-in', NULL, 'unpaid', NULL, NULL, NULL, NULL, NULL, 0),
(69, 1, NULL, 11, NULL, 'NKH-DT-20250904-7742-de7', 'pending', 0, 'received', 'pending', '17.00', '1.70', '5.93', '12.77', '0.00', 'USD', '2025-09-04 05:00:16', NULL, 'Make it spicy', '2025-09-04 05:37:16', '2025-11-21 10:09:47', '2025-11-21 10:09:48', 'delivery', NULL, 'unpaid', NULL, NULL, NULL, NULL, NULL, 0),
(70, 1, NULL, 4, NULL, 'NKH-DT-20251009-9722-603', 'pending', 0, 'received', 'pending', '92.50', '9.25', '0.00', '101.75', '0.00', 'USD', '2025-10-09 00:14:41', NULL, 'Extra sauce', '2025-10-09 01:02:41', '2025-11-21 10:09:47', '2025-11-21 10:09:48', 'delivery', NULL, 'unpaid', NULL, NULL, NULL, NULL, NULL, 0),
(71, 1, NULL, 10, NULL, 'NKH-DT-20251102-5255-6a7', 'pending', 0, 'received', 'pending', '77.50', '7.75', '9.82', '75.43', '0.00', 'USD', '2025-11-02 13:48:03', NULL, 'On the side', '2025-11-02 14:23:03', '2025-11-21 10:09:47', '2025-11-21 10:09:48', 'pickup', NULL, 'unpaid', NULL, NULL, NULL, NULL, NULL, 0),
(72, 1, NULL, 10, NULL, 'NKH-DT-20250910-8567-959', 'pending', 0, 'ready', 'pending', '68.00', '6.80', '8.17', '66.63', '0.00', 'USD', '2025-09-10 00:39:15', NULL, 'No onions', '2025-09-10 01:20:15', '2025-11-21 10:09:47', '2025-11-21 10:09:48', 'delivery', NULL, 'unpaid', NULL, NULL, NULL, NULL, NULL, 0),
(73, 1, NULL, 7, NULL, 'NKH-DT-20251119-3181-948', 'pending', 0, 'ready', 'pending', '47.50', '4.75', '0.00', '52.25', '0.00', 'USD', '2025-11-19 01:19:23', NULL, NULL, '2025-11-19 02:03:23', '2025-11-21 10:09:47', '2025-11-21 10:09:48', 'delivery', NULL, 'unpaid', NULL, NULL, NULL, NULL, NULL, 0),
(74, 1, NULL, 2, NULL, 'NKH-DT-20251022-7471-d1a', 'pending', 0, 'preparing', 'pending', '194.00', '19.40', '3.09', '210.31', '0.00', 'USD', '2025-10-22 15:37:18', NULL, 'Vegetarian option', '2025-10-22 16:14:18', '2025-11-21 10:09:47', '2025-11-21 10:09:48', 'delivery', NULL, 'unpaid', NULL, NULL, NULL, NULL, NULL, 0),
(75, 1, NULL, 7, NULL, 'NKH-DT-20250913-8538-f94', 'pending', 0, 'preparing', 'pending', '63.50', '6.35', '0.00', '69.85', '0.00', 'USD', '2025-09-13 17:30:15', NULL, NULL, '2025-09-13 17:51:15', '2025-11-21 10:09:47', '2025-11-21 10:09:48', 'pickup', NULL, 'unpaid', NULL, NULL, NULL, NULL, NULL, 0),
(76, 1, NULL, 7, NULL, 'NKH-DT-20251003-5374-5b3', 'pending', 0, 'preparing', 'pending', '40.50', '4.05', '0.00', '44.55', '0.00', 'USD', '2025-10-03 09:45:17', NULL, 'No spicy please', '2025-10-03 10:15:17', '2025-11-21 10:09:47', '2025-11-21 10:09:48', 'pickup', NULL, 'unpaid', NULL, NULL, NULL, NULL, NULL, 0),
(77, 1, 7, 4, NULL, 'NKH-DT-20250926-3671-9e2', 'pending', 0, 'completed', 'pending', '26.50', '2.65', '0.00', '29.15', '0.00', 'USD', '2025-09-26 09:46:05', '2025-09-26 09:46:05', NULL, '2025-09-26 09:48:05', '2025-11-21 10:09:47', '2025-11-21 10:09:48', 'dine-in', NULL, 'unpaid', NULL, NULL, NULL, NULL, NULL, 0),
(78, 1, 5, 9, NULL, 'NKH-DT-20250822-4377-fcd', 'pending', 0, 'received', 'pending', '7.50', '0.75', '5.72', '2.53', '0.00', 'USD', '2025-08-22 22:43:19', NULL, 'No onions', '2025-08-22 23:06:19', '2025-11-21 10:09:47', '2025-11-21 10:09:48', 'dine-in', NULL, 'unpaid', NULL, NULL, NULL, NULL, NULL, 0),
(79, 1, 5, 4, NULL, 'NKH-DT-20251018-4889-3ca', 'pending', 0, 'ready', 'pending', '83.00', '8.30', '0.00', '91.30', '0.00', 'USD', '2025-10-18 02:15:00', NULL, 'Gluten free preparation', '2025-10-18 02:38:00', '2025-11-21 10:09:47', '2025-11-21 10:09:48', 'dine-in', NULL, 'unpaid', NULL, NULL, NULL, NULL, NULL, 0),
(80, 1, NULL, 10, NULL, 'NKH-DT-20250826-1659-3c5', 'pending', 0, 'completed', 'pending', '50.50', '5.05', '0.00', '55.55', '0.00', 'USD', '2025-08-26 12:35:45', '2025-08-26 12:35:45', 'On the side', '2025-08-26 12:49:45', '2025-11-21 10:09:47', '2025-11-21 10:09:48', 'pickup', NULL, 'unpaid', NULL, NULL, NULL, NULL, NULL, 0),
(81, 1, NULL, 2, NULL, 'NKH-DT-20251023-4074-c81', 'pending', 0, 'pending', 'pending', '110.50', '11.05', '0.00', '121.55', '0.00', 'USD', '2025-10-23 05:51:59', NULL, NULL, '2025-10-23 06:22:59', '2025-11-21 10:09:47', '2025-11-21 10:09:48', 'pickup', NULL, 'unpaid', NULL, NULL, NULL, NULL, NULL, 0),
(82, 1, NULL, 5, NULL, 'NKH-DT-20250831-5050-298', 'pending', 0, 'pending', 'pending', '70.50', '7.05', '0.00', '77.55', '0.00', 'USD', '2025-08-31 19:26:13', NULL, NULL, '2025-08-31 20:04:13', '2025-11-21 10:09:47', '2025-11-21 10:09:48', 'delivery', NULL, 'unpaid', NULL, NULL, NULL, NULL, NULL, 0),
(83, 1, 33, 9, NULL, 'NKH-DT-20251015-4287-bd2', 'pending', 0, 'preparing', 'pending', '227.00', '22.70', '0.00', '249.70', '0.00', 'USD', '2025-10-15 23:22:26', NULL, 'Gluten free preparation', '2025-10-15 23:45:26', '2025-11-21 10:09:47', '2025-11-21 10:09:48', 'dine-in', NULL, 'unpaid', NULL, NULL, NULL, NULL, NULL, 0),
(84, 1, NULL, 2, NULL, 'NKH-DT-20251005-8725-650', 'pending', 0, 'ready', 'pending', '103.50', '10.35', '0.00', '113.85', '0.00', 'USD', '2025-10-05 14:44:39', NULL, NULL, '2025-10-05 15:12:39', '2025-11-21 10:09:47', '2025-11-21 10:09:48', 'pickup', NULL, 'unpaid', NULL, NULL, NULL, NULL, NULL, 0),
(85, 1, NULL, 3, NULL, 'NKH-DT-20250903-2153-cd7', 'pending', 0, 'pending', 'pending', '93.00', '9.30', '0.00', '102.30', '0.00', 'USD', '2025-09-03 08:54:18', NULL, 'Extra sauce', '2025-09-03 09:14:18', '2025-11-21 10:09:47', '2025-11-21 10:09:48', 'pickup', NULL, 'unpaid', NULL, NULL, NULL, NULL, NULL, 0),
(86, 1, 25, 1, NULL, 'NKH-DT-20250928-6975-83a', 'pending', 0, 'ready', 'pending', '13.00', '1.30', '6.05', '8.25', '0.00', 'USD', '2025-09-28 15:41:52', NULL, 'Make it spicy', '2025-09-28 16:01:52', '2025-11-21 10:09:47', '2025-11-21 10:09:48', 'dine-in', NULL, 'unpaid', NULL, NULL, NULL, NULL, NULL, 0),
(87, 1, 7, 9, NULL, 'NKH-DT-20250907-8570-e40', 'pending', 0, 'pending', 'pending', '30.50', '3.05', '8.37', '25.18', '0.00', 'USD', '2025-09-07 08:37:04', NULL, 'Extra vegetables', '2025-09-07 09:05:04', '2025-11-21 10:09:47', '2025-11-21 10:09:48', 'dine-in', NULL, 'unpaid', NULL, NULL, NULL, NULL, NULL, 0),
(88, 1, NULL, 5, NULL, 'NKH-DT-20251102-8051-9ad', 'pending', 0, 'pending', 'pending', '133.50', '13.35', '0.00', '146.85', '0.00', 'USD', '2025-11-02 14:38:59', NULL, 'No onions', '2025-11-02 15:27:59', '2025-11-21 10:09:47', '2025-11-21 10:09:48', 'delivery', NULL, 'unpaid', NULL, NULL, NULL, NULL, NULL, 0),
(89, 1, 33, 3, NULL, 'NKH-DT-20251003-2465-b6b', 'pending', 0, 'completed', 'pending', '131.50', '13.15', '0.00', '144.65', '0.00', 'USD', '2025-10-03 09:02:34', '2025-10-03 09:02:34', 'No spicy please', '2025-10-03 08:33:34', '2025-11-21 10:09:47', '2025-11-21 10:09:48', 'dine-in', NULL, 'unpaid', NULL, NULL, NULL, NULL, NULL, 0),
(90, 1, NULL, 3, NULL, 'NKH-DT-20250907-0330-75f', 'pending', 0, 'received', 'pending', '51.50', '5.15', '0.00', '56.65', '0.00', 'USD', '2025-09-07 17:50:24', NULL, NULL, '2025-09-07 18:17:24', '2025-11-21 10:09:47', '2025-11-21 10:09:48', 'pickup', NULL, 'unpaid', NULL, NULL, NULL, NULL, NULL, 0),
(91, 1, NULL, 3, NULL, 'NKH-DT-20250930-1115-dd3', 'pending', 0, 'preparing', 'pending', '133.00', '13.30', '0.00', '146.30', '0.00', 'USD', '2025-09-30 02:03:16', NULL, 'Gluten free preparation', '2025-09-30 02:43:16', '2025-11-21 10:09:47', '2025-11-21 10:09:48', 'delivery', NULL, 'unpaid', NULL, NULL, NULL, NULL, NULL, 0),
(92, 1, NULL, 1, NULL, 'NKH-DT-20250927-8249-419', 'pending', 0, 'ready', 'pending', '52.50', '5.25', '7.81', '49.94', '0.00', 'USD', '2025-09-27 22:19:52', NULL, 'Gluten free preparation', '2025-09-27 22:54:52', '2025-11-21 10:09:47', '2025-11-21 10:09:48', 'delivery', NULL, 'unpaid', NULL, NULL, NULL, NULL, NULL, 0),
(93, 1, NULL, 2, NULL, 'NKH-DT-20250825-9006-f84', 'pending', 0, 'preparing', 'pending', '109.50', '10.95', '0.00', '120.45', '0.00', 'USD', '2025-08-25 07:06:41', NULL, 'No onions', '2025-08-25 07:36:41', '2025-11-21 10:09:47', '2025-11-21 10:09:48', 'delivery', NULL, 'unpaid', NULL, NULL, NULL, NULL, NULL, 0),
(94, 1, 13, 9, NULL, 'NKH-DT-20251030-7134-5dc', 'pending', 0, 'pending', 'pending', '182.50', '18.25', '0.00', '200.75', '0.00', 'USD', '2025-10-30 22:32:14', NULL, 'Vegetarian option', '2025-10-30 22:58:14', '2025-11-21 10:09:47', '2025-11-21 10:09:48', 'dine-in', NULL, 'unpaid', NULL, NULL, NULL, NULL, NULL, 0),
(95, 1, 2, 11, NULL, 'NKH-DT-20251023-0368-eca', 'pending', 0, 'completed', 'pending', '34.50', '3.45', '0.00', '37.95', '0.00', 'USD', '2025-10-23 22:37:56', '2025-10-23 22:37:56', 'No onions', '2025-10-23 22:12:56', '2025-11-21 10:09:47', '2025-11-21 10:09:48', 'dine-in', NULL, 'unpaid', NULL, NULL, NULL, NULL, NULL, 0),
(96, 1, NULL, 10, NULL, 'NKH-DT-20251118-2054-4ed', 'pending', 0, 'preparing', 'pending', '106.50', '10.65', '0.00', '117.15', '0.00', 'USD', '2025-11-18 07:21:36', NULL, NULL, '2025-11-18 07:46:36', '2025-11-21 10:09:47', '2025-11-21 10:09:48', 'pickup', NULL, 'unpaid', NULL, NULL, NULL, NULL, NULL, 0),
(97, 1, NULL, 10, NULL, 'NKH-DT-20251011-8453-9cf', 'pending', 0, 'ready', 'pending', '20.00', '2.00', '0.00', '22.00', '0.00', 'USD', '2025-10-11 12:21:58', NULL, 'Gluten free preparation', '2025-10-11 12:49:58', '2025-11-21 10:09:47', '2025-11-21 10:09:48', 'pickup', NULL, 'unpaid', NULL, NULL, NULL, NULL, NULL, 0),
(98, 1, 29, 6, NULL, 'NKH-DT-20250824-6471-221', 'pending', 0, 'preparing', 'pending', '56.00', '5.60', '2.74', '58.86', '0.00', 'USD', '2025-08-24 07:33:08', NULL, 'Extra sauce', '2025-08-24 07:54:08', '2025-11-21 10:09:47', '2025-11-21 10:09:48', 'dine-in', NULL, 'unpaid', NULL, NULL, NULL, NULL, NULL, 0),
(99, 1, 7, 3, NULL, 'NKH-DT-20250901-4321-6ee', 'pending', 0, 'ready', 'pending', '76.50', '7.65', '0.00', '84.15', '0.00', 'USD', '2025-09-01 12:34:11', NULL, 'Gluten free preparation', '2025-09-01 13:04:11', '2025-11-21 10:09:47', '2025-11-21 10:09:48', 'dine-in', NULL, 'unpaid', NULL, NULL, NULL, NULL, NULL, 0),
(100, 1, 30, 5, NULL, 'NKH-DT-20250821-0510-5ac', 'pending', 0, 'completed', 'pending', '27.00', '2.70', '0.00', '29.70', '0.00', 'USD', '2025-08-21 19:55:36', '2025-08-21 19:55:36', 'No onions', '2025-08-21 19:47:36', '2025-11-21 10:09:47', '2025-11-21 10:09:48', 'dine-in', NULL, 'unpaid', NULL, NULL, NULL, NULL, NULL, 0),
(101, 1, NULL, 8, NULL, 'NKH-DT-20251112-9822-892', 'pending', 0, 'preparing', 'pending', '47.00', '4.70', '0.00', '51.70', '0.00', 'USD', '2025-11-12 23:02:39', NULL, NULL, '2025-11-12 23:43:39', '2025-11-21 10:09:47', '2025-11-21 10:09:48', 'delivery', NULL, 'unpaid', NULL, NULL, NULL, NULL, NULL, 0),
(102, 1, NULL, 2, NULL, 'NKH-DT-20251019-8367-a7e', 'pending', 0, 'pending', 'pending', '168.00', '16.80', '2.23', '182.57', '0.00', 'USD', '2025-10-19 04:50:37', NULL, NULL, '2025-10-19 05:19:37', '2025-11-21 10:09:47', '2025-11-21 10:09:48', 'pickup', NULL, 'unpaid', NULL, NULL, NULL, NULL, NULL, 0),
(103, 1, NULL, 8, NULL, 'NKH-DT-20251019-1813-95f', 'pending', 0, 'completed', 'pending', '28.00', '2.80', '0.00', '30.80', '0.00', 'USD', '2025-10-19 19:33:17', '2025-10-19 19:33:17', 'Less salt', '2025-10-19 19:40:17', '2025-11-21 10:09:47', '2025-11-21 10:09:48', 'delivery', NULL, 'unpaid', NULL, NULL, NULL, NULL, NULL, 0),
(104, 1, NULL, 6, NULL, 'NKH-DT-20250919-7045-963', 'pending', 0, 'pending', 'pending', '125.00', '12.50', '0.00', '137.50', '0.00', 'USD', '2025-09-19 18:13:24', NULL, 'Make it spicy', '2025-09-19 18:46:24', '2025-11-21 10:09:47', '2025-11-21 10:09:48', 'delivery', NULL, 'unpaid', NULL, NULL, NULL, NULL, NULL, 0),
(105, 1, NULL, 4, NULL, 'NKH-DT-20250825-2939-d4b', 'pending', 0, 'preparing', 'pending', '22.50', '2.25', '0.00', '24.75', '0.00', 'USD', '2025-08-25 06:29:30', NULL, 'No spicy please', '2025-08-25 07:02:30', '2025-11-21 10:09:47', '2025-11-21 10:09:48', 'delivery', NULL, 'unpaid', NULL, NULL, NULL, NULL, NULL, 0),
(106, 1, NULL, 10, NULL, 'NKH-DT-20251004-2498-495', 'pending', 0, 'ready', 'pending', '15.00', '1.50', '0.00', '16.50', '0.00', 'USD', '2025-10-04 16:04:05', NULL, 'Gluten free preparation', '2025-10-04 16:26:05', '2025-11-21 10:09:47', '2025-11-21 10:09:48', 'pickup', NULL, 'unpaid', NULL, NULL, NULL, NULL, NULL, 0),
(107, 1, 2, 7, NULL, 'NKH-DT-20250917-9640-115', 'pending', 0, 'pending', 'pending', '184.50', '18.45', '6.72', '196.23', '0.00', 'USD', '2025-09-17 02:30:00', NULL, NULL, '2025-09-17 02:53:00', '2025-11-21 10:09:47', '2025-11-21 10:09:48', 'dine-in', NULL, 'unpaid', NULL, NULL, NULL, NULL, NULL, 0),
(108, 1, NULL, 6, NULL, 'NKH-DT-20250908-7764-07a', 'pending', 0, 'completed', 'pending', '22.00', '2.20', '0.00', '24.20', '0.00', 'USD', '2025-09-08 16:34:54', '2025-09-08 16:34:54', NULL, '2025-09-08 16:51:54', '2025-11-21 10:09:47', '2025-11-21 10:09:48', 'delivery', NULL, 'unpaid', NULL, NULL, NULL, NULL, NULL, 0),
(109, 1, NULL, 3, NULL, 'NKH-DT-20250830-7174-29d', 'pending', 0, 'completed', 'pending', '23.00', '2.30', '0.00', '25.30', '0.00', 'USD', '2025-08-30 11:18:33', '2025-08-30 11:18:33', 'On the side', '2025-08-30 11:01:33', '2025-11-21 10:09:47', '2025-11-21 10:09:48', 'pickup', NULL, 'unpaid', NULL, NULL, NULL, NULL, NULL, 0),
(110, 1, NULL, 11, NULL, 'NKH-DT-20251014-3445-5ed', 'pending', 0, 'preparing', 'pending', '43.50', '4.35', '0.00', '47.85', '0.00', 'USD', '2025-10-14 15:23:16', NULL, 'Less salt', '2025-10-14 15:52:16', '2025-11-21 10:09:47', '2025-11-21 10:09:48', 'pickup', NULL, 'unpaid', NULL, NULL, NULL, NULL, NULL, 0),
(111, 1, 20, 3, NULL, 'NKH-DT-20251120-0197-148', 'pending', 0, 'ready', 'pending', '110.50', '11.05', '0.00', '121.55', '0.00', 'USD', '2025-11-20 07:37:02', NULL, 'Gluten free preparation', '2025-11-20 07:59:02', '2025-11-21 10:09:47', '2025-11-21 10:09:48', 'dine-in', NULL, 'unpaid', NULL, NULL, NULL, NULL, NULL, 0),
(112, 1, NULL, 11, NULL, 'NKH-DT-20251114-9948-a91', 'pending', 0, 'preparing', 'pending', '174.50', '17.45', '0.00', '191.95', '0.00', 'USD', '2025-11-14 21:22:43', NULL, 'No spicy please', '2025-11-14 21:45:43', '2025-11-21 10:09:47', '2025-11-21 10:09:48', 'pickup', NULL, 'unpaid', NULL, NULL, NULL, NULL, NULL, 0),
(113, 1, NULL, 4, NULL, 'NKH-DT-20250915-6690-167', 'pending', 0, 'completed', 'pending', '12.00', '1.20', '0.00', '13.20', '0.00', 'USD', '2025-09-15 18:57:52', '2025-09-15 18:57:52', 'Make it spicy', '2025-09-15 18:54:52', '2025-11-21 10:09:47', '2025-11-21 10:09:48', 'delivery', NULL, 'unpaid', NULL, NULL, NULL, NULL, NULL, 0),
(114, 1, 35, 8, NULL, 'NKH-DT-20251014-1502-1d0', 'pending', 0, 'pending', 'pending', '43.00', '4.30', '0.00', '47.30', '0.00', 'USD', '2025-10-14 06:10:15', NULL, 'Make it spicy', '2025-10-14 06:34:15', '2025-11-21 10:09:47', '2025-11-21 10:09:48', 'dine-in', NULL, 'unpaid', NULL, NULL, NULL, NULL, NULL, 0),
(115, 1, 28, 2, NULL, 'NKH-DT-20251111-9658-e5d', 'pending', 0, 'completed', 'pending', '129.50', '12.95', '0.00', '142.45', '0.00', 'USD', '2025-11-11 23:02:03', '2025-11-11 23:02:03', 'Gluten free preparation', '2025-11-11 22:50:03', '2025-11-21 10:09:47', '2025-11-21 10:09:48', 'dine-in', NULL, 'unpaid', NULL, NULL, NULL, NULL, NULL, 0),
(116, 1, 5, 7, NULL, 'NKH-DT-20251015-1873-3c2', 'pending', 0, 'preparing', 'pending', '20.50', '2.05', '0.00', '22.55', '0.00', 'USD', '2025-10-15 01:52:28', NULL, 'Extra sauce', '2025-10-15 02:22:28', '2025-11-21 10:09:47', '2025-11-21 10:09:48', 'dine-in', NULL, 'unpaid', NULL, NULL, NULL, NULL, NULL, 0),
(117, 1, 32, 4, NULL, 'NKH-DT-20251111-6534-b5b', 'pending', 0, 'preparing', 'pending', '126.50', '12.65', '0.00', '139.15', '0.00', 'USD', '2025-11-11 17:31:59', NULL, 'Extra vegetables', '2025-11-11 17:58:59', '2025-11-21 10:09:47', '2025-11-21 10:09:48', 'dine-in', NULL, 'unpaid', NULL, NULL, NULL, NULL, NULL, 0),
(118, 1, NULL, 5, NULL, 'NKH-DT-20251115-7779-db0', 'pending', 0, 'preparing', 'pending', '87.50', '8.75', '0.00', '96.25', '0.00', 'USD', '2025-11-15 15:56:09', NULL, 'Extra sauce', '2025-11-15 16:27:09', '2025-11-21 10:09:47', '2025-11-21 10:09:48', 'pickup', NULL, 'unpaid', NULL, NULL, NULL, NULL, NULL, 0),
(119, 1, 4, 2, NULL, 'NKH-DT-20250903-9919-ae9', 'pending', 0, 'pending', 'pending', '9.00', '0.90', '0.00', '9.90', '0.00', 'USD', '2025-09-03 21:45:17', NULL, 'No spicy please', '2025-09-03 22:14:17', '2025-11-21 10:09:47', '2025-11-21 10:09:48', 'dine-in', NULL, 'unpaid', NULL, NULL, NULL, NULL, NULL, 0),
(120, 1, NULL, 3, NULL, 'NKH-DT-20250908-3842-0e8', 'pending', 0, 'completed', 'pending', '140.00', '14.00', '0.00', '154.00', '0.00', 'USD', '2025-09-08 06:56:21', '2025-09-08 06:56:21', NULL, '2025-09-08 06:25:21', '2025-11-21 10:09:47', '2025-11-21 10:09:48', 'pickup', NULL, 'unpaid', NULL, NULL, NULL, NULL, NULL, 0),
(121, 1, 3, 5, NULL, 'NKH-DT-20250924-6631-327', 'pending', 0, 'pending', 'pending', '10.50', '1.05', '0.00', '11.55', '0.00', 'USD', '2025-09-24 23:33:16', NULL, 'On the side', '2025-09-24 23:56:16', '2025-11-21 10:09:47', '2025-11-21 10:09:48', 'dine-in', NULL, 'unpaid', NULL, NULL, NULL, NULL, NULL, 0),
(122, 1, NULL, 4, NULL, 'NKH-DT-20251025-5876-91c', 'pending', 0, 'received', 'pending', '160.00', '16.00', '0.00', '176.00', '0.00', 'USD', '2025-10-25 23:53:09', NULL, 'No onions', '2025-10-26 00:30:09', '2025-11-21 10:09:47', '2025-11-21 10:09:48', 'delivery', NULL, 'unpaid', NULL, NULL, NULL, NULL, NULL, 0),
(123, 1, 17, 8, NULL, 'NKH-DT-20251014-8931-552', 'pending', 0, 'ready', 'pending', '107.50', '10.75', '0.00', '118.25', '0.00', 'USD', '2025-10-14 22:01:47', NULL, 'No spicy please', '2025-10-14 22:27:47', '2025-11-21 10:09:47', '2025-11-21 10:09:48', 'dine-in', NULL, 'unpaid', NULL, NULL, NULL, NULL, NULL, 0),
(124, 1, NULL, 11, NULL, 'NKH-DT-20251017-8106-8b4', 'pending', 0, 'completed', 'pending', '79.00', '7.90', '4.12', '82.78', '0.00', 'USD', '2025-10-17 16:31:52', '2025-10-17 16:31:52', 'No onions', '2025-10-17 16:04:52', '2025-11-21 10:09:47', '2025-11-21 10:09:48', 'pickup', NULL, 'unpaid', NULL, NULL, NULL, NULL, NULL, 0),
(125, 1, NULL, 1, NULL, 'NKH-DT-20250821-5687-9d7', 'pending', 0, 'received', 'pending', '154.00', '15.40', '0.00', '169.40', '0.00', 'USD', '2025-08-21 12:10:13', NULL, 'Well done', '2025-08-21 13:00:13', '2025-11-21 10:09:47', '2025-11-21 10:09:48', 'delivery', NULL, 'unpaid', NULL, NULL, NULL, NULL, NULL, 0),
(126, 1, NULL, 5, NULL, 'NKH-DT-20250901-7602-e2c', 'pending', 0, 'completed', 'pending', '123.00', '12.30', '0.00', '135.30', '0.00', 'USD', '2025-09-01 18:41:33', '2025-09-01 18:41:33', 'Well done', '2025-09-01 18:18:33', '2025-11-21 10:09:47', '2025-11-21 10:09:48', 'pickup', NULL, 'unpaid', NULL, NULL, NULL, NULL, NULL, 0),
(127, 1, NULL, 4, NULL, 'NKH-DT-20250920-2021-5b5', 'pending', 0, 'completed', 'pending', '68.50', '6.85', '0.00', '75.35', '0.00', 'USD', '2025-09-20 10:54:23', '2025-09-20 10:54:23', NULL, '2025-09-20 11:16:23', '2025-11-21 10:09:47', '2025-11-21 10:09:48', 'delivery', NULL, 'unpaid', NULL, NULL, NULL, NULL, NULL, 0),
(128, 1, 5, 11, NULL, 'NKH-DT-20251028-6916-795', 'pending', 0, 'preparing', 'pending', '32.00', '3.20', '0.00', '35.20', '0.00', 'USD', '2025-10-28 04:47:16', NULL, NULL, '2025-10-28 05:10:16', '2025-11-21 10:09:47', '2025-11-21 10:09:48', 'dine-in', NULL, 'unpaid', NULL, NULL, NULL, NULL, NULL, 0),
(129, 1, 16, 8, NULL, 'NKH-DT-20251027-6176-bb2', 'pending', 0, 'completed', 'pending', '43.00', '4.30', '0.00', '47.30', '0.00', 'USD', '2025-10-27 23:06:03', '2025-10-27 23:06:03', 'Make it spicy', '2025-10-27 22:48:03', '2025-11-21 10:09:47', '2025-11-21 10:09:48', 'dine-in', NULL, 'unpaid', NULL, NULL, NULL, NULL, NULL, 0),
(130, 1, NULL, 7, NULL, 'NKH-DT-20250925-6822-b36', 'pending', 0, 'received', 'pending', '188.50', '18.85', '0.00', '207.35', '0.00', 'USD', '2025-09-25 15:37:58', NULL, 'Vegetarian option', '2025-09-25 16:06:58', '2025-11-21 10:09:47', '2025-11-21 10:09:48', 'pickup', NULL, 'unpaid', NULL, NULL, NULL, NULL, NULL, 0),
(131, 1, NULL, 8, NULL, 'NKH-DT-20250929-7494-ccd', 'pending', 0, 'received', 'pending', '21.50', '2.15', '0.00', '23.65', '0.00', 'USD', '2025-09-29 13:16:19', NULL, 'No spicy please', '2025-09-29 13:58:19', '2025-11-21 10:09:47', '2025-11-21 10:09:48', 'delivery', NULL, 'unpaid', NULL, NULL, NULL, NULL, NULL, 0),
(132, 1, NULL, 7, NULL, 'NKH-DT-20251028-3163-e53', 'pending', 0, 'ready', 'pending', '12.00', '1.20', '0.00', '13.20', '0.00', 'USD', '2025-10-28 20:13:23', NULL, NULL, '2025-10-28 20:41:23', '2025-11-21 10:09:47', '2025-11-21 10:09:48', 'pickup', NULL, 'unpaid', NULL, NULL, NULL, NULL, NULL, 0),
(133, 1, NULL, 1, NULL, 'NKH-DT-20251018-8247-8d1', 'pending', 0, 'completed', 'pending', '105.50', '10.55', '0.00', '116.05', '0.00', 'USD', '2025-10-18 10:31:58', '2025-10-18 10:31:58', 'Make it spicy', '2025-10-18 10:17:58', '2025-11-21 10:09:47', '2025-11-21 10:09:48', 'pickup', NULL, 'unpaid', NULL, NULL, NULL, NULL, NULL, 0),
(134, 1, NULL, 7, NULL, 'NKH-DT-20251003-5252-5b6', 'pending', 0, 'ready', 'pending', '6.00', '0.60', '0.00', '6.60', '0.00', 'USD', '2025-10-03 09:24:44', NULL, 'Make it spicy', '2025-10-03 09:53:44', '2025-11-21 10:09:47', '2025-11-21 10:09:48', 'pickup', NULL, 'unpaid', NULL, NULL, NULL, NULL, NULL, 0),
(135, 1, NULL, 9, NULL, 'NKH-DT-20251008-2939-cff', 'pending', 0, 'pending', 'pending', '96.00', '9.60', '0.00', '105.60', '0.00', 'USD', '2025-10-08 13:00:30', NULL, 'Make it spicy', '2025-10-08 13:34:30', '2025-11-21 10:09:47', '2025-11-21 10:09:48', 'delivery', NULL, 'unpaid', NULL, NULL, NULL, NULL, NULL, 0),
(136, 1, NULL, 4, NULL, 'NKH-DT-20250926-1991-698', 'pending', 0, 'pending', 'pending', '65.50', '6.55', '0.00', '72.05', '0.00', 'USD', '2025-09-26 06:37:12', NULL, 'No spicy please', '2025-09-26 07:24:12', '2025-11-21 10:09:47', '2025-11-21 10:09:48', 'delivery', NULL, 'unpaid', NULL, NULL, NULL, NULL, NULL, 0),
(137, 1, NULL, 10, NULL, 'NKH-DT-20251113-0653-1c1', 'pending', 0, 'pending', 'pending', '117.00', '11.70', '2.36', '126.34', '0.00', 'USD', '2025-11-13 18:31:32', NULL, 'No spicy please', '2025-11-13 19:01:32', '2025-11-21 10:09:47', '2025-11-21 10:09:48', 'pickup', NULL, 'unpaid', NULL, NULL, NULL, NULL, NULL, 0),
(138, 1, NULL, 11, NULL, 'NKH-DT-20250904-7261-471', 'pending', 0, 'received', 'pending', '144.50', '14.45', '2.24', '156.71', '0.00', 'USD', '2025-09-04 15:39:07', NULL, 'Vegetarian option', '2025-09-04 16:08:07', '2025-11-21 10:09:47', '2025-11-21 10:09:48', 'pickup', NULL, 'unpaid', NULL, NULL, NULL, NULL, NULL, 0),
(139, 1, NULL, 3, NULL, 'NKH-DT-20251019-3729-d86', 'pending', 0, 'ready', 'pending', '36.00', '3.60', '0.00', '39.60', '0.00', 'USD', '2025-10-19 06:22:52', NULL, 'Well done', '2025-10-19 06:43:52', '2025-11-21 10:09:47', '2025-11-21 10:09:48', 'pickup', NULL, 'unpaid', NULL, NULL, NULL, NULL, NULL, 0),
(140, 1, NULL, 3, NULL, 'NKH-DT-20250826-0817-239', 'pending', 0, 'completed', 'pending', '37.00', '3.70', '0.00', '40.70', '0.00', 'USD', '2025-08-26 21:34:23', '2025-08-26 21:34:23', 'Less salt', '2025-08-26 21:40:23', '2025-11-21 10:09:47', '2025-11-21 10:09:48', 'pickup', NULL, 'unpaid', NULL, NULL, NULL, NULL, NULL, 0),
(141, 1, NULL, 1, NULL, 'NKH-DT-20251003-8737-132', 'pending', 0, 'completed', 'pending', '13.50', '1.35', '0.00', '14.85', '0.00', 'USD', '2025-10-03 06:42:59', '2025-10-03 06:42:59', 'Well done', '2025-10-03 06:50:59', '2025-11-21 10:09:47', '2025-11-21 10:09:48', 'delivery', NULL, 'unpaid', NULL, NULL, NULL, NULL, NULL, 0),
(142, 1, NULL, 1, NULL, 'NKH-DT-20251118-5915-551', 'pending', 0, 'received', 'pending', '28.00', '2.80', '0.00', '30.80', '0.00', 'USD', '2025-11-18 05:35:31', NULL, 'On the side', '2025-11-18 05:58:31', '2025-11-21 10:09:47', '2025-11-21 10:09:48', 'pickup', NULL, 'unpaid', NULL, NULL, NULL, NULL, NULL, 0),
(143, 1, 14, 9, NULL, 'NKH-DT-20251023-8732-eec', 'pending', 0, 'completed', 'pending', '124.00', '12.40', '0.00', '136.40', '0.00', 'USD', '2025-10-23 23:25:43', '2025-10-23 23:25:43', 'Well done', '2025-10-23 23:19:43', '2025-11-21 10:09:47', '2025-11-21 10:09:48', 'dine-in', NULL, 'unpaid', NULL, NULL, NULL, NULL, NULL, 0),
(144, 1, NULL, 4, NULL, 'NKH-DT-20250828-3531-0be', 'pending', 0, 'received', 'pending', '13.50', '1.35', '0.00', '14.85', '0.00', 'USD', '2025-08-28 23:23:22', NULL, 'No spicy please', '2025-08-28 23:59:22', '2025-11-21 10:09:47', '2025-11-21 10:09:48', 'delivery', NULL, 'unpaid', NULL, NULL, NULL, NULL, NULL, 0),
(145, 1, NULL, 8, NULL, 'NKH-DT-20251117-7426-051', 'pending', 0, 'preparing', 'pending', '93.00', '9.30', '0.00', '102.30', '0.00', 'USD', '2025-11-17 18:33:05', NULL, 'Extra vegetables', '2025-11-17 18:56:05', '2025-11-21 10:09:47', '2025-11-21 10:09:48', 'pickup', NULL, 'unpaid', NULL, NULL, NULL, NULL, NULL, 0),
(146, 1, 7, 8, NULL, 'NKH-DT-20251113-0365-c0b', 'pending', 0, 'pending', 'pending', '67.00', '6.70', '0.00', '73.70', '0.00', 'USD', '2025-11-13 20:06:51', NULL, NULL, '2025-11-13 20:26:51', '2025-11-21 10:09:47', '2025-11-21 10:09:48', 'dine-in', NULL, 'unpaid', NULL, NULL, NULL, NULL, NULL, 0),
(147, 1, 11, 7, NULL, 'NKH-DT-20250908-4105-80f', 'pending', 0, 'completed', 'pending', '8.00', '0.80', '0.00', '8.80', '0.00', 'USD', '2025-09-08 08:39:38', '2025-09-08 08:39:38', 'No spicy please', '2025-09-08 08:08:38', '2025-11-21 10:09:47', '2025-11-21 10:09:48', 'dine-in', NULL, 'unpaid', NULL, NULL, NULL, NULL, NULL, 0),
(148, 1, NULL, 10, NULL, 'NKH-DT-20250919-7330-29a', 'pending', 0, 'preparing', 'pending', '108.50', '10.85', '0.00', '119.35', '0.00', 'USD', '2025-09-19 19:09:54', NULL, NULL, '2025-09-19 19:58:54', '2025-11-21 10:09:47', '2025-11-21 10:09:48', 'delivery', NULL, 'unpaid', NULL, NULL, NULL, NULL, NULL, 0),
(149, 1, NULL, 7, NULL, 'NKH-DT-20251027-2135-7f7', 'pending', 0, 'ready', 'pending', '95.50', '9.55', '0.00', '105.05', '0.00', 'USD', '2025-10-27 22:01:49', NULL, NULL, '2025-10-27 22:43:49', '2025-11-21 10:09:47', '2025-11-21 10:09:48', 'delivery', NULL, 'unpaid', NULL, NULL, NULL, NULL, NULL, 0),
(150, 1, NULL, 5, NULL, 'NKH-DT-20251020-7341-5e8', 'pending', 0, 'ready', 'pending', '69.50', '6.95', '0.00', '76.45', '0.00', 'USD', '2025-10-20 07:36:55', NULL, 'On the side', '2025-10-20 08:03:55', '2025-11-21 10:09:47', '2025-11-21 10:09:48', 'pickup', NULL, 'unpaid', NULL, NULL, NULL, NULL, NULL, 0),
(151, 1, 6, 3, NULL, 'NKH-DT-20250918-7172-358', 'pending', 0, 'ready', 'pending', '37.50', '3.75', '0.00', '41.25', '0.00', 'USD', '2025-09-18 05:10:13', NULL, 'On the side', '2025-09-18 05:30:13', '2025-11-21 10:09:47', '2025-11-21 10:09:48', 'dine-in', NULL, 'unpaid', NULL, NULL, NULL, NULL, NULL, 0),
(152, 1, NULL, 9, NULL, 'NKH-DT-20250825-3274-54c', 'pending', 0, 'preparing', 'pending', '26.00', '2.60', '0.00', '28.60', '0.00', 'USD', '2025-08-25 03:06:08', NULL, NULL, '2025-08-25 03:38:08', '2025-11-21 10:09:47', '2025-11-21 10:09:48', 'pickup', NULL, 'unpaid', NULL, NULL, NULL, NULL, NULL, 0),
(153, 1, 11, 2, NULL, 'NKH-DT-20251105-0911-677', 'pending', 0, 'ready', 'pending', '113.50', '11.35', '2.40', '122.45', '0.00', 'USD', '2025-11-05 19:40:50', NULL, 'Vegetarian option', '2025-11-05 20:02:50', '2025-11-21 10:09:47', '2025-11-21 10:09:48', 'dine-in', NULL, 'unpaid', NULL, NULL, NULL, NULL, NULL, 0),
(154, 1, 36, 5, NULL, 'NKH-DT-20251117-3265-0be', 'pending', 0, 'received', 'pending', '20.00', '2.00', '0.00', '22.00', '0.00', 'USD', '2025-11-17 15:25:09', NULL, 'Extra sauce', '2025-11-17 15:45:09', '2025-11-21 10:09:47', '2025-11-21 10:09:48', 'dine-in', NULL, 'unpaid', NULL, NULL, NULL, NULL, NULL, 0),
(155, 1, 16, 10, NULL, 'NKH-DT-20250914-7023-42f', 'pending', 0, 'completed', 'pending', '26.50', '2.65', '0.00', '29.15', '0.00', 'USD', '2025-09-14 07:18:00', '2025-09-14 07:18:00', NULL, '2025-09-14 07:12:00', '2025-11-21 10:09:47', '2025-11-21 10:09:48', 'dine-in', NULL, 'unpaid', NULL, NULL, NULL, NULL, NULL, 0),
(156, 1, NULL, 9, NULL, 'NKH-DT-20251024-0257-f22', 'pending', 0, 'completed', 'pending', '66.00', '6.60', '0.00', '72.60', '0.00', 'USD', '2025-10-24 15:50:23', '2025-10-24 15:50:23', NULL, '2025-10-24 15:21:23', '2025-11-21 10:09:47', '2025-11-21 10:09:48', 'pickup', NULL, 'unpaid', NULL, NULL, NULL, NULL, NULL, 0),
(157, 1, NULL, 3, NULL, 'NKH-DT-20251111-4455-7c7', 'pending', 0, 'ready', 'pending', '212.00', '21.20', '5.86', '227.34', '0.00', 'USD', '2025-11-11 17:45:01', NULL, NULL, '2025-11-11 18:26:01', '2025-11-21 10:09:47', '2025-11-21 10:09:48', 'delivery', NULL, 'unpaid', NULL, NULL, NULL, NULL, NULL, 0),
(158, 1, NULL, 11, NULL, 'NKH-DT-20250907-8848-948', 'pending', 0, 'completed', 'pending', '2.50', '0.25', '9.99', '-7.24', '0.00', 'USD', '2025-09-07 03:13:37', '2025-09-07 03:13:37', NULL, '2025-09-07 02:48:37', '2025-11-21 10:09:47', '2025-11-21 10:09:48', 'pickup', NULL, 'unpaid', NULL, NULL, NULL, NULL, NULL, 0),
(159, 1, NULL, 4, NULL, 'NKH-DT-20251008-3548-60d', 'pending', 0, 'received', 'pending', '89.50', '8.95', '6.69', '91.76', '0.00', 'USD', '2025-10-08 22:43:15', NULL, 'Extra vegetables', '2025-10-08 23:04:15', '2025-11-21 10:09:47', '2025-11-21 10:09:48', 'pickup', NULL, 'unpaid', NULL, NULL, NULL, NULL, NULL, 0),
(160, 1, 33, 10, NULL, 'NKH-DT-20251118-4583-30c', 'pending', 0, 'received', 'pending', '28.00', '2.80', '0.00', '30.80', '0.00', 'USD', '2025-11-18 10:39:56', NULL, 'Extra vegetables', '2025-11-18 11:07:56', '2025-11-21 10:09:47', '2025-11-21 10:09:48', 'dine-in', NULL, 'unpaid', NULL, NULL, NULL, NULL, NULL, 0),
(161, 1, NULL, 9, NULL, 'NKH-DT-20251111-4063-df0', 'pending', 0, 'ready', 'pending', '45.00', '4.50', '0.00', '49.50', '0.00', 'USD', '2025-11-11 13:12:05', NULL, 'On the side', '2025-11-11 13:34:05', '2025-11-21 10:09:47', '2025-11-21 10:09:48', 'pickup', NULL, 'unpaid', NULL, NULL, NULL, NULL, NULL, 0),
(162, 1, NULL, 2, NULL, 'NKH-DT-20251112-0047-053', 'pending', 0, 'received', 'pending', '11.00', '1.10', '0.00', '12.10', '0.00', 'USD', '2025-11-12 01:12:00', NULL, 'Make it spicy', '2025-11-12 01:42:00', '2025-11-21 10:09:47', '2025-11-21 10:09:48', 'delivery', NULL, 'unpaid', NULL, NULL, NULL, NULL, NULL, 0),
(163, 1, 26, 9, NULL, 'NKH-DT-20251118-8426-61b', 'pending', 0, 'ready', 'pending', '8.50', '0.85', '7.23', '2.12', '0.00', 'USD', '2025-11-18 21:06:58', NULL, 'Make it spicy', '2025-11-18 21:33:58', '2025-11-21 10:09:47', '2025-11-21 10:09:48', 'dine-in', NULL, 'unpaid', NULL, NULL, NULL, NULL, NULL, 0),
(164, 1, NULL, 1, NULL, 'NKH-DT-20250911-9368-7ea', 'pending', 0, 'preparing', 'pending', '42.00', '4.20', '3.71', '42.49', '0.00', 'USD', '2025-09-11 02:48:08', NULL, 'No onions', '2025-09-11 03:08:08', '2025-11-21 10:09:47', '2025-11-21 10:09:48', 'pickup', NULL, 'unpaid', NULL, NULL, NULL, NULL, NULL, 0),
(165, 1, NULL, 7, NULL, 'NKH-DT-20250927-8409-58b', 'pending', 0, 'pending', 'pending', '96.50', '9.65', '0.00', '106.15', '0.00', 'USD', '2025-09-27 23:35:14', NULL, 'No onions', '2025-09-28 00:04:14', '2025-11-21 10:09:47', '2025-11-21 10:09:48', 'pickup', NULL, 'unpaid', NULL, NULL, NULL, NULL, NULL, 0),
(166, 1, NULL, 1, NULL, 'NKH-DT-20251004-5330-21e', 'pending', 0, 'ready', 'pending', '17.00', '1.70', '0.00', '18.70', '0.00', 'USD', '2025-10-04 10:22:30', NULL, 'Extra vegetables', '2025-10-04 10:44:30', '2025-11-21 10:09:47', '2025-11-21 10:09:48', 'pickup', NULL, 'unpaid', NULL, NULL, NULL, NULL, NULL, 0),
(167, 1, 17, 6, NULL, 'NKH-DT-20251027-0460-5b4', 'pending', 0, 'completed', 'pending', '13.50', '1.35', '2.46', '12.39', '0.00', 'USD', '2025-10-27 20:38:56', '2025-10-27 20:38:56', 'Well done', '2025-10-27 20:01:56', '2025-11-21 10:09:47', '2025-11-21 10:09:48', 'dine-in', NULL, 'unpaid', NULL, NULL, NULL, NULL, NULL, 0),
(168, 1, NULL, 7, NULL, 'NKH-DT-20251013-7230-714', 'pending', 0, 'pending', 'pending', '62.50', '6.25', '0.00', '68.75', '0.00', 'USD', '2025-10-13 22:16:50', NULL, NULL, '2025-10-13 22:38:50', '2025-11-21 10:09:47', '2025-11-21 10:09:48', 'pickup', NULL, 'unpaid', NULL, NULL, NULL, NULL, NULL, 0),
(169, 1, 16, 8, NULL, 'NKH-DT-20250905-0144-829', 'pending', 0, 'received', 'pending', '40.00', '4.00', '0.00', '44.00', '0.00', 'USD', '2025-09-05 18:47:56', NULL, 'Extra sauce', '2025-09-05 19:17:56', '2025-11-21 10:09:47', '2025-11-21 10:09:48', 'dine-in', NULL, 'unpaid', NULL, NULL, NULL, NULL, NULL, 0),
(170, 1, NULL, 1, NULL, 'NKH-DT-20251020-1694-5a8', 'pending', 0, 'pending', 'pending', '37.00', '3.70', '0.00', '40.70', '0.00', 'USD', '2025-10-20 21:49:24', NULL, 'Well done', '2025-10-20 22:15:24', '2025-11-21 10:09:47', '2025-11-21 10:09:48', 'pickup', NULL, 'unpaid', NULL, NULL, NULL, NULL, NULL, 0),
(171, 1, NULL, 10, NULL, 'NKH-DT-20251103-8103-e79', 'pending', 0, 'completed', 'pending', '195.00', '19.50', '0.00', '214.50', '0.00', 'USD', '2025-11-03 21:07:51', '2025-11-03 21:07:51', NULL, '2025-11-03 21:02:51', '2025-11-21 10:09:47', '2025-11-21 10:09:48', 'delivery', NULL, 'unpaid', NULL, NULL, NULL, NULL, NULL, 0),
(172, 1, NULL, 7, NULL, 'NKH-DT-20250924-5794-7c4', 'pending', 0, 'received', 'pending', '37.50', '3.75', '0.00', '41.25', '0.00', 'USD', '2025-09-24 04:34:39', NULL, 'Well done', '2025-09-24 04:56:39', '2025-11-21 10:09:47', '2025-11-21 10:09:48', 'pickup', NULL, 'unpaid', NULL, NULL, NULL, NULL, NULL, 0),
(173, 1, 13, 10, NULL, 'NKH-DT-20251004-9109-a1f', 'pending', 0, 'ready', 'pending', '55.50', '5.55', '0.00', '61.05', '0.00', 'USD', '2025-10-04 01:28:34', NULL, 'Extra vegetables', '2025-10-04 01:57:34', '2025-11-21 10:09:47', '2025-11-21 10:09:48', 'dine-in', NULL, 'unpaid', NULL, NULL, NULL, NULL, NULL, 0),
(174, 1, NULL, 3, NULL, 'NKH-DT-20250918-2128-672', 'pending', 0, 'pending', 'pending', '129.50', '12.95', '0.00', '142.45', '0.00', 'USD', '2025-09-18 07:19:29', NULL, 'Less salt', '2025-09-18 07:53:29', '2025-11-21 10:09:47', '2025-11-21 10:09:48', 'delivery', NULL, 'unpaid', NULL, NULL, NULL, NULL, NULL, 0),
(175, 1, 15, 11, NULL, 'NKH-DT-20251117-7626-ce2', 'pending', 0, 'pending', 'pending', '222.00', '22.20', '0.00', '244.20', '0.00', 'USD', '2025-11-17 02:07:16', NULL, 'On the side', '2025-11-17 02:35:16', '2025-11-21 10:09:47', '2025-11-21 10:09:48', 'dine-in', NULL, 'unpaid', NULL, NULL, NULL, NULL, NULL, 0),
(176, 1, NULL, 3, NULL, 'NKH-DT-20251007-4264-db4', 'pending', 0, 'preparing', 'pending', '139.00', '13.90', '0.00', '152.90', '0.00', 'USD', '2025-10-07 17:56:19', NULL, 'Gluten free preparation', '2025-10-07 18:35:19', '2025-11-21 10:09:47', '2025-11-21 10:09:48', 'delivery', NULL, 'unpaid', NULL, NULL, NULL, NULL, NULL, 0),
(177, 1, 13, 4, NULL, 'NKH-DT-20251003-7153-a5a', 'pending', 0, 'pending', 'pending', '106.50', '10.65', '0.00', '117.15', '0.00', 'USD', '2025-10-03 05:44:01', NULL, NULL, '2025-10-03 06:04:01', '2025-11-21 10:09:47', '2025-11-21 10:09:48', 'dine-in', NULL, 'unpaid', NULL, NULL, NULL, NULL, NULL, 0),
(178, 1, NULL, 5, NULL, 'NKH-DT-20251013-3631-b65', 'pending', 0, 'ready', 'pending', '87.00', '8.70', '0.00', '95.70', '0.00', 'USD', '2025-10-13 15:03:08', NULL, 'Extra sauce', '2025-10-13 15:30:08', '2025-11-21 10:09:47', '2025-11-21 10:09:48', 'pickup', NULL, 'unpaid', NULL, NULL, NULL, NULL, NULL, 0),
(179, 1, NULL, 6, NULL, 'NKH-DT-20250920-8874-74d', 'pending', 0, 'ready', 'pending', '48.00', '4.80', '0.00', '52.80', '0.00', 'USD', '2025-09-20 12:18:37', NULL, 'Well done', '2025-09-20 12:50:37', '2025-11-21 10:09:47', '2025-11-21 10:09:48', 'delivery', NULL, 'unpaid', NULL, NULL, NULL, NULL, NULL, 0),
(180, 1, 18, 4, NULL, 'NKH-DT-20251028-2617-3dc', 'pending', 0, 'pending', 'pending', '10.00', '1.00', '8.59', '2.41', '0.00', 'USD', '2025-10-28 09:33:38', NULL, 'Well done', '2025-10-28 09:53:38', '2025-11-21 10:09:47', '2025-11-21 10:09:48', 'dine-in', NULL, 'unpaid', NULL, NULL, NULL, NULL, NULL, 0),
(181, 1, NULL, 4, NULL, 'NKH-DT-20250901-3014-5f2', 'pending', 0, 'received', 'pending', '35.50', '3.55', '2.94', '36.11', '0.00', 'USD', '2025-09-01 07:47:55', NULL, 'Well done', '2025-09-01 08:17:55', '2025-11-21 10:09:47', '2025-11-21 10:09:48', 'pickup', NULL, 'unpaid', NULL, NULL, NULL, NULL, NULL, 0),
(182, 1, NULL, 11, NULL, 'NKH-DT-20250916-4691-d0d', 'pending', 0, 'pending', 'pending', '145.00', '14.50', '0.00', '159.50', '0.00', 'USD', '2025-09-16 08:45:35', NULL, 'Vegetarian option', '2025-09-16 09:32:35', '2025-11-21 10:09:47', '2025-11-21 10:09:48', 'delivery', NULL, 'unpaid', NULL, NULL, NULL, NULL, NULL, 0),
(183, 1, NULL, 5, NULL, 'NKH-DT-20251004-6184-24e', 'pending', 0, 'completed', 'pending', '31.50', '3.15', '0.00', '34.65', '0.00', 'USD', '2025-10-04 11:01:02', '2025-10-04 11:01:02', 'No spicy please', '2025-10-04 10:47:02', '2025-11-21 10:09:47', '2025-11-21 10:09:48', 'delivery', NULL, 'unpaid', NULL, NULL, NULL, NULL, NULL, 0),
(184, 1, NULL, 5, NULL, 'NKH-DT-20250904-0213-699', 'pending', 0, 'pending', 'pending', '83.50', '8.35', '2.70', '89.15', '0.00', 'USD', '2025-09-04 15:26:46', NULL, 'Gluten free preparation', '2025-09-04 15:51:46', '2025-11-21 10:09:47', '2025-11-21 10:09:48', 'pickup', NULL, 'unpaid', NULL, NULL, NULL, NULL, NULL, 0),
(185, 1, NULL, 8, NULL, 'NKH-DT-20251106-5361-03c', 'pending', 0, 'ready', 'pending', '39.00', '3.90', '0.00', '42.90', '0.00', 'USD', '2025-11-06 16:55:49', NULL, NULL, '2025-11-06 17:25:49', '2025-11-21 10:09:47', '2025-11-21 10:09:48', 'pickup', NULL, 'unpaid', NULL, NULL, NULL, NULL, NULL, 0),
(186, 1, NULL, 11, NULL, 'NKH-DT-20250924-8012-c69', 'pending', 0, 'received', 'pending', '83.00', '8.30', '0.00', '91.30', '0.00', 'USD', '2025-09-24 01:30:45', NULL, 'No spicy please', '2025-09-24 02:00:45', '2025-11-21 10:09:47', '2025-11-21 10:09:48', 'pickup', NULL, 'unpaid', NULL, NULL, NULL, NULL, NULL, 0),
(187, 1, 35, 3, NULL, 'NKH-DT-20251015-9659-fef', 'pending', 0, 'received', 'pending', '60.00', '6.00', '0.00', '66.00', '0.00', 'USD', '2025-10-15 04:28:30', NULL, 'On the side', '2025-10-15 04:48:30', '2025-11-21 10:09:47', '2025-11-21 10:09:48', 'dine-in', NULL, 'unpaid', NULL, NULL, NULL, NULL, NULL, 0),
(188, 1, NULL, 7, NULL, 'NKH-DT-20250914-5367-d62', 'pending', 0, 'ready', 'pending', '16.00', '1.60', '0.00', '17.60', '0.00', 'USD', '2025-09-14 18:21:42', NULL, NULL, '2025-09-14 18:54:42', '2025-11-21 10:09:47', '2025-11-21 10:09:48', 'delivery', NULL, 'unpaid', NULL, NULL, NULL, NULL, NULL, 0),
(189, 1, NULL, 6, NULL, 'NKH-DT-20250821-5833-331', 'pending', 0, 'preparing', 'pending', '36.00', '3.60', '3.60', '36.00', '0.00', 'USD', '2025-08-21 13:43:03', NULL, 'Gluten free preparation', '2025-08-21 14:11:03', '2025-11-21 10:09:47', '2025-11-21 10:09:48', 'pickup', NULL, 'unpaid', NULL, NULL, NULL, NULL, NULL, 0),
(190, 1, 9, 8, NULL, 'NKH-DT-20250920-9385-536', 'pending', 0, 'completed', 'pending', '112.00', '11.20', '0.00', '123.20', '0.00', 'USD', '2025-09-20 18:14:40', '2025-09-20 18:14:40', 'Make it spicy', '2025-09-20 18:15:40', '2025-11-21 10:09:47', '2025-11-21 10:09:48', 'dine-in', NULL, 'unpaid', NULL, NULL, NULL, NULL, NULL, 0),
(191, 1, NULL, 10, NULL, 'NKH-DT-20251115-9431-420', 'pending', 0, 'pending', 'pending', '168.00', '16.80', '3.86', '180.94', '0.00', 'USD', '2025-11-15 05:02:11', NULL, NULL, '2025-11-15 05:28:11', '2025-11-21 10:09:47', '2025-11-21 10:09:48', 'pickup', NULL, 'unpaid', NULL, NULL, NULL, NULL, NULL, 0),
(192, 1, 11, 6, NULL, 'NKH-DT-20250928-3343-5c9', 'pending', 0, 'received', 'pending', '104.50', '10.45', '7.61', '107.34', '0.00', 'USD', '2025-09-28 22:23:11', NULL, 'Extra sauce', '2025-09-28 22:52:11', '2025-11-21 10:09:47', '2025-11-21 10:09:48', 'dine-in', NULL, 'unpaid', NULL, NULL, NULL, NULL, NULL, 0),
(193, 1, NULL, 2, NULL, 'NKH-DT-20250902-8524-01d', 'pending', 0, 'ready', 'pending', '165.00', '16.50', '0.00', '181.50', '0.00', 'USD', '2025-09-02 04:45:08', NULL, 'Well done', '2025-09-02 05:14:08', '2025-11-21 10:09:47', '2025-11-21 10:09:48', 'pickup', NULL, 'unpaid', NULL, NULL, NULL, NULL, NULL, 0),
(194, 1, NULL, 8, NULL, 'NKH-DT-20251101-7298-96b', 'pending', 0, 'preparing', 'pending', '41.00', '4.10', '0.00', '45.10', '0.00', 'USD', '2025-11-01 23:42:34', NULL, 'Vegetarian option', '2025-11-02 00:27:34', '2025-11-21 10:09:47', '2025-11-21 10:09:48', 'delivery', NULL, 'unpaid', NULL, NULL, NULL, NULL, NULL, 0),
(195, 1, 31, 10, NULL, 'NKH-DT-20250831-0273-d6b', 'pending', 0, 'pending', 'pending', '82.50', '8.25', '3.36', '87.39', '0.00', 'USD', '2025-08-31 16:08:36', NULL, 'Well done', '2025-08-31 16:35:36', '2025-11-21 10:09:47', '2025-11-21 10:09:48', 'dine-in', NULL, 'unpaid', NULL, NULL, NULL, NULL, NULL, 0),
(196, 1, NULL, 1, NULL, 'NKH-DT-20251013-2310-b1e', 'pending', 0, 'preparing', 'pending', '18.00', '1.80', '0.00', '19.80', '0.00', 'USD', '2025-10-13 08:35:14', NULL, 'No onions', '2025-10-13 09:07:14', '2025-11-21 10:09:47', '2025-11-21 10:09:48', 'delivery', NULL, 'unpaid', NULL, NULL, NULL, NULL, NULL, 0),
(197, 1, 20, 2, NULL, 'NKH-DT-20250927-4848-cc4', 'pending', 0, 'received', 'pending', '237.50', '23.75', '3.37', '257.88', '0.00', 'USD', '2025-09-27 17:49:46', NULL, 'Make it spicy', '2025-09-27 18:15:46', '2025-11-21 10:09:47', '2025-11-21 10:09:49', 'dine-in', NULL, 'unpaid', NULL, NULL, NULL, NULL, NULL, 0),
(198, 1, NULL, 11, NULL, 'NKH-DT-20251006-9927-4e5', 'pending', 0, 'preparing', 'pending', '91.00', '9.10', '0.00', '100.10', '0.00', 'USD', '2025-10-06 05:08:03', NULL, NULL, '2025-10-06 05:51:03', '2025-11-21 10:09:47', '2025-11-21 10:09:49', 'delivery', NULL, 'unpaid', NULL, NULL, NULL, NULL, NULL, 0),
(199, 1, NULL, 9, NULL, 'NKH-DT-20251110-4151-fb7', 'pending', 0, 'ready', 'pending', '27.50', '2.75', '8.55', '21.70', '0.00', 'USD', '2025-11-10 18:26:18', NULL, 'On the side', '2025-11-10 19:12:18', '2025-11-21 10:09:47', '2025-11-21 10:09:49', 'delivery', NULL, 'unpaid', NULL, NULL, NULL, NULL, NULL, 0),
(200, 1, NULL, 2, NULL, 'NKH-DT-20251014-3414-df3', 'pending', 0, 'received', 'pending', '45.00', '4.50', '0.00', '49.50', '0.00', 'USD', '2025-10-14 14:19:28', NULL, NULL, '2025-10-14 14:52:28', '2025-11-21 10:09:47', '2025-11-21 10:09:49', 'pickup', NULL, 'unpaid', NULL, NULL, NULL, NULL, NULL, 0),
(201, 1, NULL, 3, NULL, 'NKH-DT-20250922-3093-1a2', 'pending', 0, 'completed', 'pending', '53.00', '5.30', '0.00', '58.30', '0.00', 'USD', '2025-09-22 03:29:38', '2025-09-22 03:29:38', 'Well done', '2025-09-22 03:21:38', '2025-11-21 10:09:47', '2025-11-21 10:09:49', 'pickup', NULL, 'unpaid', NULL, NULL, NULL, NULL, NULL, 0),
(202, 1, NULL, 11, NULL, 'NKH-DT-20250830-4469-ced', 'pending', 0, 'ready', 'pending', '79.50', '7.95', '0.00', '87.45', '0.00', 'USD', '2025-08-30 16:37:12', NULL, 'Vegetarian option', '2025-08-30 17:06:12', '2025-11-21 10:09:47', '2025-11-21 10:09:49', 'pickup', NULL, 'unpaid', NULL, NULL, NULL, NULL, NULL, 0),
(203, 1, 26, 1, NULL, 'NKH-DT-20250821-1590-e47', 'pending', 0, 'completed', 'pending', '50.50', '5.05', '0.00', '55.55', '0.00', 'USD', '2025-08-21 18:26:28', '2025-08-21 18:26:28', 'Gluten free preparation', '2025-08-21 18:34:28', '2025-11-21 10:09:47', '2025-11-21 10:09:49', 'dine-in', NULL, 'unpaid', NULL, NULL, NULL, NULL, NULL, 0),
(204, 1, NULL, 4, NULL, 'NKH-DT-20250927-7523-e46', 'pending', 0, 'completed', 'pending', '28.00', '2.80', '0.00', '30.80', '0.00', 'USD', '2025-09-27 10:02:38', '2025-09-27 10:02:38', 'Gluten free preparation', '2025-09-27 09:39:38', '2025-11-21 10:09:47', '2025-11-21 10:09:49', 'pickup', NULL, 'unpaid', NULL, NULL, NULL, NULL, NULL, 0),
(205, 1, 36, 9, NULL, 'NKH-DT-20250824-9296-e63', 'pending', 0, 'ready', 'pending', '45.50', '4.55', '0.00', '50.05', '0.00', 'USD', '2025-08-24 12:52:51', NULL, NULL, '2025-08-24 13:20:51', '2025-11-21 10:09:47', '2025-11-21 10:09:49', 'dine-in', NULL, 'unpaid', NULL, NULL, NULL, NULL, NULL, 0),
(206, 1, NULL, 2, NULL, 'NKH-DT-20250828-4938-70a', 'pending', 0, 'ready', 'pending', '132.50', '13.25', '0.00', '145.75', '0.00', 'USD', '2025-08-28 07:19:07', NULL, 'No spicy please', '2025-08-28 07:55:07', '2025-11-21 10:09:47', '2025-11-21 10:09:49', 'delivery', NULL, 'unpaid', NULL, NULL, NULL, NULL, NULL, 0),
(207, 1, 4, 11, NULL, 'NKH-DT-20250925-5138-6b5', 'pending', 0, 'ready', 'pending', '49.50', '4.95', '0.00', '54.45', '0.00', 'USD', '2025-09-25 10:22:31', NULL, NULL, '2025-09-25 10:49:31', '2025-11-21 10:09:47', '2025-11-21 10:09:49', 'dine-in', NULL, 'unpaid', NULL, NULL, NULL, NULL, NULL, 0),
(208, 1, NULL, 10, NULL, 'NKH-DT-20250827-6504-dc7', 'pending', 0, 'received', 'pending', '32.50', '3.25', '4.17', '31.58', '0.00', 'USD', '2025-08-27 05:46:07', NULL, NULL, '2025-08-27 06:07:07', '2025-11-21 10:09:47', '2025-11-21 10:09:49', 'pickup', NULL, 'unpaid', NULL, NULL, NULL, NULL, NULL, 0),
(209, 1, NULL, 11, NULL, 'NKH-DT-20251012-9266-acc', 'pending', 0, 'pending', 'pending', '153.50', '15.35', '0.00', '168.85', '0.00', 'USD', '2025-10-12 18:44:37', NULL, 'Gluten free preparation', '2025-10-12 19:32:37', '2025-11-21 10:09:47', '2025-11-21 10:09:49', 'delivery', NULL, 'unpaid', NULL, NULL, NULL, NULL, NULL, 0),
(210, 1, NULL, 4, NULL, 'NKH-DT-20250906-7451-f43', 'pending', 0, 'pending', 'pending', '80.00', '8.00', '0.00', '88.00', '0.00', 'USD', '2025-09-06 22:00:48', NULL, 'Make it spicy', '2025-09-06 22:39:48', '2025-11-21 10:09:47', '2025-11-21 10:09:49', 'delivery', NULL, 'unpaid', NULL, NULL, NULL, NULL, NULL, 0),
(211, 1, 24, 4, NULL, 'NKH-DT-20251120-7847-c30', 'pending', 0, 'received', 'pending', '161.50', '16.15', '0.00', '177.65', '0.00', 'USD', '2025-11-20 08:32:06', NULL, 'Vegetarian option', '2025-11-20 08:58:06', '2025-11-21 10:09:47', '2025-11-21 10:09:49', 'dine-in', NULL, 'unpaid', NULL, NULL, NULL, NULL, NULL, 0),
(212, 1, NULL, 1, NULL, 'NKH-DT-20250826-2547-d36', 'pending', 0, 'completed', 'pending', '7.00', '0.70', '10.00', '-2.30', '0.00', 'USD', '2025-08-26 23:15:25', '2025-08-26 23:15:25', 'No onions', '2025-08-26 22:47:25', '2025-11-21 10:09:47', '2025-11-21 10:09:49', 'pickup', NULL, 'unpaid', NULL, NULL, NULL, NULL, NULL, 0),
(213, 1, 34, 5, NULL, 'NKH-DT-20250922-7297-6ab', 'pending', 0, 'ready', 'pending', '44.00', '4.40', '9.62', '38.78', '0.00', 'USD', '2025-09-22 16:50:41', NULL, 'Extra vegetables', '2025-09-22 17:14:41', '2025-11-21 10:09:47', '2025-11-21 10:09:49', 'dine-in', NULL, 'unpaid', NULL, NULL, NULL, NULL, NULL, 0),
(214, 1, NULL, 6, NULL, 'NKH-DT-20251029-7640-5e7', 'pending', 0, 'completed', 'pending', '58.00', '5.80', '9.53', '54.27', '0.00', 'USD', '2025-10-29 06:19:39', '2025-10-29 06:19:39', NULL, '2025-10-29 06:24:39', '2025-11-21 10:09:47', '2025-11-21 10:09:49', 'pickup', NULL, 'unpaid', NULL, NULL, NULL, NULL, NULL, 0),
(215, 1, NULL, 4, NULL, 'NKH-DT-20251120-2417-9b2', 'pending', 0, 'pending', 'pending', '47.00', '4.70', '0.00', '51.70', '0.00', 'USD', '2025-11-20 02:13:13', NULL, 'Vegetarian option', '2025-11-20 02:38:13', '2025-11-21 10:09:47', '2025-11-21 10:09:49', 'pickup', NULL, 'unpaid', NULL, NULL, NULL, NULL, NULL, 0),
(216, 1, 18, 6, NULL, 'NKH-DT-20251005-0402-b70', 'pending', 0, 'preparing', 'pending', '69.50', '6.95', '0.00', '76.45', '0.00', 'USD', '2025-10-05 15:09:37', NULL, 'Make it spicy', '2025-10-05 15:32:37', '2025-11-21 10:09:47', '2025-11-21 10:09:49', 'dine-in', NULL, 'unpaid', NULL, NULL, NULL, NULL, NULL, 0),
(217, 1, NULL, 6, NULL, 'NKH-DT-20250914-9668-bf3', 'pending', 0, 'received', 'pending', '121.00', '12.10', '6.71', '126.39', '0.00', 'USD', '2025-09-14 07:44:59', NULL, 'Extra sauce', '2025-09-14 08:07:59', '2025-11-21 10:09:47', '2025-11-21 10:09:49', 'pickup', NULL, 'unpaid', NULL, NULL, NULL, NULL, NULL, 0),
(218, 1, 11, 5, NULL, 'NKH-DT-20251028-9788-090', 'pending', 0, 'preparing', 'pending', '119.50', '11.95', '0.00', '131.45', '0.00', 'USD', '2025-10-28 03:53:13', NULL, 'No spicy please', '2025-10-28 04:17:13', '2025-11-21 10:09:47', '2025-11-21 10:09:49', 'dine-in', NULL, 'unpaid', NULL, NULL, NULL, NULL, NULL, 0),
(219, 1, NULL, 7, NULL, 'NKH-DT-20251107-5941-b82', 'pending', 0, 'pending', 'pending', '99.00', '9.90', '0.00', '108.90', '0.00', 'USD', '2025-11-07 02:08:58', NULL, NULL, '2025-11-07 02:50:58', '2025-11-21 10:09:47', '2025-11-21 10:09:49', 'delivery', NULL, 'unpaid', NULL, NULL, NULL, NULL, NULL, 0),
(220, 1, NULL, 7, NULL, 'NKH-DT-20251016-2614-dba', 'pending', 0, 'preparing', 'pending', '7.50', '0.75', '0.00', '8.25', '0.00', 'USD', '2025-10-16 04:32:15', NULL, 'Extra vegetables', '2025-10-16 05:18:15', '2025-11-21 10:09:47', '2025-11-21 10:09:49', 'delivery', NULL, 'unpaid', NULL, NULL, NULL, NULL, NULL, 0),
(221, 1, NULL, 5, NULL, 'NKH-DT-20251019-3298-13a', 'pending', 0, 'pending', 'pending', '90.50', '9.05', '0.00', '99.55', '0.00', 'USD', '2025-10-19 17:36:32', NULL, 'On the side', '2025-10-19 18:03:32', '2025-11-21 10:09:47', '2025-11-21 10:09:49', 'pickup', NULL, 'unpaid', NULL, NULL, NULL, NULL, NULL, 0),
(222, 1, NULL, 5, NULL, 'NKH-DT-20250930-3726-71c', 'pending', 0, 'preparing', 'pending', '18.00', '1.80', '0.00', '19.80', '0.00', 'USD', '2025-09-30 12:37:50', NULL, 'On the side', '2025-09-30 13:12:50', '2025-11-21 10:09:47', '2025-11-21 10:09:49', 'delivery', NULL, 'unpaid', NULL, NULL, NULL, NULL, NULL, 0),
(223, 1, 13, 9, NULL, 'NKH-DT-20251111-8558-12e', 'pending', 0, 'completed', 'pending', '21.50', '2.15', '0.00', '23.65', '0.00', 'USD', '2025-11-11 05:35:11', '2025-11-11 05:35:11', 'Gluten free preparation', '2025-11-11 04:57:11', '2025-11-21 10:09:47', '2025-11-21 10:09:49', 'dine-in', NULL, 'unpaid', NULL, NULL, NULL, NULL, NULL, 0),
(224, 1, NULL, 2, NULL, 'NKH-DT-20251009-2346-d87', 'pending', 0, 'ready', 'pending', '5.50', '0.55', '0.00', '6.05', '0.00', 'USD', '2025-10-09 19:32:16', NULL, 'Make it spicy', '2025-10-09 20:20:16', '2025-11-21 10:09:47', '2025-11-21 10:09:49', 'delivery', NULL, 'unpaid', NULL, NULL, NULL, NULL, NULL, 0),
(225, 1, NULL, 9, NULL, 'NKH-DT-20250822-5926-154', 'pending', 0, 'pending', 'pending', '120.00', '12.00', '0.00', '132.00', '0.00', 'USD', '2025-08-22 22:09:18', NULL, 'No spicy please', '2025-08-22 22:56:18', '2025-11-21 10:09:47', '2025-11-21 10:09:49', 'delivery', NULL, 'unpaid', NULL, NULL, NULL, NULL, NULL, 0),
(226, 1, 1, 11, NULL, 'NKH-DT-20251012-7542-e3a', 'pending', 0, 'completed', 'pending', '104.50', '10.45', '0.00', '114.95', '0.00', 'USD', '2025-10-12 03:47:55', '2025-10-12 03:47:55', 'Extra vegetables', '2025-10-12 03:25:55', '2025-11-21 10:09:47', '2025-11-21 10:09:49', 'dine-in', NULL, 'unpaid', NULL, NULL, NULL, NULL, NULL, 0),
(227, 1, NULL, 11, NULL, 'NKH-DT-20251025-8716-b8f', 'pending', 0, 'completed', 'pending', '95.50', '9.55', '0.00', '105.05', '0.00', 'USD', '2025-10-26 00:54:24', '2025-10-26 00:54:24', 'Extra sauce', '2025-10-26 00:35:24', '2025-11-21 10:09:47', '2025-11-21 10:09:49', 'delivery', NULL, 'unpaid', NULL, NULL, NULL, NULL, NULL, 0),
(228, 1, NULL, 6, NULL, 'NKH-DT-20251005-6854-915', 'pending', 0, 'ready', 'pending', '125.00', '12.50', '0.00', '137.50', '0.00', 'USD', '2025-10-05 09:37:53', NULL, NULL, '2025-10-05 10:18:53', '2025-11-21 10:09:47', '2025-11-21 10:09:49', 'delivery', NULL, 'unpaid', NULL, NULL, NULL, NULL, NULL, 0),
(229, 1, NULL, 3, NULL, 'NKH-DT-20251020-3869-950', 'pending', 0, 'completed', 'pending', '13.50', '1.35', '0.00', '14.85', '0.00', 'USD', '2025-10-20 16:58:13', '2025-10-20 16:58:13', NULL, '2025-10-20 16:23:13', '2025-11-21 10:09:47', '2025-11-21 10:09:49', 'pickup', NULL, 'unpaid', NULL, NULL, NULL, NULL, NULL, 0),
(230, 1, NULL, 5, NULL, 'NKH-DT-20250913-6040-da6', 'pending', 0, 'completed', 'pending', '96.00', '9.60', '0.00', '105.60', '0.00', 'USD', '2025-09-13 04:30:26', '2025-09-13 04:30:26', 'Extra vegetables', '2025-09-13 04:22:26', '2025-11-21 10:09:47', '2025-11-21 10:09:49', 'pickup', NULL, 'unpaid', NULL, NULL, NULL, NULL, NULL, 0),
(231, 1, NULL, 7, NULL, 'NKH-DT-20251101-8882-21f', 'pending', 0, 'received', 'pending', '194.50', '19.45', '0.00', '213.95', '0.00', 'USD', '2025-11-01 06:16:17', NULL, NULL, '2025-11-01 06:47:17', '2025-11-21 10:09:47', '2025-11-21 10:09:49', 'delivery', NULL, 'unpaid', NULL, NULL, NULL, NULL, NULL, 0),
(232, 1, 1, 4, NULL, 'NKH-DT-20251004-8070-47e', 'pending', 0, 'completed', 'pending', '179.50', '17.95', '0.00', '197.45', '0.00', 'USD', '2025-10-04 05:17:36', '2025-10-04 05:17:36', 'No onions', '2025-10-04 05:14:36', '2025-11-21 10:09:47', '2025-11-21 10:09:49', 'dine-in', NULL, 'unpaid', NULL, NULL, NULL, NULL, NULL, 0),
(233, 1, 21, 6, NULL, 'NKH-DT-20251026-7036-6bd', 'pending', 0, 'received', 'pending', '140.50', '14.05', '6.86', '147.69', '0.00', 'USD', '2025-10-26 07:39:29', NULL, NULL, '2025-10-26 07:59:29', '2025-11-21 10:09:47', '2025-11-21 10:09:49', 'dine-in', NULL, 'unpaid', NULL, NULL, NULL, NULL, NULL, 0),
(234, 1, 21, 1, NULL, 'NKH-DT-20251009-5037-d48', 'pending', 0, 'preparing', 'pending', '138.50', '13.85', '0.00', '152.35', '0.00', 'USD', '2025-10-09 19:04:15', NULL, NULL, '2025-10-09 19:34:15', '2025-11-21 10:09:47', '2025-11-21 10:09:49', 'dine-in', NULL, 'unpaid', NULL, NULL, NULL, NULL, NULL, 0),
(235, 1, 26, 9, NULL, 'NKH-DT-20251031-2102-d82', 'pending', 0, 'completed', 'pending', '90.50', '9.05', '8.45', '91.10', '0.00', 'USD', '2025-10-31 09:07:41', '2025-10-31 09:07:41', NULL, '2025-10-31 08:55:41', '2025-11-21 10:09:47', '2025-11-21 10:09:49', 'dine-in', NULL, 'unpaid', NULL, NULL, NULL, NULL, NULL, 0),
(236, 1, NULL, 7, NULL, 'NKH-DT-20250909-5279-7d7', 'pending', 0, 'completed', 'pending', '138.50', '13.85', '0.00', '152.35', '0.00', 'USD', '2025-09-09 08:23:56', '2025-09-09 08:23:56', 'Extra vegetables', '2025-09-09 08:27:56', '2025-11-21 10:09:47', '2025-11-21 10:09:49', 'pickup', NULL, 'unpaid', NULL, NULL, NULL, NULL, NULL, 0),
(237, 1, NULL, 1, NULL, 'NKH-DT-20250924-1223-d90', 'pending', 0, 'ready', 'pending', '99.50', '9.95', '0.00', '109.45', '0.00', 'USD', '2025-09-24 15:58:10', NULL, NULL, '2025-09-24 16:33:10', '2025-11-21 10:09:47', '2025-11-21 10:09:49', 'pickup', NULL, 'unpaid', NULL, NULL, NULL, NULL, NULL, 0),
(238, 1, 34, 4, NULL, 'NKH-DT-20250911-4828-289', 'pending', 0, 'completed', 'pending', '137.50', '13.75', '0.00', '151.25', '0.00', 'USD', '2025-09-11 15:10:29', '2025-09-11 15:10:29', NULL, '2025-09-11 15:01:29', '2025-11-21 10:09:47', '2025-11-21 10:09:49', 'dine-in', NULL, 'unpaid', NULL, NULL, NULL, NULL, NULL, 0),
(239, 1, 20, 3, NULL, 'NKH-DT-20251105-4320-a85', 'pending', 0, 'completed', 'pending', '99.00', '9.90', '0.00', '108.90', '0.00', 'USD', '2025-11-05 21:26:53', '2025-11-05 21:26:53', NULL, '2025-11-05 21:07:53', '2025-11-21 10:09:47', '2025-11-21 10:09:49', 'dine-in', NULL, 'unpaid', NULL, NULL, NULL, NULL, NULL, 0),
(240, 1, 26, 9, NULL, 'NKH-DT-20250912-2400-38e', 'pending', 0, 'pending', 'pending', '47.50', '4.75', '0.00', '52.25', '0.00', 'USD', '2025-09-12 21:00:37', NULL, 'No spicy please', '2025-09-12 21:20:37', '2025-11-21 10:09:47', '2025-11-21 10:09:49', 'dine-in', NULL, 'unpaid', NULL, NULL, NULL, NULL, NULL, 0),
(241, 1, NULL, 2, NULL, 'NKH-DT-20251119-9951-c0c', 'pending', 0, 'ready', 'pending', '132.00', '13.20', '0.00', '145.20', '0.00', 'USD', '2025-11-19 05:16:42', NULL, 'Vegetarian option', '2025-11-19 05:49:42', '2025-11-21 10:09:47', '2025-11-21 10:09:49', 'pickup', NULL, 'unpaid', NULL, NULL, NULL, NULL, NULL, 0),
(242, 1, NULL, 4, NULL, 'NKH-DT-20251029-8029-e46', 'pending', 0, 'preparing', 'pending', '123.00', '12.30', '0.00', '135.30', '0.00', 'USD', '2025-10-29 11:52:22', NULL, NULL, '2025-10-29 12:15:22', '2025-11-21 10:09:47', '2025-11-21 10:09:49', 'pickup', NULL, 'unpaid', NULL, NULL, NULL, NULL, NULL, 0),
(243, 1, 25, 3, NULL, 'NKH-DT-20251105-7015-484', 'pending', 0, 'ready', 'pending', '16.50', '1.65', '0.00', '18.15', '0.00', 'USD', '2025-11-05 03:05:08', NULL, 'Vegetarian option', '2025-11-05 03:34:08', '2025-11-21 10:09:47', '2025-11-21 10:09:49', 'dine-in', NULL, 'unpaid', NULL, NULL, NULL, NULL, NULL, 0),
(244, 1, NULL, 8, NULL, 'NKH-DT-20250908-8092-f8b', 'pending', 0, 'ready', 'pending', '21.50', '2.15', '0.00', '23.65', '0.00', 'USD', '2025-09-08 05:20:14', NULL, NULL, '2025-09-08 05:52:14', '2025-11-21 10:09:47', '2025-11-21 10:09:49', 'delivery', NULL, 'unpaid', NULL, NULL, NULL, NULL, NULL, 0),
(245, 1, 29, 4, NULL, 'NKH-DT-20250927-0250-687', 'pending', 0, 'ready', 'pending', '129.00', '12.90', '8.47', '133.43', '0.00', 'USD', '2025-09-27 11:26:21', NULL, 'Less salt', '2025-09-27 11:50:21', '2025-11-21 10:09:47', '2025-11-21 10:09:49', 'dine-in', NULL, 'unpaid', NULL, NULL, NULL, NULL, NULL, 0),
(246, 1, 6, 10, NULL, 'NKH-DT-20250919-6381-d62', 'pending', 0, 'completed', 'pending', '7.00', '0.70', '0.00', '7.70', '0.00', 'USD', '2025-09-19 06:12:12', '2025-09-19 06:12:12', 'Gluten free preparation', '2025-09-19 06:01:12', '2025-11-21 10:09:47', '2025-11-21 10:09:49', 'dine-in', NULL, 'unpaid', NULL, NULL, NULL, NULL, NULL, 0),
(247, 1, NULL, 11, NULL, 'NKH-DT-20251009-8125-c72', 'pending', 0, 'completed', 'pending', '79.50', '7.95', '0.00', '87.45', '0.00', 'USD', '2025-10-09 23:32:17', '2025-10-09 23:32:17', 'On the side', '2025-10-09 23:16:17', '2025-11-21 10:09:47', '2025-11-21 10:09:49', 'pickup', NULL, 'unpaid', NULL, NULL, NULL, NULL, NULL, 0),
(248, 1, NULL, 6, NULL, 'NKH-DT-20250926-7661-f8c', 'pending', 0, 'preparing', 'pending', '111.50', '11.15', '0.00', '122.65', '0.00', 'USD', '2025-09-26 03:31:30', NULL, NULL, '2025-09-26 04:05:30', '2025-11-21 10:09:47', '2025-11-21 10:09:49', 'pickup', NULL, 'unpaid', NULL, NULL, NULL, NULL, NULL, 0),
(249, 1, NULL, 3, NULL, 'NKH-DT-20251113-2373-68e', 'pending', 0, 'completed', 'pending', '141.50', '14.15', '0.00', '155.65', '0.00', 'USD', '2025-11-13 07:53:27', '2025-11-13 07:53:27', 'On the side', '2025-11-13 07:48:27', '2025-11-21 10:09:47', '2025-11-21 10:09:49', 'pickup', NULL, 'unpaid', NULL, NULL, NULL, NULL, NULL, 0),
(250, 1, NULL, 2, NULL, 'NKH-DT-20251103-7670-02c', 'pending', 0, 'pending', 'pending', '110.00', '11.00', '0.00', '121.00', '0.00', 'USD', '2025-11-03 22:28:16', NULL, NULL, '2025-11-03 23:12:16', '2025-11-21 10:09:47', '2025-11-21 10:09:49', 'delivery', NULL, 'unpaid', NULL, NULL, NULL, NULL, NULL, 0);

INSERT INTO `payment_methods` (`id`, `name`, `code`, `type`, `processing_fee`, `description`, `display_order`, `is_active`, `created_at`, `updated_at`) VALUES
(1, 'Cash', 'CASH', 'cash', '0.00', 'Cash payment', 0, 1, '2025-11-21 10:09:47', '2025-11-21 10:09:47'),
(2, 'Credit Card', 'CREDIT', 'card', '2.50', 'Visa, MasterCard, American Express', 0, 1, '2025-11-21 10:09:47', '2025-11-21 10:09:47'),
(3, 'Debit Card', 'DEBIT', 'card', '1.50', 'Bank debit cards', 0, 1, '2025-11-21 10:09:47', '2025-11-21 10:09:47'),
(4, 'Mobile Payment', 'MOBILE', 'digital', '1.00', 'ABA Mobile, Wing, Pi Pay', 0, 1, '2025-11-21 10:09:47', '2025-11-21 10:09:47'),
(5, 'Bank Transfer', 'TRANSFER', 'transfer', '0.50', 'Direct bank transfer', 0, 1, '2025-11-21 10:09:47', '2025-11-21 10:09:47'),
(6, 'Gift Card', 'GIFT', 'voucher', '0.00', 'Restaurant gift cards', 0, 1, '2025-11-21 10:09:47', '2025-11-21 10:09:47');


INSERT INTO `permissions` (`id`, `name`, `slug`, `description`, `created_at`, `updated_at`) VALUES
(1, 'Manage Users', 'users.manage', NULL, '2025-11-21 10:09:36', '2025-11-21 10:09:36'),
(2, 'Manage Roles', 'roles.manage', NULL, '2025-11-21 10:09:36', '2025-11-21 10:09:36'),
(3, 'Manage Permissions', 'permissions.manage', NULL, '2025-11-21 10:09:36', '2025-11-21 10:09:36'),
(4, 'Manage Locations', 'locations.manage', NULL, '2025-11-21 10:09:36', '2025-11-21 10:09:36'),
(5, 'Manage Settings', 'settings.manage', NULL, '2025-11-21 10:09:36', '2025-11-21 10:09:36'),
(6, 'View Employees', 'employees.view', NULL, '2025-11-21 10:09:36', '2025-11-21 10:09:36'),
(7, 'Create Employees', 'employees.create', NULL, '2025-11-21 10:09:36', '2025-11-21 10:09:36'),
(8, 'Update Employees', 'employees.update', NULL, '2025-11-21 10:09:36', '2025-11-21 10:09:36'),
(9, 'Delete Employees', 'employees.delete', NULL, '2025-11-21 10:09:36', '2025-11-21 10:09:36'),
(10, 'View Menu Items', 'menu_items.view', NULL, '2025-11-21 10:09:36', '2025-11-21 10:09:36'),
(11, 'Create Menu Items', 'menu_items.create', NULL, '2025-11-21 10:09:36', '2025-11-21 10:09:36'),
(12, 'Update Menu Items', 'menu_items.update', NULL, '2025-11-21 10:09:36', '2025-11-21 10:09:36'),
(13, 'Delete Menu Items', 'menu_items.delete', NULL, '2025-11-21 10:09:36', '2025-11-21 10:09:36'),
(14, 'View Orders', 'orders.view', NULL, '2025-11-21 10:09:36', '2025-11-21 10:09:36'),
(15, 'Create Orders', 'orders.create', NULL, '2025-11-21 10:09:36', '2025-11-21 10:09:36'),
(16, 'Update Orders', 'orders.update', NULL, '2025-11-21 10:09:36', '2025-11-21 10:09:36'),
(17, 'Delete Orders', 'orders.delete', NULL, '2025-11-21 10:09:36', '2025-11-21 10:09:36'),
(18, 'View Inventory', 'inventory.view', NULL, '2025-11-21 10:09:36', '2025-11-21 10:09:36'),
(19, 'Update Inventory', 'inventory.update', NULL, '2025-11-21 10:09:36', '2025-11-21 10:09:36'),
(20, 'Process Payments', 'payments.process', NULL, '2025-11-21 10:09:36', '2025-11-21 10:09:36'),
(21, 'Process Refunds', 'refunds.process', NULL, '2025-11-21 10:09:36', '2025-11-21 10:09:36'),
(22, 'Manage Promotions', 'promotions.manage', NULL, '2025-11-21 10:09:36', '2025-11-21 10:09:36'),
(23, 'View Reports', 'reports.view', NULL, '2025-11-21 10:09:36', '2025-11-21 10:09:36');

INSERT INTO `positions` (`id`, `title`, `description`, `is_active`, `created_at`, `updated_at`) VALUES
(1, 'General Manager', 'Overall restaurant operations management', 1, '2025-11-21 10:09:36', '2025-11-21 10:09:36'),
(2, 'Assistant Manager', 'Assists in daily operations and staff supervision', 1, '2025-11-21 10:09:36', '2025-11-21 10:09:36'),
(3, 'Head Chef', 'Kitchen operations and menu development', 1, '2025-11-21 10:09:36', '2025-11-21 10:09:36'),
(4, 'Sous Chef', 'Assists head chef and manages kitchen staff', 1, '2025-11-21 10:09:36', '2025-11-21 10:09:36'),
(5, 'Line Cook', 'Food preparation and cooking', 1, '2025-11-21 10:09:36', '2025-11-21 10:09:36'),
(6, 'Prep Cook', 'Food preparation and ingredient prep', 1, '2025-11-21 10:09:36', '2025-11-21 10:09:36'),
(7, 'Head Waiter', 'Supervises wait staff and ensures service quality', 1, '2025-11-21 10:09:36', '2025-11-21 10:09:36'),
(8, 'Waiter', 'Customer service and order taking', 1, '2025-11-21 10:09:36', '2025-11-21 10:09:36'),
(9, 'Bartender', 'Beverage preparation and bar service', 1, '2025-11-21 10:09:36', '2025-11-21 10:09:36'),
(10, 'Cashier', 'Payment processing and customer checkout', 1, '2025-11-21 10:09:36', '2025-11-21 10:09:36'),
(11, 'Host/Hostess', 'Guest greeting and seating coordination', 1, '2025-11-21 10:09:36', '2025-11-21 10:09:36'),
(12, 'Dishwasher', 'Kitchen cleaning and dishware maintenance', 1, '2025-11-21 10:09:36', '2025-11-21 10:09:36'),
(13, 'Cleaner', 'Restaurant cleaning and maintenance', 1, '2025-11-21 10:09:36', '2025-11-21 10:09:36');



INSERT INTO `recipe_ingredients` (`id`, `recipe_id`, `ingredient_id`, `quantity`, `unit`, `created_at`, `updated_at`) VALUES
(1, 1, 11, '207.000', 'kg', '2025-11-21 10:09:43', '2025-11-21 10:09:43'),
(2, 1, 32, '445.000', 'kg', '2025-11-21 10:09:43', '2025-11-21 10:09:43'),
(3, 1, 39, '374.000', 'unit', '2025-11-21 10:09:43', '2025-11-21 10:09:43'),
(4, 2, 12, '479.000', 'kg', '2025-11-21 10:09:43', '2025-11-21 10:09:43'),
(5, 2, 13, '449.000', 'unit', '2025-11-21 10:09:43', '2025-11-21 10:09:43'),
(6, 2, 28, '448.000', 'kg', '2025-11-21 10:09:43', '2025-11-21 10:09:43'),
(7, 2, 31, '60.000', 'kg', '2025-11-21 10:09:43', '2025-11-21 10:09:43'),
(8, 2, 32, '336.000', 'kg', '2025-11-21 10:09:43', '2025-11-21 10:09:43'),
(9, 2, 35, '213.000', 'l', '2025-11-21 10:09:43', '2025-11-21 10:09:43'),
(10, 3, 11, '380.000', 'kg', '2025-11-21 10:09:43', '2025-11-21 10:09:43'),
(11, 3, 15, '316.000', 'kg', '2025-11-21 10:09:43', '2025-11-21 10:09:43'),
(12, 3, 17, '347.000', 'kg', '2025-11-21 10:09:43', '2025-11-21 10:09:43'),
(13, 3, 24, '460.000', 'l', '2025-11-21 10:09:43', '2025-11-21 10:09:43'),
(14, 3, 26, '170.000', 'l', '2025-11-21 10:09:43', '2025-11-21 10:09:43'),
(15, 3, 41, '254.000', 'kg', '2025-11-21 10:09:43', '2025-11-21 10:09:43'),
(16, 4, 1, '366.000', 'kg', '2025-11-21 10:09:43', '2025-11-21 10:09:43'),
(17, 4, 22, '211.000', 'kg', '2025-11-21 10:09:43', '2025-11-21 10:09:43'),
(18, 4, 35, '179.000', 'l', '2025-11-21 10:09:43', '2025-11-21 10:09:43'),
(19, 5, 1, '160.000', 'kg', '2025-11-21 10:09:43', '2025-11-21 10:09:43'),
(20, 5, 11, '241.000', 'kg', '2025-11-21 10:09:43', '2025-11-21 10:09:43'),
(21, 5, 15, '198.000', 'kg', '2025-11-21 10:09:43', '2025-11-21 10:09:43'),
(22, 5, 30, '181.000', 'kg', '2025-11-21 10:09:43', '2025-11-21 10:09:43'),
(23, 6, 3, '401.000', 'kg', '2025-11-21 10:09:43', '2025-11-21 10:09:43'),
(24, 6, 14, '297.000', 'kg', '2025-11-21 10:09:43', '2025-11-21 10:09:43'),
(25, 6, 15, '483.000', 'kg', '2025-11-21 10:09:43', '2025-11-21 10:09:43'),
(26, 6, 19, '414.000', 'kg', '2025-11-21 10:09:43', '2025-11-21 10:09:43'),
(27, 6, 25, '106.000', 'l', '2025-11-21 10:09:43', '2025-11-21 10:09:43'),
(28, 6, 32, '163.000', 'kg', '2025-11-21 10:09:43', '2025-11-21 10:09:43'),
(29, 6, 36, '471.000', 'l', '2025-11-21 10:09:43', '2025-11-21 10:09:43'),
(30, 7, 1, '103.000', 'kg', '2025-11-21 10:09:43', '2025-11-21 10:09:43'),
(31, 7, 3, '385.000', 'kg', '2025-11-21 10:09:43', '2025-11-21 10:09:43'),
(32, 7, 30, '86.000', 'kg', '2025-11-21 10:09:43', '2025-11-21 10:09:43'),
(33, 7, 32, '316.000', 'kg', '2025-11-21 10:09:43', '2025-11-21 10:09:43'),
(34, 7, 40, '359.000', 'l', '2025-11-21 10:09:43', '2025-11-21 10:09:43'),
(35, 8, 19, '366.000', 'kg', '2025-11-21 10:09:43', '2025-11-21 10:09:43'),
(36, 8, 21, '338.000', 'kg', '2025-11-21 10:09:43', '2025-11-21 10:09:43'),
(37, 8, 23, '217.000', 'kg', '2025-11-21 10:09:43', '2025-11-21 10:09:43'),
(38, 9, 1, '373.000', 'kg', '2025-11-21 10:09:43', '2025-11-21 10:09:43'),
(39, 9, 14, '340.000', 'kg', '2025-11-21 10:09:43', '2025-11-21 10:09:43'),
(40, 9, 18, '204.000', 'kg', '2025-11-21 10:09:43', '2025-11-21 10:09:43'),
(41, 9, 26, '236.000', 'l', '2025-11-21 10:09:43', '2025-11-21 10:09:43'),
(42, 10, 11, '191.000', 'kg', '2025-11-21 10:09:43', '2025-11-21 10:09:43'),
(43, 10, 16, '163.000', 'kg', '2025-11-21 10:09:43', '2025-11-21 10:09:43'),
(44, 10, 37, '333.000', 'kg', '2025-11-21 10:09:43', '2025-11-21 10:09:43'),
(45, 11, 3, '393.000', 'kg', '2025-11-21 10:09:43', '2025-11-21 10:09:43'),
(46, 11, 13, '56.000', 'unit', '2025-11-21 10:09:43', '2025-11-21 10:09:43'),
(47, 11, 16, '262.000', 'kg', '2025-11-21 10:09:43', '2025-11-21 10:09:43'),
(48, 11, 24, '401.000', 'l', '2025-11-21 10:09:43', '2025-11-21 10:09:43'),
(49, 12, 8, '352.000', 'kg', '2025-11-21 10:09:43', '2025-11-21 10:09:43'),
(50, 12, 13, '282.000', 'unit', '2025-11-21 10:09:43', '2025-11-21 10:09:43'),
(51, 12, 15, '329.000', 'kg', '2025-11-21 10:09:43', '2025-11-21 10:09:43'),
(52, 12, 22, '279.000', 'kg', '2025-11-21 10:09:43', '2025-11-21 10:09:43'),
(53, 12, 25, '479.000', 'l', '2025-11-21 10:09:43', '2025-11-21 10:09:43'),
(54, 12, 31, '390.000', 'kg', '2025-11-21 10:09:43', '2025-11-21 10:09:43'),
(55, 13, 24, '343.000', 'l', '2025-11-21 10:09:43', '2025-11-21 10:09:43'),
(56, 13, 35, '250.000', 'l', '2025-11-21 10:09:43', '2025-11-21 10:09:43'),
(57, 13, 37, '491.000', 'kg', '2025-11-21 10:09:43', '2025-11-21 10:09:43'),
(58, 14, 7, '233.000', 'kg', '2025-11-21 10:09:43', '2025-11-21 10:09:43'),
(59, 14, 12, '192.000', 'kg', '2025-11-21 10:09:43', '2025-11-21 10:09:43'),
(60, 14, 13, '118.000', 'unit', '2025-11-21 10:09:43', '2025-11-21 10:09:43'),
(61, 14, 14, '56.000', 'kg', '2025-11-21 10:09:43', '2025-11-21 10:09:43'),
(62, 14, 18, '168.000', 'kg', '2025-11-21 10:09:43', '2025-11-21 10:09:43'),
(63, 14, 29, '67.000', 'kg', '2025-11-21 10:09:43', '2025-11-21 10:09:43'),
(64, 14, 31, '119.000', 'kg', '2025-11-21 10:09:43', '2025-11-21 10:09:43'),
(65, 15, 5, '457.000', 'kg', '2025-11-21 10:09:43', '2025-11-21 10:09:43'),
(66, 15, 7, '480.000', 'kg', '2025-11-21 10:09:43', '2025-11-21 10:09:43'),
(67, 15, 8, '54.000', 'kg', '2025-11-21 10:09:43', '2025-11-21 10:09:43'),
(68, 15, 25, '142.000', 'l', '2025-11-21 10:09:43', '2025-11-21 10:09:43'),
(69, 15, 26, '470.000', 'l', '2025-11-21 10:09:43', '2025-11-21 10:09:43'),
(70, 15, 41, '483.000', 'kg', '2025-11-21 10:09:43', '2025-11-21 10:09:43'),
(71, 16, 2, '170.000', 'kg', '2025-11-21 10:09:43', '2025-11-21 10:09:43'),
(72, 16, 3, '285.000', 'kg', '2025-11-21 10:09:43', '2025-11-21 10:09:43'),
(73, 16, 8, '458.000', 'kg', '2025-11-21 10:09:43', '2025-11-21 10:09:43'),
(74, 16, 15, '417.000', 'kg', '2025-11-21 10:09:43', '2025-11-21 10:09:43'),
(75, 16, 20, '378.000', 'kg', '2025-11-21 10:09:43', '2025-11-21 10:09:43'),
(76, 16, 31, '245.000', 'kg', '2025-11-21 10:09:43', '2025-11-21 10:09:43'),
(77, 17, 17, '433.000', 'kg', '2025-11-21 10:09:43', '2025-11-21 10:09:43'),
(78, 17, 21, '458.000', 'kg', '2025-11-21 10:09:43', '2025-11-21 10:09:43'),
(79, 17, 42, '266.000', 'kg', '2025-11-21 10:09:43', '2025-11-21 10:09:43'),
(80, 18, 2, '467.000', 'kg', '2025-11-21 10:09:43', '2025-11-21 10:09:43'),
(81, 18, 16, '108.000', 'kg', '2025-11-21 10:09:43', '2025-11-21 10:09:43'),
(82, 18, 20, '497.000', 'kg', '2025-11-21 10:09:43', '2025-11-21 10:09:43'),
(83, 18, 34, '426.000', 'unit', '2025-11-21 10:09:43', '2025-11-21 10:09:43'),
(84, 18, 37, '283.000', 'kg', '2025-11-21 10:09:43', '2025-11-21 10:09:43'),
(85, 19, 4, '269.000', 'kg', '2025-11-21 10:09:43', '2025-11-21 10:09:43'),
(86, 19, 20, '183.000', 'kg', '2025-11-21 10:09:43', '2025-11-21 10:09:43'),
(87, 19, 29, '361.000', 'kg', '2025-11-21 10:09:43', '2025-11-21 10:09:43'),
(88, 19, 38, '57.000', 'kg', '2025-11-21 10:09:43', '2025-11-21 10:09:43'),
(89, 19, 42, '65.000', 'kg', '2025-11-21 10:09:43', '2025-11-21 10:09:43'),
(90, 20, 1, '173.000', 'kg', '2025-11-21 10:09:43', '2025-11-21 10:09:43'),
(91, 20, 4, '79.000', 'kg', '2025-11-21 10:09:43', '2025-11-21 10:09:43'),
(92, 20, 19, '356.000', 'kg', '2025-11-21 10:09:43', '2025-11-21 10:09:43'),
(93, 21, 5, '469.000', 'kg', '2025-11-21 10:09:43', '2025-11-21 10:09:43'),
(94, 21, 12, '90.000', 'kg', '2025-11-21 10:09:43', '2025-11-21 10:09:43'),
(95, 21, 28, '55.000', 'kg', '2025-11-21 10:09:43', '2025-11-21 10:09:43'),
(96, 21, 31, '239.000', 'kg', '2025-11-21 10:09:43', '2025-11-21 10:09:43'),
(97, 21, 42, '114.000', 'kg', '2025-11-21 10:09:43', '2025-11-21 10:09:43'),
(98, 22, 7, '147.000', 'kg', '2025-11-21 10:09:43', '2025-11-21 10:09:43'),
(99, 22, 10, '236.000', 'kg', '2025-11-21 10:09:43', '2025-11-21 10:09:43'),
(100, 22, 19, '253.000', 'kg', '2025-11-21 10:09:43', '2025-11-21 10:09:43'),
(101, 22, 22, '82.000', 'kg', '2025-11-21 10:09:43', '2025-11-21 10:09:43'),
(102, 22, 38, '450.000', 'kg', '2025-11-21 10:09:43', '2025-11-21 10:09:43'),
(103, 22, 39, '341.000', 'unit', '2025-11-21 10:09:43', '2025-11-21 10:09:43'),
(104, 22, 42, '149.000', 'kg', '2025-11-21 10:09:43', '2025-11-21 10:09:43'),
(105, 23, 5, '121.000', 'kg', '2025-11-21 10:09:43', '2025-11-21 10:09:43'),
(106, 23, 20, '355.000', 'kg', '2025-11-21 10:09:43', '2025-11-21 10:09:43'),
(107, 23, 21, '483.000', 'kg', '2025-11-21 10:09:43', '2025-11-21 10:09:43'),
(108, 24, 23, '128.000', 'kg', '2025-11-21 10:09:43', '2025-11-21 10:09:43'),
(109, 24, 25, '201.000', 'l', '2025-11-21 10:09:43', '2025-11-21 10:09:43'),
(110, 24, 35, '264.000', 'l', '2025-11-21 10:09:43', '2025-11-21 10:09:43'),
(111, 24, 39, '413.000', 'unit', '2025-11-21 10:09:43', '2025-11-21 10:09:43'),
(112, 25, 3, '187.000', 'kg', '2025-11-21 10:09:43', '2025-11-21 10:09:43'),
(113, 25, 12, '119.000', 'kg', '2025-11-21 10:09:43', '2025-11-21 10:09:43'),
(114, 25, 36, '145.000', 'l', '2025-11-21 10:09:43', '2025-11-21 10:09:43'),
(115, 25, 38, '57.000', 'kg', '2025-11-21 10:09:43', '2025-11-21 10:09:43'),
(116, 25, 39, '219.000', 'unit', '2025-11-21 10:09:43', '2025-11-21 10:09:43'),
(117, 26, 5, '201.000', 'kg', '2025-11-21 10:09:43', '2025-11-21 10:09:43'),
(118, 26, 10, '70.000', 'kg', '2025-11-21 10:09:43', '2025-11-21 10:09:43'),
(119, 26, 13, '335.000', 'unit', '2025-11-21 10:09:43', '2025-11-21 10:09:43'),
(120, 26, 20, '196.000', 'kg', '2025-11-21 10:09:43', '2025-11-21 10:09:43'),
(121, 26, 31, '262.000', 'kg', '2025-11-21 10:09:43', '2025-11-21 10:09:43'),
(122, 26, 39, '152.000', 'unit', '2025-11-21 10:09:43', '2025-11-21 10:09:43'),
(123, 26, 42, '262.000', 'kg', '2025-11-21 10:09:43', '2025-11-21 10:09:43'),
(124, 27, 11, '270.000', 'kg', '2025-11-21 10:09:43', '2025-11-21 10:09:43'),
(125, 27, 36, '416.000', 'l', '2025-11-21 10:09:43', '2025-11-21 10:09:43'),
(126, 27, 41, '127.000', 'kg', '2025-11-21 10:09:43', '2025-11-21 10:09:43'),
(127, 28, 19, '450.000', 'kg', '2025-11-21 10:09:43', '2025-11-21 10:09:43'),
(128, 28, 20, '89.000', 'kg', '2025-11-21 10:09:43', '2025-11-21 10:09:43'),
(129, 28, 26, '457.000', 'l', '2025-11-21 10:09:43', '2025-11-21 10:09:43'),
(130, 28, 40, '346.000', 'l', '2025-11-21 10:09:43', '2025-11-21 10:09:43'),
(131, 29, 9, '292.000', 'kg', '2025-11-21 10:09:43', '2025-11-21 10:09:43'),
(132, 29, 32, '209.000', 'kg', '2025-11-21 10:09:43', '2025-11-21 10:09:43'),
(133, 29, 42, '378.000', 'kg', '2025-11-21 10:09:43', '2025-11-21 10:09:43'),
(134, 30, 6, '446.000', 'kg', '2025-11-21 10:09:43', '2025-11-21 10:09:43'),
(135, 30, 11, '59.000', 'kg', '2025-11-21 10:09:43', '2025-11-21 10:09:43'),
(136, 30, 28, '140.000', 'kg', '2025-11-21 10:09:43', '2025-11-21 10:09:43'),
(137, 30, 36, '427.000', 'l', '2025-11-21 10:09:43', '2025-11-21 10:09:43'),
(138, 30, 41, '362.000', 'kg', '2025-11-21 10:09:43', '2025-11-21 10:09:43'),
(139, 30, 42, '493.000', 'kg', '2025-11-21 10:09:43', '2025-11-21 10:09:43'),
(140, 31, 5, '81.000', 'kg', '2025-11-21 10:09:43', '2025-11-21 10:09:43'),
(141, 31, 21, '430.000', 'kg', '2025-11-21 10:09:43', '2025-11-21 10:09:43'),
(142, 31, 22, '201.000', 'kg', '2025-11-21 10:09:43', '2025-11-21 10:09:43'),
(143, 31, 25, '256.000', 'l', '2025-11-21 10:09:43', '2025-11-21 10:09:43'),
(144, 31, 28, '234.000', 'kg', '2025-11-21 10:09:43', '2025-11-21 10:09:43'),
(145, 31, 34, '151.000', 'unit', '2025-11-21 10:09:43', '2025-11-21 10:09:43'),
(146, 31, 40, '94.000', 'l', '2025-11-21 10:09:43', '2025-11-21 10:09:43'),
(147, 32, 6, '63.000', 'kg', '2025-11-21 10:09:43', '2025-11-21 10:09:43'),
(148, 32, 11, '238.000', 'kg', '2025-11-21 10:09:43', '2025-11-21 10:09:43'),
(149, 32, 14, '193.000', 'kg', '2025-11-21 10:09:43', '2025-11-21 10:09:43'),
(150, 32, 17, '378.000', 'kg', '2025-11-21 10:09:43', '2025-11-21 10:09:43'),
(151, 32, 31, '86.000', 'kg', '2025-11-21 10:09:43', '2025-11-21 10:09:43'),
(152, 33, 2, '320.000', 'kg', '2025-11-21 10:09:43', '2025-11-21 10:09:43'),
(153, 33, 32, '417.000', 'kg', '2025-11-21 10:09:43', '2025-11-21 10:09:43'),
(154, 33, 39, '186.000', 'unit', '2025-11-21 10:09:43', '2025-11-21 10:09:43');
INSERT INTO `recipes` (`id`, `menu_item_id`, `yield_portions`, `instructions`, `created_at`, `updated_at`) VALUES
(1, 1, 4, '1. Prepare all ingredients\n2. Heat oil in a large pan/wok\n3. Cook main ingredients\n4. Add seasonings and spices\n5. Combine with remaining ingredients\n6. Simmer until done\n7. Check seasoning and adjust if needed\n8. Plate and garnish', '2025-11-21 10:09:43', '2025-11-21 10:09:43'),
(2, 2, 2, '1. Prepare all ingredients\n2. Heat oil in a large pan/wok\n3. Cook main ingredients\n4. Add seasonings and spices\n5. Combine with remaining ingredients\n6. Simmer until done\n7. Check seasoning and adjust if needed\n8. Plate and garnish', '2025-11-21 10:09:43', '2025-11-21 10:09:43'),
(3, 3, 2, '1. Prepare all ingredients\n2. Heat oil in a large pan/wok\n3. Cook main ingredients\n4. Add seasonings and spices\n5. Combine with remaining ingredients\n6. Simmer until done\n7. Check seasoning and adjust if needed\n8. Plate and garnish', '2025-11-21 10:09:43', '2025-11-21 10:09:43'),
(4, 4, 1, '1. Prepare all ingredients\n2. Heat oil in a large pan/wok\n3. Cook main ingredients\n4. Add seasonings and spices\n5. Combine with remaining ingredients\n6. Simmer until done\n7. Check seasoning and adjust if needed\n8. Plate and garnish', '2025-11-21 10:09:43', '2025-11-21 10:09:43'),
(5, 5, 1, '1. Prepare all ingredients\n2. Heat oil in a large pan/wok\n3. Cook main ingredients\n4. Add seasonings and spices\n5. Combine with remaining ingredients\n6. Simmer until done\n7. Check seasoning and adjust if needed\n8. Plate and garnish', '2025-11-21 10:09:43', '2025-11-21 10:09:43'),
(6, 6, 1, '1. Prepare all ingredients\n2. Heat oil in a large pan/wok\n3. Cook main ingredients\n4. Add seasonings and spices\n5. Combine with remaining ingredients\n6. Simmer until done\n7. Check seasoning and adjust if needed\n8. Plate and garnish', '2025-11-21 10:09:43', '2025-11-21 10:09:43'),
(7, 7, 4, '1. Prepare all ingredients\n2. Heat oil in a large pan/wok\n3. Cook main ingredients\n4. Add seasonings and spices\n5. Combine with remaining ingredients\n6. Simmer until done\n7. Check seasoning and adjust if needed\n8. Plate and garnish', '2025-11-21 10:09:43', '2025-11-21 10:09:43'),
(8, 8, 2, '1. Prepare all ingredients\n2. Heat oil in a large pan/wok\n3. Cook main ingredients\n4. Add seasonings and spices\n5. Combine with remaining ingredients\n6. Simmer until done\n7. Check seasoning and adjust if needed\n8. Plate and garnish', '2025-11-21 10:09:43', '2025-11-21 10:09:43'),
(9, 9, 1, '1. Prepare all ingredients\n2. Heat oil in a large pan/wok\n3. Cook main ingredients\n4. Add seasonings and spices\n5. Combine with remaining ingredients\n6. Simmer until done\n7. Check seasoning and adjust if needed\n8. Plate and garnish', '2025-11-21 10:09:43', '2025-11-21 10:09:43'),
(10, 10, 1, '1. Prepare all ingredients\n2. Heat oil in a large pan/wok\n3. Cook main ingredients\n4. Add seasonings and spices\n5. Combine with remaining ingredients\n6. Simmer until done\n7. Check seasoning and adjust if needed\n8. Plate and garnish', '2025-11-21 10:09:43', '2025-11-21 10:09:43'),
(11, 11, 2, '1. Prepare all ingredients\n2. Heat oil in a large pan/wok\n3. Cook main ingredients\n4. Add seasonings and spices\n5. Combine with remaining ingredients\n6. Simmer until done\n7. Check seasoning and adjust if needed\n8. Plate and garnish', '2025-11-21 10:09:43', '2025-11-21 10:09:43'),
(12, 12, 2, '1. Prepare all ingredients\n2. Heat oil in a large pan/wok\n3. Cook main ingredients\n4. Add seasonings and spices\n5. Combine with remaining ingredients\n6. Simmer until done\n7. Check seasoning and adjust if needed\n8. Plate and garnish', '2025-11-21 10:09:43', '2025-11-21 10:09:43'),
(13, 13, 3, '1. Prepare all ingredients\n2. Heat oil in a large pan/wok\n3. Cook main ingredients\n4. Add seasonings and spices\n5. Combine with remaining ingredients\n6. Simmer until done\n7. Check seasoning and adjust if needed\n8. Plate and garnish', '2025-11-21 10:09:43', '2025-11-21 10:09:43'),
(14, 14, 3, '1. Prepare all ingredients\n2. Heat oil in a large pan/wok\n3. Cook main ingredients\n4. Add seasonings and spices\n5. Combine with remaining ingredients\n6. Simmer until done\n7. Check seasoning and adjust if needed\n8. Plate and garnish', '2025-11-21 10:09:43', '2025-11-21 10:09:43'),
(15, 15, 4, '1. Prepare all ingredients\n2. Heat oil in a large pan/wok\n3. Cook main ingredients\n4. Add seasonings and spices\n5. Combine with remaining ingredients\n6. Simmer until done\n7. Check seasoning and adjust if needed\n8. Plate and garnish', '2025-11-21 10:09:43', '2025-11-21 10:09:43'),
(16, 16, 2, '1. Prepare all ingredients\n2. Heat oil in a large pan/wok\n3. Cook main ingredients\n4. Add seasonings and spices\n5. Combine with remaining ingredients\n6. Simmer until done\n7. Check seasoning and adjust if needed\n8. Plate and garnish', '2025-11-21 10:09:43', '2025-11-21 10:09:43'),
(17, 17, 4, '1. Prepare all ingredients\n2. Heat oil in a large pan/wok\n3. Cook main ingredients\n4. Add seasonings and spices\n5. Combine with remaining ingredients\n6. Simmer until done\n7. Check seasoning and adjust if needed\n8. Plate and garnish', '2025-11-21 10:09:43', '2025-11-21 10:09:43'),
(18, 18, 1, '1. Prepare all ingredients\n2. Heat oil in a large pan/wok\n3. Cook main ingredients\n4. Add seasonings and spices\n5. Combine with remaining ingredients\n6. Simmer until done\n7. Check seasoning and adjust if needed\n8. Plate and garnish', '2025-11-21 10:09:43', '2025-11-21 10:09:43'),
(19, 19, 1, '1. Prepare all ingredients\n2. Heat oil in a large pan/wok\n3. Cook main ingredients\n4. Add seasonings and spices\n5. Combine with remaining ingredients\n6. Simmer until done\n7. Check seasoning and adjust if needed\n8. Plate and garnish', '2025-11-21 10:09:43', '2025-11-21 10:09:43'),
(20, 20, 4, '1. Prepare all ingredients\n2. Heat oil in a large pan/wok\n3. Cook main ingredients\n4. Add seasonings and spices\n5. Combine with remaining ingredients\n6. Simmer until done\n7. Check seasoning and adjust if needed\n8. Plate and garnish', '2025-11-21 10:09:43', '2025-11-21 10:09:43'),
(21, 21, 4, '1. Prepare all ingredients\n2. Heat oil in a large pan/wok\n3. Cook main ingredients\n4. Add seasonings and spices\n5. Combine with remaining ingredients\n6. Simmer until done\n7. Check seasoning and adjust if needed\n8. Plate and garnish', '2025-11-21 10:09:43', '2025-11-21 10:09:43'),
(22, 22, 1, '1. Prepare all ingredients\n2. Heat oil in a large pan/wok\n3. Cook main ingredients\n4. Add seasonings and spices\n5. Combine with remaining ingredients\n6. Simmer until done\n7. Check seasoning and adjust if needed\n8. Plate and garnish', '2025-11-21 10:09:43', '2025-11-21 10:09:43'),
(23, 23, 1, '1. Prepare all ingredients\n2. Heat oil in a large pan/wok\n3. Cook main ingredients\n4. Add seasonings and spices\n5. Combine with remaining ingredients\n6. Simmer until done\n7. Check seasoning and adjust if needed\n8. Plate and garnish', '2025-11-21 10:09:43', '2025-11-21 10:09:43'),
(24, 24, 3, '1. Prepare all ingredients\n2. Heat oil in a large pan/wok\n3. Cook main ingredients\n4. Add seasonings and spices\n5. Combine with remaining ingredients\n6. Simmer until done\n7. Check seasoning and adjust if needed\n8. Plate and garnish', '2025-11-21 10:09:43', '2025-11-21 10:09:43'),
(25, 25, 3, '1. Prepare all ingredients\n2. Heat oil in a large pan/wok\n3. Cook main ingredients\n4. Add seasonings and spices\n5. Combine with remaining ingredients\n6. Simmer until done\n7. Check seasoning and adjust if needed\n8. Plate and garnish', '2025-11-21 10:09:43', '2025-11-21 10:09:43'),
(26, 26, 3, '1. Prepare all ingredients\n2. Heat oil in a large pan/wok\n3. Cook main ingredients\n4. Add seasonings and spices\n5. Combine with remaining ingredients\n6. Simmer until done\n7. Check seasoning and adjust if needed\n8. Plate and garnish', '2025-11-21 10:09:43', '2025-11-21 10:09:43'),
(27, 27, 3, '1. Prepare all ingredients\n2. Heat oil in a large pan/wok\n3. Cook main ingredients\n4. Add seasonings and spices\n5. Combine with remaining ingredients\n6. Simmer until done\n7. Check seasoning and adjust if needed\n8. Plate and garnish', '2025-11-21 10:09:43', '2025-11-21 10:09:43'),
(28, 28, 1, '1. Prepare all ingredients\n2. Heat oil in a large pan/wok\n3. Cook main ingredients\n4. Add seasonings and spices\n5. Combine with remaining ingredients\n6. Simmer until done\n7. Check seasoning and adjust if needed\n8. Plate and garnish', '2025-11-21 10:09:43', '2025-11-21 10:09:43'),
(29, 29, 3, '1. Prepare all ingredients\n2. Heat oil in a large pan/wok\n3. Cook main ingredients\n4. Add seasonings and spices\n5. Combine with remaining ingredients\n6. Simmer until done\n7. Check seasoning and adjust if needed\n8. Plate and garnish', '2025-11-21 10:09:43', '2025-11-21 10:09:43'),
(30, 30, 1, '1. Prepare all ingredients\n2. Heat oil in a large pan/wok\n3. Cook main ingredients\n4. Add seasonings and spices\n5. Combine with remaining ingredients\n6. Simmer until done\n7. Check seasoning and adjust if needed\n8. Plate and garnish', '2025-11-21 10:09:43', '2025-11-21 10:09:43'),
(31, 31, 1, '1. Prepare all ingredients\n2. Heat oil in a large pan/wok\n3. Cook main ingredients\n4. Add seasonings and spices\n5. Combine with remaining ingredients\n6. Simmer until done\n7. Check seasoning and adjust if needed\n8. Plate and garnish', '2025-11-21 10:09:43', '2025-11-21 10:09:43'),
(32, 32, 2, '1. Prepare all ingredients\n2. Heat oil in a large pan/wok\n3. Cook main ingredients\n4. Add seasonings and spices\n5. Combine with remaining ingredients\n6. Simmer until done\n7. Check seasoning and adjust if needed\n8. Plate and garnish', '2025-11-21 10:09:43', '2025-11-21 10:09:43'),
(33, 33, 3, '1. Prepare all ingredients\n2. Heat oil in a large pan/wok\n3. Cook main ingredients\n4. Add seasonings and spices\n5. Combine with remaining ingredients\n6. Simmer until done\n7. Check seasoning and adjust if needed\n8. Plate and garnish', '2025-11-21 10:09:43', '2025-11-21 10:09:43');

INSERT INTO `role_permission` (`role_id`, `permission_id`) VALUES
(1, 1),
(1, 2),
(1, 3),
(1, 4),
(1, 5),
(1, 6),
(1, 7),
(1, 8),
(1, 9),
(1, 10),
(1, 11),
(1, 12),
(1, 13),
(1, 14),
(1, 15),
(1, 16),
(1, 17),
(1, 18),
(1, 19),
(1, 20),
(1, 21),
(1, 22),
(1, 23),
(2, 6),
(2, 8),
(2, 10),
(2, 11),
(2, 12),
(2, 14),
(2, 15),
(2, 16),
(2, 18),
(2, 19),
(2, 20),
(2, 22),
(2, 23),
(4, 14),
(4, 15),
(4, 16),
(4, 20),
(5, 10),
(5, 14),
(5, 16),
(7, 14),
(7, 15);
INSERT INTO `role_user` (`role_id`, `user_id`) VALUES
(1, 1),
(1, 2),
(2, 3),
(2, 4),
(6, 5),
(6, 6),
(6, 7),
(6, 8),
(6, 9),
(6, 10),
(6, 11),
(6, 12),
(6, 13),
(6, 14),
(6, 15),
(6, 16),
(6, 17),
(6, 18),
(6, 19),
(6, 20),
(6, 32),
(7, 21),
(7, 22),
(7, 23),
(7, 24),
(7, 25),
(7, 26),
(7, 27),
(7, 28),
(7, 29),
(7, 30);
INSERT INTO `roles` (`id`, `name`, `slug`, `description`, `created_at`, `updated_at`) VALUES
(1, 'Admin', 'admin', 'Full system access with all permissions', '2025-11-21 10:09:36', '2025-11-21 10:09:36'),
(2, 'Manager', 'manager', 'Restaurant management access', '2025-11-21 10:09:36', '2025-11-21 10:09:36'),
(3, 'Cashier', 'cashier', 'Handles payments and orders', '2025-11-21 10:09:36', '2025-11-21 10:09:36'),
(4, 'Waiter', 'waiter', 'Manages orders and service', '2025-11-21 10:09:36', '2025-11-21 10:09:36'),
(5, 'Chef', 'chef', 'Kitchen management access', '2025-11-21 10:09:36', '2025-11-21 10:09:36'),
(6, 'Employee', 'employee', 'General employee access', '2025-11-21 10:09:36', '2025-11-21 10:09:36'),
(7, 'Customer', 'customer', 'Regular customer access', '2025-11-21 10:09:36', '2025-11-21 10:09:36');


INSERT INTO `suppliers` (`id`, `location_id`, `code`, `name`, `contact_name`, `contact_phone`, `email`, `phone`, `address`, `type`, `payment_terms`, `notes`, `tax_id`, `is_active`, `created_at`, `updated_at`) VALUES
(1, NULL, 'SUP-001', 'Phnom Penh Produce Co.', 'Sokha Chen', '+855-12-345-678', 'orders@phnompenhproduce.com', NULL, '123 Norodom Blvd, Phnom Penh', 'produce', 'net_30', 'Local fresh produce supplier', NULL, 1, '2025-11-21 10:09:43', '2025-11-21 10:09:43'),
(2, NULL, 'SUP-002', 'Mekong Seafood Supply', 'Dara Meas', '+855-12-456-789', 'sales@mekongseafood.com', NULL, '456 Sisowath Quay, Phnom Penh', 'seafood', 'net_15', 'Fresh seafood daily delivery', NULL, 1, '2025-11-21 10:09:43', '2025-11-21 10:09:43'),
(3, NULL, 'SUP-003', 'Kampot Spice Traders', 'Kunthea Pich', '+855-12-567-890', 'info@kampotspices.com', NULL, '789 Street 13, Kampot', 'spices', 'net_30', 'Premium Kampot pepper and spices', NULL, 1, '2025-11-21 10:09:43', '2025-11-21 10:09:43'),
(4, NULL, 'SUP-004', 'Asian Food Solutions', 'Sovann Kim', '+855-12-678-901', 'orders@asianfoodsolutions.com', NULL, '101 Street 271, Phnom Penh', 'dry_goods', 'net_45', 'Bulk dry goods supplier', NULL, 1, '2025-11-21 10:09:43', '2025-11-21 10:09:43'),
(5, NULL, 'SUP-005', 'Battambang Rice Co.', 'Chanthy Roth', '+855-12-789-012', 'sales@battambangrice.com', NULL, '202 National Road 5, Battambang', 'rice', 'net_30', 'Premium jasmine rice supplier', NULL, 1, '2025-11-21 10:09:43', '2025-11-21 10:09:43'),
(6, NULL, 'SUP-006', 'Siem Reap Organic Farms', 'Bopha Prak', '+855-12-890-123', 'contact@srorganics.com', NULL, '303 Charles de Gaulle, Siem Reap', 'produce', 'net_15', 'Organic vegetables and herbs', NULL, 1, '2025-11-21 10:09:43', '2025-11-21 10:09:43'),
(7, NULL, 'SUP-007', 'Cambodia Beverage Co.', 'Vibol Tep', '+855-12-901-234', 'orders@cambev.com', NULL, '404 Mao Tse Toung Blvd, Phnom Penh', 'beverages', 'net_30', 'Beverages and drink supplies', NULL, 1, '2025-11-21 10:09:43', '2025-11-21 10:09:43'),
(8, NULL, 'SUP-008', 'Kandal Poultry Farms', 'Sophal Nget', '+855-12-012-345', 'orders@kandalpoultry.com', NULL, '505 National Road 4, Kandal', 'poultry', 'cod', 'Fresh chicken and eggs', NULL, 1, '2025-11-21 10:09:43', '2025-11-21 10:09:43');
INSERT INTO `tables` (`id`, `floor_id`, `code`, `capacity`, `status`, `created_at`, `updated_at`) VALUES
(1, 1, 'GF-01', 8, 'available', '2025-11-21 10:09:43', '2025-11-21 10:09:43'),
(2, 1, 'GF-02', 4, 'available', '2025-11-21 10:09:43', '2025-11-21 10:09:43'),
(3, 1, 'GF-03', 6, 'available', '2025-11-21 10:09:43', '2025-11-21 10:09:43'),
(4, 1, 'GF-04', 4, 'available', '2025-11-21 10:09:43', '2025-11-21 10:09:43'),
(5, 1, 'GF-05', 6, 'available', '2025-11-21 10:09:43', '2025-11-21 10:09:43'),
(6, 1, 'GF-06', 8, 'available', '2025-11-21 10:09:43', '2025-11-21 10:09:43'),
(7, 1, 'GF-07', 4, 'available', '2025-11-21 10:09:43', '2025-11-21 10:09:43'),
(8, 1, 'GF-08', 6, 'occupied', '2025-11-21 10:09:43', '2025-11-21 10:09:43'),
(9, 1, 'GF-09', 8, 'occupied', '2025-11-21 10:09:43', '2025-11-21 10:09:43'),
(10, 1, 'GF-10', 4, 'reserved', '2025-11-21 10:09:43', '2025-11-21 10:09:43'),
(11, 1, 'GF-11', 6, 'unavailable', '2025-11-21 10:09:43', '2025-11-21 10:09:43'),
(12, 1, 'GF-12', 2, 'unavailable', '2025-11-21 10:09:43', '2025-11-21 10:09:43'),
(13, 2, '2F-01', 2, 'available', '2025-11-21 10:09:43', '2025-11-21 10:09:43'),
(14, 2, '2F-02', 4, 'available', '2025-11-21 10:09:43', '2025-11-21 10:09:43'),
(15, 2, '2F-03', 6, 'available', '2025-11-21 10:09:43', '2025-11-21 10:09:43'),
(16, 2, '2F-04', 4, 'available', '2025-11-21 10:09:43', '2025-11-21 10:09:43'),
(17, 2, '2F-05', 4, 'available', '2025-11-21 10:09:43', '2025-11-21 10:09:43'),
(18, 2, '2F-06', 6, 'available', '2025-11-21 10:09:43', '2025-11-21 10:09:43'),
(19, 2, '2F-07', 6, 'occupied', '2025-11-21 10:09:43', '2025-11-21 10:09:43'),
(20, 2, '2F-08', 6, 'occupied', '2025-11-21 10:09:43', '2025-11-21 10:09:43'),
(21, 2, '2F-09', 4, 'reserved', '2025-11-21 10:09:43', '2025-11-21 10:09:43'),
(22, 2, '2F-10', 6, 'available', '2025-11-21 10:09:43', '2025-11-21 10:09:43'),
(23, 3, 'TR-01', 2, 'available', '2025-11-21 10:09:43', '2025-11-21 10:09:43'),
(24, 3, 'TR-02', 8, 'available', '2025-11-21 10:09:43', '2025-11-21 10:09:43'),
(25, 3, 'TR-03', 6, 'available', '2025-11-21 10:09:43', '2025-11-21 10:09:43'),
(26, 3, 'TR-04', 2, 'available', '2025-11-21 10:09:43', '2025-11-21 10:09:43'),
(27, 3, 'TR-05', 2, 'occupied', '2025-11-21 10:09:43', '2025-11-21 10:09:43'),
(28, 3, 'TR-06', 8, 'occupied', '2025-11-21 10:09:43', '2025-11-21 10:09:43'),
(29, 3, 'TR-07', 2, 'reserved', '2025-11-21 10:09:43', '2025-11-21 10:09:43'),
(30, 3, 'TR-08', 6, 'unavailable', '2025-11-21 10:09:43', '2025-11-21 10:09:43'),
(31, 4, 'VIP-01', 2, 'available', '2025-11-21 10:09:43', '2025-11-21 10:09:43'),
(32, 4, 'VIP-02', 8, 'available', '2025-11-21 10:09:43', '2025-11-21 10:09:43'),
(33, 4, 'VIP-03', 2, 'available', '2025-11-21 10:09:43', '2025-11-21 10:09:43'),
(34, 4, 'VIP-04', 2, 'occupied', '2025-11-21 10:09:43', '2025-11-21 10:09:43'),
(35, 4, 'VIP-05', 4, 'reserved', '2025-11-21 10:09:43', '2025-11-21 10:09:43'),
(36, 4, 'VIP-06', 4, 'available', '2025-11-21 10:09:43', '2025-11-21 10:09:43');
INSERT INTO `units` (`id`, `code`, `name`, `display_name`, `base_unit`, `conversion_factor`, `is_base_unit`, `for_weight`, `for_volume`, `for_quantity`, `for_packaging`, `for_produce`, `created_at`, `updated_at`) VALUES
(1, 'kg', 'Kilogram', 'kg', NULL, NULL, 1, 1, 0, 0, 0, 0, '2025-11-21 10:09:36', '2025-11-21 10:09:36'),
(2, 'g', 'Gram', 'g', 'kg', '0.001', 0, 1, 0, 0, 0, 0, '2025-11-21 10:09:36', '2025-11-21 10:09:36'),
(3, 'l', 'Liter', 'L', NULL, NULL, 1, 0, 1, 0, 0, 0, '2025-11-21 10:09:36', '2025-11-21 10:09:36'),
(4, 'ml', 'Milliliter', 'mL', 'l', '0.001', 0, 0, 1, 0, 0, 0, '2025-11-21 10:09:36', '2025-11-21 10:09:36'),
(5, 'pcs', 'Piece', 'pc', NULL, NULL, 1, 0, 0, 1, 0, 0, '2025-11-21 10:09:36', '2025-11-21 10:09:36'),
(6, 'dz', 'Dozen', 'dz', 'pcs', '12.000', 0, 0, 0, 1, 0, 0, '2025-11-21 10:09:36', '2025-11-21 10:09:36'),
(7, 'box', 'Box', 'box', NULL, NULL, 1, 0, 0, 0, 1, 0, '2025-11-21 10:09:36', '2025-11-21 10:09:36'),
(8, 'case', 'Case', 'case', NULL, NULL, 1, 0, 0, 0, 1, 0, '2025-11-21 10:09:36', '2025-11-21 10:09:36'),
(9, 'pack', 'Pack', 'pack', NULL, NULL, 1, 0, 0, 0, 1, 0, '2025-11-21 10:09:36', '2025-11-21 10:09:36'),
(10, 'bag', 'Bag', 'bag', NULL, NULL, 1, 0, 0, 0, 1, 0, '2025-11-21 10:09:36', '2025-11-21 10:09:36'),
(11, 'bunch', 'Bunch', 'bunch', NULL, NULL, 1, 0, 0, 0, 0, 1, '2025-11-21 10:09:36', '2025-11-21 10:09:36'),
(12, 'tsp', 'Teaspoon', 'tsp', 'ml', '5.000', 0, 0, 1, 0, 0, 0, '2025-11-21 10:09:36', '2025-11-21 10:09:36'),
(13, 'tbsp', 'Tablespoon', 'tbsp', 'ml', '15.000', 0, 0, 1, 0, 0, 0, '2025-11-21 10:09:36', '2025-11-21 10:09:36'),
(14, 'cup', 'Cup', 'cup', 'ml', '250.000', 0, 0, 1, 0, 0, 0, '2025-11-21 10:09:36', '2025-11-21 10:09:36');
INSERT INTO `users` (`id`, `name`, `email`, `phone`, `email_verified_at`, `password`, `is_active`, `remember_token`, `default_location_id`, `created_at`, `updated_at`) VALUES
(1, 'System Administrator', 'demo@admin.com', '+855-12-345-678', '2025-11-21 10:09:36', '$2y$12$S9Y6hLHI2S/DlXazymjjpO5gaFHazpLjEAbHg4CKdP7n6XMdV3YW6', 1, NULL, 1, '2025-11-21 10:09:36', '2025-11-21 10:09:36'),
(2, 'Secondary Admin', 'admin2@nkhrestaurant.com', '+855-12-987-654', '2025-11-21 10:09:36', '$2y$12$J4lVhU3s4Ia69e8qhQ/qYuGXvEHCpV5yrqYmiw/kfF4D2TAFSBKGO', 1, NULL, 2, '2025-11-21 10:09:36', '2025-11-21 10:09:36'),
(3, 'Sophea Chen', 'sophea.chen@nkhrestaurant.com', '+855-12-456-789', '2025-11-21 10:09:37', '$2y$12$qkHRjKgyM0bnTl/4UUKeKeSOD17dz/zf68/MIZHJD8npOykdbdbnW', 1, NULL, 1, '2025-11-21 10:09:37', '2025-11-21 10:09:37'),
(4, 'Pisach Lim', 'pisach.lim@nkhrestaurant.com', '+855-12-456-790', '2025-11-21 10:09:37', '$2y$12$cgiq5uI.f385tRrk6HkiOumenHf6uFJAX.Z7CKqcte17UQ0A3/HHG', 1, NULL, 2, '2025-11-21 10:09:37', '2025-11-21 10:09:37'),
(5, 'Ratha Meng', 'demo@employee.com', '+855-12-498-677', '2025-11-21 10:09:37', '$2y$12$kd4RAw7TNn.fBo7VC.nYieVXj49ELOUucgPyxZ1cioKaA8CDbfnFq', 1, NULL, 1, '2025-11-21 10:09:37', '2025-11-21 10:09:37'),
(6, 'Maria Santos', 'maria.santos@nkhrestaurant.com', '+855-46-502-791', '2025-11-21 10:09:37', '$2y$12$KCp40w1mi4zWfxoJg9NQ4uVFfjMI60nWZAQpwRQ.vx2yZfR9J398S', 1, NULL, 1, '2025-11-21 10:09:37', '2025-11-21 10:09:37'),
(7, 'Bopha Keo', 'bopha.keo@nkhrestaurant.com', '+855-57-670-107', '2025-11-21 10:09:37', '$2y$12$d2zyYijmygtTINq3o2SE9O/GWu7k40fcwSniNEJLlXVt2AZUNCcwK', 1, NULL, 1, '2025-11-21 10:09:37', '2025-11-21 10:09:37'),
(8, 'Sovannak Pich', 'sovannak.pich@nkhrestaurant.com', '+855-92-969-354', '2025-11-21 10:09:38', '$2y$12$3Q6O0TfYzrgDf8zWN9ccO.vOitsSfRJJVCx01/Rl2JYREn5DwuHIy', 1, NULL, 1, '2025-11-21 10:09:38', '2025-11-21 10:09:38'),
(9, 'Sokha Rath', 'sokha.rath@nkhrestaurant.com', '+855-46-112-456', '2025-11-21 10:09:38', '$2y$12$cqcPxCFn3P/HprSrb2pZw.j8jexwGVqOh6IG7969THoFCZ8bZMEMy', 1, NULL, 1, '2025-11-21 10:09:38', '2025-11-21 10:09:38'),
(10, 'Dara Chea', 'dara.chea@nkhrestaurant.com', '+855-82-939-209', '2025-11-21 10:09:38', '$2y$12$orToS7BU6g0Z1fB2OkqZpu./6gsYJcyX3xAcvjfaqA/xivpsIkwga', 1, NULL, 1, '2025-11-21 10:09:38', '2025-11-21 10:09:38'),
(11, 'Sreypov Noun', 'sreypov.noun@nkhrestaurant.com', '+855-48-326-814', '2025-11-21 10:09:38', '$2y$12$04V3kBFotkHXVbvC02OYkuevkhZrv4Or3zrwSwQLrg.k9UU9o0sxO', 1, NULL, 1, '2025-11-21 10:09:38', '2025-11-21 10:09:38'),
(12, 'Kimheng Ly', 'kimheng.ly@nkhrestaurant.com', '+855-77-291-492', '2025-11-21 10:09:38', '$2y$12$oiRNI21utYseJ7X8MpWgbOQO1LCq2WJ..l38S6dLYW3mZlG21f7Xi', 1, NULL, 1, '2025-11-21 10:09:38', '2025-11-21 10:09:38'),
(13, 'Pheaktra Ouk', 'pheaktra.ouk@nkhrestaurant.com', '+855-45-247-872', '2025-11-21 10:09:39', '$2y$12$zZ78diQp8aVitJ4.7a9/M.BloO/aBitz2F.BbwtT9dshHhhrjGD4q', 1, NULL, 1, '2025-11-21 10:09:39', '2025-11-21 10:09:39'),
(14, 'Veasna Chhay', 'veasna.chhay@nkhrestaurant.com', '+855-55-145-661', '2025-11-21 10:09:39', '$2y$12$BsE1TIMhcLC6XaaYeIKWNuHc.Dkrpl2nFo.JSO9d0sbDbXzwQZOxO', 1, NULL, 1, '2025-11-21 10:09:39', '2025-11-21 10:09:39'),
(15, 'Bunthoeun Sao', 'bunthoeun.sao@nkhrestaurant.com', '+855-29-526-547', '2025-11-21 10:09:39', '$2y$12$/axbwKHp7Fw4bKabumtSwONQEbRaIMKKyuVFQ8wy5HKDbE3L.2FvK', 1, NULL, 1, '2025-11-21 10:09:39', '2025-11-21 10:09:39'),
(16, 'Chenda Ros', 'chenda.ros@nkhrestaurant.com', '+855-48-291-424', '2025-11-21 10:09:39', '$2y$12$UL2MgK3pAwlWLltNJ1.yF.S8AQRAC7ueRXOqUpDbbWTHEVFkYWvvm', 1, NULL, 1, '2025-11-21 10:09:39', '2025-11-21 10:09:39'),
(17, 'Sopheak Mao', 'sopheak.mao@nkhrestaurant.com', '+855-25-487-689', '2025-11-21 10:09:39', '$2y$12$Q0kPqFGPVH.jLHu55otVm.70h5y4sxjiCungg3m0aNPaT9uQFPRcW', 1, NULL, 1, '2025-11-21 10:09:39', '2025-11-21 10:09:39'),
(18, 'Rachana Heng', 'rachana.heng@nkhrestaurant.com', '+855-74-779-962', '2025-11-21 10:09:40', '$2y$12$OHn0SAjNJzdkdcX1CTOiiumS1Iz5XRL3Vssh8luwsldiZ.84Xlmj6', 1, NULL, 1, '2025-11-21 10:09:40', '2025-11-21 10:09:40'),
(19, 'Sreyleak Kong', 'sreyleak.kong@nkhrestaurant.com', '+855-13-474-621', '2025-11-21 10:09:40', '$2y$12$BNef4XxYS8pMPYFLTzOKXe/eJYi.U78u2Q6KztujyxKD2LTwXGzAm', 1, NULL, 1, '2025-11-21 10:09:40', '2025-11-21 10:09:40'),
(20, 'Pisey Nhem', 'pisey.nhem@nkhrestaurant.com', '+855-39-185-671', '2025-11-21 10:09:40', '$2y$12$WZafhU16Gr8nWJpuCe2IKOh2WaKF7XvTIHfPp1wTvnlkSZDEKGRge', 1, NULL, 1, '2025-11-21 10:09:40', '2025-11-21 10:09:40'),
(21, 'Chantha Lim', 'demo@customer.com', '+855-10-887-121', '2025-11-21 10:09:40', '$2y$12$2I3pkehZlSI8l5DgYqq51uBCge811UWavMmV.Bbk3gWnN4/y5L.Ra', 1, NULL, 1, '2025-11-21 10:09:40', '2025-11-21 10:09:40'),
(22, 'David Kim', 'david.kim@yahoo.com', '+855-47-210-815', '2025-11-21 10:09:41', '$2y$12$O7/RH0O1Y5oSjoAUDPLjgeXd21p3/rDpfSDSxF.3Q5Jluk68iX/eG', 1, NULL, 2, '2025-11-21 10:09:41', '2025-11-21 10:09:41'),
(23, 'Sophea Chhun', 'sophea.chhun@hotmail.com', '+855-21-993-172', '2025-11-21 10:09:41', '$2y$12$m8QMvvRzdl8cE6UvcdqygO7/LHpmbVqjd4iTFpoJSdYcFkC/uHvIW', 1, NULL, 1, '2025-11-21 10:09:41', '2025-11-21 10:09:41'),
(24, 'Linda Martinez', 'linda.martinez@gmail.com', '+855-31-649-880', '2025-11-21 10:09:41', '$2y$12$IQbRH//LRjLMgriI2.MHtO7CaRIZbH/kQMuDFgZ88xpmF.JcCQf3i', 1, NULL, 3, '2025-11-21 10:09:41', '2025-11-21 10:09:41'),
(25, 'Narong Sok', 'narong.sok@gmail.com', '+855-64-801-892', '2025-11-21 10:09:41', '$2y$12$5L1V7lALk2C9irDTMdcWjO2Bs3C59CJnRS6RRyPXXS5fuG/ECMnja', 1, NULL, 2, '2025-11-21 10:09:41', '2025-11-21 10:09:41'),
(26, 'Sokny Phan', 'sokny.phan@gmail.com', '+855-18-994-283', '2025-11-21 10:09:42', '$2y$12$foiXlBH.Ezofxxe.tQInBesTciuTQESq7JnF2Hxz2gyx0CA.JMC62', 1, NULL, 1, '2025-11-21 10:09:42', '2025-11-21 10:09:42'),
(27, 'Sothy Chan', 'sothy.chan@gmail.com', '+855-36-870-200', '2025-11-21 10:09:42', '$2y$12$zq3PPpp0HMvuzRYNygZ4yuacz2Io.GwvUyoVuMGfZjXSY0h9isdsa', 1, NULL, 3, '2025-11-21 10:09:42', '2025-11-21 10:09:42'),
(28, 'Nita Heng', 'nita.heng@gmail.com', '+855-75-596-376', '2025-11-21 10:09:42', '$2y$12$9AxifJEFkmkMBY/aL8kw1OhEEUcIYI/FJKJoR/vNWqdmkxmpt7gby', 1, NULL, 1, '2025-11-21 10:09:42', '2025-11-21 10:09:42'),
(29, 'Alex Johnson', 'alex.johnson@gmail.com', '+855-90-434-330', '2025-11-21 10:09:42', '$2y$12$Z3wGK1wqFIFtor6.Fz34jepCoGRT8m7FNl1Yfp4ybHr7r0UB61jkK', 1, NULL, 2, '2025-11-21 10:09:42', '2025-11-21 10:09:42'),
(30, 'Vanna Oum', 'vanna.oum@gmail.com', '+855-50-859-808', '2025-11-21 10:09:42', '$2y$12$hpXOgGjYHS0J6GSW97puTuVpA89bfCHgX97i8zNciJsdOMIJdhpQu', 1, NULL, 1, '2025-11-21 10:09:42', '2025-11-21 10:09:42'),
(31, 'Sample Customer', 'customer@example.com', '+855 98 765 432', NULL, '$2y$12$zoJUWsHi./yRo4O3L0/cae6gaAJKbHKapCbFZqOal/YvP8ikVBAIe', 1, NULL, 1, '2025-11-21 10:09:43', '2025-11-21 10:09:43'),
(32, 'Ratha Meng', 'ratha.meng@nkhrestaurant.com', '+855-70-792-457', '2025-11-21 10:09:43', '$2y$12$kY2dVL4ym2sDdPG57QFhUevl.Rw4fFLn/e0Hl8ky8AYRZ7keX5EwK', 1, NULL, 1, '2025-11-21 10:09:43', '2025-11-21 10:09:43');


/*!40101 SET SQL_MODE=@OLD_SQL_MODE */;
/*!40014 SET FOREIGN_KEY_CHECKS=@OLD_FOREIGN_KEY_CHECKS */;
/*!40014 SET UNIQUE_CHECKS=@OLD_UNIQUE_CHECKS */;
/*!40101 SET CHARACTER_SET_CLIENT=@OLD_CHARACTER_SET_CLIENT */;
/*!40101 SET CHARACTER_SET_RESULTS=@OLD_CHARACTER_SET_RESULTS */;
/*!40101 SET COLLATION_CONNECTION=@OLD_COLLATION_CONNECTION */;
/*!40111 SET SQL_NOTES=@OLD_SQL_NOTES */;