/*!40101 SET @OLD_CHARACTER_SET_CLIENT=@@CHARACTER_SET_CLIENT */;
/*!40101 SET @OLD_CHARACTER_SET_RESULTS=@@CHARACTER_SET_RESULTS */;
/*!40101 SET @OLD_COLLATION_CONNECTION=@@COLLATION_CONNECTION */;
/*!40101 SET NAMES utf8mb4 */;
/*!40014 SET @OLD_UNIQUE_CHECKS=@@UNIQUE_CHECKS, UNIQUE_CHECKS=0 */;
/*!40014 SET @OLD_FOREIGN_KEY_CHECKS=@@FOREIGN_KEY_CHECKS, FOREIGN_KEY_CHECKS=0 */;
/*!40101 SET @OLD_SQL_MODE=@@SQL_MODE, SQL_MODE='NO_AUTO_VALUE_ON_ZERO' */;
/*!40111 SET @OLD_SQL_NOTES=@@SQL_NOTES, SQL_NOTES=0 */;

DROP TABLE IF EXISTS `attendances`;
CREATE TABLE `attendances` (
  `id` bigint unsigned NOT NULL AUTO_INCREMENT,
  `employee_id` bigint unsigned NOT NULL,
  `location_id` bigint unsigned NOT NULL,
  `clock_in_at` timestamp NOT NULL,
  `clock_out_at` timestamp NULL DEFAULT NULL,
  `notes` text COLLATE utf8mb4_unicode_ci,
  `created_at` timestamp NULL DEFAULT NULL,
  `updated_at` timestamp NULL DEFAULT NULL,
  PRIMARY KEY (`id`),
  KEY `attendances_location_id_foreign` (`location_id`),
  KEY `attendances_employee_id_clock_in_at_index` (`employee_id`,`clock_in_at`),
  KEY `attendances_clock_in_at_index` (`clock_in_at`),
  KEY `attendances_clock_out_at_index` (`clock_out_at`),
  CONSTRAINT `attendances_employee_id_foreign` FOREIGN KEY (`employee_id`) REFERENCES `employees` (`id`) ON DELETE CASCADE ON UPDATE CASCADE,
  CONSTRAINT `attendances_location_id_foreign` FOREIGN KEY (`location_id`) REFERENCES `locations` (`id`) ON DELETE RESTRICT ON UPDATE CASCADE
) ENGINE=InnoDB DEFAULT CHARSET=utf8mb4 COLLATE=utf8mb4_unicode_ci;

DROP TABLE IF EXISTS `audit_logs`;
CREATE TABLE `audit_logs` (
  `id` bigint unsigned NOT NULL AUTO_INCREMENT,
  `user_id` bigint unsigned DEFAULT NULL,
  `action` varchar(150) COLLATE utf8mb4_unicode_ci NOT NULL,
  `auditable_type` varchar(255) COLLATE utf8mb4_unicode_ci DEFAULT NULL,
  `auditable_id` bigint unsigned DEFAULT NULL,
  `ip_address` varchar(45) COLLATE utf8mb4_unicode_ci DEFAULT NULL,
  `user_agent` text COLLATE utf8mb4_unicode_ci,
  `metadata` json DEFAULT NULL,
  `created_at` timestamp NULL DEFAULT NULL,
  `updated_at` timestamp NULL DEFAULT NULL,
  PRIMARY KEY (`id`),
  KEY `audit_logs_user_id_foreign` (`user_id`),
  KEY `audit_logs_auditable_type_auditable_id_index` (`auditable_type`,`auditable_id`),
  KEY `audit_logs_created_at_index` (`created_at`),
  KEY `audit_logs_action_index` (`action`),
  CONSTRAINT `audit_logs_user_id_foreign` FOREIGN KEY (`user_id`) REFERENCES `users` (`id`) ON DELETE SET NULL ON UPDATE CASCADE
) ENGINE=InnoDB AUTO_INCREMENT=121 DEFAULT CHARSET=utf8mb4 COLLATE=utf8mb4_unicode_ci;

DROP TABLE IF EXISTS `cache`;
CREATE TABLE `cache` (
  `key` varchar(255) COLLATE utf8mb4_unicode_ci NOT NULL,
  `value` mediumtext COLLATE utf8mb4_unicode_ci NOT NULL,
  `expiration` int NOT NULL,
  PRIMARY KEY (`key`)
) ENGINE=InnoDB DEFAULT CHARSET=utf8mb4 COLLATE=utf8mb4_unicode_ci;

DROP TABLE IF EXISTS `cache_locks`;
CREATE TABLE `cache_locks` (
  `key` varchar(255) COLLATE utf8mb4_unicode_ci NOT NULL,
  `owner` varchar(255) COLLATE utf8mb4_unicode_ci NOT NULL,
  `expiration` int NOT NULL,
  PRIMARY KEY (`key`)
) ENGINE=InnoDB DEFAULT CHARSET=utf8mb4 COLLATE=utf8mb4_unicode_ci;

DROP TABLE IF EXISTS `categories`;
CREATE TABLE `categories` (
  `id` bigint unsigned NOT NULL AUTO_INCREMENT,
  `location_id` bigint unsigned DEFAULT NULL,
  `parent_id` bigint unsigned DEFAULT NULL,
  `slug` varchar(150) COLLATE utf8mb4_unicode_ci NOT NULL,
  `display_order` int unsigned NOT NULL DEFAULT '0',
  `is_active` tinyint(1) NOT NULL DEFAULT '1',
  `image` varchar(255) COLLATE utf8mb4_unicode_ci DEFAULT NULL,
  `created_at` timestamp NULL DEFAULT NULL,
  `updated_at` timestamp NULL DEFAULT NULL,
  PRIMARY KEY (`id`),
  UNIQUE KEY `categories_location_id_slug_unique` (`location_id`,`slug`),
  KEY `categories_slug_index` (`slug`),
  KEY `categories_is_active_index` (`is_active`),
  KEY `categories_parent_id_foreign` (`parent_id`),
  CONSTRAINT `categories_location_id_foreign` FOREIGN KEY (`location_id`) REFERENCES `locations` (`id`) ON DELETE RESTRICT ON UPDATE CASCADE,
  CONSTRAINT `categories_parent_id_foreign` FOREIGN KEY (`parent_id`) REFERENCES `categories` (`id`) ON DELETE SET NULL ON UPDATE CASCADE
) ENGINE=InnoDB AUTO_INCREMENT=22 DEFAULT CHARSET=utf8mb4 COLLATE=utf8mb4_unicode_ci;

DROP TABLE IF EXISTS `category_translations`;
CREATE TABLE `category_translations` (
  `id` bigint unsigned NOT NULL AUTO_INCREMENT,
  `category_id` bigint unsigned NOT NULL,
  `locale` varchar(10) COLLATE utf8mb4_unicode_ci NOT NULL,
  `name` varchar(150) COLLATE utf8mb4_unicode_ci NOT NULL,
  `description` text COLLATE utf8mb4_unicode_ci,
  `created_at` timestamp NULL DEFAULT NULL,
  `updated_at` timestamp NULL DEFAULT NULL,
  PRIMARY KEY (`id`),
  UNIQUE KEY `category_translations_category_id_locale_unique` (`category_id`,`locale`),
  KEY `category_translations_locale_index` (`locale`),
  CONSTRAINT `category_translations_category_id_foreign` FOREIGN KEY (`category_id`) REFERENCES `categories` (`id`) ON DELETE CASCADE ON UPDATE CASCADE
) ENGINE=InnoDB AUTO_INCREMENT=43 DEFAULT CHARSET=utf8mb4 COLLATE=utf8mb4_unicode_ci;

DROP TABLE IF EXISTS `customer_addresses`;
CREATE TABLE `customer_addresses` (
  `id` bigint unsigned NOT NULL AUTO_INCREMENT,
  `customer_id` bigint unsigned NOT NULL,
  `label` varchar(100) COLLATE utf8mb4_unicode_ci NOT NULL,
  `address_line_1` varchar(255) COLLATE utf8mb4_unicode_ci NOT NULL,
  `address_line_2` varchar(255) COLLATE utf8mb4_unicode_ci DEFAULT NULL,
  `city` varchar(120) COLLATE utf8mb4_unicode_ci NOT NULL,
  `province` varchar(120) COLLATE utf8mb4_unicode_ci NOT NULL,
  `postal_code` varchar(20) COLLATE utf8mb4_unicode_ci NOT NULL,
  `latitude` decimal(10,7) DEFAULT NULL,
  `longitude` decimal(10,7) DEFAULT NULL,
  `delivery_instructions` text COLLATE utf8mb4_unicode_ci,
  `created_at` timestamp NULL DEFAULT NULL,
  `updated_at` timestamp NULL DEFAULT NULL,
  PRIMARY KEY (`id`),
  KEY `customer_addresses_customer_id_label_index` (`customer_id`,`label`),
  CONSTRAINT `customer_addresses_customer_id_foreign` FOREIGN KEY (`customer_id`) REFERENCES `customers` (`id`) ON DELETE CASCADE ON UPDATE CASCADE
) ENGINE=InnoDB AUTO_INCREMENT=3 DEFAULT CHARSET=utf8mb4 COLLATE=utf8mb4_unicode_ci;

DROP TABLE IF EXISTS `customer_requests`;
CREATE TABLE `customer_requests` (
  `id` bigint unsigned NOT NULL AUTO_INCREMENT,
  `customer_id` bigint unsigned NOT NULL,
  `type` varchar(255) COLLATE utf8mb4_unicode_ci NOT NULL,
  `subject` varchar(255) COLLATE utf8mb4_unicode_ci NOT NULL,
  `description` text COLLATE utf8mb4_unicode_ci NOT NULL,
  `status` enum('open','in_progress','resolved','closed') COLLATE utf8mb4_unicode_ci NOT NULL DEFAULT 'open',
  `priority` enum('low','medium','high','urgent') COLLATE utf8mb4_unicode_ci NOT NULL DEFAULT 'medium',
  `admin_notes` text COLLATE utf8mb4_unicode_ci,
  `resolution` text COLLATE utf8mb4_unicode_ci,
  `resolved_at` timestamp NULL DEFAULT NULL,
  `created_at` timestamp NULL DEFAULT NULL,
  `updated_at` timestamp NULL DEFAULT NULL,
  `order_id` bigint unsigned DEFAULT NULL,
  PRIMARY KEY (`id`),
  KEY `customer_requests_customer_id_foreign` (`customer_id`),
  KEY `customer_requests_order_id_foreign` (`order_id`),
  CONSTRAINT `customer_requests_customer_id_foreign` FOREIGN KEY (`customer_id`) REFERENCES `customers` (`id`) ON DELETE CASCADE,
  CONSTRAINT `customer_requests_order_id_foreign` FOREIGN KEY (`order_id`) REFERENCES `orders` (`id`) ON DELETE SET NULL
) ENGINE=InnoDB DEFAULT CHARSET=utf8mb4 COLLATE=utf8mb4_unicode_ci;

DROP TABLE IF EXISTS `customers`;
CREATE TABLE `customers` (
  `id` bigint unsigned NOT NULL AUTO_INCREMENT,
  `customer_code` varchar(255) COLLATE utf8mb4_unicode_ci NOT NULL,
  `loyalty_points` int NOT NULL DEFAULT '0',
  `total_spent` decimal(10,2) NOT NULL DEFAULT '0.00',
  `preferred_language` varchar(255) COLLATE utf8mb4_unicode_ci DEFAULT NULL,
  `dietary_preferences` json DEFAULT NULL,
  `marketing_consent` tinyint(1) NOT NULL DEFAULT '0',
  `user_id` bigint unsigned NOT NULL,
  `preferred_location_id` bigint unsigned DEFAULT NULL,
  `birth_date` date DEFAULT NULL,
  `gender` varchar(20) COLLATE utf8mb4_unicode_ci DEFAULT NULL,
  `preferences` json DEFAULT NULL,
  `points_balance` int NOT NULL DEFAULT '0',
  `notes` text COLLATE utf8mb4_unicode_ci,
  `created_at` timestamp NULL DEFAULT NULL,
  `updated_at` timestamp NULL DEFAULT NULL,
  PRIMARY KEY (`id`),
  UNIQUE KEY `customers_user_id_unique` (`user_id`),
  UNIQUE KEY `customers_customer_code_unique` (`customer_code`),
  KEY `customers_preferred_location_id_index` (`preferred_location_id`),
  CONSTRAINT `customers_preferred_location_id_foreign` FOREIGN KEY (`preferred_location_id`) REFERENCES `locations` (`id`) ON DELETE SET NULL ON UPDATE CASCADE,
  CONSTRAINT `customers_user_id_foreign` FOREIGN KEY (`user_id`) REFERENCES `users` (`id`) ON DELETE CASCADE ON UPDATE CASCADE
) ENGINE=InnoDB AUTO_INCREMENT=12 DEFAULT CHARSET=utf8mb4 COLLATE=utf8mb4_unicode_ci;

DROP TABLE IF EXISTS `employees`;
CREATE TABLE `employees` (
  `id` bigint unsigned NOT NULL AUTO_INCREMENT,
  `user_id` bigint unsigned NOT NULL,
  `position_id` bigint unsigned DEFAULT NULL,
  `location_id` bigint unsigned NOT NULL,
  `employee_code` varchar(50) COLLATE utf8mb4_unicode_ci NOT NULL,
  `hire_date` date DEFAULT NULL,
  `salary_type` enum('hourly','monthly') COLLATE utf8mb4_unicode_ci NOT NULL DEFAULT 'monthly',
  `salary` decimal(12,2) DEFAULT NULL,
  `address` varchar(255) COLLATE utf8mb4_unicode_ci DEFAULT NULL,
  `status` enum('active','inactive','terminated','on_leave') COLLATE utf8mb4_unicode_ci NOT NULL DEFAULT 'active',
  `created_at` timestamp NULL DEFAULT NULL,
  `updated_at` timestamp NULL DEFAULT NULL,
  PRIMARY KEY (`id`),
  UNIQUE KEY `employees_location_id_employee_code_unique` (`location_id`,`employee_code`),
  UNIQUE KEY `employees_user_id_unique` (`user_id`),
  KEY `employees_position_id_foreign` (`position_id`),
  KEY `employees_status_index` (`status`),
  CONSTRAINT `employees_location_id_foreign` FOREIGN KEY (`location_id`) REFERENCES `locations` (`id`) ON DELETE RESTRICT ON UPDATE CASCADE,
  CONSTRAINT `employees_position_id_foreign` FOREIGN KEY (`position_id`) REFERENCES `positions` (`id`) ON DELETE SET NULL ON UPDATE CASCADE,
  CONSTRAINT `employees_user_id_foreign` FOREIGN KEY (`user_id`) REFERENCES `users` (`id`) ON DELETE CASCADE ON UPDATE CASCADE
) ENGINE=InnoDB AUTO_INCREMENT=17 DEFAULT CHARSET=utf8mb4 COLLATE=utf8mb4_unicode_ci;

DROP TABLE IF EXISTS `expense_categories`;
CREATE TABLE `expense_categories` (
  `id` bigint unsigned NOT NULL AUTO_INCREMENT,
  `location_id` bigint unsigned NOT NULL,
  `name` varchar(120) COLLATE utf8mb4_unicode_ci NOT NULL,
  `description` varchar(255) COLLATE utf8mb4_unicode_ci DEFAULT NULL,
  `is_active` tinyint(1) NOT NULL DEFAULT '1',
  `created_at` timestamp NULL DEFAULT NULL,
  `updated_at` timestamp NULL DEFAULT NULL,
  PRIMARY KEY (`id`),
  KEY `expense_categories_location_id_foreign` (`location_id`),
  KEY `expense_categories_is_active_index` (`is_active`),
  CONSTRAINT `expense_categories_location_id_foreign` FOREIGN KEY (`location_id`) REFERENCES `locations` (`id`) ON DELETE CASCADE ON UPDATE CASCADE
) ENGINE=InnoDB AUTO_INCREMENT=5 DEFAULT CHARSET=utf8mb4 COLLATE=utf8mb4_unicode_ci;

DROP TABLE IF EXISTS `expenses`;
CREATE TABLE `expenses` (
  `id` bigint unsigned NOT NULL AUTO_INCREMENT,
  `location_id` bigint unsigned NOT NULL,
  `expense_category_id` bigint unsigned NOT NULL,
  `created_by` bigint unsigned DEFAULT NULL,
  `expense_date` date NOT NULL,
  `amount` decimal(12,2) NOT NULL,
  `currency` varchar(3) COLLATE utf8mb4_unicode_ci NOT NULL DEFAULT 'USD',
  `vendor_name` varchar(150) COLLATE utf8mb4_unicode_ci DEFAULT NULL,
  `reference` varchar(100) COLLATE utf8mb4_unicode_ci DEFAULT NULL,
  `description` text COLLATE utf8mb4_unicode_ci,
  `attachment_path` varchar(255) COLLATE utf8mb4_unicode_ci DEFAULT NULL,
  `status` enum('draft','approved','paid','voided') COLLATE utf8mb4_unicode_ci NOT NULL DEFAULT 'approved',
  `created_at` timestamp NULL DEFAULT NULL,
  `updated_at` timestamp NULL DEFAULT NULL,
  PRIMARY KEY (`id`),
  KEY `expenses_location_id_foreign` (`location_id`),
  KEY `expenses_expense_category_id_foreign` (`expense_category_id`),
  KEY `expenses_created_by_foreign` (`created_by`),
  KEY `expenses_status_index` (`status`),
  CONSTRAINT `expenses_created_by_foreign` FOREIGN KEY (`created_by`) REFERENCES `users` (`id`) ON DELETE SET NULL ON UPDATE CASCADE,
  CONSTRAINT `expenses_expense_category_id_foreign` FOREIGN KEY (`expense_category_id`) REFERENCES `expense_categories` (`id`) ON DELETE RESTRICT ON UPDATE CASCADE,
  CONSTRAINT `expenses_location_id_foreign` FOREIGN KEY (`location_id`) REFERENCES `locations` (`id`) ON DELETE CASCADE ON UPDATE CASCADE
) ENGINE=InnoDB AUTO_INCREMENT=4 DEFAULT CHARSET=utf8mb4 COLLATE=utf8mb4_unicode_ci;

DROP TABLE IF EXISTS `failed_jobs`;
CREATE TABLE `failed_jobs` (
  `id` bigint unsigned NOT NULL AUTO_INCREMENT,
  `uuid` varchar(255) COLLATE utf8mb4_unicode_ci NOT NULL,
  `connection` text COLLATE utf8mb4_unicode_ci NOT NULL,
  `queue` text COLLATE utf8mb4_unicode_ci NOT NULL,
  `payload` longtext COLLATE utf8mb4_unicode_ci NOT NULL,
  `exception` longtext COLLATE utf8mb4_unicode_ci NOT NULL,
  `failed_at` timestamp NOT NULL DEFAULT CURRENT_TIMESTAMP,
  PRIMARY KEY (`id`),
  UNIQUE KEY `failed_jobs_uuid_unique` (`uuid`)
) ENGINE=InnoDB DEFAULT CHARSET=utf8mb4 COLLATE=utf8mb4_unicode_ci;

DROP TABLE IF EXISTS `feedback`;
CREATE TABLE `feedback` (
  `id` bigint unsigned NOT NULL AUTO_INCREMENT,
  `location_id` bigint unsigned NOT NULL,
  `order_id` bigint unsigned NOT NULL,
  `customer_id` bigint unsigned NOT NULL,
  `rating` tinyint unsigned NOT NULL,
  `comments` text COLLATE utf8mb4_unicode_ci,
  `visibility` enum('public','private','internal') COLLATE utf8mb4_unicode_ci NOT NULL DEFAULT 'public',
  `created_at` timestamp NULL DEFAULT NULL,
  `updated_at` timestamp NULL DEFAULT NULL,
  PRIMARY KEY (`id`),
  KEY `feedback_location_id_foreign` (`location_id`),
  KEY `feedback_customer_id_index` (`customer_id`),
  KEY `feedback_order_id_index` (`order_id`),
  CONSTRAINT `feedback_customer_id_foreign` FOREIGN KEY (`customer_id`) REFERENCES `customers` (`id`) ON DELETE CASCADE ON UPDATE CASCADE,
  CONSTRAINT `feedback_location_id_foreign` FOREIGN KEY (`location_id`) REFERENCES `locations` (`id`) ON DELETE RESTRICT ON UPDATE CASCADE,
  CONSTRAINT `feedback_order_id_foreign` FOREIGN KEY (`order_id`) REFERENCES `orders` (`id`) ON DELETE CASCADE ON UPDATE CASCADE
) ENGINE=InnoDB DEFAULT CHARSET=utf8mb4 COLLATE=utf8mb4_unicode_ci;

DROP TABLE IF EXISTS `floors`;
CREATE TABLE `floors` (
  `id` bigint unsigned NOT NULL AUTO_INCREMENT,
  `location_id` bigint unsigned NOT NULL,
  `name` varchar(120) COLLATE utf8mb4_unicode_ci NOT NULL,
  `display_order` int unsigned NOT NULL DEFAULT '0',
  `is_active` tinyint(1) NOT NULL DEFAULT '1',
  `created_at` timestamp NULL DEFAULT NULL,
  `updated_at` timestamp NULL DEFAULT NULL,
  PRIMARY KEY (`id`),
  KEY `floors_location_id_foreign` (`location_id`),
  KEY `floors_is_active_index` (`is_active`),
  CONSTRAINT `floors_location_id_foreign` FOREIGN KEY (`location_id`) REFERENCES `locations` (`id`) ON DELETE CASCADE ON UPDATE CASCADE
) ENGINE=InnoDB AUTO_INCREMENT=5 DEFAULT CHARSET=utf8mb4 COLLATE=utf8mb4_unicode_ci;

DROP TABLE IF EXISTS `ingredients`;
CREATE TABLE `ingredients` (
  `id` bigint unsigned NOT NULL AUTO_INCREMENT,
  `location_id` bigint unsigned NOT NULL,
  `sku` varchar(60) COLLATE utf8mb4_unicode_ci DEFAULT NULL,
  `name` varchar(200) COLLATE utf8mb4_unicode_ci NOT NULL,
  `unit` varchar(20) COLLATE utf8mb4_unicode_ci NOT NULL DEFAULT 'unit',
  `quantity_on_hand` decimal(12,3) NOT NULL DEFAULT '0.000',
  `reorder_level` decimal(12,3) NOT NULL DEFAULT '0.000',
  `reorder_quantity` decimal(12,3) DEFAULT NULL,
  `cost` decimal(12,2) DEFAULT NULL,
  `is_active` tinyint(1) NOT NULL DEFAULT '1',
  `created_at` timestamp NULL DEFAULT NULL,
  `updated_at` timestamp NULL DEFAULT NULL,
  `deleted_at` timestamp NULL DEFAULT NULL,
  PRIMARY KEY (`id`),
  UNIQUE KEY `ingredients_location_id_sku_unique` (`location_id`,`sku`),
  KEY `ingredients_location_id_name_index` (`location_id`,`name`),
  KEY `ingredients_is_active_index` (`is_active`),
  CONSTRAINT `ingredients_location_id_foreign` FOREIGN KEY (`location_id`) REFERENCES `locations` (`id`) ON DELETE RESTRICT ON UPDATE CASCADE
) ENGINE=InnoDB AUTO_INCREMENT=43 DEFAULT CHARSET=utf8mb4 COLLATE=utf8mb4_unicode_ci;

DROP TABLE IF EXISTS `inventory_transactions`;
CREATE TABLE `inventory_transactions` (
  `id` bigint unsigned NOT NULL AUTO_INCREMENT,
  `ingredient_id` bigint unsigned NOT NULL,
  `type` enum('in','out','adjust') COLLATE utf8mb4_unicode_ci NOT NULL,
  `location_id` bigint unsigned NOT NULL,
  `user_id` bigint unsigned NOT NULL,
  `movement_type` varchar(20) COLLATE utf8mb4_unicode_ci NOT NULL,
  `quantity` decimal(10,2) NOT NULL,
  `unit_cost` decimal(12,2) DEFAULT NULL,
  `value` decimal(12,2) DEFAULT NULL,
  `sourceable_type` varchar(100) COLLATE utf8mb4_unicode_ci DEFAULT NULL,
  `sourceable_id` bigint unsigned DEFAULT NULL,
  `unit` varchar(20) COLLATE utf8mb4_unicode_ci NOT NULL,
  `reference_type` varchar(30) COLLATE utf8mb4_unicode_ci DEFAULT NULL,
  `reference_id` bigint unsigned DEFAULT NULL,
  `notes` text COLLATE utf8mb4_unicode_ci,
  `transacted_at` timestamp NOT NULL DEFAULT CURRENT_TIMESTAMP,
  `created_by` bigint unsigned DEFAULT NULL,
  `created_at` timestamp NULL DEFAULT NULL,
  `updated_at` timestamp NULL DEFAULT NULL,
  PRIMARY KEY (`id`),
  KEY `inventory_transactions_ingredient_id_foreign` (`ingredient_id`),
  KEY `inventory_transactions_location_id_foreign` (`location_id`),
  KEY `inventory_transactions_user_id_foreign` (`user_id`),
  KEY `inventory_transactions_movement_type_index` (`movement_type`),
  KEY `inventory_transactions_reference_type_index` (`reference_type`),
  KEY `inventory_transactions_reference_id_index` (`reference_id`),
  KEY `inventory_transactions_created_by_foreign` (`created_by`),
  KEY `inventory_transactions_sourceable_type_index` (`sourceable_type`),
  KEY `inventory_transactions_sourceable_id_index` (`sourceable_id`),
  CONSTRAINT `inventory_transactions_created_by_foreign` FOREIGN KEY (`created_by`) REFERENCES `users` (`id`) ON DELETE SET NULL ON UPDATE CASCADE,
  CONSTRAINT `inventory_transactions_ingredient_id_foreign` FOREIGN KEY (`ingredient_id`) REFERENCES `ingredients` (`id`) ON DELETE RESTRICT ON UPDATE CASCADE,
  CONSTRAINT `inventory_transactions_location_id_foreign` FOREIGN KEY (`location_id`) REFERENCES `locations` (`id`) ON DELETE RESTRICT ON UPDATE CASCADE,
  CONSTRAINT `inventory_transactions_user_id_foreign` FOREIGN KEY (`user_id`) REFERENCES `users` (`id`) ON DELETE RESTRICT ON UPDATE CASCADE
) ENGINE=InnoDB AUTO_INCREMENT=246 DEFAULT CHARSET=utf8mb4 COLLATE=utf8mb4_unicode_ci;

DROP TABLE IF EXISTS `invoices`;
CREATE TABLE `invoices` (
  `id` bigint unsigned NOT NULL AUTO_INCREMENT,
  `order_id` bigint unsigned NOT NULL,
  `location_id` bigint unsigned NOT NULL,
  `invoice_number` varchar(60) COLLATE utf8mb4_unicode_ci NOT NULL,
  `subtotal` decimal(12,2) NOT NULL DEFAULT '0.00',
  `tax_amount` decimal(12,2) NOT NULL DEFAULT '0.00',
  `discount_amount` decimal(12,2) NOT NULL DEFAULT '0.00',
  `total_amount` decimal(12,2) NOT NULL DEFAULT '0.00',
  `service_charge` decimal(12,2) NOT NULL DEFAULT '0.00',
  `amount_paid` decimal(12,2) NOT NULL DEFAULT '0.00',
  `amount_due` decimal(12,2) NOT NULL DEFAULT '0.00',
  `status` enum('draft','issued','paid','cancelled') COLLATE utf8mb4_unicode_ci NOT NULL DEFAULT 'draft',
  `currency` varchar(3) COLLATE utf8mb4_unicode_ci NOT NULL DEFAULT 'USD',
  `issued_at` timestamp NULL DEFAULT NULL,
  `due_at` timestamp NULL DEFAULT NULL,
  `paid_at` timestamp NULL DEFAULT NULL,
  `notes` text COLLATE utf8mb4_unicode_ci,
  `created_at` timestamp NULL DEFAULT NULL,
  `updated_at` timestamp NULL DEFAULT NULL,
  PRIMARY KEY (`id`),
  UNIQUE KEY `invoices_invoice_number_unique` (`invoice_number`),
  KEY `invoices_location_id_foreign` (`location_id`),
  KEY `invoices_order_id_index` (`order_id`),
  KEY `invoices_issued_at_index` (`issued_at`),
  CONSTRAINT `invoices_location_id_foreign` FOREIGN KEY (`location_id`) REFERENCES `locations` (`id`) ON DELETE RESTRICT ON UPDATE CASCADE,
  CONSTRAINT `invoices_order_id_foreign` FOREIGN KEY (`order_id`) REFERENCES `orders` (`id`) ON DELETE CASCADE ON UPDATE CASCADE
) ENGINE=InnoDB AUTO_INCREMENT=100 DEFAULT CHARSET=utf8mb4 COLLATE=utf8mb4_unicode_ci;

DROP TABLE IF EXISTS `job_batches`;
CREATE TABLE `job_batches` (
  `id` varchar(255) COLLATE utf8mb4_unicode_ci NOT NULL,
  `name` varchar(255) COLLATE utf8mb4_unicode_ci NOT NULL,
  `total_jobs` int NOT NULL,
  `pending_jobs` int NOT NULL,
  `failed_jobs` int NOT NULL,
  `failed_job_ids` longtext COLLATE utf8mb4_unicode_ci NOT NULL,
  `options` mediumtext COLLATE utf8mb4_unicode_ci,
  `cancelled_at` int DEFAULT NULL,
  `created_at` int NOT NULL,
  `finished_at` int DEFAULT NULL,
  PRIMARY KEY (`id`)
) ENGINE=InnoDB DEFAULT CHARSET=utf8mb4 COLLATE=utf8mb4_unicode_ci;

DROP TABLE IF EXISTS `jobs`;
CREATE TABLE `jobs` (
  `id` bigint unsigned NOT NULL AUTO_INCREMENT,
  `queue` varchar(255) COLLATE utf8mb4_unicode_ci NOT NULL,
  `payload` longtext COLLATE utf8mb4_unicode_ci NOT NULL,
  `attempts` tinyint unsigned NOT NULL,
  `reserved_at` int unsigned DEFAULT NULL,
  `available_at` int unsigned NOT NULL,
  `created_at` int unsigned NOT NULL,
  PRIMARY KEY (`id`),
  KEY `jobs_queue_index` (`queue`)
) ENGINE=InnoDB DEFAULT CHARSET=utf8mb4 COLLATE=utf8mb4_unicode_ci;

DROP TABLE IF EXISTS `leave_requests`;
CREATE TABLE `leave_requests` (
  `id` bigint unsigned NOT NULL AUTO_INCREMENT,
  `employee_id` bigint unsigned NOT NULL,
  `location_id` bigint unsigned NOT NULL,
  `start_date` date NOT NULL,
  `end_date` date NOT NULL,
  `type` enum('annual','sick','unpaid','other') COLLATE utf8mb4_unicode_ci NOT NULL DEFAULT 'annual',
  `reason` text COLLATE utf8mb4_unicode_ci,
  `status` enum('pending','approved','rejected','cancelled') COLLATE utf8mb4_unicode_ci NOT NULL DEFAULT 'pending',
  `created_at` timestamp NULL DEFAULT NULL,
  `updated_at` timestamp NULL DEFAULT NULL,
  PRIMARY KEY (`id`),
  KEY `leave_requests_location_id_foreign` (`location_id`),
  KEY `leave_requests_employee_id_start_date_index` (`employee_id`,`start_date`),
  KEY `leave_requests_start_date_index` (`start_date`),
  KEY `leave_requests_end_date_index` (`end_date`),
  KEY `leave_requests_status_index` (`status`),
  CONSTRAINT `leave_requests_employee_id_foreign` FOREIGN KEY (`employee_id`) REFERENCES `employees` (`id`) ON DELETE CASCADE ON UPDATE CASCADE,
  CONSTRAINT `leave_requests_location_id_foreign` FOREIGN KEY (`location_id`) REFERENCES `locations` (`id`) ON DELETE RESTRICT ON UPDATE CASCADE
) ENGINE=InnoDB AUTO_INCREMENT=28 DEFAULT CHARSET=utf8mb4 COLLATE=utf8mb4_unicode_ci;

DROP TABLE IF EXISTS `locations`;
CREATE TABLE `locations` (
  `id` bigint unsigned NOT NULL AUTO_INCREMENT,
  `code` varchar(50) COLLATE utf8mb4_unicode_ci NOT NULL,
  `name` varchar(150) COLLATE utf8mb4_unicode_ci NOT NULL,
  `address_line1` varchar(255) COLLATE utf8mb4_unicode_ci DEFAULT NULL,
  `address_line2` varchar(255) COLLATE utf8mb4_unicode_ci DEFAULT NULL,
  `city` varchar(100) COLLATE utf8mb4_unicode_ci DEFAULT NULL,
  `state` varchar(100) COLLATE utf8mb4_unicode_ci DEFAULT NULL,
  `postal_code` varchar(20) COLLATE utf8mb4_unicode_ci DEFAULT NULL,
  `country` varchar(100) COLLATE utf8mb4_unicode_ci DEFAULT NULL,
  `phone` varchar(30) COLLATE utf8mb4_unicode_ci DEFAULT NULL,
  `is_active` tinyint(1) NOT NULL DEFAULT '1',
  `accepts_online_orders` tinyint(1) NOT NULL DEFAULT '0',
  `accepts_pickup` tinyint(1) NOT NULL DEFAULT '0',
  `accepts_delivery` tinyint(1) NOT NULL DEFAULT '0',
  `created_at` timestamp NULL DEFAULT NULL,
  `updated_at` timestamp NULL DEFAULT NULL,
  PRIMARY KEY (`id`),
  UNIQUE KEY `locations_code_unique` (`code`),
  KEY `locations_is_active_index` (`is_active`)
) ENGINE=InnoDB AUTO_INCREMENT=2 DEFAULT CHARSET=utf8mb4 COLLATE=utf8mb4_unicode_ci;

DROP TABLE IF EXISTS `loyalty_points`;
CREATE TABLE `loyalty_points` (
  `id` bigint unsigned NOT NULL AUTO_INCREMENT,
  `customer_id` bigint unsigned NOT NULL,
  `order_id` bigint unsigned DEFAULT NULL,
  `location_id` bigint unsigned NOT NULL,
  `type` enum('earn','redeem','adjust') COLLATE utf8mb4_unicode_ci NOT NULL,
  `points` int NOT NULL,
  `balance_after` int NOT NULL,
  `occurred_at` datetime NOT NULL,
  `notes` varchar(255) COLLATE utf8mb4_unicode_ci DEFAULT NULL,
  `created_at` timestamp NULL DEFAULT NULL,
  `updated_at` timestamp NULL DEFAULT NULL,
  PRIMARY KEY (`id`),
  KEY `loyalty_points_order_id_foreign` (`order_id`),
  KEY `loyalty_points_location_id_foreign` (`location_id`),
  KEY `idx_loyalty_customer_time` (`customer_id`,`occurred_at`),
  CONSTRAINT `loyalty_points_customer_id_foreign` FOREIGN KEY (`customer_id`) REFERENCES `customers` (`id`) ON DELETE CASCADE ON UPDATE CASCADE,
  CONSTRAINT `loyalty_points_location_id_foreign` FOREIGN KEY (`location_id`) REFERENCES `locations` (`id`) ON DELETE RESTRICT ON UPDATE CASCADE,
  CONSTRAINT `loyalty_points_order_id_foreign` FOREIGN KEY (`order_id`) REFERENCES `orders` (`id`) ON DELETE SET NULL ON UPDATE CASCADE
) ENGINE=InnoDB AUTO_INCREMENT=151 DEFAULT CHARSET=utf8mb4 COLLATE=utf8mb4_unicode_ci;

DROP TABLE IF EXISTS `menu_item_translations`;
CREATE TABLE `menu_item_translations` (
  `id` bigint unsigned NOT NULL AUTO_INCREMENT,
  `menu_item_id` bigint unsigned NOT NULL,
  `locale` varchar(10) COLLATE utf8mb4_unicode_ci NOT NULL,
  `name` varchar(200) COLLATE utf8mb4_unicode_ci NOT NULL,
  `description` text COLLATE utf8mb4_unicode_ci,
  `created_at` timestamp NULL DEFAULT NULL,
  `updated_at` timestamp NULL DEFAULT NULL,
  PRIMARY KEY (`id`),
  UNIQUE KEY `menu_item_translations_menu_item_id_locale_unique` (`menu_item_id`,`locale`),
  KEY `menu_item_translations_locale_index` (`locale`),
  CONSTRAINT `menu_item_translations_menu_item_id_foreign` FOREIGN KEY (`menu_item_id`) REFERENCES `menu_items` (`id`) ON DELETE CASCADE ON UPDATE CASCADE
) ENGINE=InnoDB AUTO_INCREMENT=70 DEFAULT CHARSET=utf8mb4 COLLATE=utf8mb4_unicode_ci;

DROP TABLE IF EXISTS `menu_items`;
CREATE TABLE `menu_items` (
  `id` bigint unsigned NOT NULL AUTO_INCREMENT,
  `location_id` bigint unsigned NOT NULL,
  `category_id` bigint unsigned DEFAULT NULL,
  `sku` varchar(50) COLLATE utf8mb4_unicode_ci DEFAULT NULL,
  `slug` varchar(150) COLLATE utf8mb4_unicode_ci NOT NULL,
  `price` decimal(12,2) NOT NULL,
  `rating` double DEFAULT NULL,
  `reviews_count` int unsigned NOT NULL DEFAULT '0',
  `cost` decimal(12,2) DEFAULT NULL,
  `prep_time` int DEFAULT NULL,
  `calories` int DEFAULT NULL,
  `image_path` varchar(255) COLLATE utf8mb4_unicode_ci DEFAULT NULL,
  `is_popular` tinyint(1) NOT NULL DEFAULT '0',
  `is_featured` tinyint(1) NOT NULL DEFAULT '0',
  `featured_order` int NOT NULL DEFAULT '999',
  `badge` varchar(255) COLLATE utf8mb4_unicode_ci DEFAULT NULL,
  `is_active` tinyint(1) NOT NULL DEFAULT '1',
  `display_order` int unsigned NOT NULL DEFAULT '0',
  `created_at` timestamp NULL DEFAULT NULL,
  `updated_at` timestamp NULL DEFAULT NULL,
  PRIMARY KEY (`id`),
  UNIQUE KEY `menu_items_location_id_slug_unique` (`location_id`,`slug`),
  UNIQUE KEY `menu_items_location_id_sku_unique` (`location_id`,`sku`),
  KEY `menu_items_category_id_foreign` (`category_id`),
  KEY `menu_items_slug_index` (`slug`),
  KEY `menu_items_is_popular_index` (`is_popular`),
  KEY `menu_items_is_active_index` (`is_active`),
  KEY `menu_items_is_featured_featured_order_index` (`is_featured`,`featured_order`),
  CONSTRAINT `menu_items_category_id_foreign` FOREIGN KEY (`category_id`) REFERENCES `categories` (`id`) ON DELETE SET NULL ON UPDATE CASCADE,
  CONSTRAINT `menu_items_location_id_foreign` FOREIGN KEY (`location_id`) REFERENCES `locations` (`id`) ON DELETE RESTRICT ON UPDATE CASCADE
) ENGINE=InnoDB AUTO_INCREMENT=37 DEFAULT CHARSET=utf8mb4 COLLATE=utf8mb4_unicode_ci;

DROP TABLE IF EXISTS `migrations`;
CREATE TABLE `migrations` (
  `id` int unsigned NOT NULL AUTO_INCREMENT,
  `migration` varchar(255) COLLATE utf8mb4_unicode_ci NOT NULL,
  `batch` int NOT NULL,
  PRIMARY KEY (`id`)
) ENGINE=InnoDB AUTO_INCREMENT=80 DEFAULT CHARSET=utf8mb4 COLLATE=utf8mb4_unicode_ci;

DROP TABLE IF EXISTS `notifications`;
CREATE TABLE `notifications` (
  `id` char(36) COLLATE utf8mb4_unicode_ci NOT NULL,
  `type` varchar(255) COLLATE utf8mb4_unicode_ci NOT NULL,
  `notifiable_type` varchar(255) COLLATE utf8mb4_unicode_ci NOT NULL,
  `notifiable_id` bigint unsigned NOT NULL,
  `data` text COLLATE utf8mb4_unicode_ci NOT NULL,
  `read_at` timestamp NULL DEFAULT NULL,
  `created_at` timestamp NULL DEFAULT NULL,
  `updated_at` timestamp NULL DEFAULT NULL,
  PRIMARY KEY (`id`),
  KEY `notifications_notifiable_type_notifiable_id_index` (`notifiable_type`,`notifiable_id`)
) ENGINE=InnoDB DEFAULT CHARSET=utf8mb4 COLLATE=utf8mb4_unicode_ci;

DROP TABLE IF EXISTS `operating_hours`;
CREATE TABLE `operating_hours` (
  `id` bigint unsigned NOT NULL AUTO_INCREMENT,
  `location_id` bigint unsigned NOT NULL,
  `day_of_week` tinyint unsigned NOT NULL,
  `service_type` enum('dine-in','pickup','delivery') COLLATE utf8mb4_unicode_ci NOT NULL,
  `opening_time` time NOT NULL,
  `closing_time` time NOT NULL,
  `created_at` timestamp NULL DEFAULT NULL,
  `updated_at` timestamp NULL DEFAULT NULL,
  PRIMARY KEY (`id`),
  UNIQUE KEY `operating_hours_location_id_day_of_week_service_type_unique` (`location_id`,`day_of_week`,`service_type`),
  CONSTRAINT `operating_hours_location_id_foreign` FOREIGN KEY (`location_id`) REFERENCES `locations` (`id`) ON DELETE CASCADE ON UPDATE CASCADE
) ENGINE=InnoDB DEFAULT CHARSET=utf8mb4 COLLATE=utf8mb4_unicode_ci;

DROP TABLE IF EXISTS `order_items`;
CREATE TABLE `order_items` (
  `id` bigint unsigned NOT NULL AUTO_INCREMENT,
  `order_id` bigint unsigned NOT NULL,
  `menu_item_id` bigint unsigned NOT NULL,
  `quantity` smallint unsigned NOT NULL DEFAULT '1',
  `unit_price` decimal(12,2) NOT NULL,
  `discount_amount` decimal(12,2) NOT NULL DEFAULT '0.00',
  `tax_amount` decimal(12,2) NOT NULL DEFAULT '0.00',
  `total_price` decimal(12,2) NOT NULL,
  `status` enum('pending','preparing','ready','served','cancelled') COLLATE utf8mb4_unicode_ci NOT NULL DEFAULT 'pending',
  `special_instructions` text COLLATE utf8mb4_unicode_ci,
  `created_at` timestamp NULL DEFAULT NULL,
  `updated_at` timestamp NULL DEFAULT NULL,
  PRIMARY KEY (`id`),
  KEY `order_items_menu_item_id_index` (`menu_item_id`),
  KEY `order_items_kitchen_status_index` (`status`),
  KEY `idx_order_item_menu` (`order_id`,`menu_item_id`),
  CONSTRAINT `order_items_menu_item_id_foreign` FOREIGN KEY (`menu_item_id`) REFERENCES `menu_items` (`id`) ON DELETE RESTRICT ON UPDATE CASCADE,
  CONSTRAINT `order_items_order_id_foreign` FOREIGN KEY (`order_id`) REFERENCES `orders` (`id`) ON DELETE CASCADE ON UPDATE CASCADE
) ENGINE=InnoDB AUTO_INCREMENT=885 DEFAULT CHARSET=utf8mb4 COLLATE=utf8mb4_unicode_ci;

DROP TABLE IF EXISTS `order_time_slots`;
CREATE TABLE `order_time_slots` (
  `id` bigint unsigned NOT NULL AUTO_INCREMENT,
  `location_id` bigint unsigned NOT NULL,
  `slot_date` date NOT NULL,
  `slot_start_time` time NOT NULL,
  `slot_type` enum('pickup','delivery') COLLATE utf8mb4_unicode_ci NOT NULL,
  `max_orders` int unsigned NOT NULL,
  `current_orders` int unsigned NOT NULL DEFAULT '0',
  `created_at` timestamp NULL DEFAULT NULL,
  `updated_at` timestamp NULL DEFAULT NULL,
  PRIMARY KEY (`id`),
  UNIQUE KEY `order_time_slots_unique` (`location_id`,`slot_date`,`slot_start_time`,`slot_type`),
  KEY `order_time_slots_slot_date_slot_type_index` (`slot_date`,`slot_type`),
  KEY `order_time_slots_slot_type_index` (`slot_type`),
  CONSTRAINT `order_time_slots_location_id_foreign` FOREIGN KEY (`location_id`) REFERENCES `locations` (`id`) ON DELETE CASCADE ON UPDATE CASCADE
) ENGINE=InnoDB DEFAULT CHARSET=utf8mb4 COLLATE=utf8mb4_unicode_ci;

DROP TABLE IF EXISTS `orders`;
CREATE TABLE `orders` (
  `id` bigint unsigned NOT NULL AUTO_INCREMENT,
  `location_id` bigint unsigned NOT NULL,
  `table_id` bigint unsigned DEFAULT NULL,
  `customer_id` bigint unsigned DEFAULT NULL,
  `employee_id` bigint unsigned DEFAULT NULL,
  `order_number` varchar(50) COLLATE utf8mb4_unicode_ci NOT NULL,
  `preparation_status` enum('pending','preparing','ready','served') COLLATE utf8mb4_unicode_ci NOT NULL DEFAULT 'pending',
  `priority` int NOT NULL DEFAULT '0',
  `status` enum('pending','received','preparing','ready','completed','cancelled') COLLATE utf8mb4_unicode_ci NOT NULL DEFAULT 'pending',
  `approval_status` enum('pending','approved','rejected') COLLATE utf8mb4_unicode_ci NOT NULL DEFAULT 'pending',
  `subtotal` decimal(12,2) NOT NULL DEFAULT '0.00',
  `tax_amount` decimal(12,2) NOT NULL DEFAULT '0.00',
  `discount_amount` decimal(12,2) NOT NULL DEFAULT '0.00',
  `total_amount` decimal(12,2) NOT NULL DEFAULT '0.00',
  `service_charge` decimal(12,2) NOT NULL DEFAULT '0.00',
  `currency` varchar(3) COLLATE utf8mb4_unicode_ci NOT NULL DEFAULT 'USD',
  `ordered_at` timestamp NULL DEFAULT NULL,
  `completed_at` timestamp NULL DEFAULT NULL,
  `special_instructions` text COLLATE utf8mb4_unicode_ci,
  `estimated_ready_time` timestamp NULL DEFAULT NULL,
  `created_at` timestamp NULL DEFAULT NULL,
  `updated_at` timestamp NULL DEFAULT NULL,
  `order_type` enum('dine-in','pickup','delivery') COLLATE utf8mb4_unicode_ci NOT NULL DEFAULT 'dine-in',
  `customer_address_id` bigint unsigned DEFAULT NULL,
  `payment_status` enum('unpaid','paid','refunded') COLLATE utf8mb4_unicode_ci NOT NULL DEFAULT 'unpaid',
  `scheduled_at` timestamp NULL DEFAULT NULL,
  `kitchen_submitted_at` timestamp NULL DEFAULT NULL,
  `approved_by` bigint unsigned DEFAULT NULL,
  `approved_at` timestamp NULL DEFAULT NULL,
  `rejection_reason` text COLLATE utf8mb4_unicode_ci,
  `is_auto_approved` tinyint(1) NOT NULL DEFAULT '0',
  PRIMARY KEY (`id`),
  UNIQUE KEY `orders_location_order_unique` (`location_id`,`order_number`),
  UNIQUE KEY `orders_location_id_order_number_unique` (`location_id`,`order_number`),
  KEY `orders_table_id_foreign` (`table_id`),
  KEY `orders_employee_id_foreign` (`employee_id`),
  KEY `orders_customer_id_index` (`customer_id`),
  KEY `orders_status_index` (`status`),
  KEY `orders_placed_at_index` (`ordered_at`),
  KEY `orders_closed_at_index` (`completed_at`),
  KEY `orders_customer_address_id_foreign` (`customer_address_id`),
  KEY `orders_order_type_index` (`order_type`),
  KEY `orders_payment_status_index` (`payment_status`),
  KEY `orders_scheduled_at_index` (`scheduled_at`),
  KEY `orders_preparation_status_index` (`preparation_status`),
  KEY `orders_approved_by_foreign` (`approved_by`),
  CONSTRAINT `fk_orders_customer_id` FOREIGN KEY (`customer_id`) REFERENCES `customers` (`id`) ON DELETE SET NULL ON UPDATE CASCADE,
  CONSTRAINT `orders_approved_by_foreign` FOREIGN KEY (`approved_by`) REFERENCES `users` (`id`) ON DELETE SET NULL,
  CONSTRAINT `orders_customer_address_id_foreign` FOREIGN KEY (`customer_address_id`) REFERENCES `customer_addresses` (`id`) ON DELETE SET NULL ON UPDATE CASCADE,
  CONSTRAINT `orders_employee_id_foreign` FOREIGN KEY (`employee_id`) REFERENCES `employees` (`id`) ON DELETE SET NULL ON UPDATE CASCADE,
  CONSTRAINT `orders_location_id_foreign` FOREIGN KEY (`location_id`) REFERENCES `locations` (`id`) ON DELETE RESTRICT ON UPDATE CASCADE,
  CONSTRAINT `orders_table_id_foreign` FOREIGN KEY (`table_id`) REFERENCES `tables` (`id`) ON DELETE SET NULL ON UPDATE CASCADE
) ENGINE=InnoDB AUTO_INCREMENT=251 DEFAULT CHARSET=utf8mb4 COLLATE=utf8mb4_unicode_ci;

DROP TABLE IF EXISTS `password_reset_tokens`;
CREATE TABLE `password_reset_tokens` (
  `email` varchar(255) COLLATE utf8mb4_unicode_ci NOT NULL,
  `token` varchar(255) COLLATE utf8mb4_unicode_ci NOT NULL,
  `created_at` timestamp NULL DEFAULT NULL,
  PRIMARY KEY (`email`)
) ENGINE=InnoDB DEFAULT CHARSET=utf8mb4 COLLATE=utf8mb4_unicode_ci;

DROP TABLE IF EXISTS `payment_methods`;
CREATE TABLE `payment_methods` (
  `id` bigint unsigned NOT NULL AUTO_INCREMENT,
  `name` varchar(100) COLLATE utf8mb4_unicode_ci NOT NULL,
  `code` varchar(30) COLLATE utf8mb4_unicode_ci NOT NULL,
  `type` varchar(30) COLLATE utf8mb4_unicode_ci NOT NULL,
  `processing_fee` decimal(5,2) NOT NULL DEFAULT '0.00',
  `description` varchar(255) COLLATE utf8mb4_unicode_ci DEFAULT NULL,
  `display_order` int unsigned NOT NULL DEFAULT '0',
  `is_active` tinyint(1) NOT NULL DEFAULT '1',
  `created_at` timestamp NULL DEFAULT NULL,
  `updated_at` timestamp NULL DEFAULT NULL,
  PRIMARY KEY (`id`),
  UNIQUE KEY `payment_methods_name_unique` (`name`),
  UNIQUE KEY `payment_methods_code_unique` (`code`),
  KEY `payment_methods_is_active_index` (`is_active`)
) ENGINE=InnoDB AUTO_INCREMENT=7 DEFAULT CHARSET=utf8mb4 COLLATE=utf8mb4_unicode_ci;

DROP TABLE IF EXISTS `payments`;
CREATE TABLE `payments` (
  `id` bigint unsigned NOT NULL AUTO_INCREMENT,
  `invoice_id` bigint unsigned NOT NULL,
  `payment_method_id` bigint unsigned NOT NULL,
  `amount` decimal(12,2) NOT NULL,
  `transaction_id` varchar(100) COLLATE utf8mb4_unicode_ci NOT NULL,
  `reference_number` varchar(100) COLLATE utf8mb4_unicode_ci NOT NULL,
  `status` enum('pending','completed','failed','refunded') COLLATE utf8mb4_unicode_ci NOT NULL DEFAULT 'pending',
  `processed_at` timestamp NULL DEFAULT NULL,
  `notes` text COLLATE utf8mb4_unicode_ci,
  `created_at` timestamp NULL DEFAULT NULL,
  `updated_at` timestamp NULL DEFAULT NULL,
  PRIMARY KEY (`id`),
  UNIQUE KEY `payments_transaction_id_unique` (`transaction_id`),
  UNIQUE KEY `payments_reference_number_unique` (`reference_number`),
  KEY `payments_invoice_id_foreign` (`invoice_id`),
  KEY `payments_payment_method_id_foreign` (`payment_method_id`),
  KEY `payments_status_processed_at_index` (`status`,`processed_at`),
  CONSTRAINT `payments_invoice_id_foreign` FOREIGN KEY (`invoice_id`) REFERENCES `invoices` (`id`) ON DELETE CASCADE ON UPDATE CASCADE,
  CONSTRAINT `payments_payment_method_id_foreign` FOREIGN KEY (`payment_method_id`) REFERENCES `payment_methods` (`id`) ON DELETE RESTRICT ON UPDATE CASCADE
) ENGINE=InnoDB AUTO_INCREMENT=61 DEFAULT CHARSET=utf8mb4 COLLATE=utf8mb4_unicode_ci;

DROP TABLE IF EXISTS `payrolls`;
CREATE TABLE `payrolls` (
  `id` bigint unsigned NOT NULL AUTO_INCREMENT,
  `employee_id` bigint unsigned NOT NULL,
  `period_start` date NOT NULL,
  `period_end` date NOT NULL,
  `gross_pay` decimal(12,2) NOT NULL,
  `bonuses` decimal(12,2) NOT NULL DEFAULT '0.00',
  `deductions` decimal(12,2) NOT NULL DEFAULT '0.00',
  `net_pay` decimal(12,2) NOT NULL,
  `status` enum('draft','paid','cancelled') COLLATE utf8mb4_unicode_ci NOT NULL DEFAULT 'draft',
  `paid_at` timestamp NULL DEFAULT NULL,
  `created_at` timestamp NULL DEFAULT NULL,
  `updated_at` timestamp NULL DEFAULT NULL,
  PRIMARY KEY (`id`),
  KEY `payrolls_employee_id_period_start_period_end_index` (`employee_id`,`period_start`,`period_end`),
  KEY `payrolls_period_start_index` (`period_start`),
  KEY `payrolls_period_end_index` (`period_end`),
  KEY `payrolls_status_index` (`status`),
  CONSTRAINT `payrolls_employee_id_foreign` FOREIGN KEY (`employee_id`) REFERENCES `employees` (`id`) ON DELETE CASCADE ON UPDATE CASCADE
) ENGINE=InnoDB DEFAULT CHARSET=utf8mb4 COLLATE=utf8mb4_unicode_ci;

DROP TABLE IF EXISTS `permissions`;
CREATE TABLE `permissions` (
  `id` bigint unsigned NOT NULL AUTO_INCREMENT,
  `name` varchar(120) COLLATE utf8mb4_unicode_ci NOT NULL,
  `slug` varchar(120) COLLATE utf8mb4_unicode_ci NOT NULL,
  `description` text COLLATE utf8mb4_unicode_ci,
  `created_at` timestamp NULL DEFAULT NULL,
  `updated_at` timestamp NULL DEFAULT NULL,
  PRIMARY KEY (`id`),
  UNIQUE KEY `permissions_name_unique` (`name`),
  UNIQUE KEY `permissions_slug_unique` (`slug`)
) ENGINE=InnoDB AUTO_INCREMENT=24 DEFAULT CHARSET=utf8mb4 COLLATE=utf8mb4_unicode_ci;

DROP TABLE IF EXISTS `personal_access_tokens`;
CREATE TABLE `personal_access_tokens` (
  `id` bigint unsigned NOT NULL AUTO_INCREMENT,
  `tokenable_type` varchar(255) COLLATE utf8mb4_unicode_ci NOT NULL,
  `tokenable_id` bigint unsigned NOT NULL,
  `name` varchar(255) COLLATE utf8mb4_unicode_ci NOT NULL,
  `token` varchar(64) COLLATE utf8mb4_unicode_ci NOT NULL,
  `abilities` text COLLATE utf8mb4_unicode_ci,
  `last_used_at` timestamp NULL DEFAULT NULL,
  `expires_at` timestamp NULL DEFAULT NULL,
  `created_at` timestamp NULL DEFAULT NULL,
  `updated_at` timestamp NULL DEFAULT NULL,
  PRIMARY KEY (`id`),
  UNIQUE KEY `personal_access_tokens_token_unique` (`token`),
  KEY `personal_access_tokens_tokenable_type_tokenable_id_index` (`tokenable_type`,`tokenable_id`)
) ENGINE=InnoDB DEFAULT CHARSET=utf8mb4 COLLATE=utf8mb4_unicode_ci;

DROP TABLE IF EXISTS `positions`;
CREATE TABLE `positions` (
  `id` bigint unsigned NOT NULL AUTO_INCREMENT,
  `title` varchar(120) COLLATE utf8mb4_unicode_ci NOT NULL,
  `description` text COLLATE utf8mb4_unicode_ci,
  `is_active` tinyint(1) NOT NULL DEFAULT '1',
  `created_at` timestamp NULL DEFAULT NULL,
  `updated_at` timestamp NULL DEFAULT NULL,
  PRIMARY KEY (`id`),
  UNIQUE KEY `positions_title_unique` (`title`),
  KEY `positions_is_active_index` (`is_active`)
) ENGINE=InnoDB AUTO_INCREMENT=14 DEFAULT CHARSET=utf8mb4 COLLATE=utf8mb4_unicode_ci;

DROP TABLE IF EXISTS `promotions`;
CREATE TABLE `promotions` (
  `id` bigint unsigned NOT NULL AUTO_INCREMENT,
  `location_id` bigint unsigned DEFAULT NULL,
  `code` varchar(50) COLLATE utf8mb4_unicode_ci NOT NULL,
  `name` varchar(200) COLLATE utf8mb4_unicode_ci NOT NULL,
  `description` text COLLATE utf8mb4_unicode_ci,
  `type` enum('percentage','fixed','happy_hour') COLLATE utf8mb4_unicode_ci NOT NULL DEFAULT 'percentage',
  `value` decimal(12,2) NOT NULL DEFAULT '0.00',
  `min_order_amount` decimal(12,2) DEFAULT NULL,
  `usage_limit` int unsigned DEFAULT NULL,
  `per_customer_limit` int unsigned DEFAULT NULL,
  `start_at` timestamp NULL DEFAULT NULL,
  `end_at` timestamp NULL DEFAULT NULL,
  `is_active` tinyint(1) NOT NULL DEFAULT '1',
  `created_at` timestamp NULL DEFAULT NULL,
  `updated_at` timestamp NULL DEFAULT NULL,
  PRIMARY KEY (`id`),
  UNIQUE KEY `promotions_location_id_code_unique` (`location_id`,`code`),
  KEY `promotions_type_index` (`type`),
  KEY `promotions_start_at_index` (`start_at`),
  KEY `promotions_end_at_index` (`end_at`),
  KEY `promotions_is_active_index` (`is_active`),
  CONSTRAINT `promotions_location_id_foreign` FOREIGN KEY (`location_id`) REFERENCES `locations` (`id`) ON DELETE SET NULL ON UPDATE CASCADE
) ENGINE=InnoDB AUTO_INCREMENT=4 DEFAULT CHARSET=utf8mb4 COLLATE=utf8mb4_unicode_ci;

DROP TABLE IF EXISTS `purchase_order_items`;
CREATE TABLE `purchase_order_items` (
  `id` bigint unsigned NOT NULL AUTO_INCREMENT,
  `purchase_order_id` bigint unsigned NOT NULL,
  `ingredient_id` bigint unsigned NOT NULL,
  `quantity_ordered` decimal(12,3) NOT NULL,
  `quantity_received` decimal(12,3) NOT NULL DEFAULT '0.000',
  `unit_price` decimal(12,2) NOT NULL,
  `discount_amount` decimal(12,2) NOT NULL DEFAULT '0.00',
  `total` decimal(12,2) NOT NULL,
  `status` enum('open','partial','closed','cancelled') COLLATE utf8mb4_unicode_ci NOT NULL DEFAULT 'open',
  `tax_amount` decimal(12,2) NOT NULL DEFAULT '0.00',
  `created_at` timestamp NULL DEFAULT NULL,
  `updated_at` timestamp NULL DEFAULT NULL,
  PRIMARY KEY (`id`),
  KEY `purchase_order_items_purchase_order_id_foreign` (`purchase_order_id`),
  KEY `purchase_order_items_ingredient_id_foreign` (`ingredient_id`),
  KEY `purchase_order_items_status_index` (`status`),
  CONSTRAINT `purchase_order_items_ingredient_id_foreign` FOREIGN KEY (`ingredient_id`) REFERENCES `ingredients` (`id`) ON DELETE RESTRICT ON UPDATE CASCADE,
  CONSTRAINT `purchase_order_items_purchase_order_id_foreign` FOREIGN KEY (`purchase_order_id`) REFERENCES `purchase_orders` (`id`) ON DELETE CASCADE ON UPDATE CASCADE
) ENGINE=InnoDB DEFAULT CHARSET=utf8mb4 COLLATE=utf8mb4_unicode_ci;

DROP TABLE IF EXISTS `purchase_orders`;
CREATE TABLE `purchase_orders` (
  `id` bigint unsigned NOT NULL AUTO_INCREMENT,
  `location_id` bigint unsigned NOT NULL,
  `supplier_id` bigint unsigned NOT NULL,
  `created_by` bigint unsigned DEFAULT NULL,
  `order_date` date NOT NULL,
  `expected_date` date DEFAULT NULL,
  `received_at` datetime DEFAULT NULL,
  `status` enum('draft','submitted','partial','received','cancelled') COLLATE utf8mb4_unicode_ci NOT NULL DEFAULT 'draft',
  `total` decimal(12,2) NOT NULL DEFAULT '0.00',
  `currency` varchar(3) COLLATE utf8mb4_unicode_ci NOT NULL DEFAULT 'USD',
  `notes` text COLLATE utf8mb4_unicode_ci,
  `discount_total` decimal(12,2) NOT NULL DEFAULT '0.00',
  `tax_total` decimal(12,2) NOT NULL DEFAULT '0.00',
  `subtotal` decimal(12,2) NOT NULL DEFAULT '0.00',
  `created_at` timestamp NULL DEFAULT NULL,
  `updated_at` timestamp NULL DEFAULT NULL,
  PRIMARY KEY (`id`),
  KEY `purchase_orders_location_id_foreign` (`location_id`),
  KEY `purchase_orders_supplier_id_foreign` (`supplier_id`),
  KEY `purchase_orders_created_by_foreign` (`created_by`),
  KEY `purchase_orders_status_index` (`status`),
  CONSTRAINT `purchase_orders_created_by_foreign` FOREIGN KEY (`created_by`) REFERENCES `users` (`id`) ON DELETE SET NULL ON UPDATE CASCADE,
  CONSTRAINT `purchase_orders_location_id_foreign` FOREIGN KEY (`location_id`) REFERENCES `locations` (`id`) ON DELETE CASCADE ON UPDATE CASCADE,
  CONSTRAINT `purchase_orders_supplier_id_foreign` FOREIGN KEY (`supplier_id`) REFERENCES `suppliers` (`id`) ON DELETE RESTRICT ON UPDATE CASCADE
) ENGINE=InnoDB DEFAULT CHARSET=utf8mb4 COLLATE=utf8mb4_unicode_ci;

DROP TABLE IF EXISTS `recipe_ingredients`;
CREATE TABLE `recipe_ingredients` (
  `id` bigint unsigned NOT NULL AUTO_INCREMENT,
  `recipe_id` bigint unsigned NOT NULL,
  `ingredient_id` bigint unsigned NOT NULL,
  `quantity` decimal(12,3) NOT NULL,
  `unit` varchar(20) COLLATE utf8mb4_unicode_ci DEFAULT NULL,
  `created_at` timestamp NULL DEFAULT NULL,
  `updated_at` timestamp NULL DEFAULT NULL,
  PRIMARY KEY (`id`),
  UNIQUE KEY `recipe_ingredients_recipe_id_ingredient_id_unique` (`recipe_id`,`ingredient_id`),
  KEY `recipe_ingredients_ingredient_id_foreign` (`ingredient_id`),
  CONSTRAINT `recipe_ingredients_ingredient_id_foreign` FOREIGN KEY (`ingredient_id`) REFERENCES `ingredients` (`id`) ON DELETE RESTRICT ON UPDATE CASCADE,
  CONSTRAINT `recipe_ingredients_recipe_id_foreign` FOREIGN KEY (`recipe_id`) REFERENCES `recipes` (`id`) ON DELETE CASCADE ON UPDATE CASCADE
) ENGINE=InnoDB AUTO_INCREMENT=177 DEFAULT CHARSET=utf8mb4 COLLATE=utf8mb4_unicode_ci;

DROP TABLE IF EXISTS `recipes`;
CREATE TABLE `recipes` (
  `id` bigint unsigned NOT NULL AUTO_INCREMENT,
  `menu_item_id` bigint unsigned NOT NULL,
  `yield_portions` int unsigned NOT NULL DEFAULT '1',
  `instructions` text COLLATE utf8mb4_unicode_ci,
  `created_at` timestamp NULL DEFAULT NULL,
  `updated_at` timestamp NULL DEFAULT NULL,
  PRIMARY KEY (`id`),
  UNIQUE KEY `recipes_menu_item_id_unique` (`menu_item_id`),
  CONSTRAINT `recipes_menu_item_id_foreign` FOREIGN KEY (`menu_item_id`) REFERENCES `menu_items` (`id`) ON DELETE CASCADE ON UPDATE CASCADE
) ENGINE=InnoDB AUTO_INCREMENT=34 DEFAULT CHARSET=utf8mb4 COLLATE=utf8mb4_unicode_ci;

DROP TABLE IF EXISTS `reservations`;
CREATE TABLE `reservations` (
  `id` bigint unsigned NOT NULL AUTO_INCREMENT,
  `code` varchar(20) COLLATE utf8mb4_unicode_ci NOT NULL,
  `location_id` bigint unsigned NOT NULL,
  `customer_id` bigint unsigned NOT NULL,
  `table_id` bigint unsigned DEFAULT NULL,
  `reservation_number` varchar(50) COLLATE utf8mb4_unicode_ci NOT NULL,
  `reserved_for` varchar(255) COLLATE utf8mb4_unicode_ci DEFAULT NULL,
  `duration_minutes` int unsigned NOT NULL DEFAULT '60',
  `guest_count` int unsigned NOT NULL DEFAULT '2',
  `party_size` int NOT NULL,
  `reservation_date` date NOT NULL,
  `reservation_time` time NOT NULL,
  `status` enum('pending','confirmed','seated','completed','cancelled','no_show') COLLATE utf8mb4_unicode_ci NOT NULL DEFAULT 'pending',
  `special_requests` text COLLATE utf8mb4_unicode_ci,
  `notes` text COLLATE utf8mb4_unicode_ci,
  `created_at` timestamp NULL DEFAULT NULL,
  `updated_at` timestamp NULL DEFAULT NULL,
  PRIMARY KEY (`id`),
  UNIQUE KEY `reservations_code_unique` (`code`),
  UNIQUE KEY `reservations_reservation_number_unique` (`reservation_number`),
  UNIQUE KEY `unique_reservation_slot` (`location_id`,`reservation_date`,`reservation_time`,`table_id`),
  KEY `reservations_customer_id_foreign` (`customer_id`),
  KEY `reservations_table_id_foreign` (`table_id`),
  CONSTRAINT `reservations_customer_id_foreign` FOREIGN KEY (`customer_id`) REFERENCES `customers` (`id`) ON DELETE CASCADE ON UPDATE CASCADE,
  CONSTRAINT `reservations_location_id_foreign` FOREIGN KEY (`location_id`) REFERENCES `locations` (`id`) ON DELETE CASCADE ON UPDATE CASCADE,
  CONSTRAINT `reservations_table_id_foreign` FOREIGN KEY (`table_id`) REFERENCES `tables` (`id`) ON DELETE SET NULL ON UPDATE CASCADE
) ENGINE=InnoDB AUTO_INCREMENT=141 DEFAULT CHARSET=utf8mb4 COLLATE=utf8mb4_unicode_ci;

DROP TABLE IF EXISTS `role_permission`;
CREATE TABLE `role_permission` (
  `role_id` bigint unsigned NOT NULL,
  `permission_id` bigint unsigned NOT NULL,
  PRIMARY KEY (`role_id`,`permission_id`),
  KEY `role_permission_permission_id_foreign` (`permission_id`),
  CONSTRAINT `role_permission_permission_id_foreign` FOREIGN KEY (`permission_id`) REFERENCES `permissions` (`id`) ON DELETE CASCADE ON UPDATE CASCADE,
  CONSTRAINT `role_permission_role_id_foreign` FOREIGN KEY (`role_id`) REFERENCES `roles` (`id`) ON DELETE CASCADE ON UPDATE CASCADE
) ENGINE=InnoDB DEFAULT CHARSET=utf8mb4 COLLATE=utf8mb4_unicode_ci;

DROP TABLE IF EXISTS `role_user`;
CREATE TABLE `role_user` (
  `role_id` bigint unsigned NOT NULL,
  `user_id` bigint unsigned NOT NULL,
  PRIMARY KEY (`role_id`,`user_id`),
  KEY `role_user_user_id_foreign` (`user_id`),
  CONSTRAINT `role_user_role_id_foreign` FOREIGN KEY (`role_id`) REFERENCES `roles` (`id`) ON DELETE CASCADE ON UPDATE CASCADE,
  CONSTRAINT `role_user_user_id_foreign` FOREIGN KEY (`user_id`) REFERENCES `users` (`id`) ON DELETE CASCADE ON UPDATE CASCADE
) ENGINE=InnoDB DEFAULT CHARSET=utf8mb4 COLLATE=utf8mb4_unicode_ci;

DROP TABLE IF EXISTS `roles`;
CREATE TABLE `roles` (
  `id` bigint unsigned NOT NULL AUTO_INCREMENT,
  `name` varchar(100) COLLATE utf8mb4_unicode_ci NOT NULL,
  `slug` varchar(100) COLLATE utf8mb4_unicode_ci NOT NULL,
  `description` text COLLATE utf8mb4_unicode_ci,
  `created_at` timestamp NULL DEFAULT NULL,
  `updated_at` timestamp NULL DEFAULT NULL,
  PRIMARY KEY (`id`),
  UNIQUE KEY `roles_name_unique` (`name`),
  UNIQUE KEY `roles_slug_unique` (`slug`)
) ENGINE=InnoDB AUTO_INCREMENT=8 DEFAULT CHARSET=utf8mb4 COLLATE=utf8mb4_unicode_ci;

DROP TABLE IF EXISTS `sessions`;
CREATE TABLE `sessions` (
  `id` varchar(255) COLLATE utf8mb4_unicode_ci NOT NULL,
  `user_id` bigint unsigned DEFAULT NULL,
  `ip_address` varchar(45) COLLATE utf8mb4_unicode_ci DEFAULT NULL,
  `user_agent` text COLLATE utf8mb4_unicode_ci,
  `payload` longtext COLLATE utf8mb4_unicode_ci NOT NULL,
  `last_activity` int NOT NULL,
  PRIMARY KEY (`id`),
  KEY `sessions_user_id_index` (`user_id`),
  KEY `sessions_last_activity_index` (`last_activity`)
) ENGINE=InnoDB DEFAULT CHARSET=utf8mb4 COLLATE=utf8mb4_unicode_ci;

DROP TABLE IF EXISTS `settings`;
CREATE TABLE `settings` (
  `id` bigint unsigned NOT NULL AUTO_INCREMENT,
  `location_id` bigint unsigned DEFAULT NULL,
  `key` varchar(150) COLLATE utf8mb4_unicode_ci NOT NULL,
  `value` json DEFAULT NULL,
  `created_at` timestamp NULL DEFAULT NULL,
  `updated_at` timestamp NULL DEFAULT NULL,
  PRIMARY KEY (`id`),
  UNIQUE KEY `settings_location_id_key_unique` (`location_id`,`key`),
  KEY `settings_key_index` (`key`),
  CONSTRAINT `settings_location_id_foreign` FOREIGN KEY (`location_id`) REFERENCES `locations` (`id`) ON DELETE RESTRICT ON UPDATE CASCADE
) ENGINE=InnoDB DEFAULT CHARSET=utf8mb4 COLLATE=utf8mb4_unicode_ci;

DROP TABLE IF EXISTS `suppliers`;
CREATE TABLE `suppliers` (
  `id` bigint unsigned NOT NULL AUTO_INCREMENT,
  `location_id` bigint unsigned DEFAULT NULL,
  `code` varchar(50) COLLATE utf8mb4_unicode_ci NOT NULL,
  `name` varchar(150) COLLATE utf8mb4_unicode_ci NOT NULL,
  `contact_name` varchar(100) COLLATE utf8mb4_unicode_ci DEFAULT NULL,
  `contact_phone` varchar(30) COLLATE utf8mb4_unicode_ci DEFAULT NULL,
  `email` varchar(255) COLLATE utf8mb4_unicode_ci DEFAULT NULL,
  `phone` varchar(50) COLLATE utf8mb4_unicode_ci DEFAULT NULL,
  `address` varchar(255) COLLATE utf8mb4_unicode_ci DEFAULT NULL,
  `type` varchar(50) COLLATE utf8mb4_unicode_ci NOT NULL,
  `payment_terms` varchar(50) COLLATE utf8mb4_unicode_ci DEFAULT NULL,
  `notes` text COLLATE utf8mb4_unicode_ci,
  `tax_id` varchar(50) COLLATE utf8mb4_unicode_ci DEFAULT NULL,
  `is_active` tinyint(1) NOT NULL DEFAULT '1',
  `created_at` timestamp NULL DEFAULT NULL,
  `updated_at` timestamp NULL DEFAULT NULL,
  PRIMARY KEY (`id`),
  UNIQUE KEY `suppliers_code_unique` (`code`),
  KEY `suppliers_location_id_foreign` (`location_id`),
  KEY `suppliers_type_index` (`type`),
  KEY `suppliers_is_active_index` (`is_active`),
  CONSTRAINT `suppliers_location_id_foreign` FOREIGN KEY (`location_id`) REFERENCES `locations` (`id`) ON DELETE SET NULL ON UPDATE CASCADE
) ENGINE=InnoDB AUTO_INCREMENT=9 DEFAULT CHARSET=utf8mb4 COLLATE=utf8mb4_unicode_ci;

DROP TABLE IF EXISTS `tables`;
CREATE TABLE `tables` (
  `id` bigint unsigned NOT NULL AUTO_INCREMENT,
  `floor_id` bigint unsigned NOT NULL,
  `code` varchar(50) COLLATE utf8mb4_unicode_ci NOT NULL,
  `capacity` int unsigned NOT NULL DEFAULT '2',
  `status` enum('available','reserved','occupied','unavailable') COLLATE utf8mb4_unicode_ci NOT NULL DEFAULT 'available',
  `created_at` timestamp NULL DEFAULT NULL,
  `updated_at` timestamp NULL DEFAULT NULL,
  PRIMARY KEY (`id`),
  UNIQUE KEY `tables_floor_id_code_unique` (`floor_id`,`code`),
  KEY `tables_status_index` (`status`),
  CONSTRAINT `tables_floor_id_foreign` FOREIGN KEY (`floor_id`) REFERENCES `floors` (`id`) ON DELETE RESTRICT ON UPDATE CASCADE
) ENGINE=InnoDB AUTO_INCREMENT=37 DEFAULT CHARSET=utf8mb4 COLLATE=utf8mb4_unicode_ci;

DROP TABLE IF EXISTS `units`;
CREATE TABLE `units` (
  `id` bigint unsigned NOT NULL AUTO_INCREMENT,
  `code` varchar(10) COLLATE utf8mb4_unicode_ci NOT NULL,
  `name` varchar(50) COLLATE utf8mb4_unicode_ci NOT NULL,
  `display_name` varchar(20) COLLATE utf8mb4_unicode_ci NOT NULL,
  `base_unit` varchar(10) COLLATE utf8mb4_unicode_ci DEFAULT NULL,
  `conversion_factor` decimal(10,3) DEFAULT NULL,
  `is_base_unit` tinyint(1) NOT NULL DEFAULT '0',
  `for_weight` tinyint(1) NOT NULL DEFAULT '0',
  `for_volume` tinyint(1) NOT NULL DEFAULT '0',
  `for_quantity` tinyint(1) NOT NULL DEFAULT '0',
  `for_packaging` tinyint(1) NOT NULL DEFAULT '0',
  `for_produce` tinyint(1) NOT NULL DEFAULT '0',
  `created_at` timestamp NULL DEFAULT NULL,
  `updated_at` timestamp NULL DEFAULT NULL,
  PRIMARY KEY (`id`),
  UNIQUE KEY `units_code_unique` (`code`),
  KEY `units_base_unit_foreign` (`base_unit`),
  CONSTRAINT `units_base_unit_foreign` FOREIGN KEY (`base_unit`) REFERENCES `units` (`code`) ON DELETE RESTRICT ON UPDATE CASCADE
) ENGINE=InnoDB AUTO_INCREMENT=15 DEFAULT CHARSET=utf8mb4 COLLATE=utf8mb4_unicode_ci;

DROP TABLE IF EXISTS `users`;
CREATE TABLE `users` (
  `id` bigint unsigned NOT NULL AUTO_INCREMENT,
  `name` varchar(255) COLLATE utf8mb4_unicode_ci NOT NULL,
  `email` varchar(255) COLLATE utf8mb4_unicode_ci NOT NULL,
  `phone` varchar(30) COLLATE utf8mb4_unicode_ci DEFAULT NULL,
  `email_verified_at` timestamp NULL DEFAULT NULL,
  `password` varchar(255) COLLATE utf8mb4_unicode_ci NOT NULL,
  `is_active` tinyint(1) NOT NULL DEFAULT '1',
  `remember_token` varchar(100) COLLATE utf8mb4_unicode_ci DEFAULT NULL,
  `default_location_id` bigint unsigned DEFAULT NULL,
  `created_at` timestamp NULL DEFAULT NULL,
  `updated_at` timestamp NULL DEFAULT NULL,
  PRIMARY KEY (`id`),
  UNIQUE KEY `users_email_unique` (`email`),
  UNIQUE KEY `ux_users_phone` (`phone`),
  KEY `users_default_location_id_foreign` (`default_location_id`),
  KEY `users_is_active_index` (`is_active`),
  CONSTRAINT `users_default_location_id_foreign` FOREIGN KEY (`default_location_id`) REFERENCES `locations` (`id`) ON DELETE RESTRICT ON UPDATE CASCADE
) ENGINE=InnoDB AUTO_INCREMENT=33 DEFAULT CHARSET=utf8mb4 COLLATE=utf8mb4_unicode_ci;


INSERT INTO `audit_logs` (`id`, `user_id`, `action`, `auditable_type`, `auditable_id`, `ip_address`, `user_agent`, `metadata`, `created_at`, `updated_at`) VALUES
(1, 3, 'update:settings', NULL, NULL, '192.168.204.55', 'Mozilla/5.0 (Windows NT 10.0; Win64; x64) AppleWebKit/537.36 (KHTML, like Gecko) Chrome/120 Safari/537.36', '{\"path\": \"/api/admin/update\", \"request_id\": \"e5ed20926f23\"}', '2025-11-21 21:15:37', '2025-11-21 21:15:37'),
(2, 6, 'create:order', NULL, NULL, '192.168.254.52', 'Mozilla/5.0 (X11; Ubuntu; Linux x86_64; rv:120.0) Gecko/20100101 Firefox/120.0', '{\"path\": \"/api/admin/create\", \"request_id\": \"811a93d42fd7\"}', '2025-11-22 21:38:38', '2025-11-22 21:38:38'),
(3, 28, 'create:order', NULL, NULL, '192.168.173.208', 'Mozilla/5.0 (X11; Ubuntu; Linux x86_64; rv:120.0) Gecko/20100101 Firefox/120.0', '{\"path\": \"/api/admin/create\", \"request_id\": \"4865fdc3e12b\"}', '2025-10-25 09:03:38', '2025-10-25 09:03:38'),
(4, 17, 'create:reservation', NULL, NULL, '192.168.238.97', 'Mozilla/5.0 (X11; Ubuntu; Linux x86_64; rv:120.0) Gecko/20100101 Firefox/120.0', '{\"path\": \"/api/admin/create\", \"request_id\": \"2bd56f220911\"}', '2025-10-30 18:17:38', '2025-10-30 18:17:38'),
(5, 29, 'login', NULL, NULL, '192.168.167.55', 'Mozilla/5.0 (Linux; Android 14; Mobile) AppleWebKit/537.36 Chrome/120 Mobile Safari/537.36', '{\"path\": \"/api/admin/login\", \"request_id\": \"018ea6922ec4\"}', '2025-11-02 09:53:38', '2025-11-02 09:53:38'),
(6, 7, 'create:reservation', NULL, NULL, '192.168.249.88', 'Mozilla/5.0 (X11; Ubuntu; Linux x86_64; rv:120.0) Gecko/20100101 Firefox/120.0', '{\"path\": \"/api/admin/create\", \"request_id\": \"b287f2049078\"}', '2025-11-08 15:41:38', '2025-11-08 15:41:38'),
(7, 28, 'login', NULL, NULL, '192.168.2.3', 'Mozilla/5.0 (X11; Ubuntu; Linux x86_64; rv:120.0) Gecko/20100101 Firefox/120.0', '{\"path\": \"/api/admin/login\", \"request_id\": \"01481441bd70\"}', '2025-11-10 21:49:38', '2025-11-10 21:49:38'),
(8, 1, 'update:order', NULL, NULL, '192.168.30.119', 'Mozilla/5.0 (Linux; Android 14; Mobile) AppleWebKit/537.36 Chrome/120 Mobile Safari/537.36', '{\"path\": \"/api/admin/update\", \"request_id\": \"dfd2305777d7\"}', '2025-10-29 03:04:38', '2025-10-29 03:04:38'),
(9, 32, 'update:order', NULL, NULL, '192.168.122.239', 'Mozilla/5.0 (Linux; Android 14; Mobile) AppleWebKit/537.36 Chrome/120 Mobile Safari/537.36', '{\"path\": \"/api/admin/update\", \"request_id\": \"8526edab42d4\"}', '2025-11-20 18:10:38', '2025-11-20 18:10:38'),
(10, 18, 'update:order', NULL, NULL, '192.168.166.201', 'Mozilla/5.0 (Macintosh; Intel Mac OS X 10_15_7) AppleWebKit/605.1.15 (KHTML, like Gecko) Version/17 Safari/605.1.15', '{\"path\": \"/api/admin/update\", \"request_id\": \"13bf09721319\"}', '2025-11-15 12:26:38', '2025-11-15 12:26:38'),
(11, 17, 'update:order', NULL, NULL, '192.168.153.222', 'Mozilla/5.0 (Linux; Android 14; Mobile) AppleWebKit/537.36 Chrome/120 Mobile Safari/537.36', '{\"path\": \"/api/admin/update\", \"request_id\": \"80bc3d40a06e\"}', '2025-11-10 19:22:38', '2025-11-10 19:22:38'),
(12, 11, 'create:order', NULL, NULL, '192.168.71.94', 'Mozilla/5.0 (Macintosh; Intel Mac OS X 10_15_7) AppleWebKit/605.1.15 (KHTML, like Gecko) Version/17 Safari/605.1.15', '{\"path\": \"/api/admin/create\", \"request_id\": \"b5c213c6cd9a\"}', '2025-11-05 08:12:38', '2025-11-05 08:12:38'),
(13, 6, 'logout', NULL, NULL, '192.168.158.7', 'Mozilla/5.0 (Windows NT 10.0; Win64; x64) AppleWebKit/537.36 (KHTML, like Gecko) Chrome/120 Safari/537.36', '{\"path\": \"/api/admin/logout\", \"request_id\": \"b85991a51a56\"}', '2025-10-25 19:13:38', '2025-10-25 19:13:38'),
(14, 11, 'create:order', NULL, NULL, '192.168.211.186', 'Mozilla/5.0 (Windows NT 10.0; Win64; x64) AppleWebKit/537.36 (KHTML, like Gecko) Chrome/120 Safari/537.36', '{\"path\": \"/api/admin/create\", \"request_id\": \"39b819986bcf\"}', '2025-11-02 21:55:38', '2025-11-02 21:55:38'),
(15, 32, 'delete:order', NULL, NULL, '192.168.80.50', 'Mozilla/5.0 (Linux; Android 14; Mobile) AppleWebKit/537.36 Chrome/120 Mobile Safari/537.36', '{\"path\": \"/api/admin/delete\", \"request_id\": \"24d85015b34c\"}', '2025-11-03 11:05:38', '2025-11-03 11:05:38'),
(16, 1, 'update:reservation', NULL, NULL, '192.168.205.47', 'Mozilla/5.0 (Linux; Android 14; Mobile) AppleWebKit/537.36 Chrome/120 Mobile Safari/537.36', '{\"path\": \"/api/admin/update\", \"request_id\": \"805f319be148\"}', '2025-10-29 16:13:38', '2025-10-29 16:13:38'),
(17, 4, 'update:settings', NULL, NULL, '192.168.17.148', 'Mozilla/5.0 (Windows NT 10.0; Win64; x64) AppleWebKit/537.36 (KHTML, like Gecko) Chrome/120 Safari/537.36', '{\"path\": \"/api/admin/update\", \"request_id\": \"c67c782125f3\"}', '2025-11-14 06:02:38', '2025-11-14 06:02:38'),
(18, 24, 'delete:order', NULL, NULL, '192.168.239.49', 'Mozilla/5.0 (Windows NT 10.0; Win64; x64) AppleWebKit/537.36 (KHTML, like Gecko) Chrome/120 Safari/537.36', '{\"path\": \"/api/admin/delete\", \"request_id\": \"5cac90b2a497\"}', '2025-10-26 01:49:38', '2025-10-26 01:49:38'),
(19, 16, 'view:report', NULL, NULL, '192.168.153.174', 'Mozilla/5.0 (Linux; Android 14; Mobile) AppleWebKit/537.36 Chrome/120 Mobile Safari/537.36', '{\"path\": \"/api/admin/view\", \"request_id\": \"62d1fa0d9a3c\"}', '2025-11-07 08:51:38', '2025-11-07 08:51:38'),
(20, 16, 'create:reservation', NULL, NULL, '192.168.229.141', 'Mozilla/5.0 (X11; Ubuntu; Linux x86_64; rv:120.0) Gecko/20100101 Firefox/120.0', '{\"path\": \"/api/admin/create\", \"request_id\": \"be4143590152\"}', '2025-10-28 05:54:38', '2025-10-28 05:54:38'),
(21, 22, 'delete:order', NULL, NULL, '192.168.152.120', 'Mozilla/5.0 (X11; Ubuntu; Linux x86_64; rv:120.0) Gecko/20100101 Firefox/120.0', '{\"path\": \"/api/admin/delete\", \"request_id\": \"54691d73fd3b\"}', '2025-11-23 21:30:38', '2025-11-23 21:30:38'),
(22, 27, 'update:settings', NULL, NULL, '192.168.200.80', 'Mozilla/5.0 (Macintosh; Intel Mac OS X 10_15_7) AppleWebKit/605.1.15 (KHTML, like Gecko) Version/17 Safari/605.1.15', '{\"path\": \"/api/admin/update\", \"request_id\": \"2ddadfee14d8\"}', '2025-10-31 04:12:38', '2025-10-31 04:12:38'),
(23, 14, 'login', NULL, NULL, '192.168.210.159', 'Mozilla/5.0 (Macintosh; Intel Mac OS X 10_15_7) AppleWebKit/605.1.15 (KHTML, like Gecko) Version/17 Safari/605.1.15', '{\"path\": \"/api/admin/login\", \"request_id\": \"22d1431e550f\"}', '2025-10-25 02:54:38', '2025-10-25 02:54:38'),
(24, 23, 'create:order', NULL, NULL, '192.168.163.19', 'Mozilla/5.0 (Macintosh; Intel Mac OS X 10_15_7) AppleWebKit/605.1.15 (KHTML, like Gecko) Version/17 Safari/605.1.15', '{\"path\": \"/api/admin/create\", \"request_id\": \"d24ebdfa0f12\"}', '2025-11-08 00:07:38', '2025-11-08 00:07:38'),
(25, 14, 'delete:order', NULL, NULL, '192.168.215.131', 'Mozilla/5.0 (X11; Ubuntu; Linux x86_64; rv:120.0) Gecko/20100101 Firefox/120.0', '{\"path\": \"/api/admin/delete\", \"request_id\": \"f4c268ac6ee1\"}', '2025-11-10 14:01:38', '2025-11-10 14:01:38'),
(26, 30, 'logout', NULL, NULL, '192.168.62.70', 'Mozilla/5.0 (Linux; Android 14; Mobile) AppleWebKit/537.36 Chrome/120 Mobile Safari/537.36', '{\"path\": \"/api/admin/logout\", \"request_id\": \"4c6aa8c650b5\"}', '2025-11-09 00:43:38', '2025-11-09 00:43:38'),
(27, 15, 'login', NULL, NULL, '192.168.1.61', 'Mozilla/5.0 (Linux; Android 14; Mobile) AppleWebKit/537.36 Chrome/120 Mobile Safari/537.36', '{\"path\": \"/api/admin/login\", \"request_id\": \"d8df6f540efb\"}', '2025-11-22 22:34:38', '2025-11-22 22:34:38'),
(28, 14, 'delete:order', NULL, NULL, '192.168.38.198', 'Mozilla/5.0 (X11; Ubuntu; Linux x86_64; rv:120.0) Gecko/20100101 Firefox/120.0', '{\"path\": \"/api/admin/delete\", \"request_id\": \"246f436c83dc\"}', '2025-11-04 21:07:38', '2025-11-04 21:07:38'),
(29, 8, 'update:order', NULL, NULL, '192.168.242.222', 'Mozilla/5.0 (Windows NT 10.0; Win64; x64) AppleWebKit/537.36 (KHTML, like Gecko) Chrome/120 Safari/537.36', '{\"path\": \"/api/admin/update\", \"request_id\": \"475965a73c58\"}', '2025-10-28 15:52:38', '2025-10-28 15:52:38'),
(30, 21, 'update:order', NULL, NULL, '192.168.32.64', 'Mozilla/5.0 (Linux; Android 14; Mobile) AppleWebKit/537.36 Chrome/120 Mobile Safari/537.36', '{\"path\": \"/api/admin/update\", \"request_id\": \"1df49ae53221\"}', '2025-11-21 22:42:38', '2025-11-21 22:42:38'),
(31, 25, 'create:reservation', NULL, NULL, '192.168.125.59', 'Mozilla/5.0 (Macintosh; Intel Mac OS X 10_15_7) AppleWebKit/605.1.15 (KHTML, like Gecko) Version/17 Safari/605.1.15', '{\"path\": \"/api/admin/create\", \"request_id\": \"7fcc298cc686\"}', '2025-11-21 20:09:38', '2025-11-21 20:09:38'),
(32, 22, 'update:settings', NULL, NULL, '192.168.195.79', 'Mozilla/5.0 (X11; Ubuntu; Linux x86_64; rv:120.0) Gecko/20100101 Firefox/120.0', '{\"path\": \"/api/admin/update\", \"request_id\": \"4f10ecff39a3\"}', '2025-10-31 01:58:38', '2025-10-31 01:58:38'),
(33, 10, 'create:order', NULL, NULL, '192.168.232.36', 'Mozilla/5.0 (Macintosh; Intel Mac OS X 10_15_7) AppleWebKit/605.1.15 (KHTML, like Gecko) Version/17 Safari/605.1.15', '{\"path\": \"/api/admin/create\", \"request_id\": \"8f73b7d272ef\"}', '2025-10-29 12:27:38', '2025-10-29 12:27:38'),
(34, 29, 'delete:order', NULL, NULL, '192.168.250.186', 'Mozilla/5.0 (Windows NT 10.0; Win64; x64) AppleWebKit/537.36 (KHTML, like Gecko) Chrome/120 Safari/537.36', '{\"path\": \"/api/admin/delete\", \"request_id\": \"649b4b881cf2\"}', '2025-11-14 03:41:38', '2025-11-14 03:41:38'),
(35, 2, 'delete:order', NULL, NULL, '192.168.196.190', 'Mozilla/5.0 (Windows NT 10.0; Win64; x64) AppleWebKit/537.36 (KHTML, like Gecko) Chrome/120 Safari/537.36', '{\"path\": \"/api/admin/delete\", \"request_id\": \"647b5100036a\"}', '2025-11-17 15:42:38', '2025-11-17 15:42:38'),
(36, 6, 'update:order', NULL, NULL, '192.168.51.228', 'Mozilla/5.0 (Macintosh; Intel Mac OS X 10_15_7) AppleWebKit/605.1.15 (KHTML, like Gecko) Version/17 Safari/605.1.15', '{\"path\": \"/api/admin/update\", \"request_id\": \"412c60b627e2\"}', '2025-11-17 07:29:38', '2025-11-17 07:29:38'),
(37, 11, 'create:reservation', NULL, NULL, '192.168.30.40', 'Mozilla/5.0 (X11; Ubuntu; Linux x86_64; rv:120.0) Gecko/20100101 Firefox/120.0', '{\"path\": \"/api/admin/create\", \"request_id\": \"fecb28f7496e\"}', '2025-10-30 00:12:38', '2025-10-30 00:12:38'),
(38, 3, 'create:order', NULL, NULL, '192.168.241.117', 'Mozilla/5.0 (Windows NT 10.0; Win64; x64) AppleWebKit/537.36 (KHTML, like Gecko) Chrome/120 Safari/537.36', '{\"path\": \"/api/admin/create\", \"request_id\": \"3cc114ce94ec\"}', '2025-10-31 14:44:38', '2025-10-31 14:44:38'),
(39, 7, 'update:settings', NULL, NULL, '192.168.237.40', 'Mozilla/5.0 (Macintosh; Intel Mac OS X 10_15_7) AppleWebKit/605.1.15 (KHTML, like Gecko) Version/17 Safari/605.1.15', '{\"path\": \"/api/admin/update\", \"request_id\": \"22d8d99f2fa0\"}', '2025-10-29 01:20:38', '2025-10-29 01:20:38'),
(40, 13, 'login', NULL, NULL, '192.168.156.48', 'Mozilla/5.0 (Macintosh; Intel Mac OS X 10_15_7) AppleWebKit/605.1.15 (KHTML, like Gecko) Version/17 Safari/605.1.15', '{\"path\": \"/api/admin/login\", \"request_id\": \"46289278bc99\"}', '2025-11-12 22:48:38', '2025-11-12 22:48:38'),
(41, 6, 'update:order', NULL, NULL, '192.168.198.100', 'Mozilla/5.0 (Linux; Android 14; Mobile) AppleWebKit/537.36 Chrome/120 Mobile Safari/537.36', '{\"path\": \"/api/admin/update\", \"request_id\": \"7ec688eb39ba\"}', '2025-10-29 21:08:38', '2025-10-29 21:08:38'),
(42, 24, 'logout', NULL, NULL, '192.168.70.162', 'Mozilla/5.0 (Macintosh; Intel Mac OS X 10_15_7) AppleWebKit/605.1.15 (KHTML, like Gecko) Version/17 Safari/605.1.15', '{\"path\": \"/api/admin/logout\", \"request_id\": \"60268e9d7437\"}', '2025-11-10 09:11:38', '2025-11-10 09:11:38'),
(43, 9, 'update:reservation', NULL, NULL, '192.168.159.10', 'Mozilla/5.0 (Macintosh; Intel Mac OS X 10_15_7) AppleWebKit/605.1.15 (KHTML, like Gecko) Version/17 Safari/605.1.15', '{\"path\": \"/api/admin/update\", \"request_id\": \"c9a6b0b6df51\"}', '2025-11-17 15:42:38', '2025-11-17 15:42:38'),
(44, 6, 'create:order', NULL, NULL, '192.168.198.200', 'Mozilla/5.0 (Linux; Android 14; Mobile) AppleWebKit/537.36 Chrome/120 Mobile Safari/537.36', '{\"path\": \"/api/admin/create\", \"request_id\": \"2ea8055d8aee\"}', '2025-10-29 03:20:38', '2025-10-29 03:20:38'),
(45, 6, 'update:settings', NULL, NULL, '192.168.238.208', 'Mozilla/5.0 (X11; Ubuntu; Linux x86_64; rv:120.0) Gecko/20100101 Firefox/120.0', '{\"path\": \"/api/admin/update\", \"request_id\": \"7edc5865e384\"}', '2025-10-31 13:47:38', '2025-10-31 13:47:38'),
(46, 3, 'logout', NULL, NULL, '192.168.97.10', 'Mozilla/5.0 (Macintosh; Intel Mac OS X 10_15_7) AppleWebKit/605.1.15 (KHTML, like Gecko) Version/17 Safari/605.1.15', '{\"path\": \"/api/admin/logout\", \"request_id\": \"23a0c191a872\"}', '2025-11-10 13:39:38', '2025-11-10 13:39:38'),
(47, 25, 'delete:order', NULL, NULL, '192.168.97.99', 'Mozilla/5.0 (Linux; Android 14; Mobile) AppleWebKit/537.36 Chrome/120 Mobile Safari/537.36', '{\"path\": \"/api/admin/delete\", \"request_id\": \"8126ee7e7c6a\"}', '2025-11-22 01:58:38', '2025-11-22 01:58:38'),
(48, 8, 'update:reservation', NULL, NULL, '192.168.208.106', 'Mozilla/5.0 (X11; Ubuntu; Linux x86_64; rv:120.0) Gecko/20100101 Firefox/120.0', '{\"path\": \"/api/admin/update\", \"request_id\": \"fb621dc94f3d\"}', '2025-11-19 07:15:38', '2025-11-19 07:15:38'),
(49, 19, 'update:reservation', NULL, NULL, '192.168.90.15', 'Mozilla/5.0 (Linux; Android 14; Mobile) AppleWebKit/537.36 Chrome/120 Mobile Safari/537.36', '{\"path\": \"/api/admin/update\", \"request_id\": \"6b4a6edcfe27\"}', '2025-11-24 11:09:38', '2025-11-24 11:09:38'),
(50, 6, 'update:reservation', NULL, NULL, '192.168.117.231', 'Mozilla/5.0 (Macintosh; Intel Mac OS X 10_15_7) AppleWebKit/605.1.15 (KHTML, like Gecko) Version/17 Safari/605.1.15', '{\"path\": \"/api/admin/update\", \"request_id\": \"1aaabf03ba0c\"}', '2025-11-09 03:19:38', '2025-11-09 03:19:38'),
(51, 14, 'update:order', NULL, NULL, '192.168.36.179', 'Mozilla/5.0 (Macintosh; Intel Mac OS X 10_15_7) AppleWebKit/605.1.15 (KHTML, like Gecko) Version/17 Safari/605.1.15', '{\"path\": \"/api/admin/update\", \"request_id\": \"a8264c53e809\"}', '2025-11-15 10:19:38', '2025-11-15 10:19:38'),
(52, 24, 'delete:order', NULL, NULL, '192.168.82.117', 'Mozilla/5.0 (Macintosh; Intel Mac OS X 10_15_7) AppleWebKit/605.1.15 (KHTML, like Gecko) Version/17 Safari/605.1.15', '{\"path\": \"/api/admin/delete\", \"request_id\": \"1c108e88f3a1\"}', '2025-11-21 05:11:38', '2025-11-21 05:11:38'),
(53, 27, 'view:report', NULL, NULL, '192.168.238.194', 'Mozilla/5.0 (Windows NT 10.0; Win64; x64) AppleWebKit/537.36 (KHTML, like Gecko) Chrome/120 Safari/537.36', '{\"path\": \"/api/admin/view\", \"request_id\": \"bcfd9403ccf4\"}', '2025-11-20 16:27:38', '2025-11-20 16:27:38'),
(54, 25, 'create:order', NULL, NULL, '192.168.1.235', 'Mozilla/5.0 (X11; Ubuntu; Linux x86_64; rv:120.0) Gecko/20100101 Firefox/120.0', '{\"path\": \"/api/admin/create\", \"request_id\": \"972e168188ed\"}', '2025-11-10 02:22:38', '2025-11-10 02:22:38'),
(55, 24, 'logout', NULL, NULL, '192.168.212.156', 'Mozilla/5.0 (Windows NT 10.0; Win64; x64) AppleWebKit/537.36 (KHTML, like Gecko) Chrome/120 Safari/537.36', '{\"path\": \"/api/admin/logout\", \"request_id\": \"cbc72ea38ff0\"}', '2025-11-23 10:14:38', '2025-11-23 10:14:38'),
(56, 14, 'update:order', NULL, NULL, '192.168.215.218', 'Mozilla/5.0 (Macintosh; Intel Mac OS X 10_15_7) AppleWebKit/605.1.15 (KHTML, like Gecko) Version/17 Safari/605.1.15', '{\"path\": \"/api/admin/update\", \"request_id\": \"4f9933fca583\"}', '2025-11-24 10:07:38', '2025-11-24 10:07:38'),
(57, 30, 'view:report', NULL, NULL, '192.168.73.15', 'Mozilla/5.0 (Linux; Android 14; Mobile) AppleWebKit/537.36 Chrome/120 Mobile Safari/537.36', '{\"path\": \"/api/admin/view\", \"request_id\": \"d346157681c2\"}', '2025-11-19 21:37:38', '2025-11-19 21:37:38'),
(58, 12, 'delete:order', NULL, NULL, '192.168.165.206', 'Mozilla/5.0 (Linux; Android 14; Mobile) AppleWebKit/537.36 Chrome/120 Mobile Safari/537.36', '{\"path\": \"/api/admin/delete\", \"request_id\": \"918020ac325d\"}', '2025-10-27 23:13:38', '2025-10-27 23:13:38'),
(59, 26, 'update:reservation', NULL, NULL, '192.168.8.115', 'Mozilla/5.0 (Linux; Android 14; Mobile) AppleWebKit/537.36 Chrome/120 Mobile Safari/537.36', '{\"path\": \"/api/admin/update\", \"request_id\": \"fa9f71a93474\"}', '2025-11-07 07:19:38', '2025-11-07 07:19:38'),
(60, 5, 'login', NULL, NULL, '192.168.201.145', 'Mozilla/5.0 (Macintosh; Intel Mac OS X 10_15_7) AppleWebKit/605.1.15 (KHTML, like Gecko) Version/17 Safari/605.1.15', '{\"path\": \"/api/admin/login\", \"request_id\": \"b112f5783ef1\"}', '2025-11-09 13:54:38', '2025-11-09 13:54:38'),
(61, 18, 'login', NULL, NULL, '192.168.179.102', 'Mozilla/5.0 (Windows NT 10.0; Win64; x64) AppleWebKit/537.36 (KHTML, like Gecko) Chrome/120 Safari/537.36', '{\"path\": \"/api/admin/login\", \"request_id\": \"3400f9ac0da6\"}', '2025-10-29 19:01:38', '2025-10-29 19:01:38'),
(62, 28, 'create:reservation', NULL, NULL, '192.168.240.58', 'Mozilla/5.0 (X11; Ubuntu; Linux x86_64; rv:120.0) Gecko/20100101 Firefox/120.0', '{\"path\": \"/api/admin/create\", \"request_id\": \"2f9b9961d082\"}', '2025-11-17 10:15:38', '2025-11-17 10:15:38'),
(63, 1, 'view:report', NULL, NULL, '192.168.24.95', 'Mozilla/5.0 (Macintosh; Intel Mac OS X 10_15_7) AppleWebKit/605.1.15 (KHTML, like Gecko) Version/17 Safari/605.1.15', '{\"path\": \"/api/admin/view\", \"request_id\": \"9fd5e3075117\"}', '2025-11-10 00:27:38', '2025-11-10 00:27:38'),
(64, 31, 'delete:order', NULL, NULL, '192.168.239.183', 'Mozilla/5.0 (X11; Ubuntu; Linux x86_64; rv:120.0) Gecko/20100101 Firefox/120.0', '{\"path\": \"/api/admin/delete\", \"request_id\": \"ea51a3cadcbf\"}', '2025-10-25 23:09:38', '2025-10-25 23:09:38'),
(65, 14, 'create:reservation', NULL, NULL, '192.168.158.155', 'Mozilla/5.0 (Windows NT 10.0; Win64; x64) AppleWebKit/537.36 (KHTML, like Gecko) Chrome/120 Safari/537.36', '{\"path\": \"/api/admin/create\", \"request_id\": \"098118585393\"}', '2025-11-24 02:52:38', '2025-11-24 02:52:38'),
(66, 31, 'create:order', NULL, NULL, '192.168.127.42', 'Mozilla/5.0 (Linux; Android 14; Mobile) AppleWebKit/537.36 Chrome/120 Mobile Safari/537.36', '{\"path\": \"/api/admin/create\", \"request_id\": \"3bb953768de4\"}', '2025-10-25 18:47:38', '2025-10-25 18:47:38'),
(67, 23, 'update:reservation', NULL, NULL, '192.168.208.30', 'Mozilla/5.0 (X11; Ubuntu; Linux x86_64; rv:120.0) Gecko/20100101 Firefox/120.0', '{\"path\": \"/api/admin/update\", \"request_id\": \"8550aa3654b1\"}', '2025-11-19 11:32:38', '2025-11-19 11:32:38'),
(68, 28, 'view:report', NULL, NULL, '192.168.15.148', 'Mozilla/5.0 (X11; Ubuntu; Linux x86_64; rv:120.0) Gecko/20100101 Firefox/120.0', '{\"path\": \"/api/admin/view\", \"request_id\": \"208c6fa66846\"}', '2025-11-21 05:10:38', '2025-11-21 05:10:38'),
(69, 10, 'logout', NULL, NULL, '192.168.6.241', 'Mozilla/5.0 (X11; Ubuntu; Linux x86_64; rv:120.0) Gecko/20100101 Firefox/120.0', '{\"path\": \"/api/admin/logout\", \"request_id\": \"70346fc70ecf\"}', '2025-10-25 21:51:38', '2025-10-25 21:51:38'),
(70, 26, 'login', NULL, NULL, '192.168.55.55', 'Mozilla/5.0 (Macintosh; Intel Mac OS X 10_15_7) AppleWebKit/605.1.15 (KHTML, like Gecko) Version/17 Safari/605.1.15', '{\"path\": \"/api/admin/login\", \"request_id\": \"dbfbbde41b88\"}', '2025-11-03 04:50:38', '2025-11-03 04:50:38'),
(71, 9, 'view:report', NULL, NULL, '192.168.235.142', 'Mozilla/5.0 (Macintosh; Intel Mac OS X 10_15_7) AppleWebKit/605.1.15 (KHTML, like Gecko) Version/17 Safari/605.1.15', '{\"path\": \"/api/admin/view\", \"request_id\": \"805729e5ab44\"}', '2025-11-04 03:32:38', '2025-11-04 03:32:38'),
(72, 3, 'create:order', NULL, NULL, '192.168.137.90', 'Mozilla/5.0 (X11; Ubuntu; Linux x86_64; rv:120.0) Gecko/20100101 Firefox/120.0', '{\"path\": \"/api/admin/create\", \"request_id\": \"addf41b1da3a\"}', '2025-11-01 17:57:38', '2025-11-01 17:57:38'),
(73, 4, 'logout', NULL, NULL, '192.168.222.149', 'Mozilla/5.0 (Macintosh; Intel Mac OS X 10_15_7) AppleWebKit/605.1.15 (KHTML, like Gecko) Version/17 Safari/605.1.15', '{\"path\": \"/api/admin/logout\", \"request_id\": \"602c3925d310\"}', '2025-11-21 04:09:38', '2025-11-21 04:09:38'),
(74, 28, 'login', NULL, NULL, '192.168.52.156', 'Mozilla/5.0 (X11; Ubuntu; Linux x86_64; rv:120.0) Gecko/20100101 Firefox/120.0', '{\"path\": \"/api/admin/login\", \"request_id\": \"227e930b07a0\"}', '2025-10-29 18:59:38', '2025-10-29 18:59:38'),
(75, 17, 'logout', NULL, NULL, '192.168.34.146', 'Mozilla/5.0 (X11; Ubuntu; Linux x86_64; rv:120.0) Gecko/20100101 Firefox/120.0', '{\"path\": \"/api/admin/logout\", \"request_id\": \"de7fd58091f5\"}', '2025-11-15 22:26:38', '2025-11-15 22:26:38'),
(76, 24, 'update:order', NULL, NULL, '192.168.95.177', 'Mozilla/5.0 (Windows NT 10.0; Win64; x64) AppleWebKit/537.36 (KHTML, like Gecko) Chrome/120 Safari/537.36', '{\"path\": \"/api/admin/update\", \"request_id\": \"c869aa5691ee\"}', '2025-11-12 11:27:38', '2025-11-12 11:27:38'),
(77, 17, 'update:settings', NULL, NULL, '192.168.74.208', 'Mozilla/5.0 (X11; Ubuntu; Linux x86_64; rv:120.0) Gecko/20100101 Firefox/120.0', '{\"path\": \"/api/admin/update\", \"request_id\": \"e2fe03fb0224\"}', '2025-10-29 13:54:38', '2025-10-29 13:54:38'),
(78, 5, 'update:reservation', NULL, NULL, '192.168.237.208', 'Mozilla/5.0 (X11; Ubuntu; Linux x86_64; rv:120.0) Gecko/20100101 Firefox/120.0', '{\"path\": \"/api/admin/update\", \"request_id\": \"c54274c84d56\"}', '2025-11-12 19:10:38', '2025-11-12 19:10:38'),
(79, 28, 'update:order', NULL, NULL, '192.168.59.176', 'Mozilla/5.0 (Macintosh; Intel Mac OS X 10_15_7) AppleWebKit/605.1.15 (KHTML, like Gecko) Version/17 Safari/605.1.15', '{\"path\": \"/api/admin/update\", \"request_id\": \"69660d0323e5\"}', '2025-11-20 21:30:38', '2025-11-20 21:30:38'),
(80, 4, 'login', NULL, NULL, '192.168.168.5', 'Mozilla/5.0 (X11; Ubuntu; Linux x86_64; rv:120.0) Gecko/20100101 Firefox/120.0', '{\"path\": \"/api/admin/login\", \"request_id\": \"f445fb850f62\"}', '2025-11-04 16:56:38', '2025-11-04 16:56:38'),
(81, 17, 'delete:order', NULL, NULL, '192.168.206.179', 'Mozilla/5.0 (X11; Ubuntu; Linux x86_64; rv:120.0) Gecko/20100101 Firefox/120.0', '{\"path\": \"/api/admin/delete\", \"request_id\": \"442ce9700d15\"}', '2025-11-17 09:02:38', '2025-11-17 09:02:38'),
(82, 2, 'update:order', NULL, NULL, '192.168.201.214', 'Mozilla/5.0 (Windows NT 10.0; Win64; x64) AppleWebKit/537.36 (KHTML, like Gecko) Chrome/120 Safari/537.36', '{\"path\": \"/api/admin/update\", \"request_id\": \"52180b677b07\"}', '2025-10-31 04:39:38', '2025-10-31 04:39:38'),
(83, 1, 'delete:order', NULL, NULL, '192.168.98.148', 'Mozilla/5.0 (X11; Ubuntu; Linux x86_64; rv:120.0) Gecko/20100101 Firefox/120.0', '{\"path\": \"/api/admin/delete\", \"request_id\": \"d0d702963258\"}', '2025-11-23 09:31:38', '2025-11-23 09:31:38'),
(84, 28, 'update:order', NULL, NULL, '192.168.7.150', 'Mozilla/5.0 (X11; Ubuntu; Linux x86_64; rv:120.0) Gecko/20100101 Firefox/120.0', '{\"path\": \"/api/admin/update\", \"request_id\": \"5ed55225b7a4\"}', '2025-11-17 07:13:38', '2025-11-17 07:13:38'),
(85, 5, 'login', NULL, NULL, '192.168.82.54', 'Mozilla/5.0 (Macintosh; Intel Mac OS X 10_15_7) AppleWebKit/605.1.15 (KHTML, like Gecko) Version/17 Safari/605.1.15', '{\"path\": \"/api/admin/login\", \"request_id\": \"c56f98c08cce\"}', '2025-11-12 21:42:38', '2025-11-12 21:42:38'),
(86, 10, 'update:settings', NULL, NULL, '192.168.83.107', 'Mozilla/5.0 (Macintosh; Intel Mac OS X 10_15_7) AppleWebKit/605.1.15 (KHTML, like Gecko) Version/17 Safari/605.1.15', '{\"path\": \"/api/admin/update\", \"request_id\": \"ace7ca9c9fb9\"}', '2025-11-03 08:55:38', '2025-11-03 08:55:38'),
(87, 27, 'view:report', NULL, NULL, '192.168.32.159', 'Mozilla/5.0 (Windows NT 10.0; Win64; x64) AppleWebKit/537.36 (KHTML, like Gecko) Chrome/120 Safari/537.36', '{\"path\": \"/api/admin/view\", \"request_id\": \"26e0e5903129\"}', '2025-11-21 15:24:38', '2025-11-21 15:24:38'),
(88, 7, 'update:reservation', NULL, NULL, '192.168.248.106', 'Mozilla/5.0 (Macintosh; Intel Mac OS X 10_15_7) AppleWebKit/605.1.15 (KHTML, like Gecko) Version/17 Safari/605.1.15', '{\"path\": \"/api/admin/update\", \"request_id\": \"9cec103fad01\"}', '2025-11-03 17:19:38', '2025-11-03 17:19:38'),
(89, 31, 'create:order', NULL, NULL, '192.168.39.129', 'Mozilla/5.0 (Linux; Android 14; Mobile) AppleWebKit/537.36 Chrome/120 Mobile Safari/537.36', '{\"path\": \"/api/admin/create\", \"request_id\": \"4a8eeb6d043b\"}', '2025-10-27 11:35:38', '2025-10-27 11:35:38'),
(90, 32, 'create:reservation', NULL, NULL, '192.168.145.185', 'Mozilla/5.0 (Linux; Android 14; Mobile) AppleWebKit/537.36 Chrome/120 Mobile Safari/537.36', '{\"path\": \"/api/admin/create\", \"request_id\": \"3b276097b317\"}', '2025-11-02 11:44:38', '2025-11-02 11:44:38'),
(91, 24, 'create:order', NULL, NULL, '192.168.209.112', 'Mozilla/5.0 (Windows NT 10.0; Win64; x64) AppleWebKit/537.36 (KHTML, like Gecko) Chrome/120 Safari/537.36', '{\"path\": \"/api/admin/create\", \"request_id\": \"31c3480a35c1\"}', '2025-11-10 19:55:38', '2025-11-10 19:55:38'),
(92, 6, 'view:report', NULL, NULL, '192.168.147.12', 'Mozilla/5.0 (Windows NT 10.0; Win64; x64) AppleWebKit/537.36 (KHTML, like Gecko) Chrome/120 Safari/537.36', '{\"path\": \"/api/admin/view\", \"request_id\": \"45eabb8fc9af\"}', '2025-11-23 00:34:38', '2025-11-23 00:34:38'),
(93, 32, 'update:order', NULL, NULL, '192.168.213.97', 'Mozilla/5.0 (Linux; Android 14; Mobile) AppleWebKit/537.36 Chrome/120 Mobile Safari/537.36', '{\"path\": \"/api/admin/update\", \"request_id\": \"42427b72cfae\"}', '2025-11-09 10:32:38', '2025-11-09 10:32:38'),
(94, 3, 'update:reservation', NULL, NULL, '192.168.75.113', 'Mozilla/5.0 (Macintosh; Intel Mac OS X 10_15_7) AppleWebKit/605.1.15 (KHTML, like Gecko) Version/17 Safari/605.1.15', '{\"path\": \"/api/admin/update\", \"request_id\": \"d00ab6963d14\"}', '2025-11-18 12:03:38', '2025-11-18 12:03:38'),
(95, 32, 'logout', NULL, NULL, '192.168.145.132', 'Mozilla/5.0 (Linux; Android 14; Mobile) AppleWebKit/537.36 Chrome/120 Mobile Safari/537.36', '{\"path\": \"/api/admin/logout\", \"request_id\": \"b1395515e093\"}', '2025-11-23 03:10:38', '2025-11-23 03:10:38'),
(96, 3, 'logout', NULL, NULL, '192.168.125.81', 'Mozilla/5.0 (Linux; Android 14; Mobile) AppleWebKit/537.36 Chrome/120 Mobile Safari/537.36', '{\"path\": \"/api/admin/logout\", \"request_id\": \"711941f3dc03\"}', '2025-11-14 13:04:38', '2025-11-14 13:04:38'),
(97, 14, 'create:order', NULL, NULL, '192.168.5.71', 'Mozilla/5.0 (Macintosh; Intel Mac OS X 10_15_7) AppleWebKit/605.1.15 (KHTML, like Gecko) Version/17 Safari/605.1.15', '{\"path\": \"/api/admin/create\", \"request_id\": \"4f61bb3e37ca\"}', '2025-11-23 00:02:38', '2025-11-23 00:02:38'),
(98, 22, 'update:reservation', NULL, NULL, '192.168.185.163', 'Mozilla/5.0 (Windows NT 10.0; Win64; x64) AppleWebKit/537.36 (KHTML, like Gecko) Chrome/120 Safari/537.36', '{\"path\": \"/api/admin/update\", \"request_id\": \"16a10946aae2\"}', '2025-11-17 18:47:38', '2025-11-17 18:47:38'),
(99, 8, 'logout', NULL, NULL, '192.168.83.53', 'Mozilla/5.0 (X11; Ubuntu; Linux x86_64; rv:120.0) Gecko/20100101 Firefox/120.0', '{\"path\": \"/api/admin/logout\", \"request_id\": \"82d9065afb25\"}', '2025-11-21 09:08:38', '2025-11-21 09:08:38'),
(100, 5, 'logout', NULL, NULL, '192.168.213.246', 'Mozilla/5.0 (X11; Ubuntu; Linux x86_64; rv:120.0) Gecko/20100101 Firefox/120.0', '{\"path\": \"/api/admin/logout\", \"request_id\": \"307ca5cf31bf\"}', '2025-10-25 21:24:38', '2025-10-25 21:24:38'),
(101, 29, 'update:settings', NULL, NULL, '192.168.181.4', 'Mozilla/5.0 (Linux; Android 14; Mobile) AppleWebKit/537.36 Chrome/120 Mobile Safari/537.36', '{\"path\": \"/api/admin/update\", \"request_id\": \"08b1fb09c433\"}', '2025-10-29 21:06:38', '2025-10-29 21:06:38'),
(102, 10, 'update:reservation', NULL, NULL, '192.168.155.138', 'Mozilla/5.0 (Windows NT 10.0; Win64; x64) AppleWebKit/537.36 (KHTML, like Gecko) Chrome/120 Safari/537.36', '{\"path\": \"/api/admin/update\", \"request_id\": \"743010048979\"}', '2025-11-21 10:44:38', '2025-11-21 10:44:38'),
(103, 14, 'update:reservation', NULL, NULL, '192.168.104.198', 'Mozilla/5.0 (Linux; Android 14; Mobile) AppleWebKit/537.36 Chrome/120 Mobile Safari/537.36', '{\"path\": \"/api/admin/update\", \"request_id\": \"2571fd47ee9b\"}', '2025-10-26 22:35:38', '2025-10-26 22:35:38'),
(104, 4, 'view:report', NULL, NULL, '192.168.223.41', 'Mozilla/5.0 (Linux; Android 14; Mobile) AppleWebKit/537.36 Chrome/120 Mobile Safari/537.36', '{\"path\": \"/api/admin/view\", \"request_id\": \"12fe771261c3\"}', '2025-11-06 17:02:38', '2025-11-06 17:02:38'),
(105, 23, 'delete:order', NULL, NULL, '192.168.5.101', 'Mozilla/5.0 (Macintosh; Intel Mac OS X 10_15_7) AppleWebKit/605.1.15 (KHTML, like Gecko) Version/17 Safari/605.1.15', '{\"path\": \"/api/admin/delete\", \"request_id\": \"89f34e5b84a2\"}', '2025-10-30 03:37:38', '2025-10-30 03:37:38'),
(106, 22, 'create:order', NULL, NULL, '192.168.52.8', 'Mozilla/5.0 (Macintosh; Intel Mac OS X 10_15_7) AppleWebKit/605.1.15 (KHTML, like Gecko) Version/17 Safari/605.1.15', '{\"path\": \"/api/admin/create\", \"request_id\": \"50523af1afcf\"}', '2025-11-19 11:10:38', '2025-11-19 11:10:38'),
(107, 12, 'logout', NULL, NULL, '192.168.177.157', 'Mozilla/5.0 (Linux; Android 14; Mobile) AppleWebKit/537.36 Chrome/120 Mobile Safari/537.36', '{\"path\": \"/api/admin/logout\", \"request_id\": \"eaf7cf41143b\"}', '2025-11-21 11:15:38', '2025-11-21 11:15:38'),
(108, 22, 'update:order', NULL, NULL, '192.168.8.34', 'Mozilla/5.0 (X11; Ubuntu; Linux x86_64; rv:120.0) Gecko/20100101 Firefox/120.0', '{\"path\": \"/api/admin/update\", \"request_id\": \"c9e795ab5618\"}', '2025-11-09 05:49:38', '2025-11-09 05:49:38'),
(109, 25, 'update:settings', NULL, NULL, '192.168.230.133', 'Mozilla/5.0 (Windows NT 10.0; Win64; x64) AppleWebKit/537.36 (KHTML, like Gecko) Chrome/120 Safari/537.36', '{\"path\": \"/api/admin/update\", \"request_id\": \"0b21400a7374\"}', '2025-11-23 09:52:38', '2025-11-23 09:52:38'),
(110, 6, 'view:report', NULL, NULL, '192.168.194.29', 'Mozilla/5.0 (Linux; Android 14; Mobile) AppleWebKit/537.36 Chrome/120 Mobile Safari/537.36', '{\"path\": \"/api/admin/view\", \"request_id\": \"843863751238\"}', '2025-11-21 21:22:38', '2025-11-21 21:22:38'),
(111, 25, 'update:order', NULL, NULL, '192.168.114.93', 'Mozilla/5.0 (Windows NT 10.0; Win64; x64) AppleWebKit/537.36 (KHTML, like Gecko) Chrome/120 Safari/537.36', '{\"path\": \"/api/admin/update\", \"request_id\": \"92e77905bf62\"}', '2025-11-12 14:35:38', '2025-11-12 14:35:38'),
(112, 18, 'logout', NULL, NULL, '192.168.176.135', 'Mozilla/5.0 (Macintosh; Intel Mac OS X 10_15_7) AppleWebKit/605.1.15 (KHTML, like Gecko) Version/17 Safari/605.1.15', '{\"path\": \"/api/admin/logout\", \"request_id\": \"8044e02180ea\"}', '2025-11-24 10:31:38', '2025-11-24 10:31:38'),
(113, 3, 'logout', NULL, NULL, '192.168.228.62', 'Mozilla/5.0 (X11; Ubuntu; Linux x86_64; rv:120.0) Gecko/20100101 Firefox/120.0', '{\"path\": \"/api/admin/logout\", \"request_id\": \"e84238e76003\"}', '2025-11-01 18:53:38', '2025-11-01 18:53:38'),
(114, 9, 'delete:order', NULL, NULL, '192.168.89.95', 'Mozilla/5.0 (Windows NT 10.0; Win64; x64) AppleWebKit/537.36 (KHTML, like Gecko) Chrome/120 Safari/537.36', '{\"path\": \"/api/admin/delete\", \"request_id\": \"e09f9e3c9b4c\"}', '2025-11-20 18:49:38', '2025-11-20 18:49:38'),
(115, 18, 'login', NULL, NULL, '192.168.214.109', 'Mozilla/5.0 (X11; Ubuntu; Linux x86_64; rv:120.0) Gecko/20100101 Firefox/120.0', '{\"path\": \"/api/admin/login\", \"request_id\": \"a4c88dbd5c00\"}', '2025-11-10 12:58:38', '2025-11-10 12:58:38'),
(116, 9, 'create:order', NULL, NULL, '192.168.26.40', 'Mozilla/5.0 (Linux; Android 14; Mobile) AppleWebKit/537.36 Chrome/120 Mobile Safari/537.36', '{\"path\": \"/api/admin/create\", \"request_id\": \"63bd5c042ae2\"}', '2025-11-13 14:02:38', '2025-11-13 14:02:38'),
(117, 12, 'logout', NULL, NULL, '192.168.12.4', 'Mozilla/5.0 (Linux; Android 14; Mobile) AppleWebKit/537.36 Chrome/120 Mobile Safari/537.36', '{\"path\": \"/api/admin/logout\", \"request_id\": \"904b54aefef1\"}', '2025-11-02 03:07:38', '2025-11-02 03:07:38'),
(118, 28, 'login', NULL, NULL, '192.168.208.190', 'Mozilla/5.0 (Linux; Android 14; Mobile) AppleWebKit/537.36 Chrome/120 Mobile Safari/537.36', '{\"path\": \"/api/admin/login\", \"request_id\": \"fe6377437fa4\"}', '2025-11-13 09:17:38', '2025-11-13 09:17:38'),
(119, 20, 'delete:order', NULL, NULL, '192.168.8.71', 'Mozilla/5.0 (Windows NT 10.0; Win64; x64) AppleWebKit/537.36 (KHTML, like Gecko) Chrome/120 Safari/537.36', '{\"path\": \"/api/admin/delete\", \"request_id\": \"5b9ddef68c38\"}', '2025-11-13 19:48:38', '2025-11-13 19:48:38'),
(120, 24, 'update:settings', NULL, NULL, '192.168.63.132', 'Mozilla/5.0 (X11; Ubuntu; Linux x86_64; rv:120.0) Gecko/20100101 Firefox/120.0', '{\"path\": \"/api/admin/update\", \"request_id\": \"cd5af5b982c3\"}', '2025-11-17 08:48:38', '2025-11-17 08:48:38');
INSERT INTO `cache` (`key`, `value`, `expiration`) VALUES
('laravel-cache-5c785c036466adea360111aa28563bfd556b5fba', 'i:3;', 1764069184),
('laravel-cache-5c785c036466adea360111aa28563bfd556b5fba:timer', 'i:1764069184;', 1764069184),
('laravel-cache-homepage_data', 'a:4:{s:13:\"featuredItems\";a:3:{i:0;a:22:{s:2:\"id\";i:1;s:11:\"location_id\";i:1;s:11:\"category_id\";i:1;s:4:\"name\";s:18:\"Fresh Spring Rolls\";s:3:\"sku\";N;s:4:\"slug\";s:12:\"spring-rolls\";s:11:\"description\";s:89:\"Crispy spring rolls filled with fresh vegetables and herbs, served with sweet chili sauce\";s:5:\"price\";d:8.5;s:4:\"cost\";d:3.2;s:10:\"image_path\";s:35:\"\\images\\menu-items\\spring-rolls.jpg\";s:9:\"image_url\";s:65:\"http://127.0.0.1:8000/storage/\\images\\menu-items\\spring-rolls.jpg\";s:10:\"is_popular\";b:1;s:11:\"is_featured\";b:1;s:14:\"featured_order\";i:1;s:5:\"badge\";s:11:\"Best Seller\";s:9:\"is_active\";b:1;s:13:\"display_order\";i:0;s:6:\"rating\";N;s:13:\"reviews_count\";i:0;s:9:\"prep_time\";N;s:10:\"created_at\";O:25:\"Illuminate\\Support\\Carbon\":3:{s:4:\"date\";s:26:\"2025-11-25 02:40:25.000000\";s:13:\"timezone_type\";i:3;s:8:\"timezone\";s:3:\"UTC\";}s:10:\"updated_at\";O:25:\"Illuminate\\Support\\Carbon\":3:{s:4:\"date\";s:26:\"2025-11-25 08:55:30.000000\";s:13:\"timezone_type\";i:3;s:8:\"timezone\";s:3:\"UTC\";}}i:1;a:22:{s:2:\"id\";i:2;s:11:\"location_id\";i:1;s:11:\"category_id\";i:1;s:4:\"name\";s:13:\"Chicken Satay\";s:3:\"sku\";N;s:4:\"slug\";s:13:\"chicken-satay\";s:11:\"description\";s:78:\"Grilled chicken skewers marinated in aromatic spices, served with peanut sauce\";s:5:\"price\";d:12;s:4:\"cost\";d:4.5;s:10:\"image_path\";s:36:\"\\images\\menu-items\\chicken-satay.jpg\";s:9:\"image_url\";s:66:\"http://127.0.0.1:8000/storage/\\images\\menu-items\\chicken-satay.jpg\";s:10:\"is_popular\";b:1;s:11:\"is_featured\";b:1;s:14:\"featured_order\";i:2;s:5:\"badge\";s:13:\"Chef\'s Choice\";s:9:\"is_active\";b:1;s:13:\"display_order\";i:0;s:6:\"rating\";N;s:13:\"reviews_count\";i:0;s:9:\"prep_time\";N;s:10:\"created_at\";O:25:\"Illuminate\\Support\\Carbon\":3:{s:4:\"date\";s:26:\"2025-11-25 02:40:25.000000\";s:13:\"timezone_type\";i:3;s:8:\"timezone\";s:3:\"UTC\";}s:10:\"updated_at\";O:25:\"Illuminate\\Support\\Carbon\":3:{s:4:\"date\";s:26:\"2025-11-25 08:55:30.000000\";s:13:\"timezone_type\";i:3;s:8:\"timezone\";s:3:\"UTC\";}}i:2;a:22:{s:2:\"id\";i:3;s:11:\"location_id\";i:1;s:11:\"category_id\";i:1;s:4:\"name\";s:20:\"Cambodian Fish Cakes\";s:3:\"sku\";N;s:4:\"slug\";s:10:\"fish-cakes\";s:11:\"description\";s:68:\"Traditional fish cakes made with fresh river fish and aromatic herbs\";s:5:\"price\";d:10.5;s:4:\"cost\";d:4;s:10:\"image_path\";s:33:\"\\images\\menu-items\\fish-cakes.jpg\";s:9:\"image_url\";s:63:\"http://127.0.0.1:8000/storage/\\images\\menu-items\\fish-cakes.jpg\";s:10:\"is_popular\";b:0;s:11:\"is_featured\";b:1;s:14:\"featured_order\";i:3;s:5:\"badge\";s:8:\"Trending\";s:9:\"is_active\";b:1;s:13:\"display_order\";i:0;s:6:\"rating\";N;s:13:\"reviews_count\";i:0;s:9:\"prep_time\";N;s:10:\"created_at\";O:25:\"Illuminate\\Support\\Carbon\":3:{s:4:\"date\";s:26:\"2025-11-25 02:40:25.000000\";s:13:\"timezone_type\";i:3;s:8:\"timezone\";s:3:\"UTC\";}s:10:\"updated_at\";O:25:\"Illuminate\\Support\\Carbon\":3:{s:4:\"date\";s:26:\"2025-11-25 08:55:30.000000\";s:13:\"timezone_type\";i:3;s:8:\"timezone\";s:3:\"UTC\";}}}s:10:\"categories\";a:6:{i:0;a:6:{s:2:\"id\";i:1;s:4:\"name\";s:10:\"Appetizers\";s:4:\"slug\";s:10:\"appetizers\";s:4:\"icon\";s:4:\"\";s:5:\"count\";i:6;s:5:\"color\";s:26:\"from-gray-500 to-slate-500\";}i:1;a:6:{s:2:\"id\";i:13;s:4:\"name\";s:17:\"Traditional Soups\";s:4:\"slug\";s:17:\"traditional-soups\";s:4:\"icon\";s:7:\"\";s:5:\"count\";i:0;s:5:\"color\";s:26:\"from-gray-500 to-slate-500\";}i:2;a:6:{s:2:\"id\";i:9;s:4:\"name\";s:19:\"Grilled Specialties\";s:4:\"slug\";s:19:\"grilled-specialties\";s:4:\"icon\";s:7:\"\";s:5:\"count\";i:3;s:5:\"color\";s:26:\"from-gray-500 to-slate-500\";}i:3;a:6:{s:2:\"id\";i:15;s:4:\"name\";s:20:\"Traditional Desserts\";s:4:\"slug\";s:20:\"traditional-desserts\";s:4:\"icon\";s:7:\"\";s:5:\"count\";i:1;s:5:\"color\";s:26:\"from-gray-500 to-slate-500\";}i:4;a:6:{s:2:\"id\";i:6;s:4:\"name\";s:14:\"Hot Appetizers\";s:4:\"slug\";s:14:\"hot-appetizers\";s:4:\"icon\";s:7:\"\";s:5:\"count\";i:0;s:5:\"color\";s:26:\"from-gray-500 to-slate-500\";}i:5;a:6:{s:2:\"id\";i:18;s:4:\"name\";s:13:\"Hot Beverages\";s:4:\"slug\";s:13:\"hot-beverages\";s:4:\"icon\";s:7:\"\";s:5:\"count\";i:0;s:5:\"color\";s:26:\"from-gray-500 to-slate-500\";}}s:12:\"testimonials\";a:3:{i:0;a:6:{s:2:\"id\";i:1;s:13:\"customer_name\";s:13:\"Sarah Johnson\";s:13:\"customer_role\";s:16:\"Regular Customer\";s:7:\"content\";s:142:\"Best food delivery experience! The quality is consistently amazing and delivery is always on time. The gourmet burger is my absolute favorite!\";s:6:\"rating\";i:5;s:6:\"avatar\";s:4:\"\";}i:1;a:6:{s:2:\"id\";i:2;s:13:\"customer_name\";s:12:\"Michael Chen\";s:13:\"customer_role\";s:15:\"Food Enthusiast\";s:7:\"content\";s:137:\"I\'ve tried many restaurants, but NKH stands out. Fresh ingredients, creative recipes, and excellent customer service. Highly recommended!\";s:6:\"rating\";i:5;s:6:\"avatar\";s:4:\"\";}i:2;a:6:{s:2:\"id\";i:3;s:13:\"customer_name\";s:15:\"Emily Rodriguez\";s:13:\"customer_role\";s:14:\"Happy Customer\";s:7:\"content\";s:121:\"The pasta carbonara is authentic and delicious! Love the easy ordering process and the food always arrives hot and fresh.\";s:6:\"rating\";i:5;s:6:\"avatar\";s:11:\"\";}}s:5:\"stats\";a:4:{s:10:\"totalItems\";i:36;s:13:\"averageRating\";d:4.9;s:14:\"totalCustomers\";i:11;s:19:\"averageDeliveryTime\";i:30;}}', 1764069216);

INSERT INTO `categories` (`id`, `location_id`, `parent_id`, `slug`, `display_order`, `is_active`, `image`, `created_at`, `updated_at`) VALUES
(1, 1, NULL, 'appetizers', 1, 1, NULL, '2025-11-25 02:40:24', '2025-11-25 02:40:24'),
(2, 1, NULL, 'main-dishes', 2, 1, 'https://images.unsplash.com/photo-1546833999-b9f581a1996d?w=400&h=300&fit=crop', '2025-11-25 02:40:24', '2025-11-25 02:40:24'),
(3, 1, NULL, 'soups-salads', 3, 1, 'https://images.unsplash.com/photo-1547592180-85f173990554?w=400&h=300&fit=crop', '2025-11-25 02:40:24', '2025-11-25 02:40:24'),
(4, 1, NULL, 'desserts', 4, 1, 'https://images.unsplash.com/photo-1551024506-0bccd828d307?w=400&h=300&fit=crop', '2025-11-25 02:40:24', '2025-11-25 02:40:24'),
(5, 1, NULL, 'beverages', 5, 1, 'https://images.unsplash.com/photo-1544145945-f90425340c7e?w=400&h=300&fit=crop', '2025-11-25 02:40:24', '2025-11-25 02:40:24'),
(6, 1, 1, 'hot-appetizers', 1, 1, NULL, '2025-11-25 02:40:24', '2025-11-25 02:40:24'),
(7, 1, 1, 'cold-appetizers', 2, 1, NULL, '2025-11-25 02:40:24', '2025-11-25 02:40:24'),
(8, 1, 1, 'sharing-platters', 3, 1, NULL, '2025-11-25 02:40:24', '2025-11-25 02:40:24'),
(9, 1, 2, 'grilled-specialties', 1, 1, NULL, '2025-11-25 02:40:25', '2025-11-25 02:40:25'),
(10, 1, 2, 'pasta-noodles', 2, 1, NULL, '2025-11-25 02:40:25', '2025-11-25 02:40:25'),
(11, 1, 2, 'seafood', 3, 1, NULL, '2025-11-25 02:40:25', '2025-11-25 02:40:25'),
(12, 1, 2, 'vegetarian', 4, 1, NULL, '2025-11-25 02:40:25', '2025-11-25 02:40:25'),
(13, 1, 3, 'traditional-soups', 1, 1, NULL, '2025-11-25 02:40:25', '2025-11-25 02:40:25'),
(14, 1, 3, 'fresh-salads', 2, 1, NULL, '2025-11-25 02:40:25', '2025-11-25 02:40:25'),
(15, 1, 4, 'traditional-desserts', 1, 1, NULL, '2025-11-25 02:40:25', '2025-11-25 02:40:25'),
(16, 1, 4, 'ice-cream', 2, 1, NULL, '2025-11-25 02:40:25', '2025-11-25 02:40:25'),
(17, 1, 4, 'cakes-pastries', 3, 1, NULL, '2025-11-25 02:40:25', '2025-11-25 02:40:25'),
(18, 1, 5, 'hot-beverages', 1, 1, NULL, '2025-11-25 02:40:25', '2025-11-25 02:40:25'),
(19, 1, 5, 'cold-beverages', 2, 1, NULL, '2025-11-25 02:40:25', '2025-11-25 02:40:25'),
(20, 1, 5, 'fresh-juices', 3, 1, NULL, '2025-11-25 02:40:25', '2025-11-25 02:40:25'),
(21, 1, 5, 'alcoholic-beverages', 4, 1, NULL, '2025-11-25 02:40:25', '2025-11-25 02:40:25');
INSERT INTO `category_translations` (`id`, `category_id`, `locale`, `name`, `description`, `created_at`, `updated_at`) VALUES
(1, 1, 'en', 'Appetizers', 'Start your meal with our delicious appetizers', '2025-11-25 02:40:24', '2025-11-25 02:40:24'),
(2, 1, 'km', '', '', '2025-11-25 02:40:24', '2025-11-25 02:40:24'),
(3, 2, 'en', 'Main Dishes', 'Experience our selection of hearty main dishes', '2025-11-25 02:40:24', '2025-11-25 02:40:24'),
(4, 2, 'km', '', '', '2025-11-25 02:40:24', '2025-11-25 02:40:24'),
(5, 3, 'en', 'Soups & Salads', 'Fresh salads and warming soups', '2025-11-25 02:40:24', '2025-11-25 02:40:24'),
(6, 3, 'km', ' ', ' ', '2025-11-25 02:40:24', '2025-11-25 02:40:24'),
(7, 4, 'en', 'Desserts', 'Sweet treats to end your meal perfectly', '2025-11-25 02:40:24', '2025-11-25 02:40:24'),
(8, 4, 'km', '', '', '2025-11-25 02:40:24', '2025-11-25 02:40:24'),
(9, 5, 'en', 'Beverages', 'Refresh yourself with our selection of drinks', '2025-11-25 02:40:24', '2025-11-25 02:40:24'),
(10, 5, 'km', '', '', '2025-11-25 02:40:24', '2025-11-25 02:40:24'),
(11, 6, 'en', 'Hot Appetizers', 'Warm and delicious starters', '2025-11-25 02:40:24', '2025-11-25 02:40:24'),
(12, 6, 'km', '', ' ', '2025-11-25 02:40:24', '2025-11-25 02:40:24'),
(13, 7, 'en', 'Cold Appetizers', 'Refreshing cold starters', '2025-11-25 02:40:24', '2025-11-25 02:40:24'),
(14, 7, 'km', '', '', '2025-11-25 02:40:24', '2025-11-25 02:40:24'),
(15, 8, 'en', 'Sharing Platters', 'Perfect for sharing with friends and family', '2025-11-25 02:40:25', '2025-11-25 02:40:25'),
(16, 8, 'km', '', ' ', '2025-11-25 02:40:25', '2025-11-25 02:40:25'),
(17, 9, 'en', 'Grilled Specialties', 'Our signature grilled dishes', '2025-11-25 02:40:25', '2025-11-25 02:40:25'),
(18, 9, 'km', '', '', '2025-11-25 02:40:25', '2025-11-25 02:40:25'),
(19, 10, 'en', 'Pasta & Noodles', 'Selection of pasta and noodle dishes', '2025-11-25 02:40:25', '2025-11-25 02:40:25'),
(20, 10, 'km', ' ', ' ', '2025-11-25 02:40:25', '2025-11-25 02:40:25'),
(21, 11, 'en', 'Seafood', 'Fresh seafood dishes', '2025-11-25 02:40:25', '2025-11-25 02:40:25'),
(22, 11, 'km', '', '', '2025-11-25 02:40:25', '2025-11-25 02:40:25'),
(23, 12, 'en', 'Vegetarian', 'Delicious vegetarian options', '2025-11-25 02:40:25', '2025-11-25 02:40:25'),
(24, 12, 'km', '', '', '2025-11-25 02:40:25', '2025-11-25 02:40:25'),
(25, 13, 'en', 'Traditional Soups', 'Classic Khmer soups', '2025-11-25 02:40:25', '2025-11-25 02:40:25'),
(26, 13, 'km', '', '', '2025-11-25 02:40:25', '2025-11-25 02:40:25'),
(27, 14, 'en', 'Fresh Salads', 'Light and refreshing salads', '2025-11-25 02:40:25', '2025-11-25 02:40:25'),
(28, 14, 'km', '', '', '2025-11-25 02:40:25', '2025-11-25 02:40:25'),
(29, 15, 'en', 'Traditional Desserts', 'Classic Khmer desserts', '2025-11-25 02:40:25', '2025-11-25 02:40:25'),
(30, 15, 'km', '', '', '2025-11-25 02:40:25', '2025-11-25 02:40:25'),
(31, 16, 'en', 'Ice Cream', 'Cool and creamy ice cream treats', '2025-11-25 02:40:25', '2025-11-25 02:40:25'),
(32, 16, 'km', '', '', '2025-11-25 02:40:25', '2025-11-25 02:40:25'),
(33, 17, 'en', 'Cakes & Pastries', 'Fresh baked cakes and pastries', '2025-11-25 02:40:25', '2025-11-25 02:40:25'),
(34, 17, 'km', ' ', ' ', '2025-11-25 02:40:25', '2025-11-25 02:40:25'),
(35, 18, 'en', 'Hot Beverages', 'Warming drinks and hot beverages', '2025-11-25 02:40:25', '2025-11-25 02:40:25'),
(36, 18, 'km', '', '', '2025-11-25 02:40:25', '2025-11-25 02:40:25'),
(37, 19, 'en', 'Cold Beverages', 'Refreshing cold drinks', '2025-11-25 02:40:25', '2025-11-25 02:40:25'),
(38, 19, 'km', '', '', '2025-11-25 02:40:25', '2025-11-25 02:40:25'),
(39, 20, 'en', 'Fresh Juices', 'Freshly squeezed fruit juices', '2025-11-25 02:40:25', '2025-11-25 02:40:25'),
(40, 20, 'km', '', '', '2025-11-25 02:40:25', '2025-11-25 02:40:25'),
(41, 21, 'en', 'Alcoholic Beverages', 'Selection of beer, wine and spirits', '2025-11-25 02:40:25', '2025-11-25 02:40:25'),
(42, 21, 'km', '', '  ', '2025-11-25 02:40:25', '2025-11-25 02:40:25');
INSERT INTO `customer_addresses` (`id`, `customer_id`, `label`, `address_line_1`, `address_line_2`, `city`, `province`, `postal_code`, `latitude`, `longitude`, `delivery_instructions`, `created_at`, `updated_at`) VALUES
(1, 1, 'Home', 'No. 45, Street 123', 'Sangkat Boeung Keng Kang', 'Phnom Penh', 'Phnom Penh', '12345', '11.5564000', '104.9282000', 'Leave at the front desk.', '2025-11-25 02:40:24', '2025-11-25 02:40:24'),
(2, 1, 'Work', 'Tower A, 12th Floor', 'Russian Blvd', 'Phnom Penh', 'Phnom Penh', '12000', '11.5621000', '104.8885000', 'Call upon arrival.', '2025-11-25 02:40:24', '2025-11-25 02:40:24');

INSERT INTO `customers` (`id`, `customer_code`, `loyalty_points`, `total_spent`, `preferred_language`, `dietary_preferences`, `marketing_consent`, `user_id`, `preferred_location_id`, `birth_date`, `gender`, `preferences`, `points_balance`, `notes`, `created_at`, `updated_at`) VALUES
(1, 'CUST-67784', 0, '0.00', NULL, NULL, 0, 31, 1, NULL, 'other', NULL, 0, NULL, '2025-11-25 02:40:24', '2025-11-25 02:40:37'),
(2, 'CUST-96894', 257, '943.99', 'en', NULL, 1, 21, 1, '1961-02-05', 'male', NULL, 0, NULL, '2025-11-25 02:40:30', '2025-11-25 02:40:37'),
(3, 'CUST-21004', 245, '1160.68', 'en', '\"vegetarian\"', 1, 22, 1, '1974-12-24', 'male', NULL, 0, NULL, '2025-11-25 02:40:30', '2025-11-25 02:40:37'),
(4, 'CUST-37671', 48, '1714.72', 'en', NULL, 0, 23, 1, '1996-05-16', 'male', NULL, 0, NULL, '2025-11-25 02:40:30', '2025-11-25 02:40:37'),
(5, 'CUST-39457', 265, '1231.06', 'km', NULL, 0, 24, 1, '2005-02-15', 'male', NULL, 0, NULL, '2025-11-25 02:40:30', '2025-11-25 02:40:37'),
(6, 'CUST-42914', 236, '1744.24', 'km', NULL, 1, 25, 1, '2001-01-23', 'female', NULL, 0, NULL, '2025-11-25 02:40:30', '2025-11-25 02:40:37'),
(7, 'CUST-11130', 96, '1490.29', 'km', NULL, 0, 26, 1, '1958-10-21', 'female', NULL, 0, NULL, '2025-11-25 02:40:30', '2025-11-25 02:40:37'),
(8, 'CUST-96476', 327, '1506.14', 'km', '\"gluten_free\"', 1, 27, 1, '1989-06-18', 'male', NULL, 0, NULL, '2025-11-25 02:40:30', '2025-11-25 02:40:37'),
(9, 'CUST-98263', 483, '1330.21', 'en', '\"vegan\"', 0, 28, 1, '1961-02-10', 'male', NULL, 0, NULL, '2025-11-25 02:40:30', '2025-11-25 02:40:37'),
(10, 'CUST-42630', 236, '1458.24', 'en', NULL, 1, 29, 1, '1962-03-11', 'female', NULL, 0, NULL, '2025-11-25 02:40:30', '2025-11-25 02:40:37'),
(11, 'CUST-43273', 335, '799.94', 'en', '\"vegan\"', 1, 30, 1, '1994-05-29', 'female', NULL, 0, NULL, '2025-11-25 02:40:30', '2025-11-25 02:40:37');
INSERT INTO `employees` (`id`, `user_id`, `position_id`, `location_id`, `employee_code`, `hire_date`, `salary_type`, `salary`, `address`, `status`, `created_at`, `updated_at`) VALUES
(1, 32, 3, 1, 'NKH-DT-EMP-1030', '2025-09-13', 'monthly', '2200.00', '838 Street 51, Chamkarmon District, Phnom Penh', 'on_leave', '2025-11-25 02:40:26', '2025-11-25 02:40:26'),
(2, 6, 3, 1, 'NKH-DT-EMP-7909', '2025-02-27', 'monthly', '2200.00', '234 Monivong Blvd, Sen Sok District, Phnom Penh', 'on_leave', '2025-11-25 02:40:26', '2025-11-25 02:40:26'),
(3, 7, 4, 1, 'NKH-DT-EMP-5570', '2025-10-09', 'monthly', '1600.00', '80 Street 310, Tuol Kork District, Phnom Penh', 'inactive', '2025-11-25 02:40:27', '2025-11-25 02:40:27'),
(4, 8, 4, 1, 'NKH-DT-EMP-4138', '2024-11-28', 'monthly', '1600.00', '167 Monivong Blvd, Chamkarmon District, Phnom Penh', 'on_leave', '2025-11-25 02:40:27', '2025-11-25 02:40:27'),
(5, 9, 7, 1, 'NKH-DT-EMP-5206', '2025-10-03', 'monthly', '1400.00', '909 Norodom Blvd, Mean Chey District, Phnom Penh', 'active', '2025-11-25 02:40:27', '2025-11-25 02:40:27'),
(6, 10, 7, 1, 'NKH-DT-EMP-4371', '2025-09-24', 'monthly', '1400.00', '782 Mao Tse Toung Blvd, Daun Penh District, Phnom Penh', 'active', '2025-11-25 02:40:27', '2025-11-25 02:40:27'),
(7, 11, 8, 1, 'NKH-DT-EMP-5115', '2025-06-19', 'hourly', '8.50', '860 Street 310, Chamkarmon District, Phnom Penh', 'on_leave', '2025-11-25 02:40:28', '2025-11-25 02:40:28'),
(8, 12, 8, 1, 'NKH-DT-EMP-5596', '2025-03-12', 'hourly', '8.50', '157 Norodom Blvd, Chamkarmon District, Phnom Penh', 'active', '2025-11-25 02:40:28', '2025-11-25 02:40:28'),
(9, 13, 8, 1, 'NKH-DT-EMP-2201', '2025-02-27', 'hourly', '8.50', '171 Street 51, Daun Penh District, Phnom Penh', 'active', '2025-11-25 02:40:28', '2025-11-25 02:40:28'),
(10, 14, 8, 1, 'NKH-DT-EMP-1954', '2025-05-11', 'hourly', '8.50', '339 Sihanouk Blvd, Sen Sok District, Phnom Penh', 'on_leave', '2025-11-25 02:40:29', '2025-11-25 02:40:29'),
(11, 15, 5, 1, 'NKH-DT-EMP-8147', '2025-10-17', 'hourly', '12.00', '524 Street 51, Sen Sok District, Phnom Penh', 'active', '2025-11-25 02:40:29', '2025-11-25 02:40:29'),
(12, 16, 5, 1, 'NKH-DT-EMP-4654', '2025-06-13', 'hourly', '12.00', '85 Monivong Blvd, Mean Chey District, Phnom Penh', 'active', '2025-11-25 02:40:29', '2025-11-25 02:40:29'),
(13, 17, 9, 1, 'NKH-DT-EMP-6940', '2025-08-15', 'hourly', '10.00', '670 Sihanouk Blvd, Sen Sok District, Phnom Penh', 'inactive', '2025-11-25 02:40:29', '2025-11-25 02:40:29'),
(14, 18, 9, 1, 'NKH-DT-EMP-1108', '2025-04-14', 'hourly', '10.00', '527 Sihanouk Blvd, Chamkarmon District, Phnom Penh', 'active', '2025-11-25 02:40:30', '2025-11-25 02:40:30'),
(15, 19, 10, 1, 'NKH-DT-EMP-8774', '2025-05-05', 'hourly', '9.00', '363 Street 51, Chamkarmon District, Phnom Penh', 'on_leave', '2025-11-25 02:40:30', '2025-11-25 02:40:30'),
(16, 20, 10, 1, 'NKH-DT-EMP-6100', '2025-08-03', 'hourly', '9.00', '568 Mao Tse Toung Blvd, Tuol Kork District, Phnom Penh', 'inactive', '2025-11-25 02:40:30', '2025-11-25 02:40:30');
INSERT INTO `expense_categories` (`id`, `location_id`, `name`, `description`, `is_active`, `created_at`, `updated_at`) VALUES
(1, 1, 'Food Supplies', 'Ingredients, raw materials, and food products.', 1, '2025-11-25 02:40:37', '2025-11-25 02:40:37'),
(2, 1, 'Utilities', 'Electricity, water, and internet services.', 1, '2025-11-25 02:40:37', '2025-11-25 02:40:37'),
(3, 1, 'Maintenance', 'Equipment repairs and services.', 1, '2025-11-25 02:40:37', '2025-11-25 02:40:37'),
(4, 1, 'Staff Salaries', 'Monthly employee salary expenses.', 1, '2025-11-25 02:40:37', '2025-11-25 02:40:37');
INSERT INTO `expenses` (`id`, `location_id`, `expense_category_id`, `created_by`, `expense_date`, `amount`, `currency`, `vendor_name`, `reference`, `description`, `attachment_path`, `status`, `created_at`, `updated_at`) VALUES
(1, 1, 1, 1, '2025-01-05', '150.75', 'USD', 'Fresh Market Supplier', 'INV-1001', 'Weekly food ingredients purchase', NULL, 'approved', '2025-11-25 02:40:37', '2025-11-25 02:40:37'),
(2, 1, 2, 1, '2025-01-10', '320.00', 'USD', 'Electricit du Cambodge', 'BILL-2001', 'Monthly electricity bill', NULL, 'approved', '2025-11-25 02:40:37', '2025-11-25 02:40:37'),
(3, 1, 3, 1, '2025-01-14', '89.50', 'USD', 'TechFix Services', 'MT-412', 'Repairing freezer unit', NULL, 'approved', '2025-11-25 02:40:37', '2025-11-25 02:40:37');


INSERT INTO `floors` (`id`, `location_id`, `name`, `display_order`, `is_active`, `created_at`, `updated_at`) VALUES
(1, 1, 'Ground Floor', 1, 1, '2025-11-25 02:40:26', '2025-11-25 02:40:26'),
(2, 1, 'Second Floor', 2, 1, '2025-11-25 02:40:26', '2025-11-25 02:40:26'),
(3, 1, 'Terrace', 3, 1, '2025-11-25 02:40:26', '2025-11-25 02:40:26'),
(4, 1, 'VIP Floor', 4, 1, '2025-11-25 02:40:26', '2025-11-25 02:40:26');
INSERT INTO `ingredients` (`id`, `location_id`, `sku`, `name`, `unit`, `quantity_on_hand`, `reorder_level`, `reorder_quantity`, `cost`, `is_active`, `created_at`, `updated_at`, `deleted_at`) VALUES
(1, 1, 'BEEF-001', 'Premium Beef', 'kg', '25.500', '10.000', '30.000', '18.50', 1, '2025-11-25 02:40:25', '2025-11-25 02:40:25', NULL),
(2, 1, 'PORK-001', 'Fresh Pork', 'kg', '18.000', '8.000', '25.000', '12.00', 1, '2025-11-25 02:40:25', '2025-11-25 02:40:25', NULL),
(3, 1, 'CHKN-001', 'Free Range Chicken', 'kg', '22.000', '12.000', '30.000', '8.50', 1, '2025-11-25 02:40:25', '2025-11-25 02:40:25', NULL),
(4, 1, 'FISH-001', 'Fresh River Fish', 'kg', '15.500', '8.000', '20.000', '14.00', 1, '2025-11-25 02:40:25', '2025-11-25 02:40:25', NULL),
(5, 1, 'PRWN-001', 'Fresh Prawns', 'kg', '8.000', '5.000', '15.000', '22.00', 1, '2025-11-25 02:40:25', '2025-11-25 02:40:25', NULL),
(6, 1, 'TOFU-001', 'Silken Tofu', 'kg', '12.000', '6.000', '20.000', '3.50', 1, '2025-11-25 02:40:25', '2025-11-25 02:40:25', NULL),
(7, 1, 'VEG-001', 'Green Papaya', 'kg', '35.000', '15.000', '40.000', '2.50', 1, '2025-11-25 02:40:25', '2025-11-25 02:40:25', NULL),
(8, 1, 'VEG-002', 'Tomatoes', 'kg', '28.000', '12.000', '35.000', '3.00', 1, '2025-11-25 02:40:25', '2025-11-25 02:40:25', NULL),
(9, 1, 'VEG-003', 'Morning Glory', 'kg', '20.000', '10.000', '25.000', '1.80', 1, '2025-11-25 02:40:25', '2025-11-25 02:40:25', NULL),
(10, 1, 'VEG-004', 'Bean Sprouts', 'kg', '15.000', '8.000', '20.000', '2.00', 1, '2025-11-25 02:40:25', '2025-11-25 02:40:25', NULL),
(11, 1, 'VEG-005', 'Lotus Stem', 'kg', '8.500', '5.000', '12.000', '4.50', 1, '2025-11-25 02:40:25', '2025-11-25 02:40:25', NULL),
(12, 1, 'VEG-006', 'Lolot Leaves', 'kg', '5.000', '3.000', '8.000', '6.00', 1, '2025-11-25 02:40:25', '2025-11-25 02:40:25', NULL),
(13, 1, 'VEG-007', 'Banana Leaves', 'unit', '50.000', '20.000', '60.000', '0.50', 1, '2025-11-25 02:40:25', '2025-11-25 02:40:25', NULL),
(14, 1, 'HERB-001', 'Fresh Ginger', 'kg', '8.000', '4.000', '10.000', '5.50', 1, '2025-11-25 02:40:25', '2025-11-25 02:40:25', NULL),
(15, 1, 'HERB-002', 'Lemongrass', 'kg', '6.500', '3.000', '8.000', '4.00', 1, '2025-11-25 02:40:25', '2025-11-25 02:40:25', NULL),
(16, 1, 'HERB-003', 'Galangal', 'kg', '4.000', '2.000', '6.000', '7.00', 1, '2025-11-25 02:40:25', '2025-11-25 02:40:25', NULL),
(17, 1, 'HERB-004', 'Kaffir Lime Leaves', 'kg', '2.500', '1.000', '4.000', '12.00', 1, '2025-11-25 02:40:25', '2025-11-25 02:40:25', NULL),
(18, 1, 'HERB-005', 'Thai Basil', 'kg', '3.000', '1.500', '5.000', '8.00', 1, '2025-11-25 02:40:25', '2025-11-25 02:40:25', NULL),
(19, 1, 'HERB-006', 'Cilantro', 'kg', '4.500', '2.000', '6.000', '6.50', 1, '2025-11-25 02:40:25', '2025-11-25 02:40:25', NULL),
(20, 1, 'SPICE-001', 'Turmeric Powder', 'kg', '5.000', '2.000', '8.000', '15.00', 1, '2025-11-25 02:40:25', '2025-11-25 02:40:25', NULL),
(21, 1, 'SPICE-002', 'Chili Powder', 'kg', '6.000', '3.000', '10.000', '12.00', 1, '2025-11-25 02:40:25', '2025-11-25 02:40:25', NULL),
(22, 1, 'PANT-001', 'Jasmine Rice', 'kg', '150.000', '50.000', '200.000', '1.20', 1, '2025-11-25 02:40:25', '2025-11-25 02:40:25', NULL),
(23, 1, 'PANT-002', 'Rice Noodles', 'kg', '45.000', '20.000', '60.000', '2.80', 1, '2025-11-25 02:40:25', '2025-11-25 02:40:25', NULL),
(24, 1, 'PANT-003', 'Coconut Milk', 'l', '25.000', '12.000', '35.000', '3.50', 1, '2025-11-25 02:40:25', '2025-11-25 02:40:25', NULL),
(25, 1, 'PANT-004', 'Fish Sauce', 'l', '18.000', '8.000', '25.000', '4.20', 1, '2025-11-25 02:40:25', '2025-11-25 02:40:25', NULL),
(26, 1, 'PANT-005', 'Soy Sauce', 'l', '22.000', '10.000', '30.000', '3.80', 1, '2025-11-25 02:40:25', '2025-11-25 02:40:25', NULL),
(27, 1, 'PANT-006', 'Oyster Sauce', 'l', '15.000', '8.000', '20.000', '5.50', 1, '2025-11-25 02:40:25', '2025-11-25 02:40:25', NULL),
(28, 1, 'PANT-007', 'Tamarind Paste', 'kg', '8.000', '4.000', '12.000', '6.80', 1, '2025-11-25 02:40:25', '2025-11-25 02:40:25', NULL),
(29, 1, 'PANT-008', 'Palm Sugar', 'kg', '12.000', '6.000', '18.000', '4.50', 1, '2025-11-25 02:40:25', '2025-11-25 02:40:25', NULL),
(30, 1, 'FRUIT-001', 'Fresh Mangoes', 'kg', '20.000', '10.000', '30.000', '3.20', 1, '2025-11-25 02:40:25', '2025-11-25 02:40:25', NULL),
(31, 1, 'FRUIT-002', 'Oranges', 'kg', '25.000', '12.000', '35.000', '2.80', 1, '2025-11-25 02:40:25', '2025-11-25 02:40:25', NULL),
(32, 1, 'FRUIT-003', 'Watermelon', 'kg', '40.000', '20.000', '60.000', '1.50', 1, '2025-11-25 02:40:25', '2025-11-25 02:40:25', NULL),
(33, 1, 'FRUIT-004', 'Limes', 'kg', '15.000', '8.000', '20.000', '4.00', 1, '2025-11-25 02:40:25', '2025-11-25 02:40:25', NULL),
(34, 1, 'DAIRY-001', 'Fresh Eggs', 'unit', '200.000', '100.000', '300.000', '0.25', 1, '2025-11-25 02:40:25', '2025-11-25 02:40:25', NULL),
(35, 1, 'DAIRY-002', 'Condensed Milk', 'l', '20.000', '10.000', '30.000', '3.80', 1, '2025-11-25 02:40:25', '2025-11-25 02:40:25', NULL),
(36, 1, 'DAIRY-003', 'Heavy Cream', 'l', '12.000', '6.000', '18.000', '5.20', 1, '2025-11-25 02:40:25', '2025-11-25 02:40:25', NULL),
(37, 1, 'BEV-001', 'Cambodian Coffee Beans', 'kg', '15.000', '8.000', '25.000', '12.50', 1, '2025-11-25 02:40:25', '2025-11-25 02:40:25', NULL),
(38, 1, 'BEV-002', 'Jasmine Tea Leaves', 'kg', '8.000', '4.000', '12.000', '18.00', 1, '2025-11-25 02:40:25', '2025-11-25 02:40:25', NULL),
(39, 1, 'BEV-003', 'Angkor Beer', 'unit', '120.000', '50.000', '200.000', '1.20', 1, '2025-11-25 02:40:25', '2025-11-25 02:40:25', NULL),
(40, 1, 'LOW-001', 'Premium Olive Oil', 'l', '2.000', '5.000', '15.000', '25.00', 1, '2025-11-25 02:40:25', '2025-11-25 02:40:25', NULL),
(41, 1, 'LOW-002', 'Sea Salt', 'kg', '1.500', '3.000', '10.000', '8.50', 1, '2025-11-25 02:40:25', '2025-11-25 02:40:25', NULL),
(42, 1, 'OUT-001', 'Black Pepper', 'kg', '0.000', '2.000', '8.000', '35.00', 1, '2025-11-25 02:40:25', '2025-11-25 02:40:25', NULL);
INSERT INTO `inventory_transactions` (`id`, `ingredient_id`, `type`, `location_id`, `user_id`, `movement_type`, `quantity`, `unit_cost`, `value`, `sourceable_type`, `sourceable_id`, `unit`, `reference_type`, `reference_id`, `notes`, `transacted_at`, `created_by`, `created_at`, `updated_at`) VALUES
(1, 29, 'in', 1, 3, 'usage', '51.60', NULL, NULL, NULL, NULL, 'kg', 'inventory_count', 9, 'Damaged goods disposal', '2025-10-26 09:02:37', NULL, '2025-10-26 09:02:37', '2025-10-26 09:02:37'),
(2, 1, 'in', 1, 3, 'usage', '72.70', NULL, NULL, NULL, NULL, 'kg', 'order', 47, 'Transfer between locations', '2025-10-26 12:02:37', NULL, '2025-10-26 12:02:37', '2025-10-26 12:02:37'),
(3, 36, 'in', 1, 4, 'usage', '36.70', NULL, NULL, NULL, NULL, 'l', 'purchase_order', 6, 'Transfer between locations', '2025-10-26 13:02:37', NULL, '2025-10-26 13:02:37', '2025-10-26 13:02:37'),
(4, 23, 'in', 1, 3, 'waste', '23.40', NULL, NULL, NULL, NULL, 'kg', 'purchase_order', 19, NULL, '2025-10-26 21:01:37', NULL, '2025-10-26 21:01:37', '2025-10-26 21:01:37'),
(5, 42, 'in', 1, 4, 'waste', '1.30', NULL, NULL, NULL, NULL, 'kg', 'order', 21, NULL, '2025-10-26 14:03:37', NULL, '2025-10-26 14:03:37', '2025-10-26 14:03:37'),
(6, 39, 'in', 1, 4, 'purchase', '23.70', NULL, NULL, NULL, NULL, 'unit', 'inventory_count', 29, 'Stock correction after count', '2025-10-26 17:01:37', NULL, '2025-10-26 17:01:37', '2025-10-26 17:01:37'),
(7, 10, 'in', 1, 4, 'adjustment', '76.00', NULL, NULL, NULL, NULL, 'kg', 'inventory_count', 28, 'Regular stock replenishment', '2025-10-26 17:02:37', NULL, '2025-10-26 17:02:37', '2025-10-26 17:02:37'),
(8, 28, 'in', 1, 3, 'adjustment', '5.30', NULL, NULL, NULL, NULL, 'kg', 'purchase_order', 43, 'Emergency order', '2025-10-26 08:01:37', NULL, '2025-10-26 08:01:37', '2025-10-26 08:01:37'),
(9, 29, 'in', 1, 4, 'usage', '87.70', NULL, NULL, NULL, NULL, 'kg', 'order', 81, NULL, '2025-10-27 14:00:37', NULL, '2025-10-27 14:00:37', '2025-10-27 14:00:37'),
(10, 15, 'in', 1, 4, 'transfer', '51.30', NULL, NULL, NULL, NULL, 'kg', 'waste_record', 89, 'Regular stock replenishment', '2025-10-27 06:00:37', NULL, '2025-10-27 06:00:37', '2025-10-27 06:00:37'),
(11, 26, 'in', 1, 3, 'waste', '27.90', NULL, NULL, NULL, NULL, 'l', 'order', 42, 'Regular stock replenishment', '2025-10-27 14:03:37', NULL, '2025-10-27 14:03:37', '2025-10-27 14:03:37'),
(12, 41, 'in', 1, 3, 'purchase', '27.00', NULL, NULL, NULL, NULL, 'kg', 'order', 10, 'Damaged goods disposal', '2025-10-27 15:03:37', NULL, '2025-10-27 15:03:37', '2025-10-27 15:03:37'),
(13, 32, 'in', 1, 4, 'transfer', '36.90', NULL, NULL, NULL, NULL, 'kg', 'waste_record', 24, 'Stock correction after count', '2025-10-27 12:00:37', NULL, '2025-10-27 12:00:37', '2025-10-27 12:00:37'),
(14, 37, 'in', 1, 4, 'purchase', '49.60', NULL, NULL, NULL, NULL, 'kg', 'waste_record', 58, 'Damaged goods disposal', '2025-10-27 14:01:37', NULL, '2025-10-27 14:01:37', '2025-10-27 14:01:37'),
(15, 30, 'in', 1, 3, 'transfer', '40.20', NULL, NULL, NULL, NULL, 'kg', 'inventory_count', 33, NULL, '2025-10-27 12:01:37', NULL, '2025-10-27 12:01:37', '2025-10-27 12:01:37'),
(16, 5, 'in', 1, 3, 'purchase', '33.60', NULL, NULL, NULL, NULL, 'kg', 'order', 51, 'Emergency order', '2025-10-27 18:00:37', NULL, '2025-10-27 18:00:37', '2025-10-27 18:00:37'),
(17, 26, 'in', 1, 4, 'adjustment', '4.60', NULL, NULL, NULL, NULL, 'l', 'inventory_count', 98, 'Emergency order', '2025-10-28 07:01:37', NULL, '2025-10-28 07:01:37', '2025-10-28 07:01:37'),
(18, 21, 'in', 1, 3, 'purchase', '28.80', NULL, NULL, NULL, NULL, 'kg', 'inventory_count', 46, 'Damaged goods disposal', '2025-10-28 07:01:37', NULL, '2025-10-28 07:01:37', '2025-10-28 07:01:37'),
(19, 9, 'in', 1, 4, 'adjustment', '86.60', NULL, NULL, NULL, NULL, 'kg', 'inventory_count', 4, NULL, '2025-10-28 19:01:37', NULL, '2025-10-28 19:01:37', '2025-10-28 19:01:37'),
(20, 36, 'in', 1, 3, 'purchase', '64.40', NULL, NULL, NULL, NULL, 'l', 'order', 11, NULL, '2025-10-28 17:03:37', NULL, '2025-10-28 17:03:37', '2025-10-28 17:03:37'),
(21, 9, 'in', 1, 3, 'purchase', '47.10', NULL, NULL, NULL, NULL, 'kg', 'purchase_order', 74, 'Emergency order', '2025-10-28 08:00:37', NULL, '2025-10-28 08:00:37', '2025-10-28 08:00:37'),
(22, 11, 'in', 1, 4, 'transfer', '42.20', NULL, NULL, NULL, NULL, 'kg', 'order', 48, 'Transfer between locations', '2025-10-28 20:01:37', NULL, '2025-10-28 20:01:37', '2025-10-28 20:01:37'),
(23, 38, 'in', 1, 4, 'usage', '53.70', NULL, NULL, NULL, NULL, 'kg', 'order', 39, 'Regular stock replenishment', '2025-10-28 19:01:37', NULL, '2025-10-28 19:01:37', '2025-10-28 19:01:37'),
(24, 35, 'in', 1, 4, 'waste', '54.40', NULL, NULL, NULL, NULL, 'l', 'waste_record', 8, NULL, '2025-10-28 08:01:37', NULL, '2025-10-28 08:01:37', '2025-10-28 08:01:37'),
(25, 41, 'in', 1, 4, 'transfer', '34.10', NULL, NULL, NULL, NULL, 'kg', 'order', 74, 'Stock correction after count', '2025-10-29 07:01:37', NULL, '2025-10-29 07:01:37', '2025-10-29 07:01:37'),
(26, 1, 'in', 1, 4, 'transfer', '54.10', NULL, NULL, NULL, NULL, 'kg', 'inventory_count', 5, 'Stock correction after count', '2025-10-29 06:00:37', NULL, '2025-10-29 06:00:37', '2025-10-29 06:00:37'),
(27, 39, 'in', 1, 3, 'adjustment', '67.00', NULL, NULL, NULL, NULL, 'unit', 'inventory_count', 60, NULL, '2025-10-29 18:01:37', NULL, '2025-10-29 18:01:37', '2025-10-29 18:01:37'),
(28, 5, 'in', 1, 4, 'adjustment', '32.10', NULL, NULL, NULL, NULL, 'kg', 'inventory_count', 58, 'Stock correction after count', '2025-10-29 16:01:37', NULL, '2025-10-29 16:01:37', '2025-10-29 16:01:37'),
(29, 7, 'in', 1, 4, 'usage', '15.70', NULL, NULL, NULL, NULL, 'kg', 'purchase_order', 10, NULL, '2025-10-29 21:01:37', NULL, '2025-10-29 21:01:37', '2025-10-29 21:01:37'),
(30, 17, 'in', 1, 3, 'transfer', '43.60', NULL, NULL, NULL, NULL, 'kg', 'stock_transfer', 14, 'Emergency order', '2025-10-29 15:03:37', NULL, '2025-10-29 15:03:37', '2025-10-29 15:03:37'),
(31, 40, 'in', 1, 4, 'waste', '6.80', NULL, NULL, NULL, NULL, 'l', 'stock_transfer', 58, NULL, '2025-10-29 10:03:37', NULL, '2025-10-29 10:03:37', '2025-10-29 10:03:37'),
(32, 13, 'in', 1, 3, 'transfer', '15.00', NULL, NULL, NULL, NULL, 'unit', 'waste_record', 55, NULL, '2025-10-29 12:00:37', NULL, '2025-10-29 12:00:37', '2025-10-29 12:00:37'),
(33, 35, 'in', 1, 4, 'adjustment', '2.30', NULL, NULL, NULL, NULL, 'l', 'waste_record', 17, NULL, '2025-10-29 06:02:37', NULL, '2025-10-29 06:02:37', '2025-10-29 06:02:37'),
(34, 16, 'in', 1, 4, 'transfer', '20.40', NULL, NULL, NULL, NULL, 'kg', 'waste_record', 93, 'Damaged goods disposal', '2025-10-30 18:03:37', NULL, '2025-10-30 18:03:37', '2025-10-30 18:03:37'),
(35, 21, 'in', 1, 3, 'waste', '1.50', NULL, NULL, NULL, NULL, 'kg', 'waste_record', 56, 'Transfer between locations', '2025-10-30 21:02:37', NULL, '2025-10-30 21:02:37', '2025-10-30 21:02:37'),
(36, 10, 'in', 1, 4, 'adjustment', '10.00', NULL, NULL, NULL, NULL, 'kg', 'order', 64, 'Stock correction after count', '2025-10-30 21:02:37', NULL, '2025-10-30 21:02:37', '2025-10-30 21:02:37'),
(37, 29, 'in', 1, 3, 'adjustment', '67.10', NULL, NULL, NULL, NULL, 'kg', 'inventory_count', 62, NULL, '2025-10-30 16:02:37', NULL, '2025-10-30 16:02:37', '2025-10-30 16:02:37'),
(38, 22, 'in', 1, 3, 'waste', '83.50', NULL, NULL, NULL, NULL, 'kg', 'inventory_count', 77, NULL, '2025-10-30 12:02:37', NULL, '2025-10-30 12:02:37', '2025-10-30 12:02:37'),
(39, 36, 'in', 1, 3, 'usage', '38.20', NULL, NULL, NULL, NULL, 'l', 'stock_transfer', 1, NULL, '2025-10-30 14:02:37', NULL, '2025-10-30 14:02:37', '2025-10-30 14:02:37'),
(40, 4, 'in', 1, 4, 'purchase', '21.40', NULL, NULL, NULL, NULL, 'kg', 'purchase_order', 83, NULL, '2025-10-30 20:01:37', NULL, '2025-10-30 20:01:37', '2025-10-30 20:01:37'),
(41, 27, 'in', 1, 3, 'usage', '60.90', NULL, NULL, NULL, NULL, 'l', 'waste_record', 66, 'Damaged goods disposal', '2025-10-30 08:02:37', NULL, '2025-10-30 08:02:37', '2025-10-30 08:02:37'),
(42, 36, 'in', 1, 4, 'usage', '54.70', NULL, NULL, NULL, NULL, 'l', 'waste_record', 70, 'Emergency order', '2025-10-30 14:01:37', NULL, '2025-10-30 14:01:37', '2025-10-30 14:01:37'),
(43, 34, 'in', 1, 3, 'usage', '4.30', NULL, NULL, NULL, NULL, 'unit', 'waste_record', 61, 'Stock correction after count', '2025-10-31 09:02:37', NULL, '2025-10-31 09:02:37', '2025-10-31 09:02:37'),
(44, 6, 'in', 1, 3, 'waste', '6.00', NULL, NULL, NULL, NULL, 'kg', 'stock_transfer', 83, 'Damaged goods disposal', '2025-10-31 08:00:37', NULL, '2025-10-31 08:00:37', '2025-10-31 08:00:37'),
(45, 19, 'in', 1, 4, 'transfer', '33.20', NULL, NULL, NULL, NULL, 'kg', 'purchase_order', 51, 'Regular stock replenishment', '2025-10-31 21:00:37', NULL, '2025-10-31 21:00:37', '2025-10-31 21:00:37'),
(46, 2, 'in', 1, 3, 'purchase', '9.30', NULL, NULL, NULL, NULL, 'kg', 'inventory_count', 47, 'Emergency order', '2025-10-31 11:00:37', NULL, '2025-10-31 11:00:37', '2025-10-31 11:00:37'),
(47, 39, 'in', 1, 4, 'purchase', '64.40', NULL, NULL, NULL, NULL, 'unit', 'purchase_order', 51, 'Regular stock replenishment', '2025-10-31 22:00:37', NULL, '2025-10-31 22:00:37', '2025-10-31 22:00:37'),
(48, 31, 'in', 1, 3, 'transfer', '27.50', NULL, NULL, NULL, NULL, 'kg', 'order', 31, NULL, '2025-10-31 22:00:37', NULL, '2025-10-31 22:00:37', '2025-10-31 22:00:37'),
(49, 38, 'in', 1, 4, 'waste', '58.60', NULL, NULL, NULL, NULL, 'kg', 'stock_transfer', 13, NULL, '2025-10-31 17:00:37', NULL, '2025-10-31 17:00:37', '2025-10-31 17:00:37'),
(50, 32, 'in', 1, 3, 'adjustment', '97.90', NULL, NULL, NULL, NULL, 'kg', 'order', 76, 'Transfer between locations', '2025-11-01 14:02:37', NULL, '2025-11-01 14:02:37', '2025-11-01 14:02:37'),
(51, 12, 'in', 1, 4, 'usage', '34.30', NULL, NULL, NULL, NULL, 'kg', 'inventory_count', 34, NULL, '2025-11-01 09:01:37', NULL, '2025-11-01 09:01:37', '2025-11-01 09:01:37'),
(52, 25, 'in', 1, 3, 'transfer', '84.50', NULL, NULL, NULL, NULL, 'l', 'order', 6, 'Damaged goods disposal', '2025-11-01 10:00:37', NULL, '2025-11-01 10:00:37', '2025-11-01 10:00:37'),
(53, 40, 'in', 1, 4, 'usage', '65.70', NULL, NULL, NULL, NULL, 'l', 'order', 100, NULL, '2025-11-01 13:00:37', NULL, '2025-11-01 13:00:37', '2025-11-01 13:00:37'),
(54, 1, 'in', 1, 3, 'purchase', '20.50', NULL, NULL, NULL, NULL, 'kg', 'purchase_order', 67, 'Transfer between locations', '2025-11-01 08:03:37', NULL, '2025-11-01 08:03:37', '2025-11-01 08:03:37'),
(55, 23, 'in', 1, 3, 'purchase', '28.80', NULL, NULL, NULL, NULL, 'kg', 'stock_transfer', 13, NULL, '2025-11-02 10:03:37', NULL, '2025-11-02 10:03:37', '2025-11-02 10:03:37'),
(56, 23, 'in', 1, 4, 'transfer', '30.00', NULL, NULL, NULL, NULL, 'kg', 'stock_transfer', 16, NULL, '2025-11-02 13:02:37', NULL, '2025-11-02 13:02:37', '2025-11-02 13:02:37'),
(57, 1, 'in', 1, 3, 'purchase', '19.30', NULL, NULL, NULL, NULL, 'kg', 'inventory_count', 98, NULL, '2025-11-02 17:01:37', NULL, '2025-11-02 17:01:37', '2025-11-02 17:01:37'),
(58, 30, 'in', 1, 4, 'waste', '16.20', NULL, NULL, NULL, NULL, 'kg', 'stock_transfer', 55, 'Regular stock replenishment', '2025-11-02 21:00:37', NULL, '2025-11-02 21:00:37', '2025-11-02 21:00:37'),
(59, 33, 'in', 1, 4, 'adjustment', '36.30', NULL, NULL, NULL, NULL, 'kg', 'purchase_order', 64, 'Damaged goods disposal', '2025-11-02 13:01:37', NULL, '2025-11-02 13:01:37', '2025-11-02 13:01:37'),
(60, 30, 'in', 1, 4, 'usage', '99.20', NULL, NULL, NULL, NULL, 'kg', 'inventory_count', 26, 'Damaged goods disposal', '2025-11-02 21:01:37', NULL, '2025-11-02 21:01:37', '2025-11-02 21:01:37'),
(61, 5, 'in', 1, 4, 'adjustment', '3.20', NULL, NULL, NULL, NULL, 'kg', 'inventory_count', 89, 'Stock correction after count', '2025-11-02 09:00:37', NULL, '2025-11-02 09:00:37', '2025-11-02 09:00:37'),
(62, 3, 'in', 1, 4, 'transfer', '88.40', NULL, NULL, NULL, NULL, 'kg', 'stock_transfer', 62, 'Transfer between locations', '2025-11-02 18:01:37', NULL, '2025-11-02 18:01:37', '2025-11-02 18:01:37'),
(63, 19, 'in', 1, 3, 'waste', '69.70', NULL, NULL, NULL, NULL, 'kg', 'inventory_count', 42, 'Emergency order', '2025-11-02 13:03:37', NULL, '2025-11-02 13:03:37', '2025-11-02 13:03:37'),
(64, 20, 'in', 1, 3, 'transfer', '30.50', NULL, NULL, NULL, NULL, 'kg', 'order', 84, 'Damaged goods disposal', '2025-11-03 14:00:37', NULL, '2025-11-03 14:00:37', '2025-11-03 14:00:37'),
(65, 11, 'in', 1, 4, 'purchase', '79.10', NULL, NULL, NULL, NULL, 'kg', 'purchase_order', 65, 'Damaged goods disposal', '2025-11-03 08:01:37', NULL, '2025-11-03 08:01:37', '2025-11-03 08:01:37'),
(66, 35, 'in', 1, 4, 'adjustment', '20.70', NULL, NULL, NULL, NULL, 'l', 'purchase_order', 54, NULL, '2025-11-03 13:03:37', NULL, '2025-11-03 13:03:37', '2025-11-03 13:03:37'),
(67, 12, 'in', 1, 3, 'usage', '95.20', NULL, NULL, NULL, NULL, 'kg', 'order', 6, NULL, '2025-11-03 10:02:37', NULL, '2025-11-03 10:02:37', '2025-11-03 10:02:37'),
(68, 20, 'in', 1, 3, 'usage', '42.00', NULL, NULL, NULL, NULL, 'kg', 'waste_record', 71, NULL, '2025-11-03 11:00:37', NULL, '2025-11-03 11:00:37', '2025-11-03 11:00:37'),
(69, 3, 'in', 1, 4, 'purchase', '29.80', NULL, NULL, NULL, NULL, 'kg', 'inventory_count', 81, 'Transfer between locations', '2025-11-03 12:03:37', NULL, '2025-11-03 12:03:37', '2025-11-03 12:03:37'),
(70, 1, 'in', 1, 3, 'adjustment', '76.70', NULL, NULL, NULL, NULL, 'kg', 'order', 78, NULL, '2025-11-03 22:00:37', NULL, '2025-11-03 22:00:37', '2025-11-03 22:00:37'),
(71, 37, 'in', 1, 3, 'purchase', '23.10', NULL, NULL, NULL, NULL, 'kg', 'inventory_count', 3, NULL, '2025-11-03 17:00:37', NULL, '2025-11-03 17:00:37', '2025-11-03 17:00:37'),
(72, 26, 'in', 1, 3, 'adjustment', '62.80', NULL, NULL, NULL, NULL, 'l', 'purchase_order', 86, 'Emergency order', '2025-11-03 08:03:37', NULL, '2025-11-03 08:03:37', '2025-11-03 08:03:37'),
(73, 40, 'in', 1, 3, 'transfer', '94.60', NULL, NULL, NULL, NULL, 'l', 'purchase_order', 45, NULL, '2025-11-03 09:03:37', NULL, '2025-11-03 09:03:37', '2025-11-03 09:03:37'),
(74, 39, 'in', 1, 3, 'usage', '36.80', NULL, NULL, NULL, NULL, 'unit', 'stock_transfer', 21, NULL, '2025-11-04 15:01:37', NULL, '2025-11-04 15:01:37', '2025-11-04 15:01:37'),
(75, 29, 'in', 1, 3, 'transfer', '61.50', NULL, NULL, NULL, NULL, 'kg', 'inventory_count', 7, 'Transfer between locations', '2025-11-04 06:02:37', NULL, '2025-11-04 06:02:37', '2025-11-04 06:02:37'),
(76, 14, 'in', 1, 4, 'purchase', '40.80', NULL, NULL, NULL, NULL, 'kg', 'purchase_order', 50, NULL, '2025-11-04 06:03:37', NULL, '2025-11-04 06:03:37', '2025-11-04 06:03:37'),
(77, 37, 'in', 1, 3, 'waste', '3.90', NULL, NULL, NULL, NULL, 'kg', 'purchase_order', 39, 'Transfer between locations', '2025-11-04 11:01:37', NULL, '2025-11-04 11:01:37', '2025-11-04 11:01:37'),
(78, 15, 'in', 1, 4, 'usage', '45.60', NULL, NULL, NULL, NULL, 'kg', 'stock_transfer', 13, NULL, '2025-11-04 07:00:37', NULL, '2025-11-04 07:00:37', '2025-11-04 07:00:37'),
(79, 30, 'in', 1, 3, 'usage', '60.20', NULL, NULL, NULL, NULL, 'kg', 'purchase_order', 63, 'Transfer between locations', '2025-11-05 06:02:37', NULL, '2025-11-05 06:02:37', '2025-11-05 06:02:37'),
(80, 12, 'in', 1, 4, 'transfer', '89.00', NULL, NULL, NULL, NULL, 'kg', 'purchase_order', 83, 'Emergency order', '2025-11-05 22:01:37', NULL, '2025-11-05 22:01:37', '2025-11-05 22:01:37'),
(81, 7, 'in', 1, 4, 'usage', '30.60', NULL, NULL, NULL, NULL, 'kg', 'stock_transfer', 97, NULL, '2025-11-05 18:01:37', NULL, '2025-11-05 18:01:37', '2025-11-05 18:01:37'),
(82, 27, 'in', 1, 4, 'usage', '98.80', NULL, NULL, NULL, NULL, 'l', 'waste_record', 12, 'Damaged goods disposal', '2025-11-05 16:02:37', NULL, '2025-11-05 16:02:37', '2025-11-05 16:02:37'),
(83, 4, 'in', 1, 3, 'transfer', '73.00', NULL, NULL, NULL, NULL, 'kg', 'stock_transfer', 45, 'Damaged goods disposal', '2025-11-05 08:03:37', NULL, '2025-11-05 08:03:37', '2025-11-05 08:03:37'),
(84, 3, 'in', 1, 4, 'waste', '70.20', NULL, NULL, NULL, NULL, 'kg', 'purchase_order', 71, 'Emergency order', '2025-11-05 17:01:37', NULL, '2025-11-05 17:01:37', '2025-11-05 17:01:37'),
(85, 16, 'in', 1, 4, 'waste', '52.90', NULL, NULL, NULL, NULL, 'kg', 'stock_transfer', 27, 'Stock correction after count', '2025-11-05 15:00:37', NULL, '2025-11-05 15:00:37', '2025-11-05 15:00:37'),
(86, 25, 'in', 1, 3, 'purchase', '79.50', NULL, NULL, NULL, NULL, 'l', 'waste_record', 28, 'Stock correction after count', '2025-11-06 18:03:37', NULL, '2025-11-06 18:03:37', '2025-11-06 18:03:37'),
(87, 12, 'in', 1, 4, 'purchase', '39.60', NULL, NULL, NULL, NULL, 'kg', 'purchase_order', 85, NULL, '2025-11-06 14:02:37', NULL, '2025-11-06 14:02:37', '2025-11-06 14:02:37'),
(88, 25, 'in', 1, 3, 'usage', '15.70', NULL, NULL, NULL, NULL, 'l', 'stock_transfer', 45, 'Regular stock replenishment', '2025-11-06 17:03:37', NULL, '2025-11-06 17:03:37', '2025-11-06 17:03:37'),
(89, 38, 'in', 1, 4, 'adjustment', '79.50', NULL, NULL, NULL, NULL, 'kg', 'stock_transfer', 54, 'Transfer between locations', '2025-11-06 20:03:37', NULL, '2025-11-06 20:03:37', '2025-11-06 20:03:37'),
(90, 14, 'in', 1, 4, 'purchase', '96.00', NULL, NULL, NULL, NULL, 'kg', 'purchase_order', 46, 'Damaged goods disposal', '2025-11-06 20:03:37', NULL, '2025-11-06 20:03:37', '2025-11-06 20:03:37'),
(91, 2, 'in', 1, 4, 'transfer', '23.50', NULL, NULL, NULL, NULL, 'kg', 'inventory_count', 60, 'Damaged goods disposal', '2025-11-06 16:02:37', NULL, '2025-11-06 16:02:37', '2025-11-06 16:02:37'),
(92, 13, 'in', 1, 3, 'adjustment', '42.60', NULL, NULL, NULL, NULL, 'unit', 'inventory_count', 79, 'Stock correction after count', '2025-11-06 12:00:37', NULL, '2025-11-06 12:00:37', '2025-11-06 12:00:37'),
(93, 20, 'in', 1, 4, 'purchase', '18.10', NULL, NULL, NULL, NULL, 'kg', 'inventory_count', 5, 'Transfer between locations', '2025-11-06 12:03:37', NULL, '2025-11-06 12:03:37', '2025-11-06 12:03:37'),
(94, 27, 'in', 1, 4, 'transfer', '31.30', NULL, NULL, NULL, NULL, 'l', 'waste_record', 74, 'Stock correction after count', '2025-11-06 06:01:37', NULL, '2025-11-06 06:01:37', '2025-11-06 06:01:37'),
(95, 29, 'in', 1, 4, 'adjustment', '61.90', NULL, NULL, NULL, NULL, 'kg', 'order', 16, 'Damaged goods disposal', '2025-11-07 06:03:37', NULL, '2025-11-07 06:03:37', '2025-11-07 06:03:37'),
(96, 25, 'in', 1, 3, 'purchase', '40.00', NULL, NULL, NULL, NULL, 'l', 'purchase_order', 41, 'Regular stock replenishment', '2025-11-07 11:01:37', NULL, '2025-11-07 11:01:37', '2025-11-07 11:01:37'),
(97, 8, 'in', 1, 4, 'transfer', '73.40', NULL, NULL, NULL, NULL, 'kg', 'order', 66, NULL, '2025-11-07 21:01:37', NULL, '2025-11-07 21:01:37', '2025-11-07 21:01:37'),
(98, 39, 'in', 1, 4, 'usage', '58.00', NULL, NULL, NULL, NULL, 'unit', 'order', 45, 'Transfer between locations', '2025-11-07 21:00:37', NULL, '2025-11-07 21:00:37', '2025-11-07 21:00:37'),
(99, 12, 'in', 1, 4, 'transfer', '26.80', NULL, NULL, NULL, NULL, 'kg', 'inventory_count', 44, 'Damaged goods disposal', '2025-11-07 20:00:37', NULL, '2025-11-07 20:00:37', '2025-11-07 20:00:37'),
(100, 40, 'in', 1, 3, 'transfer', '64.60', NULL, NULL, NULL, NULL, 'l', 'waste_record', 88, 'Emergency order', '2025-11-07 17:01:37', NULL, '2025-11-07 17:01:37', '2025-11-07 17:01:37'),
(101, 14, 'in', 1, 3, 'waste', '67.90', NULL, NULL, NULL, NULL, 'kg', 'stock_transfer', 25, 'Emergency order', '2025-11-07 17:01:37', NULL, '2025-11-07 17:01:37', '2025-11-07 17:01:37'),
(102, 30, 'in', 1, 4, 'purchase', '86.50', NULL, NULL, NULL, NULL, 'kg', 'waste_record', 60, 'Transfer between locations', '2025-11-08 07:00:37', NULL, '2025-11-08 07:00:37', '2025-11-08 07:00:37'),
(103, 20, 'in', 1, 3, 'adjustment', '17.90', NULL, NULL, NULL, NULL, 'kg', 'order', 14, 'Transfer between locations', '2025-11-08 18:02:37', NULL, '2025-11-08 18:02:37', '2025-11-08 18:02:37'),
(104, 37, 'in', 1, 4, 'transfer', '97.30', NULL, NULL, NULL, NULL, 'kg', 'stock_transfer', 100, 'Regular stock replenishment', '2025-11-08 15:00:37', NULL, '2025-11-08 15:00:37', '2025-11-08 15:00:37'),
(105, 4, 'in', 1, 4, 'waste', '91.00', NULL, NULL, NULL, NULL, 'kg', 'purchase_order', 24, 'Transfer between locations', '2025-11-08 06:00:37', NULL, '2025-11-08 06:00:37', '2025-11-08 06:00:37'),
(106, 8, 'in', 1, 3, 'transfer', '83.70', NULL, NULL, NULL, NULL, 'kg', 'order', 86, NULL, '2025-11-08 16:03:37', NULL, '2025-11-08 16:03:37', '2025-11-08 16:03:37'),
(107, 4, 'in', 1, 3, 'usage', '43.70', NULL, NULL, NULL, NULL, 'kg', 'purchase_order', 76, 'Transfer between locations', '2025-11-08 09:03:37', NULL, '2025-11-08 09:03:37', '2025-11-08 09:03:37'),
(108, 2, 'in', 1, 4, 'transfer', '40.90', NULL, NULL, NULL, NULL, 'kg', 'order', 98, 'Stock correction after count', '2025-11-09 09:03:37', NULL, '2025-11-09 09:03:37', '2025-11-09 09:03:37'),
(109, 8, 'in', 1, 3, 'transfer', '26.40', NULL, NULL, NULL, NULL, 'kg', 'stock_transfer', 83, NULL, '2025-11-09 11:00:37', NULL, '2025-11-09 11:00:37', '2025-11-09 11:00:37'),
(110, 11, 'in', 1, 3, 'usage', '25.80', NULL, NULL, NULL, NULL, 'kg', 'stock_transfer', 10, NULL, '2025-11-09 17:00:37', NULL, '2025-11-09 17:00:37', '2025-11-09 17:00:37'),
(111, 39, 'in', 1, 4, 'purchase', '74.10', NULL, NULL, NULL, NULL, 'unit', 'purchase_order', 74, NULL, '2025-11-09 21:00:37', NULL, '2025-11-09 21:00:37', '2025-11-09 21:00:37'),
(112, 11, 'in', 1, 3, 'purchase', '97.90', NULL, NULL, NULL, NULL, 'kg', 'order', 44, 'Emergency order', '2025-11-09 10:00:37', NULL, '2025-11-09 10:00:37', '2025-11-09 10:00:37'),
(113, 19, 'in', 1, 3, 'transfer', '9.20', NULL, NULL, NULL, NULL, 'kg', 'waste_record', 34, NULL, '2025-11-09 12:02:37', NULL, '2025-11-09 12:02:37', '2025-11-09 12:02:37'),
(114, 15, 'in', 1, 4, 'purchase', '24.40', NULL, NULL, NULL, NULL, 'kg', 'purchase_order', 58, 'Stock correction after count', '2025-11-09 11:02:37', NULL, '2025-11-09 11:02:37', '2025-11-09 11:02:37'),
(115, 8, 'in', 1, 4, 'purchase', '64.20', NULL, NULL, NULL, NULL, 'kg', 'inventory_count', 41, 'Damaged goods disposal', '2025-11-09 12:00:37', NULL, '2025-11-09 12:00:37', '2025-11-09 12:00:37'),
(116, 5, 'in', 1, 3, 'usage', '90.10', NULL, NULL, NULL, NULL, 'kg', 'purchase_order', 69, NULL, '2025-11-09 19:01:37', NULL, '2025-11-09 19:01:37', '2025-11-09 19:01:37'),
(117, 7, 'in', 1, 4, 'transfer', '17.40', NULL, NULL, NULL, NULL, 'kg', 'order', 48, NULL, '2025-11-10 10:00:37', NULL, '2025-11-10 10:00:37', '2025-11-10 10:00:37'),
(118, 36, 'in', 1, 3, 'waste', '78.60', NULL, NULL, NULL, NULL, 'l', 'waste_record', 2, 'Emergency order', '2025-11-10 15:00:37', NULL, '2025-11-10 15:00:37', '2025-11-10 15:00:37'),
(119, 30, 'in', 1, 4, 'transfer', '84.00', NULL, NULL, NULL, NULL, 'kg', 'order', 87, 'Stock correction after count', '2025-11-10 09:03:37', NULL, '2025-11-10 09:03:37', '2025-11-10 09:03:37'),
(120, 18, 'in', 1, 4, 'purchase', '83.40', NULL, NULL, NULL, NULL, 'kg', 'inventory_count', 16, NULL, '2025-11-10 17:02:37', NULL, '2025-11-10 17:02:37', '2025-11-10 17:02:37'),
(121, 24, 'in', 1, 4, 'waste', '54.60', NULL, NULL, NULL, NULL, 'l', 'purchase_order', 91, NULL, '2025-11-10 11:01:37', NULL, '2025-11-10 11:01:37', '2025-11-10 11:01:37'),
(122, 20, 'in', 1, 3, 'adjustment', '83.70', NULL, NULL, NULL, NULL, 'kg', 'stock_transfer', 87, 'Damaged goods disposal', '2025-11-10 18:01:37', NULL, '2025-11-10 18:01:37', '2025-11-10 18:01:37'),
(123, 21, 'in', 1, 4, 'usage', '73.50', NULL, NULL, NULL, NULL, 'kg', 'inventory_count', 90, NULL, '2025-11-10 15:03:37', NULL, '2025-11-10 15:03:37', '2025-11-10 15:03:37'),
(124, 28, 'in', 1, 3, 'adjustment', '0.20', NULL, NULL, NULL, NULL, 'kg', 'inventory_count', 88, 'Emergency order', '2025-11-10 12:02:37', NULL, '2025-11-10 12:02:37', '2025-11-10 12:02:37'),
(125, 6, 'in', 1, 4, 'usage', '99.10', NULL, NULL, NULL, NULL, 'kg', 'inventory_count', 47, NULL, '2025-11-11 22:00:37', NULL, '2025-11-11 22:00:37', '2025-11-11 22:00:37'),
(126, 18, 'in', 1, 3, 'transfer', '23.80', NULL, NULL, NULL, NULL, 'kg', 'waste_record', 18, 'Transfer between locations', '2025-11-11 22:01:37', NULL, '2025-11-11 22:01:37', '2025-11-11 22:01:37'),
(127, 42, 'in', 1, 4, 'purchase', '35.40', NULL, NULL, NULL, NULL, 'kg', 'waste_record', 87, NULL, '2025-11-11 07:01:37', NULL, '2025-11-11 07:01:37', '2025-11-11 07:01:37'),
(128, 16, 'in', 1, 3, 'usage', '87.40', NULL, NULL, NULL, NULL, 'kg', 'inventory_count', 60, NULL, '2025-11-11 14:00:37', NULL, '2025-11-11 14:00:37', '2025-11-11 14:00:37'),
(129, 24, 'in', 1, 3, 'purchase', '80.30', NULL, NULL, NULL, NULL, 'l', 'waste_record', 85, 'Stock correction after count', '2025-11-11 13:00:37', NULL, '2025-11-11 13:00:37', '2025-11-11 13:00:37'),
(130, 41, 'in', 1, 3, 'usage', '81.40', NULL, NULL, NULL, NULL, 'kg', 'waste_record', 59, 'Regular stock replenishment', '2025-11-11 17:03:37', NULL, '2025-11-11 17:03:37', '2025-11-11 17:03:37'),
(131, 6, 'in', 1, 3, 'purchase', '75.20', NULL, NULL, NULL, NULL, 'kg', 'stock_transfer', 23, NULL, '2025-11-11 21:00:37', NULL, '2025-11-11 21:00:37', '2025-11-11 21:00:37'),
(132, 2, 'in', 1, 4, 'adjustment', '38.50', NULL, NULL, NULL, NULL, 'kg', 'order', 74, 'Transfer between locations', '2025-11-11 17:03:37', NULL, '2025-11-11 17:03:37', '2025-11-11 17:03:37'),
(133, 19, 'in', 1, 3, 'transfer', '38.00', NULL, NULL, NULL, NULL, 'kg', 'purchase_order', 25, NULL, '2025-11-11 19:03:37', NULL, '2025-11-11 19:03:37', '2025-11-11 19:03:37'),
(134, 10, 'in', 1, 4, 'transfer', '43.30', NULL, NULL, NULL, NULL, 'kg', 'inventory_count', 42, 'Damaged goods disposal', '2025-11-12 22:03:37', NULL, '2025-11-12 22:03:37', '2025-11-12 22:03:37'),
(135, 37, 'in', 1, 4, 'usage', '61.70', NULL, NULL, NULL, NULL, 'kg', 'waste_record', 99, 'Damaged goods disposal', '2025-11-12 07:03:37', NULL, '2025-11-12 07:03:37', '2025-11-12 07:03:37'),
(136, 38, 'in', 1, 3, 'waste', '62.00', NULL, NULL, NULL, NULL, 'kg', 'purchase_order', 70, 'Emergency order', '2025-11-12 08:01:37', NULL, '2025-11-12 08:01:37', '2025-11-12 08:01:37'),
(137, 4, 'in', 1, 4, 'transfer', '64.00', NULL, NULL, NULL, NULL, 'kg', 'waste_record', 41, NULL, '2025-11-12 13:02:37', NULL, '2025-11-12 13:02:37', '2025-11-12 13:02:37'),
(138, 42, 'in', 1, 4, 'adjustment', '83.90', NULL, NULL, NULL, NULL, 'kg', 'waste_record', 19, 'Damaged goods disposal', '2025-11-12 10:01:37', NULL, '2025-11-12 10:01:37', '2025-11-12 10:01:37'),
(139, 21, 'in', 1, 4, 'waste', '28.20', NULL, NULL, NULL, NULL, 'kg', 'order', 77, 'Transfer between locations', '2025-11-12 07:03:37', NULL, '2025-11-12 07:03:37', '2025-11-12 07:03:37'),
(140, 34, 'in', 1, 3, 'transfer', '5.10', NULL, NULL, NULL, NULL, 'unit', 'stock_transfer', 12, 'Transfer between locations', '2025-11-12 17:00:37', NULL, '2025-11-12 17:00:37', '2025-11-12 17:00:37'),
(141, 41, 'in', 1, 4, 'purchase', '26.30', NULL, NULL, NULL, NULL, 'kg', 'stock_transfer', 2, NULL, '2025-11-13 06:02:37', NULL, '2025-11-13 06:02:37', '2025-11-13 06:02:37'),
(142, 28, 'in', 1, 3, 'transfer', '49.10', NULL, NULL, NULL, NULL, 'kg', 'inventory_count', 61, 'Emergency order', '2025-11-13 21:00:37', NULL, '2025-11-13 21:00:37', '2025-11-13 21:00:37'),
(143, 17, 'in', 1, 4, 'usage', '6.80', NULL, NULL, NULL, NULL, 'kg', 'waste_record', 49, 'Emergency order', '2025-11-13 08:01:37', NULL, '2025-11-13 08:01:37', '2025-11-13 08:01:37'),
(144, 2, 'in', 1, 4, 'waste', '83.20', NULL, NULL, NULL, NULL, 'kg', 'waste_record', 31, NULL, '2025-11-13 15:00:37', NULL, '2025-11-13 15:00:37', '2025-11-13 15:00:37'),
(145, 30, 'in', 1, 4, 'usage', '96.80', NULL, NULL, NULL, NULL, 'kg', 'stock_transfer', 84, 'Stock correction after count', '2025-11-13 16:00:37', NULL, '2025-11-13 16:00:37', '2025-11-13 16:00:37'),
(146, 14, 'in', 1, 4, 'purchase', '35.90', NULL, NULL, NULL, NULL, 'kg', 'order', 71, 'Transfer between locations', '2025-11-13 10:02:37', NULL, '2025-11-13 10:02:37', '2025-11-13 10:02:37'),
(147, 29, 'in', 1, 3, 'purchase', '48.40', NULL, NULL, NULL, NULL, 'kg', 'inventory_count', 98, 'Stock correction after count', '2025-11-13 19:01:37', NULL, '2025-11-13 19:01:37', '2025-11-13 19:01:37'),
(148, 14, 'in', 1, 4, 'transfer', '43.60', NULL, NULL, NULL, NULL, 'kg', 'order', 70, NULL, '2025-11-13 13:00:37', NULL, '2025-11-13 13:00:37', '2025-11-13 13:00:37'),
(149, 38, 'in', 1, 3, 'adjustment', '42.80', NULL, NULL, NULL, NULL, 'kg', 'waste_record', 2, 'Damaged goods disposal', '2025-11-14 11:00:37', NULL, '2025-11-14 11:00:37', '2025-11-14 11:00:37'),
(150, 37, 'in', 1, 3, 'adjustment', '8.00', NULL, NULL, NULL, NULL, 'kg', 'inventory_count', 45, 'Damaged goods disposal', '2025-11-14 12:01:37', NULL, '2025-11-14 12:01:37', '2025-11-14 12:01:37'),
(151, 8, 'in', 1, 3, 'usage', '1.10', NULL, NULL, NULL, NULL, 'kg', 'inventory_count', 39, 'Regular stock replenishment', '2025-11-14 06:01:37', NULL, '2025-11-14 06:01:37', '2025-11-14 06:01:37'),
(152, 37, 'in', 1, 3, 'waste', '69.60', NULL, NULL, NULL, NULL, 'kg', 'stock_transfer', 56, 'Damaged goods disposal', '2025-11-14 18:00:37', NULL, '2025-11-14 18:00:37', '2025-11-14 18:00:37'),
(153, 16, 'in', 1, 4, 'usage', '18.80', NULL, NULL, NULL, NULL, 'kg', 'order', 12, 'Damaged goods disposal', '2025-11-14 13:02:37', NULL, '2025-11-14 13:02:37', '2025-11-14 13:02:37'),
(154, 34, 'in', 1, 3, 'usage', '4.20', NULL, NULL, NULL, NULL, 'unit', 'waste_record', 33, 'Damaged goods disposal', '2025-11-14 13:01:37', NULL, '2025-11-14 13:01:37', '2025-11-14 13:01:37'),
(155, 8, 'in', 1, 4, 'transfer', '16.30', NULL, NULL, NULL, NULL, 'kg', 'order', 12, NULL, '2025-11-14 18:02:37', NULL, '2025-11-14 18:02:37', '2025-11-14 18:02:37'),
(156, 7, 'in', 1, 4, 'waste', '86.90', NULL, NULL, NULL, NULL, 'kg', 'stock_transfer', 90, NULL, '2025-11-14 19:00:37', NULL, '2025-11-14 19:00:37', '2025-11-14 19:00:37'),
(157, 11, 'in', 1, 3, 'waste', '9.80', NULL, NULL, NULL, NULL, 'kg', 'purchase_order', 20, NULL, '2025-11-14 14:02:37', NULL, '2025-11-14 14:02:37', '2025-11-14 14:02:37'),
(158, 18, 'in', 1, 4, 'transfer', '54.70', NULL, NULL, NULL, NULL, 'kg', 'order', 2, NULL, '2025-11-14 19:03:37', NULL, '2025-11-14 19:03:37', '2025-11-14 19:03:37'),
(159, 10, 'in', 1, 3, 'transfer', '87.20', NULL, NULL, NULL, NULL, 'kg', 'stock_transfer', 83, 'Stock correction after count', '2025-11-15 19:00:37', NULL, '2025-11-15 19:00:37', '2025-11-15 19:00:37'),
(160, 15, 'in', 1, 3, 'purchase', '27.70', NULL, NULL, NULL, NULL, 'kg', 'waste_record', 88, NULL, '2025-11-15 19:01:37', NULL, '2025-11-15 19:01:37', '2025-11-15 19:01:37'),
(161, 21, 'in', 1, 4, 'transfer', '11.70', NULL, NULL, NULL, NULL, 'kg', 'inventory_count', 29, 'Transfer between locations', '2025-11-15 11:02:37', NULL, '2025-11-15 11:02:37', '2025-11-15 11:02:37'),
(162, 34, 'in', 1, 3, 'waste', '44.60', NULL, NULL, NULL, NULL, 'unit', 'stock_transfer', 81, NULL, '2025-11-15 15:00:37', NULL, '2025-11-15 15:00:37', '2025-11-15 15:00:37'),
(163, 38, 'in', 1, 4, 'waste', '44.90', NULL, NULL, NULL, NULL, 'kg', 'order', 87, 'Regular stock replenishment', '2025-11-15 14:01:37', NULL, '2025-11-15 14:01:37', '2025-11-15 14:01:37'),
(164, 2, 'in', 1, 3, 'waste', '50.50', NULL, NULL, NULL, NULL, 'kg', 'order', 84, NULL, '2025-11-15 17:03:37', NULL, '2025-11-15 17:03:37', '2025-11-15 17:03:37'),
(165, 10, 'in', 1, 3, 'transfer', '52.80', NULL, NULL, NULL, NULL, 'kg', 'inventory_count', 93, 'Transfer between locations', '2025-11-15 15:02:37', NULL, '2025-11-15 15:02:37', '2025-11-15 15:02:37'),
(166, 3, 'in', 1, 4, 'waste', '42.90', NULL, NULL, NULL, NULL, 'kg', 'waste_record', 49, 'Stock correction after count', '2025-11-15 22:02:37', NULL, '2025-11-15 22:02:37', '2025-11-15 22:02:37'),
(167, 24, 'in', 1, 3, 'purchase', '43.40', NULL, NULL, NULL, NULL, 'l', 'stock_transfer', 81, NULL, '2025-11-15 21:03:37', NULL, '2025-11-15 21:03:37', '2025-11-15 21:03:37'),
(168, 21, 'in', 1, 4, 'usage', '10.10', NULL, NULL, NULL, NULL, 'kg', 'stock_transfer', 31, 'Damaged goods disposal', '2025-11-16 17:02:37', NULL, '2025-11-16 17:02:37', '2025-11-16 17:02:37'),
(169, 26, 'in', 1, 4, 'purchase', '74.50', NULL, NULL, NULL, NULL, 'l', 'inventory_count', 64, 'Transfer between locations', '2025-11-16 11:00:37', NULL, '2025-11-16 11:00:37', '2025-11-16 11:00:37'),
(170, 12, 'in', 1, 3, 'adjustment', '18.80', NULL, NULL, NULL, NULL, 'kg', 'purchase_order', 50, 'Emergency order', '2025-11-16 18:02:37', NULL, '2025-11-16 18:02:37', '2025-11-16 18:02:37'),
(171, 23, 'in', 1, 3, 'waste', '68.50', NULL, NULL, NULL, NULL, 'kg', 'inventory_count', 33, 'Emergency order', '2025-11-16 17:01:37', NULL, '2025-11-16 17:01:37', '2025-11-16 17:01:37'),
(172, 38, 'in', 1, 4, 'adjustment', '25.40', NULL, NULL, NULL, NULL, 'kg', 'inventory_count', 33, 'Regular stock replenishment', '2025-11-16 19:03:37', NULL, '2025-11-16 19:03:37', '2025-11-16 19:03:37'),
(173, 4, 'in', 1, 3, 'waste', '49.10', NULL, NULL, NULL, NULL, 'kg', 'order', 21, 'Damaged goods disposal', '2025-11-16 09:01:37', NULL, '2025-11-16 09:01:37', '2025-11-16 09:01:37'),
(174, 29, 'in', 1, 3, 'adjustment', '15.80', NULL, NULL, NULL, NULL, 'kg', 'waste_record', 24, 'Damaged goods disposal', '2025-11-16 12:03:37', NULL, '2025-11-16 12:03:37', '2025-11-16 12:03:37'),
(175, 18, 'in', 1, 4, 'waste', '30.60', NULL, NULL, NULL, NULL, 'kg', 'purchase_order', 40, NULL, '2025-11-17 12:02:37', NULL, '2025-11-17 12:02:37', '2025-11-17 12:02:37'),
(176, 19, 'in', 1, 4, 'purchase', '94.90', NULL, NULL, NULL, NULL, 'kg', 'order', 75, 'Emergency order', '2025-11-17 17:03:37', NULL, '2025-11-17 17:03:37', '2025-11-17 17:03:37'),
(177, 27, 'in', 1, 4, 'purchase', '16.90', NULL, NULL, NULL, NULL, 'l', 'purchase_order', 47, 'Transfer between locations', '2025-11-17 14:00:37', NULL, '2025-11-17 14:00:37', '2025-11-17 14:00:37'),
(178, 33, 'in', 1, 3, 'adjustment', '87.10', NULL, NULL, NULL, NULL, 'kg', 'stock_transfer', 91, 'Emergency order', '2025-11-17 16:01:37', NULL, '2025-11-17 16:01:37', '2025-11-17 16:01:37'),
(179, 24, 'in', 1, 4, 'adjustment', '43.90', NULL, NULL, NULL, NULL, 'l', 'order', 32, NULL, '2025-11-17 13:02:37', NULL, '2025-11-17 13:02:37', '2025-11-17 13:02:37'),
(180, 33, 'in', 1, 3, 'adjustment', '38.50', NULL, NULL, NULL, NULL, 'kg', 'inventory_count', 79, 'Emergency order', '2025-11-17 06:03:37', NULL, '2025-11-17 06:03:37', '2025-11-17 06:03:37'),
(181, 36, 'in', 1, 4, 'purchase', '46.40', NULL, NULL, NULL, NULL, 'l', 'stock_transfer', 46, 'Stock correction after count', '2025-11-18 12:01:37', NULL, '2025-11-18 12:01:37', '2025-11-18 12:01:37'),
(182, 36, 'in', 1, 3, 'adjustment', '86.30', NULL, NULL, NULL, NULL, 'l', 'inventory_count', 52, 'Stock correction after count', '2025-11-18 06:01:37', NULL, '2025-11-18 06:01:37', '2025-11-18 06:01:37'),
(183, 33, 'in', 1, 3, 'adjustment', '59.70', NULL, NULL, NULL, NULL, 'kg', 'purchase_order', 89, 'Transfer between locations', '2025-11-18 06:01:37', NULL, '2025-11-18 06:01:37', '2025-11-18 06:01:37'),
(184, 21, 'in', 1, 4, 'transfer', '30.00', NULL, NULL, NULL, NULL, 'kg', 'waste_record', 24, NULL, '2025-11-18 15:03:37', NULL, '2025-11-18 15:03:37', '2025-11-18 15:03:37'),
(185, 2, 'in', 1, 4, 'purchase', '17.00', NULL, NULL, NULL, NULL, 'kg', 'stock_transfer', 19, 'Emergency order', '2025-11-18 13:00:37', NULL, '2025-11-18 13:00:37', '2025-11-18 13:00:37'),
(186, 24, 'in', 1, 3, 'adjustment', '2.80', NULL, NULL, NULL, NULL, 'l', 'order', 36, 'Stock correction after count', '2025-11-18 09:03:37', NULL, '2025-11-18 09:03:37', '2025-11-18 09:03:37'),
(187, 42, 'in', 1, 3, 'purchase', '1.20', NULL, NULL, NULL, NULL, 'kg', 'purchase_order', 23, NULL, '2025-11-18 18:03:37', NULL, '2025-11-18 18:03:37', '2025-11-18 18:03:37'),
(188, 19, 'in', 1, 3, 'purchase', '28.20', NULL, NULL, NULL, NULL, 'kg', 'order', 44, NULL, '2025-11-18 09:01:37', NULL, '2025-11-18 09:01:37', '2025-11-18 09:01:37'),
(189, 2, 'in', 1, 3, 'usage', '57.00', NULL, NULL, NULL, NULL, 'kg', 'purchase_order', 77, 'Regular stock replenishment', '2025-11-19 19:02:37', NULL, '2025-11-19 19:02:37', '2025-11-19 19:02:37'),
(190, 28, 'in', 1, 4, 'transfer', '75.30', NULL, NULL, NULL, NULL, 'kg', 'purchase_order', 12, 'Emergency order', '2025-11-19 16:03:37', NULL, '2025-11-19 16:03:37', '2025-11-19 16:03:37'),
(191, 2, 'in', 1, 4, 'transfer', '42.80', NULL, NULL, NULL, NULL, 'kg', 'purchase_order', 25, 'Damaged goods disposal', '2025-11-19 19:01:37', NULL, '2025-11-19 19:01:37', '2025-11-19 19:01:37'),
(192, 21, 'in', 1, 3, 'usage', '48.30', NULL, NULL, NULL, NULL, 'kg', 'order', 69, 'Transfer between locations', '2025-11-19 16:00:37', NULL, '2025-11-19 16:00:37', '2025-11-19 16:00:37'),
(193, 41, 'in', 1, 4, 'transfer', '91.00', NULL, NULL, NULL, NULL, 'kg', 'waste_record', 8, 'Transfer between locations', '2025-11-19 15:00:37', NULL, '2025-11-19 15:00:37', '2025-11-19 15:00:37'),
(194, 6, 'in', 1, 3, 'usage', '71.20', NULL, NULL, NULL, NULL, 'kg', 'purchase_order', 16, NULL, '2025-11-19 12:02:37', NULL, '2025-11-19 12:02:37', '2025-11-19 12:02:37'),
(195, 13, 'in', 1, 3, 'usage', '5.20', NULL, NULL, NULL, NULL, 'unit', 'waste_record', 52, 'Damaged goods disposal', '2025-11-19 06:02:37', NULL, '2025-11-19 06:02:37', '2025-11-19 06:02:37'),
(196, 8, 'in', 1, 4, 'transfer', '83.70', NULL, NULL, NULL, NULL, 'kg', 'inventory_count', 12, NULL, '2025-11-19 12:02:37', NULL, '2025-11-19 12:02:37', '2025-11-19 12:02:37'),
(197, 5, 'in', 1, 3, 'adjustment', '99.90', NULL, NULL, NULL, NULL, 'kg', 'stock_transfer', 46, 'Emergency order', '2025-11-20 08:02:37', NULL, '2025-11-20 08:02:37', '2025-11-20 08:02:37'),
(198, 20, 'in', 1, 4, 'transfer', '11.40', NULL, NULL, NULL, NULL, 'kg', 'stock_transfer', 74, 'Regular stock replenishment', '2025-11-20 18:03:37', NULL, '2025-11-20 18:03:37', '2025-11-20 18:03:37'),
(199, 16, 'in', 1, 3, 'transfer', '60.90', NULL, NULL, NULL, NULL, 'kg', 'order', 89, NULL, '2025-11-20 14:02:37', NULL, '2025-11-20 14:02:37', '2025-11-20 14:02:37'),
(200, 22, 'in', 1, 3, 'waste', '52.60', NULL, NULL, NULL, NULL, 'kg', 'inventory_count', 75, NULL, '2025-11-20 15:01:37', NULL, '2025-11-20 15:01:37', '2025-11-20 15:01:37'),
(201, 20, 'in', 1, 4, 'transfer', '18.60', NULL, NULL, NULL, NULL, 'kg', 'purchase_order', 41, 'Stock correction after count', '2025-11-20 14:03:37', NULL, '2025-11-20 14:03:37', '2025-11-20 14:03:37'),
(202, 12, 'in', 1, 4, 'waste', '67.70', NULL, NULL, NULL, NULL, 'kg', 'waste_record', 94, 'Stock correction after count', '2025-11-21 07:00:37', NULL, '2025-11-21 07:00:37', '2025-11-21 07:00:37'),
(203, 34, 'in', 1, 3, 'purchase', '45.80', NULL, NULL, NULL, NULL, 'unit', 'purchase_order', 50, 'Emergency order', '2025-11-21 22:02:37', NULL, '2025-11-21 22:02:37', '2025-11-21 22:02:37'),
(204, 31, 'in', 1, 4, 'transfer', '5.40', NULL, NULL, NULL, NULL, 'kg', 'waste_record', 69, NULL, '2025-11-21 06:01:37', NULL, '2025-11-21 06:01:37', '2025-11-21 06:01:37'),
(205, 13, 'in', 1, 4, 'usage', '22.90', NULL, NULL, NULL, NULL, 'unit', 'waste_record', 65, 'Stock correction after count', '2025-11-21 06:00:37', NULL, '2025-11-21 06:00:37', '2025-11-21 06:00:37'),
(206, 37, 'in', 1, 4, 'transfer', '55.60', NULL, NULL, NULL, NULL, 'kg', 'order', 26, 'Emergency order', '2025-11-21 17:01:37', NULL, '2025-11-21 17:01:37', '2025-11-21 17:01:37'),
(207, 17, 'in', 1, 3, 'waste', '84.90', NULL, NULL, NULL, NULL, 'kg', 'stock_transfer', 20, NULL, '2025-11-21 22:00:37', NULL, '2025-11-21 22:00:37', '2025-11-21 22:00:37'),
(208, 1, 'in', 1, 4, 'adjustment', '75.20', NULL, NULL, NULL, NULL, 'kg', 'purchase_order', 5, 'Transfer between locations', '2025-11-21 21:00:37', NULL, '2025-11-21 21:00:37', '2025-11-21 21:00:37'),
(209, 18, 'in', 1, 3, 'transfer', '67.00', NULL, NULL, NULL, NULL, 'kg', 'waste_record', 74, NULL, '2025-11-21 12:00:37', NULL, '2025-11-21 12:00:37', '2025-11-21 12:00:37'),
(210, 28, 'in', 1, 4, 'usage', '28.20', NULL, NULL, NULL, NULL, 'kg', 'stock_transfer', 55, 'Damaged goods disposal', '2025-11-21 13:00:37', NULL, '2025-11-21 13:00:37', '2025-11-21 13:00:37'),
(211, 19, 'in', 1, 3, 'transfer', '55.20', NULL, NULL, NULL, NULL, 'kg', 'order', 49, NULL, '2025-11-22 16:00:37', NULL, '2025-11-22 16:00:37', '2025-11-22 16:00:37'),
(212, 42, 'in', 1, 3, 'purchase', '97.80', NULL, NULL, NULL, NULL, 'kg', 'waste_record', 89, NULL, '2025-11-22 17:01:37', NULL, '2025-11-22 17:01:37', '2025-11-22 17:01:37'),
(213, 12, 'in', 1, 4, 'waste', '59.10', NULL, NULL, NULL, NULL, 'kg', 'order', 77, 'Emergency order', '2025-11-22 11:00:37', NULL, '2025-11-22 11:00:37', '2025-11-22 11:00:37'),
(214, 35, 'in', 1, 3, 'purchase', '89.40', NULL, NULL, NULL, NULL, 'l', 'purchase_order', 4, NULL, '2025-11-22 22:01:37', NULL, '2025-11-22 22:01:37', '2025-11-22 22:01:37'),
(215, 42, 'in', 1, 3, 'waste', '43.40', NULL, NULL, NULL, NULL, 'kg', 'purchase_order', 75, NULL, '2025-11-22 13:00:37', NULL, '2025-11-22 13:00:37', '2025-11-22 13:00:37'),
(216, 6, 'in', 1, 4, 'usage', '81.40', NULL, NULL, NULL, NULL, 'kg', 'waste_record', 90, 'Stock correction after count', '2025-11-22 20:01:37', NULL, '2025-11-22 20:01:37', '2025-11-22 20:01:37'),
(217, 7, 'in', 1, 4, 'purchase', '85.00', NULL, NULL, NULL, NULL, 'kg', 'purchase_order', 76, 'Damaged goods disposal', '2025-11-22 12:02:37', NULL, '2025-11-22 12:02:37', '2025-11-22 12:02:37'),
(218, 32, 'in', 1, 3, 'purchase', '79.10', NULL, NULL, NULL, NULL, 'kg', 'stock_transfer', 62, NULL, '2025-11-22 10:02:37', NULL, '2025-11-22 10:02:37', '2025-11-22 10:02:37'),
(219, 10, 'in', 1, 4, 'usage', '60.20', NULL, NULL, NULL, NULL, 'kg', 'purchase_order', 56, NULL, '2025-11-22 17:03:37', NULL, '2025-11-22 17:03:37', '2025-11-22 17:03:37'),
(220, 8, 'in', 1, 4, 'transfer', '74.50', NULL, NULL, NULL, NULL, 'kg', 'inventory_count', 96, 'Damaged goods disposal', '2025-11-23 12:01:37', NULL, '2025-11-23 12:01:37', '2025-11-23 12:01:37'),
(221, 35, 'in', 1, 4, 'usage', '56.60', NULL, NULL, NULL, NULL, 'l', 'stock_transfer', 27, 'Stock correction after count', '2025-11-23 10:02:37', NULL, '2025-11-23 10:02:37', '2025-11-23 10:02:37'),
(222, 37, 'in', 1, 4, 'transfer', '11.90', NULL, NULL, NULL, NULL, 'kg', 'inventory_count', 8, NULL, '2025-11-23 18:00:37', NULL, '2025-11-23 18:00:37', '2025-11-23 18:00:37'),
(223, 42, 'in', 1, 3, 'transfer', '73.30', NULL, NULL, NULL, NULL, 'kg', 'waste_record', 43, 'Emergency order', '2025-11-23 18:01:37', NULL, '2025-11-23 18:01:37', '2025-11-23 18:01:37'),
(224, 32, 'in', 1, 3, 'adjustment', '32.10', NULL, NULL, NULL, NULL, 'kg', 'waste_record', 33, 'Regular stock replenishment', '2025-11-23 13:01:37', NULL, '2025-11-23 13:01:37', '2025-11-23 13:01:37'),
(225, 25, 'in', 1, 4, 'waste', '83.50', NULL, NULL, NULL, NULL, 'l', 'waste_record', 57, 'Regular stock replenishment', '2025-11-23 12:01:37', NULL, '2025-11-23 12:01:37', '2025-11-23 12:01:37'),
(226, 38, 'in', 1, 3, 'adjustment', '33.30', NULL, NULL, NULL, NULL, 'kg', 'order', 29, 'Transfer between locations', '2025-11-23 21:03:37', NULL, '2025-11-23 21:03:37', '2025-11-23 21:03:37'),
(227, 11, 'in', 1, 4, 'adjustment', '52.60', NULL, NULL, NULL, NULL, 'kg', 'stock_transfer', 93, NULL, '2025-11-23 07:02:37', NULL, '2025-11-23 07:02:37', '2025-11-23 07:02:37'),
(228, 6, 'in', 1, 4, 'usage', '89.80', NULL, NULL, NULL, NULL, 'kg', 'order', 5, NULL, '2025-11-23 22:01:37', NULL, '2025-11-23 22:01:37', '2025-11-23 22:01:37'),
(229, 29, 'in', 1, 4, 'transfer', '89.60', NULL, NULL, NULL, NULL, 'kg', 'purchase_order', 49, 'Damaged goods disposal', '2025-11-24 19:03:37', NULL, '2025-11-24 19:03:37', '2025-11-24 19:03:37'),
(230, 42, 'in', 1, 4, 'waste', '86.40', NULL, NULL, NULL, NULL, 'kg', 'order', 80, 'Transfer between locations', '2025-11-24 16:02:37', NULL, '2025-11-24 16:02:37', '2025-11-24 16:02:37'),
(231, 32, 'in', 1, 3, 'purchase', '62.80', NULL, NULL, NULL, NULL, 'kg', 'inventory_count', 23, 'Transfer between locations', '2025-11-24 21:00:37', NULL, '2025-11-24 21:00:37', '2025-11-24 21:00:37'),
(232, 8, 'in', 1, 4, 'usage', '71.50', NULL, NULL, NULL, NULL, 'kg', 'inventory_count', 19, NULL, '2025-11-24 18:00:37', NULL, '2025-11-24 18:00:37', '2025-11-24 18:00:37'),
(233, 27, 'in', 1, 3, 'usage', '91.70', NULL, NULL, NULL, NULL, 'l', 'inventory_count', 5, NULL, '2025-11-24 15:03:37', NULL, '2025-11-24 15:03:37', '2025-11-24 15:03:37'),
(234, 40, 'in', 1, 4, 'waste', '68.00', NULL, NULL, NULL, NULL, 'l', 'waste_record', 89, NULL, '2025-11-24 20:02:37', NULL, '2025-11-24 20:02:37', '2025-11-24 20:02:37'),
(235, 27, 'in', 1, 4, 'adjustment', '86.70', NULL, NULL, NULL, NULL, 'l', 'purchase_order', 51, NULL, '2025-11-24 06:02:37', NULL, '2025-11-24 06:02:37', '2025-11-24 06:02:37'),
(236, 27, 'in', 1, 4, 'waste', '96.50', NULL, NULL, NULL, NULL, 'l', 'waste_record', 75, 'Regular stock replenishment', '2025-11-24 13:02:37', NULL, '2025-11-24 13:02:37', '2025-11-24 13:02:37'),
(237, 32, 'in', 1, 3, 'waste', '79.30', NULL, NULL, NULL, NULL, 'kg', 'inventory_count', 66, 'Damaged goods disposal', '2025-11-24 07:02:37', NULL, '2025-11-24 07:02:37', '2025-11-24 07:02:37'),
(238, 25, 'in', 1, 3, 'transfer', '74.10', NULL, NULL, NULL, NULL, 'l', 'purchase_order', 13, NULL, '2025-11-24 20:02:37', NULL, '2025-11-24 20:02:37', '2025-11-24 20:02:37'),
(239, 22, 'in', 1, 3, 'waste', '32.80', NULL, NULL, NULL, NULL, 'kg', 'inventory_count', 74, NULL, '2025-11-25 12:00:37', NULL, '2025-11-25 12:00:37', '2025-11-25 12:00:37'),
(240, 39, 'in', 1, 3, 'adjustment', '43.10', NULL, NULL, NULL, NULL, 'unit', 'order', 33, NULL, '2025-11-25 18:01:37', NULL, '2025-11-25 18:01:37', '2025-11-25 18:01:37'),
(241, 10, 'in', 1, 4, 'usage', '24.30', NULL, NULL, NULL, NULL, 'kg', 'inventory_count', 86, NULL, '2025-11-25 15:02:37', NULL, '2025-11-25 15:02:37', '2025-11-25 15:02:37'),
(242, 28, 'in', 1, 3, 'adjustment', '81.80', NULL, NULL, NULL, NULL, 'kg', 'order', 26, NULL, '2025-11-25 08:03:37', NULL, '2025-11-25 08:03:37', '2025-11-25 08:03:37'),
(243, 29, 'in', 1, 3, 'purchase', '88.10', NULL, NULL, NULL, NULL, 'kg', 'purchase_order', 38, NULL, '2025-11-25 15:00:37', NULL, '2025-11-25 15:00:37', '2025-11-25 15:00:37'),
(244, 19, 'in', 1, 4, 'purchase', '98.40', NULL, NULL, NULL, NULL, 'kg', 'waste_record', 37, 'Transfer between locations', '2025-11-25 11:00:37', NULL, '2025-11-25 11:00:37', '2025-11-25 11:00:37'),
(245, 6, 'in', 1, 4, 'transfer', '25.80', NULL, NULL, NULL, NULL, 'kg', 'waste_record', 44, 'Transfer between locations', '2025-11-25 21:01:37', NULL, '2025-11-25 21:01:37', '2025-11-25 21:01:37');
INSERT INTO `invoices` (`id`, `order_id`, `location_id`, `invoice_number`, `subtotal`, `tax_amount`, `discount_amount`, `total_amount`, `service_charge`, `amount_paid`, `amount_due`, `status`, `currency`, `issued_at`, `due_at`, `paid_at`, `notes`, `created_at`, `updated_at`) VALUES
(1, 1, 1, 'INV-NKH-DT-20251009-6728', '177.00', '17.70', '0.00', '194.70', '0.00', '194.70', '0.00', 'paid', 'USD', '2025-10-09 04:34:42', '2025-11-03 04:34:42', '2025-10-09 05:14:42', NULL, '2025-11-25 02:40:35', '2025-11-25 02:40:35'),
(2, 2, 1, 'INV-NKH-DT-20251013-3264', '58.00', '5.80', '3.33', '60.47', '0.00', '0.00', '60.47', 'draft', 'USD', '2025-10-13 21:25:40', '2025-10-19 21:25:40', NULL, NULL, '2025-11-25 02:40:35', '2025-11-25 02:40:35'),
(3, 5, 1, 'INV-NKH-DT-20251009-5894', '57.00', '5.70', '8.18', '54.52', '0.00', '54.52', '0.00', 'paid', 'USD', '2025-10-09 08:56:06', '2025-10-10 08:56:06', '2025-10-09 09:56:06', NULL, '2025-11-25 02:40:35', '2025-11-25 02:40:35'),
(4, 9, 1, 'INV-NKH-DT-20251019-4125', '156.50', '15.65', '0.00', '172.15', '0.00', '172.15', '0.00', 'paid', 'USD', '2025-10-19 19:43:10', '2025-10-23 19:43:10', '2025-10-19 20:07:10', NULL, '2025-11-25 02:40:35', '2025-11-25 02:40:35'),
(5, 12, 1, 'INV-NKH-DT-20251015-5281', '7.00', '0.70', '0.00', '7.70', '0.00', '7.70', '0.00', 'paid', 'USD', '2025-10-15 14:01:36', '2025-11-07 14:01:36', '2025-10-15 14:39:36', NULL, '2025-11-25 02:40:35', '2025-11-25 02:40:35'),
(6, 15, 1, 'INV-NKH-DT-20251003-8776', '23.50', '2.35', '0.00', '25.85', '0.00', '25.85', '0.00', 'paid', 'USD', '2025-10-03 16:23:02', '2025-10-07 16:23:02', '2025-10-03 16:33:02', 'Corporate account - NET 30', '2025-11-25 02:40:35', '2025-11-25 02:40:35'),
(7, 18, 1, 'INV-NKH-DT-20251111-5642', '67.00', '6.70', '3.81', '69.89', '0.00', '69.89', '0.00', 'paid', 'USD', '2025-11-11 19:04:04', '2025-11-20 19:04:04', '2025-11-11 19:41:04', NULL, '2025-11-25 02:40:35', '2025-11-25 02:40:35'),
(8, 20, 1, 'INV-NKH-DT-20251120-2915', '4.50', '0.45', '0.00', '4.95', '0.00', '4.95', '0.00', 'paid', 'USD', '2025-11-20 07:05:20', '2025-11-22 07:05:20', '2025-11-20 07:35:20', 'Group booking discount applied', '2025-11-25 02:40:35', '2025-11-25 02:40:35'),
(9, 21, 1, 'INV-NKH-DT-20250925-3204', '115.00', '11.50', '0.00', '126.50', '0.00', '0.00', '126.50', 'draft', 'USD', '2025-09-25 16:07:55', '2025-09-30 16:07:55', NULL, NULL, '2025-11-25 02:40:35', '2025-11-25 02:40:35'),
(10, 23, 1, 'INV-NKH-DT-20250923-5873', '45.50', '4.55', '0.00', '50.05', '0.00', '0.00', '50.05', 'issued', 'USD', '2025-09-23 21:42:00', '2025-10-20 21:42:00', NULL, 'Payment due within 30 days', '2025-11-25 02:40:35', '2025-11-25 02:40:35'),
(11, 24, 1, 'INV-NKH-DT-20251024-2532', '79.00', '7.90', '0.00', '86.90', '0.00', '86.90', '0.00', 'paid', 'USD', '2025-10-24 06:01:30', '2025-11-15 06:01:30', '2025-10-24 06:19:30', 'Corporate account - NET 30', '2025-11-25 02:40:35', '2025-11-25 02:40:35'),
(12, 27, 1, 'INV-NKH-DT-20251008-2713', '81.50', '8.15', '0.00', '89.65', '0.00', '89.65', '0.00', 'paid', 'USD', '2025-10-08 13:03:05', '2025-10-25 13:03:05', '2025-10-08 14:01:05', 'Special event surcharge applied', '2025-11-25 02:40:35', '2025-11-25 02:40:35'),
(13, 33, 1, 'INV-NKH-DT-20251024-6990', '139.50', '13.95', '4.43', '149.02', '0.00', '0.00', '149.02', 'issued', 'USD', '2025-10-24 04:17:42', '2025-10-29 04:17:42', NULL, 'Loyalty points earned: 50', '2025-11-25 02:40:35', '2025-11-25 02:40:35'),
(14, 35, 1, 'INV-NKH-DT-20251015-2495', '130.50', '13.05', '7.32', '136.23', '0.00', '136.23', '0.00', 'paid', 'USD', '2025-10-15 22:58:16', '2025-11-12 22:58:16', '2025-10-15 23:42:16', NULL, '2025-11-25 02:40:35', '2025-11-25 02:40:35'),
(15, 41, 1, 'INV-NKH-DT-20251023-9961', '30.00', '3.00', '0.00', '33.00', '0.00', '33.00', '0.00', 'paid', 'USD', '2025-10-23 15:45:23', '2025-11-10 15:45:23', '2025-10-23 16:30:23', 'Early payment discount available', '2025-11-25 02:40:35', '2025-11-25 02:40:35'),
(16, 43, 1, 'INV-NKH-DT-20251025-3925', '129.50', '12.95', '0.00', '142.45', '0.00', '0.00', '142.45', 'issued', 'USD', '2025-10-25 22:41:26', '2025-11-06 22:41:26', NULL, 'Catering service invoice', '2025-11-25 02:40:35', '2025-11-25 02:40:35'),
(17, 48, 1, 'INV-NKH-DT-20251102-7898', '173.50', '17.35', '0.00', '190.85', '0.00', '190.85', '0.00', 'paid', 'USD', '2025-11-02 06:26:09', '2025-11-10 06:26:09', '2025-11-02 07:06:09', 'Loyalty points earned: 50', '2025-11-25 02:40:35', '2025-11-25 02:40:35'),
(18, 50, 1, 'INV-NKH-DT-20251022-3821', '69.00', '6.90', '0.00', '75.90', '0.00', '75.90', '0.00', 'paid', 'USD', '2025-10-22 11:58:58', '2025-11-07 11:58:58', '2025-10-22 12:44:58', NULL, '2025-11-25 02:40:35', '2025-11-25 02:40:35'),
(19, 56, 1, 'INV-NKH-DT-20251123-1103', '86.00', '8.60', '0.00', '94.60', '0.00', '94.60', '0.00', 'paid', 'USD', '2025-11-23 11:56:54', '2025-12-20 11:56:54', '2025-11-23 12:07:54', 'Thank you for dining with us!', '2025-11-25 02:40:35', '2025-11-25 02:40:35'),
(20, 57, 1, 'INV-NKH-DT-20251111-7264', '8.50', '0.85', '0.00', '9.35', '0.00', '0.00', '9.35', 'issued', 'USD', '2025-11-11 02:34:07', '2025-11-17 02:34:07', NULL, NULL, '2025-11-25 02:40:35', '2025-11-25 02:40:35'),
(21, 59, 1, 'INV-NKH-DT-20251122-4046', '66.00', '6.60', '0.00', '72.60', '0.00', '72.60', '0.00', 'paid', 'USD', '2025-11-22 19:14:27', '2025-12-03 19:14:27', '2025-11-22 19:43:27', 'Thank you for dining with us!', '2025-11-25 02:40:35', '2025-11-25 02:40:35'),
(22, 63, 1, 'INV-NKH-DT-20250903-7768', '70.00', '7.00', '0.00', '77.00', '0.00', '77.00', '0.00', 'paid', 'USD', '2025-09-03 01:11:30', '2025-09-19 01:11:30', '2025-09-03 01:56:30', 'Corporate account - NET 30', '2025-11-25 02:40:35', '2025-11-25 02:40:35'),
(23, 64, 1, 'INV-NKH-DT-20250829-7429', '45.00', '4.50', '3.16', '46.34', '0.00', '0.00', '46.34', 'draft', 'USD', '2025-08-29 13:38:04', '2025-09-24 13:38:04', NULL, 'Early payment discount available', '2025-11-25 02:40:35', '2025-11-25 02:40:35'),
(24, 72, 1, 'INV-NKH-DT-20250825-8762', '18.00', '1.80', '2.78', '17.02', '0.00', '17.02', '0.00', 'paid', 'USD', '2025-08-25 23:47:15', '2025-09-23 23:47:15', '2025-08-26 00:15:15', 'Payment due within 30 days', '2025-11-25 02:40:35', '2025-11-25 02:40:35'),
(25, 74, 1, 'INV-NKH-DT-20251123-3592', '95.50', '9.55', '0.00', '105.05', '0.00', '105.05', '0.00', 'paid', 'USD', '2025-11-25 16:13:10', '2025-12-23 16:13:10', '2025-11-25 16:46:10', 'Early payment discount available', '2025-11-25 02:40:35', '2025-11-25 02:40:35'),
(26, 77, 1, 'INV-NKH-DT-20251016-8638', '62.00', '6.20', '0.00', '68.20', '0.00', '0.00', '68.20', 'draft', 'USD', '2025-10-16 15:28:54', '2025-10-25 15:28:54', NULL, 'Payment due within 30 days', '2025-11-25 02:40:35', '2025-11-25 02:40:35'),
(27, 78, 1, 'INV-NKH-DT-20250915-7025', '69.00', '6.90', '0.00', '75.90', '0.00', '75.90', '0.00', 'paid', 'USD', '2025-09-15 22:29:14', '2025-10-15 22:29:14', '2025-09-15 23:27:14', NULL, '2025-11-25 02:40:35', '2025-11-25 02:40:35'),
(28, 82, 1, 'INV-NKH-DT-20251029-8231', '72.50', '7.25', '0.00', '79.75', '0.00', '0.00', '79.75', 'issued', 'USD', '2025-10-29 11:29:29', '2025-11-05 11:29:29', NULL, 'Group booking discount applied', '2025-11-25 02:40:35', '2025-11-25 02:40:35'),
(29, 84, 1, 'INV-NKH-DT-20251104-8697', '184.00', '18.40', '0.00', '202.40', '0.00', '202.40', '0.00', 'paid', 'USD', '2025-11-04 16:04:16', '2025-12-03 16:04:16', '2025-11-04 16:45:16', 'Thank you for dining with us!', '2025-11-25 02:40:35', '2025-11-25 02:40:35'),
(30, 87, 1, 'INV-NKH-DT-20250905-4641', '67.50', '6.75', '0.00', '74.25', '0.00', '0.00', '74.25', 'issued', 'USD', '2025-09-05 13:48:11', '2025-09-19 13:48:11', NULL, 'Early payment discount available', '2025-11-25 02:40:35', '2025-11-25 02:40:35'),
(31, 89, 1, 'INV-NKH-DT-20250927-9840', '10.50', '1.05', '0.00', '11.55', '0.00', '11.55', '0.00', 'paid', 'USD', '2025-09-27 05:33:15', '2025-10-24 05:33:15', '2025-09-27 06:11:15', NULL, '2025-11-25 02:40:35', '2025-11-25 02:40:35'),
(32, 90, 1, 'INV-NKH-DT-20251110-9028', '27.00', '2.70', '0.00', '29.70', '0.00', '0.00', '29.70', 'issued', 'USD', '2025-11-10 12:16:35', '2025-12-06 12:16:35', NULL, 'Payment due within 30 days', '2025-11-25 02:40:35', '2025-11-25 02:40:35'),
(33, 92, 1, 'INV-NKH-DT-20251019-1772', '106.50', '10.65', '0.00', '117.15', '0.00', '117.15', '0.00', 'paid', 'USD', '2025-10-19 12:35:44', '2025-11-08 12:35:44', '2025-10-19 13:29:44', 'Early payment discount available', '2025-11-25 02:40:35', '2025-11-25 02:40:35'),
(34, 95, 1, 'INV-NKH-DT-20250915-7781', '13.50', '1.35', '0.00', '14.85', '0.00', '0.00', '14.85', 'issued', 'USD', '2025-09-15 04:42:16', '2025-09-22 04:42:16', NULL, NULL, '2025-11-25 02:40:35', '2025-11-25 02:40:35'),
(35, 101, 1, 'INV-NKH-DT-20251109-5237', '78.50', '7.85', '0.00', '86.35', '0.00', '86.35', '0.00', 'paid', 'USD', '2025-11-09 08:19:22', '2025-11-17 08:19:22', '2025-11-09 08:31:22', 'Group booking discount applied', '2025-11-25 02:40:35', '2025-11-25 02:40:35'),
(36, 103, 1, 'INV-NKH-DT-20250914-5998', '28.00', '2.80', '0.00', '30.80', '0.00', '0.00', '30.80', 'draft', 'USD', '2025-09-14 16:05:29', '2025-10-11 16:05:29', NULL, 'Group booking discount applied', '2025-11-25 02:40:35', '2025-11-25 02:40:35'),
(37, 106, 1, 'INV-NKH-DT-20250902-6660', '189.50', '18.95', '9.54', '198.91', '0.00', '198.91', '0.00', 'paid', 'USD', '2025-09-02 09:18:05', '2025-09-02 09:18:05', '2025-09-02 10:11:05', 'Thank you for dining with us!', '2025-11-25 02:40:35', '2025-11-25 02:40:35'),
(38, 109, 1, 'INV-NKH-DT-20250929-8958', '20.00', '2.00', '0.00', '22.00', '0.00', '0.00', '22.00', 'draft', 'USD', '2025-09-29 00:47:47', '2025-10-09 00:47:47', NULL, 'Loyalty points earned: 50', '2025-11-25 02:40:35', '2025-11-25 02:40:35'),
(39, 110, 1, 'INV-NKH-DT-20250916-9422', '124.00', '12.40', '0.00', '136.40', '0.00', '136.40', '0.00', 'paid', 'USD', '2025-09-16 13:21:31', '2025-10-09 13:21:31', '2025-09-16 13:40:31', NULL, '2025-11-25 02:40:35', '2025-11-25 02:40:35'),
(40, 112, 1, 'INV-NKH-DT-20250901-6054', '87.50', '8.75', '0.00', '96.25', '0.00', '0.00', '96.25', 'draft', 'USD', '2025-09-01 18:37:15', '2025-09-13 18:37:15', NULL, NULL, '2025-11-25 02:40:35', '2025-11-25 02:40:35'),
(41, 113, 1, 'INV-NKH-DT-20250930-4816', '39.50', '3.95', '0.00', '43.45', '0.00', '0.00', '43.45', 'draft', 'USD', '2025-09-30 11:28:47', '2025-10-26 11:28:47', NULL, 'Catering service invoice', '2025-11-25 02:40:35', '2025-11-25 02:40:35'),
(42, 114, 1, 'INV-NKH-DT-20250911-7197', '95.50', '9.55', '7.93', '97.12', '0.00', '0.00', '0.00', 'cancelled', 'USD', '2025-09-11 21:05:01', '2025-09-13 21:05:01', NULL, NULL, '2025-11-25 02:40:35', '2025-11-25 02:40:35'),
(43, 117, 1, 'INV-NKH-DT-20250925-5535', '86.50', '8.65', '8.27', '86.88', '0.00', '0.00', '86.88', 'issued', 'USD', '2025-09-25 03:39:12', '2025-09-26 03:39:12', NULL, NULL, '2025-11-25 02:40:35', '2025-11-25 02:40:35'),
(44, 119, 1, 'INV-NKH-DT-20251109-4344', '180.00', '18.00', '0.00', '198.00', '0.00', '198.00', '0.00', 'paid', 'USD', '2025-11-09 02:01:47', '2025-12-04 02:01:47', '2025-11-09 02:28:47', NULL, '2025-11-25 02:40:35', '2025-11-25 02:40:35'),
(45, 120, 1, 'INV-NKH-DT-20250916-6020', '161.50', '16.15', '0.00', '177.65', '0.00', '177.65', '0.00', 'paid', 'USD', '2025-09-16 20:43:18', '2025-10-16 20:43:18', '2025-09-16 21:42:18', 'Early payment discount available', '2025-11-25 02:40:35', '2025-11-25 02:40:35'),
(46, 122, 1, 'INV-NKH-DT-20251107-9076', '37.50', '3.75', '0.00', '41.25', '0.00', '0.00', '41.25', 'issued', 'USD', '2025-11-07 09:24:59', '2025-11-28 09:24:59', NULL, 'Loyalty points earned: 50', '2025-11-25 02:40:35', '2025-11-25 02:40:35'),
(47, 123, 1, 'INV-NKH-DT-20251016-5704', '77.00', '7.70', '7.81', '76.89', '0.00', '0.00', '76.89', 'issued', 'USD', '2025-10-16 10:45:41', '2025-11-06 10:45:41', NULL, 'Early payment discount available', '2025-11-25 02:40:35', '2025-11-25 02:40:35'),
(48, 125, 1, 'INV-NKH-DT-20251028-2374', '49.00', '4.90', '0.00', '53.90', '0.00', '0.00', '0.00', 'cancelled', 'USD', '2025-10-28 15:58:50', '2025-11-20 15:58:50', NULL, 'Loyalty points earned: 50', '2025-11-25 02:40:35', '2025-11-25 02:40:35'),
(49, 126, 1, 'INV-NKH-DT-20251022-5949', '98.00', '9.80', '0.00', '107.80', '0.00', '107.80', '0.00', 'paid', 'USD', '2025-10-22 09:48:27', '2025-10-31 09:48:27', '2025-10-22 10:09:27', 'Loyalty points earned: 50', '2025-11-25 02:40:35', '2025-11-25 02:40:35'),
(50, 131, 1, 'INV-NKH-DT-20251004-8470', '2.50', '0.25', '0.00', '2.75', '0.00', '0.00', '2.75', 'draft', 'USD', '2025-10-04 15:29:21', '2025-10-06 15:29:21', NULL, 'Payment due within 30 days', '2025-11-25 02:40:35', '2025-11-25 02:40:35'),
(51, 134, 1, 'INV-NKH-DT-20251031-5044', '30.00', '3.00', '0.00', '33.00', '0.00', '0.00', '33.00', 'draft', 'USD', '2025-10-31 10:48:19', '2025-11-02 10:48:19', NULL, 'Special event surcharge applied', '2025-11-25 02:40:35', '2025-11-25 02:40:35'),
(52, 135, 1, 'INV-NKH-DT-20251021-1041', '20.00', '2.00', '0.00', '22.00', '0.00', '0.00', '22.00', 'issued', 'USD', '2025-10-21 19:04:31', '2025-11-15 19:04:31', NULL, 'Special event surcharge applied', '2025-11-25 02:40:35', '2025-11-25 02:40:35'),
(53, 142, 1, 'INV-NKH-DT-20250923-5603', '149.50', '14.95', '0.00', '164.45', '0.00', '164.45', '0.00', 'paid', 'USD', '2025-09-23 17:06:29', '2025-10-21 17:06:29', '2025-09-23 17:27:29', 'Loyalty points earned: 50', '2025-11-25 02:40:35', '2025-11-25 02:40:35'),
(54, 144, 1, 'INV-NKH-DT-20250923-8976', '59.50', '5.95', '0.00', '65.45', '0.00', '65.45', '0.00', 'paid', 'USD', '2025-09-23 14:35:25', '2025-10-12 14:35:25', '2025-09-23 14:54:25', 'Group booking discount applied', '2025-11-25 02:40:35', '2025-11-25 02:40:35'),
(55, 148, 1, 'INV-NKH-DT-20251002-9660', '30.50', '3.05', '7.98', '25.57', '0.00', '25.57', '0.00', 'paid', 'USD', '2025-10-02 02:16:41', '2025-10-21 02:16:41', '2025-10-02 02:34:41', 'Loyalty points earned: 50', '2025-11-25 02:40:35', '2025-11-25 02:40:35'),
(56, 149, 1, 'INV-NKH-DT-20250829-4982', '25.50', '2.55', '0.00', '28.05', '0.00', '0.00', '28.05', 'draft', 'USD', '2025-08-29 01:47:18', '2025-09-02 01:47:18', NULL, 'Thank you for dining with us!', '2025-11-25 02:40:35', '2025-11-25 02:40:35'),
(57, 150, 1, 'INV-NKH-DT-20251103-7015', '171.00', '17.10', '0.00', '188.10', '0.00', '188.10', '0.00', 'paid', 'USD', '2025-11-03 06:57:18', '2025-11-09 06:57:18', '2025-11-03 07:12:18', 'Payment due within 30 days', '2025-11-25 02:40:35', '2025-11-25 02:40:35'),
(58, 151, 1, 'INV-NKH-DT-20250901-1507', '83.50', '8.35', '0.00', '91.85', '0.00', '91.85', '0.00', 'paid', 'USD', '2025-09-01 21:30:59', '2025-09-30 21:30:59', '2025-09-01 22:14:59', 'Special event surcharge applied', '2025-11-25 02:40:35', '2025-11-25 02:40:35'),
(59, 152, 1, 'INV-NKH-DT-20251030-6235', '32.00', '3.20', '2.62', '32.58', '0.00', '32.58', '0.00', 'paid', 'USD', '2025-10-30 21:17:24', '2025-11-05 21:17:24', '2025-10-30 21:59:24', 'Thank you for dining with us!', '2025-11-25 02:40:35', '2025-11-25 02:40:35'),
(60, 157, 1, 'INV-NKH-DT-20251029-1672', '139.00', '13.90', '0.00', '152.90', '0.00', '152.90', '0.00', 'paid', 'USD', '2025-10-29 03:50:37', '2025-11-13 03:50:37', '2025-10-29 04:16:37', NULL, '2025-11-25 02:40:35', '2025-11-25 02:40:35'),
(61, 158, 1, 'INV-NKH-DT-20251002-4449', '15.00', '1.50', '0.00', '16.50', '0.00', '0.00', '16.50', 'draft', 'USD', '2025-10-02 08:19:17', '2025-10-19 08:19:17', NULL, 'Loyalty points earned: 50', '2025-11-25 02:40:35', '2025-11-25 02:40:35'),
(62, 160, 1, 'INV-NKH-DT-20250929-3269', '99.00', '9.90', '0.00', '108.90', '0.00', '0.00', '108.90', 'draft', 'USD', '2025-09-29 20:37:23', '2025-10-13 20:37:23', NULL, NULL, '2025-11-25 02:40:35', '2025-11-25 02:40:35'),
(63, 162, 1, 'INV-NKH-DT-20250921-7587', '132.50', '13.25', '9.78', '135.97', '0.00', '135.97', '0.00', 'paid', 'USD', '2025-09-21 17:08:09', '2025-09-22 17:08:09', '2025-09-21 17:36:09', NULL, '2025-11-25 02:40:35', '2025-11-25 02:40:35'),
(64, 166, 1, 'INV-NKH-DT-20251009-8393', '94.50', '9.45', '0.00', '103.95', '0.00', '0.00', '103.95', 'draft', 'USD', '2025-10-09 14:09:14', '2025-10-14 14:09:14', NULL, NULL, '2025-11-25 02:40:35', '2025-11-25 02:40:35'),
(65, 173, 1, 'INV-NKH-DT-20251014-6757', '38.00', '3.80', '0.00', '41.80', '0.00', '0.00', '41.80', 'issued', 'USD', '2025-10-14 05:18:33', '2025-11-03 05:18:33', NULL, 'Corporate account - NET 30', '2025-11-25 02:40:35', '2025-11-25 02:40:35'),
(66, 174, 1, 'INV-NKH-DT-20251109-9817', '191.50', '19.15', '0.00', '210.65', '0.00', '210.65', '0.00', 'paid', 'USD', '2025-11-09 15:44:20', '2025-12-03 15:44:20', '2025-11-09 16:20:20', NULL, '2025-11-25 02:40:35', '2025-11-25 02:40:35'),
(67, 177, 1, 'INV-NKH-DT-20251007-4837', '155.50', '15.55', '0.00', '171.05', '0.00', '171.05', '0.00', 'paid', 'USD', '2025-10-07 11:02:48', '2025-10-26 11:02:48', '2025-10-07 11:26:48', 'Catering service invoice', '2025-11-25 02:40:35', '2025-11-25 02:40:35'),
(68, 178, 1, 'INV-NKH-DT-20250919-3250', '73.00', '7.30', '0.00', '80.30', '0.00', '80.30', '0.00', 'paid', 'USD', '2025-09-19 02:14:30', '2025-10-03 02:14:30', '2025-09-19 02:36:30', 'Early payment discount available', '2025-11-25 02:40:35', '2025-11-25 02:40:35'),
(69, 179, 1, 'INV-NKH-DT-20250902-6741', '226.00', '22.60', '0.00', '248.60', '0.00', '0.00', '248.60', 'issued', 'USD', '2025-09-02 21:33:32', '2025-10-02 21:33:32', NULL, NULL, '2025-11-25 02:40:35', '2025-11-25 02:40:35'),
(70, 180, 1, 'INV-NKH-DT-20250923-7164', '69.00', '6.90', '0.00', '75.90', '0.00', '75.90', '0.00', 'paid', 'USD', '2025-09-23 09:37:49', '2025-10-01 09:37:49', '2025-09-23 10:15:49', 'Loyalty points earned: 50', '2025-11-25 02:40:35', '2025-11-25 02:40:35'),
(71, 181, 1, 'INV-NKH-DT-20251005-6967', '115.00', '11.50', '0.00', '126.50', '0.00', '126.50', '0.00', 'paid', 'USD', '2025-10-05 23:40:18', '2025-10-28 23:40:18', '2025-10-06 00:11:18', 'Loyalty points earned: 50', '2025-11-25 02:40:35', '2025-11-25 02:40:35'),
(72, 183, 1, 'INV-NKH-DT-20251015-2553', '168.50', '16.85', '0.00', '185.35', '0.00', '0.00', '185.35', 'issued', 'USD', '2025-10-15 08:13:50', '2025-10-27 08:13:50', NULL, 'Catering service invoice', '2025-11-25 02:40:35', '2025-11-25 02:40:35'),
(73, 184, 1, 'INV-NKH-DT-20251106-8025', '59.00', '5.90', '0.00', '64.90', '0.00', '0.00', '64.90', 'draft', 'USD', '2025-11-06 01:04:02', '2025-11-07 01:04:02', NULL, NULL, '2025-11-25 02:40:35', '2025-11-25 02:40:35'),
(74, 190, 1, 'INV-NKH-DT-20251024-2186', '155.00', '15.50', '0.00', '170.50', '0.00', '170.50', '0.00', 'paid', 'USD', '2025-10-24 22:05:26', '2025-11-04 22:05:26', '2025-10-24 22:24:26', 'Catering service invoice', '2025-11-25 02:40:35', '2025-11-25 02:40:35'),
(75, 191, 1, 'INV-NKH-DT-20250831-1654', '85.50', '8.55', '0.00', '94.05', '0.00', '94.05', '0.00', 'paid', 'USD', '2025-08-31 11:54:09', '2025-09-20 11:54:09', '2025-08-31 12:43:09', 'Thank you for dining with us!', '2025-11-25 02:40:35', '2025-11-25 02:40:35'),
(76, 193, 1, 'INV-NKH-DT-20251016-6916', '8.50', '0.85', '4.21', '5.14', '0.00', '5.14', '0.00', 'paid', 'USD', '2025-10-16 04:55:33', '2025-11-11 04:55:33', '2025-10-16 05:54:33', NULL, '2025-11-25 02:40:35', '2025-11-25 02:40:35'),
(77, 195, 1, 'INV-NKH-DT-20251107-8856', '116.50', '11.65', '0.00', '128.15', '0.00', '128.15', '0.00', 'paid', 'USD', '2025-11-07 06:31:41', '2025-12-01 06:31:41', '2025-11-07 07:13:41', 'Loyalty points earned: 50', '2025-11-25 02:40:35', '2025-11-25 02:40:35'),
(78, 196, 1, 'INV-NKH-DT-20250906-1711', '64.50', '6.45', '0.00', '70.95', '0.00', '70.95', '0.00', 'paid', 'USD', '2025-09-06 21:34:51', '2025-09-17 21:34:51', '2025-09-06 21:49:51', NULL, '2025-11-25 02:40:35', '2025-11-25 02:40:35'),
(79, 197, 1, 'INV-NKH-DT-20251015-3757', '46.50', '4.65', '0.00', '51.15', '0.00', '51.15', '0.00', 'paid', 'USD', '2025-10-15 20:38:59', '2025-10-28 20:38:59', '2025-10-15 21:30:59', 'Payment due within 30 days', '2025-11-25 02:40:35', '2025-11-25 02:40:35'),
(80, 199, 1, 'INV-NKH-DT-20250922-2448', '73.50', '7.35', '8.14', '72.71', '0.00', '72.71', '0.00', 'paid', 'USD', '2025-09-22 16:53:55', '2025-10-12 16:53:55', '2025-09-22 17:29:55', 'Early payment discount available', '2025-11-25 02:40:35', '2025-11-25 02:40:35'),
(81, 200, 1, 'INV-NKH-DT-20250923-5313', '89.50', '8.95', '0.00', '98.45', '0.00', '98.45', '0.00', 'paid', 'USD', '2025-09-23 09:09:10', '2025-10-19 09:09:10', '2025-09-23 09:22:10', NULL, '2025-11-25 02:40:35', '2025-11-25 02:40:35'),
(82, 201, 1, 'INV-NKH-DT-20251117-2963', '16.50', '1.65', '0.00', '18.15', '0.00', '18.15', '0.00', 'paid', 'USD', '2025-11-17 12:28:58', '2025-12-12 12:28:58', '2025-11-17 12:56:58', NULL, '2025-11-25 02:40:35', '2025-11-25 02:40:35'),
(83, 204, 1, 'INV-NKH-DT-20250923-4273', '38.50', '3.85', '0.00', '42.35', '0.00', '0.00', '42.35', 'issued', 'USD', '2025-09-23 09:52:47', '2025-10-18 09:52:47', NULL, 'Corporate account - NET 30', '2025-11-25 02:40:35', '2025-11-25 02:40:35'),
(84, 206, 1, 'INV-NKH-DT-20251004-2148', '95.50', '9.55', '0.00', '105.05', '0.00', '105.05', '0.00', 'paid', 'USD', '2025-10-04 22:19:36', '2025-10-15 22:19:36', '2025-10-04 23:12:36', 'Early payment discount available', '2025-11-25 02:40:35', '2025-11-25 02:40:35'),
(85, 215, 1, 'INV-NKH-DT-20250907-3671', '17.50', '1.75', '0.00', '19.25', '0.00', '0.00', '19.25', 'draft', 'USD', '2025-09-07 10:49:54', '2025-09-08 10:49:54', NULL, 'Payment due within 30 days', '2025-11-25 02:40:35', '2025-11-25 02:40:35'),
(86, 216, 1, 'INV-NKH-DT-20250915-7446', '183.00', '18.30', '0.00', '201.30', '0.00', '0.00', '201.30', 'issued', 'USD', '2025-09-15 11:52:15', '2025-09-20 11:52:15', NULL, 'Special event surcharge applied', '2025-11-25 02:40:35', '2025-11-25 02:40:35'),
(87, 217, 1, 'INV-NKH-DT-20250923-5308', '114.00', '11.40', '0.00', '125.40', '0.00', '125.40', '0.00', 'paid', 'USD', '2025-09-23 07:43:37', '2025-10-08 07:43:37', '2025-09-23 08:19:37', 'Early payment discount available', '2025-11-25 02:40:35', '2025-11-25 02:40:35'),
(88, 219, 1, 'INV-NKH-DT-20251116-3130', '36.00', '3.60', '0.00', '39.60', '0.00', '0.00', '39.60', 'issued', 'USD', '2025-11-16 20:14:34', '2025-11-17 20:14:34', NULL, NULL, '2025-11-25 02:40:35', '2025-11-25 02:40:35'),
(89, 223, 1, 'INV-NKH-DT-20251007-9747', '48.00', '4.80', '0.00', '52.80', '0.00', '0.00', '52.80', 'draft', 'USD', '2025-10-07 16:38:50', '2025-11-01 16:38:50', NULL, NULL, '2025-11-25 02:40:35', '2025-11-25 02:40:35'),
(90, 225, 1, 'INV-NKH-DT-20251118-3397', '82.50', '8.25', '0.00', '90.75', '0.00', '90.75', '0.00', 'paid', 'USD', '2025-11-18 16:22:20', '2025-11-20 16:22:20', '2025-11-18 16:50:20', 'Corporate account - NET 30', '2025-11-25 02:40:35', '2025-11-25 02:40:35'),
(91, 226, 1, 'INV-NKH-DT-20251030-1595', '26.00', '2.60', '0.00', '28.60', '0.00', '28.60', '0.00', 'paid', 'USD', '2025-10-30 21:22:36', '2025-11-09 21:22:36', '2025-10-30 21:42:36', 'Catering service invoice', '2025-11-25 02:40:35', '2025-11-25 02:40:35'),
(92, 229, 1, 'INV-NKH-DT-20251105-5792', '42.00', '4.20', '0.00', '46.20', '0.00', '46.20', '0.00', 'paid', 'USD', '2025-11-05 13:28:02', '2025-11-21 13:28:02', '2025-11-05 13:58:02', 'Corporate account - NET 30', '2025-11-25 02:40:35', '2025-11-25 02:40:35'),
(93, 233, 1, 'INV-NKH-DT-20251107-3054', '174.00', '17.40', '0.00', '191.40', '0.00', '0.00', '191.40', 'issued', 'USD', '2025-11-07 02:54:13', '2025-11-07 02:54:13', NULL, 'Corporate account - NET 30', '2025-11-25 02:40:35', '2025-11-25 02:40:35'),
(94, 234, 1, 'INV-NKH-DT-20251121-5386', '140.50', '14.05', '0.00', '154.55', '0.00', '154.55', '0.00', 'paid', 'USD', '2025-11-21 20:19:35', '2025-12-04 20:19:35', '2025-11-21 20:52:35', NULL, '2025-11-25 02:40:35', '2025-11-25 02:40:35'),
(95, 235, 1, 'INV-NKH-DT-20251013-2426', '34.00', '3.40', '9.87', '27.53', '0.00', '27.53', '0.00', 'paid', 'USD', '2025-10-13 17:00:16', '2025-11-09 17:00:16', '2025-10-13 17:53:16', 'Loyalty points earned: 50', '2025-11-25 02:40:35', '2025-11-25 02:40:35'),
(96, 237, 1, 'INV-NKH-DT-20250827-1250', '110.00', '11.00', '0.00', '121.00', '0.00', '0.00', '121.00', 'issued', 'USD', '2025-08-27 13:41:01', '2025-09-07 13:41:01', NULL, NULL, '2025-11-25 02:40:35', '2025-11-25 02:40:35'),
(97, 241, 1, 'INV-NKH-DT-20250901-1694', '51.00', '5.10', '3.29', '52.81', '0.00', '52.81', '0.00', 'paid', 'USD', '2025-09-01 20:44:31', '2025-09-13 20:44:31', '2025-09-01 21:11:31', 'Loyalty points earned: 50', '2025-11-25 02:40:35', '2025-11-25 02:40:35'),
(98, 249, 1, 'INV-NKH-DT-20251013-8527', '38.50', '3.85', '0.00', '42.35', '0.00', '42.35', '0.00', 'paid', 'USD', '2025-10-13 17:06:04', '2025-10-19 17:06:04', '2025-10-13 17:20:04', NULL, '2025-11-25 02:40:35', '2025-11-25 02:40:35'),
(99, 250, 1, 'INV-NKH-DT-20250922-4985', '80.50', '8.05', '0.00', '88.55', '0.00', '88.55', '0.00', 'paid', 'USD', '2025-09-22 00:39:54', '2025-10-01 00:39:54', '2025-09-22 01:23:54', 'Group booking discount applied', '2025-11-25 02:40:35', '2025-11-25 02:40:35');


INSERT INTO `leave_requests` (`id`, `employee_id`, `location_id`, `start_date`, `end_date`, `type`, `reason`, `status`, `created_at`, `updated_at`) VALUES
(1, 1, 1, '2025-12-29', '2025-12-30', 'annual', 'Home emergency', 'approved', '2025-12-16 02:40:30', '2025-12-22 02:40:30'),
(2, 2, 1, '2025-12-10', '2025-12-15', 'other', 'Medical appointment', 'approved', '2025-11-28 02:40:30', '2025-12-07 02:40:30'),
(3, 2, 1, '2026-01-03', '2026-01-05', 'sick', 'Annual vacation', 'approved', '2025-12-21 02:40:30', '2025-12-28 02:40:30'),
(4, 2, 1, '2025-12-10', '2025-12-13', 'other', 'Annual vacation', 'approved', '2025-11-27 02:40:30', '2025-12-03 02:40:30'),
(5, 3, 1, '2026-01-11', '2026-01-16', 'sick', 'Family celebration', 'pending', '2025-12-31 02:40:30', '2026-01-07 02:40:30'),
(6, 3, 1, '2025-12-13', '2025-12-16', 'other', 'Medical appointment', 'pending', '2025-12-01 02:40:30', '2025-12-12 02:40:30'),
(7, 4, 1, '2025-12-19', '2025-12-23', 'other', 'Attending wedding', 'approved', '2025-12-08 02:40:30', '2025-12-12 02:40:30'),
(8, 5, 1, '2026-01-06', '2026-01-11', 'sick', 'Religious observance', 'approved', '2025-12-28 02:40:30', '2025-12-31 02:40:30'),
(9, 6, 1, '2025-12-13', '2025-12-17', 'sick', 'Annual vacation', 'pending', '2025-11-30 02:40:30', '2025-12-10 02:40:30'),
(10, 6, 1, '2026-01-02', '2026-01-07', 'sick', 'Medical appointment', 'pending', '2025-12-21 02:40:30', '2025-12-26 02:40:30'),
(11, 6, 1, '2026-02-11', '2026-02-14', 'sick', 'Religious observance', 'approved', '2026-02-04 02:40:30', '2026-02-04 02:40:30'),
(12, 7, 1, '2025-12-04', '2025-12-05', 'other', 'Family emergency', 'pending', '2025-11-23 02:40:30', '2025-11-29 02:40:30'),
(13, 8, 1, '2026-01-30', '2026-02-04', 'unpaid', 'Annual vacation', 'pending', '2026-01-21 02:40:30', '2026-01-25 02:40:30'),
(14, 9, 1, '2026-02-06', '2026-02-11', 'other', 'Medical appointment', 'pending', '2026-01-24 02:40:30', '2026-02-02 02:40:30'),
(15, 9, 1, '2025-11-26', '2025-11-27', 'sick', 'Annual vacation', 'approved', '2025-11-19 02:40:30', '2025-11-20 02:40:30'),
(16, 10, 1, '2026-01-26', '2026-01-27', 'annual', 'Attending wedding', 'approved', '2026-01-17 02:40:30', '2026-01-19 02:40:30'),
(17, 10, 1, '2025-12-09', '2025-12-11', 'annual', 'Home emergency', 'approved', '2025-11-27 02:40:30', '2025-12-02 02:40:30'),
(18, 11, 1, '2026-01-23', '2026-01-26', 'sick', 'Family celebration', 'approved', '2026-01-15 02:40:30', '2026-01-22 02:40:30'),
(19, 12, 1, '2026-01-09', '2026-01-11', 'annual', 'Medical appointment', 'approved', '2026-01-01 02:40:30', '2026-01-07 02:40:30'),
(20, 13, 1, '2026-01-17', '2026-01-20', 'unpaid', 'Annual vacation', 'pending', '2026-01-10 02:40:30', '2026-01-14 02:40:30'),
(21, 13, 1, '2025-12-16', '2025-12-17', 'sick', 'Religious observance', 'approved', '2025-12-07 02:40:30', '2025-12-09 02:40:30'),
(22, 14, 1, '2025-12-16', '2025-12-17', 'sick', 'Annual vacation', 'pending', '2025-12-07 02:40:30', '2025-12-13 02:40:30'),
(23, 15, 1, '2026-01-17', '2026-01-21', 'other', 'Home emergency', 'pending', '2026-01-09 02:40:30', '2026-01-14 02:40:30'),
(24, 15, 1, '2025-12-06', '2025-12-11', 'annual', 'Home emergency', 'approved', '2025-11-26 02:40:30', '2025-12-02 02:40:30'),
(25, 15, 1, '2025-11-26', '2025-11-29', 'sick', 'Attending wedding', 'approved', '2025-11-16 02:40:30', '2025-11-25 02:40:30'),
(26, 16, 1, '2025-11-26', '2025-11-27', 'sick', 'Attending wedding', 'pending', '2025-11-12 02:40:30', '2025-11-22 02:40:30'),
(27, 16, 1, '2026-01-01', '2026-01-02', 'annual', 'Religious observance', 'approved', '2025-12-18 02:40:30', '2025-12-25 02:40:30');
INSERT INTO `locations` (`id`, `code`, `name`, `address_line1`, `address_line2`, `city`, `state`, `postal_code`, `country`, `phone`, `is_active`, `accepts_online_orders`, `accepts_pickup`, `accepts_delivery`, `created_at`, `updated_at`) VALUES
(1, 'NKH-DT', 'NKH Downtown Flagship', '123 Main Street', 'Downtown District', 'Phnom Penh', 'Phnom Penh', '12000', 'Cambodia', '+855-23-123-456', 1, 1, 1, 1, '2025-11-25 02:40:15', '2025-11-25 02:40:15');
INSERT INTO `loyalty_points` (`id`, `customer_id`, `order_id`, `location_id`, `type`, `points`, `balance_after`, `occurred_at`, `notes`, `created_at`, `updated_at`) VALUES
(1, 8, 123, 1, 'adjust', -2, -2, '2025-09-28 07:59:35', NULL, '2025-11-25 02:40:35', '2025-11-25 02:40:35'),
(2, 7, 179, 1, 'earn', 45, 45, '2025-10-09 13:07:35', NULL, '2025-11-25 02:40:35', '2025-11-25 02:40:35'),
(3, 1, 241, 1, 'redeem', -7, -7, '2025-10-18 06:55:35', NULL, '2025-11-25 02:40:35', '2025-11-25 02:40:35'),
(4, 2, 110, 1, 'earn', 42, 42, '2025-09-26 01:15:35', NULL, '2025-11-25 02:40:35', '2025-11-25 02:40:35'),
(5, 9, 74, 1, 'earn', 44, 44, '2025-09-30 03:39:35', NULL, '2025-11-25 02:40:35', '2025-11-25 02:40:35'),
(6, 10, 78, 1, 'earn', 10, 10, '2025-10-15 12:14:35', NULL, '2025-11-25 02:40:35', '2025-11-25 02:40:35'),
(7, 7, 201, 1, 'earn', 7, 52, '2025-10-02 06:35:35', NULL, '2025-11-25 02:40:35', '2025-11-25 02:40:35'),
(8, 6, 90, 1, 'earn', 12, 12, '2025-11-17 05:07:35', NULL, '2025-11-25 02:40:35', '2025-11-25 02:40:35'),
(9, 6, 142, 1, 'adjust', 2, 14, '2025-11-14 01:39:35', NULL, '2025-11-25 02:40:35', '2025-11-25 02:40:35'),
(10, 9, 103, 1, 'redeem', -8, 36, '2025-11-23 08:47:35', NULL, '2025-11-25 02:40:35', '2025-11-25 02:40:35'),
(11, 9, 95, 1, 'redeem', -30, 6, '2025-11-09 19:34:35', NULL, '2025-11-25 02:40:35', '2025-11-25 02:40:35'),
(12, 10, 190, 1, 'redeem', -23, -13, '2025-11-05 01:50:35', NULL, '2025-11-25 02:40:35', '2025-11-25 02:40:35'),
(13, 5, 48, 1, 'earn', 27, 27, '2025-10-01 22:24:35', NULL, '2025-11-25 02:40:35', '2025-11-25 02:40:35'),
(14, 9, 101, 1, 'adjust', -2, 34, '2025-10-02 23:48:35', NULL, '2025-11-25 02:40:35', '2025-11-25 02:40:35'),
(15, 2, 196, 1, 'earn', 24, 66, '2025-09-30 23:52:35', NULL, '2025-11-25 02:40:35', '2025-11-25 02:40:35'),
(16, 7, 160, 1, 'earn', 48, 93, '2025-10-27 04:15:35', NULL, '2025-11-25 02:40:35', '2025-11-25 02:40:35'),
(17, 11, 43, 1, 'earn', 49, 49, '2025-10-19 19:14:35', NULL, '2025-11-25 02:40:35', '2025-11-25 02:40:35'),
(18, 6, 90, 1, 'adjust', 3, 15, '2025-10-16 10:55:35', NULL, '2025-11-25 02:40:35', '2025-11-25 02:40:35'),
(19, 2, 41, 1, 'earn', 36, 102, '2025-11-02 01:00:35', NULL, '2025-11-25 02:40:35', '2025-11-25 02:40:35'),
(20, 5, 48, 1, 'earn', 6, 33, '2025-11-14 08:55:35', NULL, '2025-11-25 02:40:35', '2025-11-25 02:40:35'),
(21, 2, 152, 1, 'earn', 50, 152, '2025-10-15 00:36:35', NULL, '2025-11-25 02:40:35', '2025-11-25 02:40:35'),
(22, 1, 206, 1, 'redeem', -21, -28, '2025-10-29 16:49:35', NULL, '2025-11-25 02:40:35', '2025-11-25 02:40:35'),
(23, 5, 56, 1, 'earn', 48, 81, '2025-10-08 10:49:35', NULL, '2025-11-25 02:40:35', '2025-11-25 02:40:35'),
(24, 8, 112, 1, 'earn', 27, 25, '2025-10-20 02:38:35', NULL, '2025-11-25 02:40:35', '2025-11-25 02:40:35'),
(25, 2, 109, 1, 'earn', 8, 110, '2025-09-29 08:26:35', NULL, '2025-11-25 02:40:35', '2025-11-25 02:40:35'),
(26, 4, 199, 1, 'earn', 7, 7, '2025-10-12 15:07:35', NULL, '2025-11-25 02:40:35', '2025-11-25 02:40:35'),
(27, 3, 200, 1, 'earn', 5, 5, '2025-11-24 10:08:35', NULL, '2025-11-25 02:40:35', '2025-11-25 02:40:35'),
(28, 3, 200, 1, 'adjust', 1, 6, '2025-11-21 10:48:35', NULL, '2025-11-25 02:40:35', '2025-11-25 02:40:35'),
(29, 8, 184, 1, 'earn', 44, 69, '2025-10-23 10:00:35', NULL, '2025-11-25 02:40:36', '2025-11-25 02:40:36'),
(30, 8, 184, 1, 'earn', 22, 91, '2025-09-27 18:08:36', NULL, '2025-11-25 02:40:36', '2025-11-25 02:40:36'),
(31, 10, 190, 1, 'adjust', 2, -11, '2025-10-11 21:09:36', NULL, '2025-11-25 02:40:36', '2025-11-25 02:40:36'),
(32, 4, 149, 1, 'earn', 9, 16, '2025-10-14 08:01:36', NULL, '2025-11-25 02:40:36', '2025-11-25 02:40:36'),
(33, 3, 249, 1, 'earn', 50, 55, '2025-10-31 11:14:36', NULL, '2025-11-25 02:40:36', '2025-11-25 02:40:36'),
(34, 5, 56, 1, 'redeem', -15, 18, '2025-11-08 01:08:36', NULL, '2025-11-25 02:40:36', '2025-11-25 02:40:36'),
(35, 2, 57, 1, 'redeem', -17, 85, '2025-11-11 01:42:36', NULL, '2025-11-25 02:40:36', '2025-11-25 02:40:36'),
(36, 2, 57, 1, 'earn', 7, 92, '2025-09-29 16:04:36', NULL, '2025-11-25 02:40:36', '2025-11-25 02:40:36'),
(37, 5, 117, 1, 'earn', 18, 51, '2025-10-13 11:15:36', NULL, '2025-11-25 02:40:36', '2025-11-25 02:40:36'),
(38, 2, 2, 1, 'adjust', 7, 92, '2025-10-03 20:18:36', NULL, '2025-11-25 02:40:36', '2025-11-25 02:40:36'),
(39, 8, 178, 1, 'redeem', -17, 52, '2025-11-11 02:45:36', NULL, '2025-11-25 02:40:36', '2025-11-25 02:40:36'),
(40, 5, 117, 1, 'earn', 50, 83, '2025-11-11 14:09:36', NULL, '2025-11-25 02:40:36', '2025-11-25 02:40:36'),
(41, 5, 117, 1, 'earn', 9, 42, '2025-09-30 09:20:36', NULL, '2025-11-25 02:40:36', '2025-11-25 02:40:36'),
(42, 8, 134, 1, 'earn', 38, 90, '2025-10-31 14:44:36', NULL, '2025-11-25 02:40:36', '2025-11-25 02:40:36'),
(43, 3, 234, 1, 'earn', 30, 35, '2025-10-25 15:52:36', NULL, '2025-11-25 02:40:36', '2025-11-25 02:40:36'),
(44, 9, 235, 1, 'earn', 44, 80, '2025-11-02 05:00:36', NULL, '2025-11-25 02:40:36', '2025-11-25 02:40:36'),
(45, 7, 160, 1, 'adjust', 1, 94, '2025-11-03 00:22:36', NULL, '2025-11-25 02:40:36', '2025-11-25 02:40:36'),
(46, 3, 15, 1, 'earn', 37, 42, '2025-10-14 21:10:36', NULL, '2025-11-25 02:40:36', '2025-11-25 02:40:36'),
(47, 3, 174, 1, 'adjust', -4, 1, '2025-10-28 06:46:36', NULL, '2025-11-25 02:40:36', '2025-11-25 02:40:36'),
(48, 4, 199, 1, 'earn', 23, 39, '2025-09-25 14:57:36', NULL, '2025-11-25 02:40:36', '2025-11-25 02:40:36'),
(49, 6, 122, 1, 'adjust', 7, 19, '2025-10-05 01:33:36', NULL, '2025-11-25 02:40:36', '2025-11-25 02:40:36'),
(50, 3, 174, 1, 'earn', 18, 23, '2025-11-07 10:55:36', NULL, '2025-11-25 02:40:36', '2025-11-25 02:40:36'),
(51, 9, 235, 1, 'adjust', 2, 38, '2025-10-07 23:21:36', NULL, '2025-11-25 02:40:36', '2025-11-25 02:40:36'),
(52, 6, 1, 1, 'earn', 19, 31, '2025-11-05 20:49:36', NULL, '2025-11-25 02:40:36', '2025-11-25 02:40:36'),
(53, 9, 103, 1, 'earn', 36, 72, '2025-11-19 13:53:36', NULL, '2025-11-25 02:40:36', '2025-11-25 02:40:36'),
(54, 1, 206, 1, 'earn', 17, -11, '2025-09-30 22:32:36', NULL, '2025-11-25 02:40:36', '2025-11-25 02:40:36'),
(55, 10, 78, 1, 'redeem', -33, -46, '2025-11-20 22:03:36', NULL, '2025-11-25 02:40:36', '2025-11-25 02:40:36'),
(56, 10, 162, 1, 'earn', 27, -19, '2025-11-19 05:01:36', NULL, '2025-11-25 02:40:36', '2025-11-25 02:40:36'),
(57, 1, 82, 1, 'earn', 35, 7, '2025-10-25 15:29:36', NULL, '2025-11-25 02:40:36', '2025-11-25 02:40:36'),
(58, 8, 178, 1, 'adjust', -6, 46, '2025-10-23 01:51:36', NULL, '2025-11-25 02:40:36', '2025-11-25 02:40:36'),
(59, 9, 95, 1, 'redeem', -37, -1, '2025-10-12 03:06:36', NULL, '2025-11-25 02:40:36', '2025-11-25 02:40:36'),
(60, 5, 223, 1, 'earn', 12, 45, '2025-10-06 06:49:36', NULL, '2025-11-25 02:40:36', '2025-11-25 02:40:36'),
(61, 10, 35, 1, 'earn', 32, -14, '2025-10-09 13:20:36', NULL, '2025-11-25 02:40:36', '2025-11-25 02:40:36'),
(62, 7, 237, 1, 'earn', 23, 117, '2025-11-19 08:22:36', NULL, '2025-11-25 02:40:36', '2025-11-25 02:40:36'),
(63, 5, 173, 1, 'adjust', -2, 31, '2025-11-20 03:44:36', NULL, '2025-11-25 02:40:36', '2025-11-25 02:40:36'),
(64, 2, 27, 1, 'earn', 43, 128, '2025-10-23 06:38:36', NULL, '2025-11-25 02:40:36', '2025-11-25 02:40:36'),
(65, 10, 162, 1, 'earn', 28, -18, '2025-10-15 22:33:36', NULL, '2025-11-25 02:40:36', '2025-11-25 02:40:36'),
(66, 7, 237, 1, 'earn', 38, 155, '2025-11-13 03:50:36', NULL, '2025-11-25 02:40:36', '2025-11-25 02:40:36'),
(67, 7, 201, 1, 'earn', 21, 138, '2025-10-05 19:06:36', NULL, '2025-11-25 02:40:36', '2025-11-25 02:40:36'),
(68, 1, 113, 1, 'adjust', 2, -26, '2025-10-24 15:26:36', NULL, '2025-11-25 02:40:36', '2025-11-25 02:40:36'),
(69, 7, 160, 1, 'earn', 23, 140, '2025-10-16 21:49:36', NULL, '2025-11-25 02:40:36', '2025-11-25 02:40:36'),
(70, 1, 204, 1, 'earn', 37, 9, '2025-09-30 11:35:36', NULL, '2025-11-25 02:40:36', '2025-11-25 02:40:36'),
(71, 9, 101, 1, 'adjust', -3, 33, '2025-10-08 11:52:36', NULL, '2025-11-25 02:40:36', '2025-11-25 02:40:36'),
(72, 3, 200, 1, 'earn', 38, 43, '2025-10-15 00:11:36', NULL, '2025-11-25 02:40:36', '2025-11-25 02:40:36'),
(73, 2, 27, 1, 'adjust', -1, 84, '2025-10-02 12:43:36', NULL, '2025-11-25 02:40:36', '2025-11-25 02:40:36'),
(74, 4, 89, 1, 'redeem', -9, 7, '2025-11-04 11:31:36', NULL, '2025-11-25 02:40:36', '2025-11-25 02:40:36'),
(75, 11, 77, 1, 'earn', 34, 83, '2025-11-21 03:02:36', NULL, '2025-11-25 02:40:36', '2025-11-25 02:40:36'),
(76, 1, 241, 1, 'redeem', -10, -38, '2025-11-04 03:16:36', NULL, '2025-11-25 02:40:36', '2025-11-25 02:40:36'),
(77, 2, 27, 1, 'earn', 48, 133, '2025-10-13 10:44:36', NULL, '2025-11-25 02:40:36', '2025-11-25 02:40:36'),
(78, 5, 18, 1, 'redeem', -20, 11, '2025-09-27 11:04:36', NULL, '2025-11-25 02:40:36', '2025-11-25 02:40:36'),
(79, 6, 250, 1, 'redeem', -31, -19, '2025-11-01 06:03:36', NULL, '2025-11-25 02:40:36', '2025-11-25 02:40:36'),
(80, 6, 1, 1, 'adjust', 3, 15, '2025-10-19 19:21:36', NULL, '2025-11-25 02:40:36', '2025-11-25 02:40:36'),
(81, 10, 190, 1, 'redeem', -30, -76, '2025-10-07 11:58:36', NULL, '2025-11-25 02:40:36', '2025-11-25 02:40:36'),
(82, 5, 125, 1, 'adjust', -1, 30, '2025-11-08 01:20:36', NULL, '2025-11-25 02:40:36', '2025-11-25 02:40:36'),
(83, 11, 72, 1, 'earn', 7, 90, '2025-10-14 08:30:36', NULL, '2025-11-25 02:40:36', '2025-11-25 02:40:36'),
(84, 4, 20, 1, 'earn', 8, 15, '2025-10-09 09:05:36', NULL, '2025-11-25 02:40:36', '2025-11-25 02:40:36'),
(85, 6, 122, 1, 'adjust', 6, 18, '2025-10-27 19:52:36', NULL, '2025-11-25 02:40:36', '2025-11-25 02:40:36'),
(86, 3, 234, 1, 'adjust', 8, 13, '2025-09-30 14:27:36', NULL, '2025-11-25 02:40:36', '2025-11-25 02:40:36'),
(87, 6, 195, 1, 'earn', 31, 43, '2025-09-30 02:17:36', NULL, '2025-11-25 02:40:36', '2025-11-25 02:40:36'),
(88, 6, 90, 1, 'redeem', -13, -1, '2025-11-14 08:19:36', NULL, '2025-11-25 02:40:36', '2025-11-25 02:40:36'),
(89, 6, 226, 1, 'earn', 23, 35, '2025-11-20 08:55:36', NULL, '2025-11-25 02:40:36', '2025-11-25 02:40:36'),
(90, 6, 250, 1, 'earn', 14, 49, '2025-10-24 03:24:36', NULL, '2025-11-25 02:40:36', '2025-11-25 02:40:36'),
(91, 1, 206, 1, 'earn', 17, -21, '2025-11-16 19:46:36', NULL, '2025-11-25 02:40:36', '2025-11-25 02:40:36'),
(92, 1, 84, 1, 'earn', 36, 15, '2025-11-08 06:09:36', NULL, '2025-11-25 02:40:36', '2025-11-25 02:40:36'),
(93, 2, 41, 1, 'adjust', -5, 80, '2025-10-01 16:48:36', NULL, '2025-11-25 02:40:36', '2025-11-25 02:40:36'),
(94, 7, 237, 1, 'earn', 44, 161, '2025-11-12 16:52:36', NULL, '2025-11-25 02:40:36', '2025-11-25 02:40:36'),
(95, 9, 235, 1, 'adjust', -4, 32, '2025-11-23 00:23:36', NULL, '2025-11-25 02:40:36', '2025-11-25 02:40:36'),
(96, 7, 158, 1, 'earn', 32, 149, '2025-09-25 14:33:36', NULL, '2025-11-25 02:40:36', '2025-11-25 02:40:36'),
(97, 5, 56, 1, 'redeem', -25, 6, '2025-10-04 22:07:36', NULL, '2025-11-25 02:40:36', '2025-11-25 02:40:36'),
(98, 11, 225, 1, 'earn', 46, 129, '2025-10-03 14:57:36', NULL, '2025-11-25 02:40:36', '2025-11-25 02:40:36'),
(99, 4, 89, 1, 'adjust', -7, 0, '2025-10-14 02:27:36', NULL, '2025-11-25 02:40:36', '2025-11-25 02:40:36'),
(100, 10, 190, 1, 'adjust', -1, -47, '2025-11-06 07:23:36', NULL, '2025-11-25 02:40:36', '2025-11-25 02:40:36'),
(101, 1, 206, 1, 'earn', 13, -8, '2025-11-02 10:19:36', NULL, '2025-11-25 02:40:36', '2025-11-25 02:40:36'),
(102, 3, 150, 1, 'earn', 20, 25, '2025-10-22 09:17:36', NULL, '2025-11-25 02:40:36', '2025-11-25 02:40:36'),
(103, 10, 35, 1, 'redeem', -21, -67, '2025-11-13 22:39:36', NULL, '2025-11-25 02:40:36', '2025-11-25 02:40:36'),
(104, 3, 234, 1, 'earn', 16, 21, '2025-10-23 03:47:36', NULL, '2025-11-25 02:40:36', '2025-11-25 02:40:36'),
(105, 9, 74, 1, 'earn', 20, 56, '2025-11-14 07:40:36', NULL, '2025-11-25 02:40:36', '2025-11-25 02:40:36'),
(106, 7, 158, 1, 'earn', 18, 135, '2025-10-04 06:04:36', NULL, '2025-11-25 02:40:36', '2025-11-25 02:40:36'),
(107, 4, 199, 1, 'earn', 12, 19, '2025-10-26 01:48:36', NULL, '2025-11-25 02:40:36', '2025-11-25 02:40:36'),
(108, 9, 101, 1, 'redeem', -31, 5, '2025-09-25 20:14:36', NULL, '2025-11-25 02:40:36', '2025-11-25 02:40:36'),
(109, 3, 200, 1, 'earn', 19, 24, '2025-10-23 13:40:36', NULL, '2025-11-25 02:40:36', '2025-11-25 02:40:36'),
(110, 5, 223, 1, 'earn', 26, 57, '2025-11-11 02:01:36', NULL, '2025-11-25 02:40:36', '2025-11-25 02:40:36'),
(111, 11, 216, 1, 'earn', 7, 90, '2025-10-05 14:04:36', NULL, '2025-11-25 02:40:36', '2025-11-25 02:40:36'),
(112, 7, 158, 1, 'adjust', -6, 111, '2025-11-15 10:48:36', NULL, '2025-11-25 02:40:36', '2025-11-25 02:40:36'),
(113, 10, 78, 1, 'earn', 7, -39, '2025-10-16 05:00:36', NULL, '2025-11-25 02:40:36', '2025-11-25 02:40:36'),
(114, 7, 237, 1, 'adjust', -5, 112, '2025-10-27 01:37:36', NULL, '2025-11-25 02:40:36', '2025-11-25 02:40:36'),
(115, 2, 41, 1, 'earn', 47, 132, '2025-10-18 19:32:36', NULL, '2025-11-25 02:40:36', '2025-11-25 02:40:36'),
(116, 7, 201, 1, 'adjust', 8, 125, '2025-11-18 00:17:36', NULL, '2025-11-25 02:40:36', '2025-11-25 02:40:36'),
(117, 10, 190, 1, 'adjust', 0, -46, '2025-10-19 22:18:36', NULL, '2025-11-25 02:40:36', '2025-11-25 02:40:36'),
(118, 10, 190, 1, 'earn', 48, 2, '2025-11-22 03:47:36', NULL, '2025-11-25 02:40:36', '2025-11-25 02:40:36'),
(119, 3, 200, 1, 'redeem', -6, -1, '2025-10-21 20:01:36', NULL, '2025-11-25 02:40:36', '2025-11-25 02:40:36'),
(120, 4, 199, 1, 'redeem', -36, -29, '2025-10-26 07:19:36', NULL, '2025-11-25 02:40:36', '2025-11-25 02:40:36'),
(121, 4, 166, 1, 'earn', 9, 16, '2025-11-12 17:40:36', NULL, '2025-11-25 02:40:36', '2025-11-25 02:40:36'),
(122, 3, 15, 1, 'earn', 18, 23, '2025-11-11 15:40:36', NULL, '2025-11-25 02:40:36', '2025-11-25 02:40:36'),
(123, 7, 114, 1, 'earn', 38, 155, '2025-10-24 11:25:36', NULL, '2025-11-25 02:40:36', '2025-11-25 02:40:36'),
(124, 10, 190, 1, 'earn', 39, 41, '2025-10-11 23:05:36', NULL, '2025-11-25 02:40:36', '2025-11-25 02:40:36'),
(125, 7, 144, 1, 'redeem', -17, 100, '2025-10-16 20:58:36', NULL, '2025-11-25 02:40:36', '2025-11-25 02:40:36'),
(126, 1, 59, 1, 'adjust', 10, -11, '2025-11-20 00:22:36', NULL, '2025-11-25 02:40:36', '2025-11-25 02:40:36'),
(127, 6, 135, 1, 'adjust', 4, 39, '2025-11-17 13:49:36', NULL, '2025-11-25 02:40:36', '2025-11-25 02:40:36'),
(128, 10, 162, 1, 'adjust', 10, 12, '2025-10-25 05:03:36', NULL, '2025-11-25 02:40:36', '2025-11-25 02:40:36'),
(129, 10, 190, 1, 'adjust', 7, 9, '2025-10-23 03:29:36', NULL, '2025-11-25 02:40:36', '2025-11-25 02:40:36'),
(130, 8, 178, 1, 'earn', 46, 98, '2025-11-05 07:14:36', NULL, '2025-11-25 02:40:36', '2025-11-25 02:40:36'),
(131, 10, 35, 1, 'adjust', 6, 8, '2025-10-25 08:36:36', NULL, '2025-11-25 02:40:36', '2025-11-25 02:40:36'),
(132, 6, 250, 1, 'redeem', -21, 14, '2025-11-03 14:11:36', NULL, '2025-11-25 02:40:36', '2025-11-25 02:40:36'),
(133, 5, 24, 1, 'earn', 39, 70, '2025-11-06 04:29:36', NULL, '2025-11-25 02:40:36', '2025-11-25 02:40:36'),
(134, 4, 149, 1, 'earn', 47, 63, '2025-10-15 14:04:36', NULL, '2025-11-25 02:40:36', '2025-11-25 02:40:36'),
(135, 3, 249, 1, 'earn', 6, 11, '2025-11-12 18:29:36', NULL, '2025-11-25 02:40:36', '2025-11-25 02:40:36'),
(136, 1, 84, 1, 'redeem', -30, -41, '2025-11-01 01:01:36', NULL, '2025-11-25 02:40:36', '2025-11-25 02:40:36'),
(137, 6, 250, 1, 'earn', 38, 73, '2025-10-26 01:51:36', NULL, '2025-11-25 02:40:36', '2025-11-25 02:40:36'),
(138, 2, 131, 1, 'adjust', 10, 95, '2025-11-15 00:22:36', NULL, '2025-11-25 02:40:36', '2025-11-25 02:40:36'),
(139, 1, 84, 1, 'earn', 45, 34, '2025-11-15 09:00:36', NULL, '2025-11-25 02:40:36', '2025-11-25 02:40:36'),
(140, 3, 174, 1, 'earn', 30, 35, '2025-10-14 03:23:36', NULL, '2025-11-25 02:40:36', '2025-11-25 02:40:36'),
(141, 4, 120, 1, 'earn', 31, 47, '2025-11-18 09:52:36', NULL, '2025-11-25 02:40:36', '2025-11-25 02:40:36'),
(142, 11, 229, 1, 'earn', 24, 107, '2025-10-30 08:54:36', NULL, '2025-11-25 02:40:36', '2025-11-25 02:40:36'),
(143, 6, 226, 1, 'earn', 47, 82, '2025-11-07 08:59:36', NULL, '2025-11-25 02:40:36', '2025-11-25 02:40:36'),
(144, 2, 217, 1, 'adjust', 0, 95, '2025-10-24 19:26:36', NULL, '2025-11-25 02:40:36', '2025-11-25 02:40:36'),
(145, 10, 190, 1, 'redeem', -40, -38, '2025-10-15 13:54:36', NULL, '2025-11-25 02:40:36', '2025-11-25 02:40:36'),
(146, 6, 1, 1, 'earn', 9, 44, '2025-11-09 17:43:36', NULL, '2025-11-25 02:40:36', '2025-11-25 02:40:36'),
(147, 3, 15, 1, 'earn', 35, 40, '2025-10-23 00:45:36', NULL, '2025-11-25 02:40:36', '2025-11-25 02:40:36'),
(148, 11, 77, 1, 'earn', 43, 126, '2025-11-01 06:34:36', NULL, '2025-11-25 02:40:36', '2025-11-25 02:40:36'),
(149, 9, 219, 1, 'earn', 28, 64, '2025-10-13 01:34:36', NULL, '2025-11-25 02:40:36', '2025-11-25 02:40:36'),
(150, 4, 20, 1, 'earn', 10, 57, '2025-11-18 00:49:36', NULL, '2025-11-25 02:40:36', '2025-11-25 02:40:36');
INSERT INTO `menu_item_translations` (`id`, `menu_item_id`, `locale`, `name`, `description`, `created_at`, `updated_at`) VALUES
(1, 1, 'en', 'Fresh Spring Rolls', 'Crispy spring rolls filled with fresh vegetables and herbs, served with sweet chili sauce', '2025-11-25 02:40:25', '2025-11-25 02:40:25'),
(2, 1, 'km', '', '   ', '2025-11-25 02:40:25', '2025-11-25 02:40:25'),
(3, 2, 'en', 'Chicken Satay', 'Grilled chicken skewers marinated in aromatic spices, served with peanut sauce', '2025-11-25 02:40:25', '2025-11-25 02:40:25'),
(4, 2, 'km', '', ' ', '2025-11-25 02:40:25', '2025-11-25 02:40:25'),
(5, 3, 'en', 'Cambodian Fish Cakes', 'Traditional fish cakes made with fresh river fish and aromatic herbs', '2025-11-25 02:40:25', '2025-11-25 02:40:25'),
(6, 3, 'km', '', '  ', '2025-11-25 02:40:25', '2025-11-25 02:40:25'),
(7, 4, 'en', 'Green Papaya Salad', 'Fresh and tangy salad with shredded green papaya, tomatoes, and lime dressing', '2025-11-25 02:40:25', '2025-11-25 02:40:25'),
(8, 4, 'km', '', '  ', '2025-11-25 02:40:25', '2025-11-25 02:40:25'),
(9, 5, 'en', 'Cambodian Beef Salad', 'Tender beef slices with fresh herbs, vegetables and tangy lime dressing', '2025-11-25 02:40:25', '2025-11-25 02:40:25'),
(10, 5, 'km', '', '  ', '2025-11-25 02:40:25', '2025-11-25 02:40:25'),
(11, 6, 'en', 'Mixed Appetizer Platter', 'A selection of our finest appetizers perfect for sharing', '2025-11-25 02:40:25', '2025-11-25 02:40:25'),
(12, 6, 'km', '', '', '2025-11-25 02:40:25', '2025-11-25 02:40:25'),
(13, 7, 'en', 'Traditional Khmer Noodle Soup', 'Authentic Cambodian noodle soup with rich broth and fresh herbs', '2025-11-25 02:40:25', '2025-11-25 02:40:25'),
(14, 7, 'km', '', '  ', '2025-11-25 02:40:25', '2025-11-25 02:40:25'),
(15, 8, 'en', 'Pad Thai', 'Classic Thai stir-fried noodles with shrimp, tofu, and bean sprouts', '2025-11-25 02:40:25', '2025-11-25 02:40:25'),
(16, 8, 'km', '', '   ', '2025-11-25 02:40:25', '2025-11-25 02:40:25'),
(17, 9, 'en', 'Spaghetti Carbonara', 'Classic Italian pasta with creamy sauce, bacon, and parmesan cheese', '2025-11-25 02:40:25', '2025-11-25 02:40:25'),
(18, 9, 'km', '', '  ', '2025-11-25 02:40:25', '2025-11-25 02:40:25'),
(19, 10, 'en', 'Sour Fish Soup', 'Traditional Cambodian sour soup with fresh fish and vegetables', '2025-11-25 02:40:25', '2025-11-25 02:40:25'),
(20, 10, 'km', '', '  ', '2025-11-25 02:40:25', '2025-11-25 02:40:25'),
(21, 11, 'en', 'Chicken Coconut Soup', 'Creamy coconut soup with tender chicken and aromatic herbs', '2025-11-25 02:40:25', '2025-11-25 02:40:25'),
(22, 11, 'km', '', '  ', '2025-11-25 02:40:25', '2025-11-25 02:40:25'),
(23, 12, 'en', 'Lotus Stem Salad', 'Crunchy lotus stem salad with herbs and lime dressing', '2025-11-25 02:40:25', '2025-11-25 02:40:25'),
(24, 12, 'km', '', '  ', '2025-11-25 02:40:25', '2025-11-25 02:40:25'),
(25, 13, 'en', 'Sticky Rice with Mango', 'Sweet sticky rice served with fresh mango slices and coconut milk', '2025-11-25 02:40:25', '2025-11-25 02:40:25'),
(26, 13, 'km', '', '  ', '2025-11-25 02:40:25', '2025-11-25 02:40:25'),
(27, 14, 'en', 'Coconut Custard', 'Traditional Cambodian coconut custard dessert', '2025-11-25 02:40:25', '2025-11-25 02:40:25'),
(28, 14, 'km', '', '', '2025-11-25 02:40:25', '2025-11-25 02:40:25'),
(29, 15, 'en', 'Coconut Ice Cream', 'Creamy coconut ice cream made with fresh coconut milk', '2025-11-25 02:40:25', '2025-11-25 02:40:25'),
(30, 15, 'km', '', '', '2025-11-25 02:40:25', '2025-11-25 02:40:25'),
(31, 16, 'en', 'Mango Ice Cream', 'Rich and creamy mango ice cream made with fresh mangoes', '2025-11-25 02:40:25', '2025-11-25 02:40:25'),
(32, 16, 'km', '', '', '2025-11-25 02:40:25', '2025-11-25 02:40:25'),
(33, 17, 'en', 'Chocolate Cake', 'Rich chocolate cake with smooth chocolate ganache', '2025-11-25 02:40:25', '2025-11-25 02:40:25'),
(34, 17, 'km', '', '', '2025-11-25 02:40:25', '2025-11-25 02:40:25'),
(35, 18, 'en', 'Traditional Cambodian Coffee', 'Strong Cambodian coffee served with condensed milk', '2025-11-25 02:40:25', '2025-11-25 02:40:25'),
(36, 18, 'km', '', '', '2025-11-25 02:40:25', '2025-11-25 02:40:25'),
(37, 19, 'en', 'Jasmine Tea', 'Fragrant jasmine tea served hot', '2025-11-25 02:40:25', '2025-11-25 02:40:25'),
(38, 19, 'km', '', '', '2025-11-25 02:40:25', '2025-11-25 02:40:25'),
(39, 20, 'en', 'Iced Coffee', 'Refreshing iced coffee with condensed milk', '2025-11-25 02:40:25', '2025-11-25 02:40:25'),
(40, 20, 'km', '', '', '2025-11-25 02:40:25', '2025-11-25 02:40:25'),
(41, 21, 'en', 'Soft Drinks', 'Selection of carbonated soft drinks', '2025-11-25 02:40:25', '2025-11-25 02:40:25'),
(42, 21, 'km', '', '', '2025-11-25 02:40:25', '2025-11-25 02:40:25'),
(43, 22, 'en', 'Fresh Orange Juice', 'Freshly squeezed orange juice', '2025-11-25 02:40:25', '2025-11-25 02:40:25'),
(44, 22, 'km', '', '', '2025-11-25 02:40:25', '2025-11-25 02:40:25'),
(45, 23, 'en', 'Watermelon Juice', 'Fresh watermelon juice, perfect for hot weather', '2025-11-25 02:40:25', '2025-11-25 02:40:25'),
(46, 23, 'km', '', '', '2025-11-25 02:40:25', '2025-11-25 02:40:25'),
(47, 24, 'en', 'Angkor Beer', 'Cambodia\'s premium local beer', '2025-11-25 02:40:25', '2025-11-25 02:40:25'),
(48, 24, 'km', '', '', '2025-11-25 02:40:25', '2025-11-25 02:40:25'),
(49, 25, 'en', 'House Red Wine', 'Our selection of red wine by the glass', '2025-11-25 02:40:25', '2025-11-25 02:40:25'),
(50, 25, 'km', '', '', '2025-11-25 02:40:25', '2025-11-25 02:40:25'),
(51, 26, 'en', 'Grilled Fish in Banana Leaf', 'Fresh fish grilled in banana leaf with traditional Khmer spices', '2025-11-25 02:40:25', '2025-11-25 02:40:25'),
(52, 26, 'km', '', '', '2025-11-25 02:40:25', '2025-11-25 02:40:25'),
(53, 27, 'en', 'Steamed Fish with Ginger', 'Delicate steamed fish with fresh ginger and soy sauce', '2025-11-25 02:40:25', '2025-11-25 02:40:25'),
(54, 27, 'km', '', '  ', '2025-11-25 02:40:25', '2025-11-25 02:40:25'),
(55, 28, 'en', 'Prawns in Tamarind Sauce', 'Fresh prawns cooked in sweet and sour tamarind sauce', '2025-11-25 02:40:25', '2025-11-25 02:40:25'),
(56, 28, 'km', '', '', '2025-11-25 02:40:25', '2025-11-25 02:40:25'),
(57, 29, 'en', 'Grilled Beef in Lolot Leaves', 'Premium beef wrapped in aromatic lolot leaves and grilled to perfection', '2025-11-25 02:40:25', '2025-11-25 02:40:25'),
(58, 29, 'km', '', ' ', '2025-11-25 02:40:25', '2025-11-25 02:40:25'),
(59, 30, 'en', 'Grilled Pork Ribs', 'Tender pork ribs marinated in special sauce and grilled over charcoal', '2025-11-25 02:40:25', '2025-11-25 02:40:25'),
(60, 30, 'km', '', ' ', '2025-11-25 02:40:25', '2025-11-25 02:40:25'),
(61, 31, 'en', 'Grilled Chicken Wings', 'Juicy chicken wings marinated in herbs and spices, grilled to golden perfection', '2025-11-25 02:40:25', '2025-11-25 02:40:25'),
(62, 31, 'km', '', ' ', '2025-11-25 02:40:25', '2025-11-25 02:40:25'),
(63, 32, 'en', 'Stir-fried Morning Glory', 'Fresh water spinach stir-fried with garlic and oyster sauce', '2025-11-25 02:40:25', '2025-11-25 02:40:25'),
(64, 32, 'km', '', '  ', '2025-11-25 02:40:25', '2025-11-25 02:40:25'),
(65, 33, 'en', 'Tofu Red Curry', 'Silky tofu in aromatic red curry with vegetables', '2025-11-25 02:40:25', '2025-11-25 02:40:25'),
(66, 33, 'km', '', '', '2025-11-25 02:40:25', '2025-11-25 02:40:25'),
(67, 34, 'en', 'Signature Gourmet Burger', 'Premium beef patty, aged cheddar, crispy bacon, special sauce, fresh lettuce, tomato on a brioche bun', '2025-11-25 10:13:32', '2025-11-25 10:13:32'),
(68, 35, 'en', 'Truffle Pasta Carbonara', 'Authentic Italian pasta with black truffle oil, pancetta, parmesan, and organic egg yolk', '2025-11-25 10:13:32', '2025-11-25 10:13:32'),
(69, 36, 'en', 'Chocolate Lava Cake', 'Warm molten chocolate center, premium vanilla ice cream, fresh berry compote', '2025-11-25 10:13:32', '2025-11-25 10:13:32');
INSERT INTO `menu_items` (`id`, `location_id`, `category_id`, `sku`, `slug`, `price`, `rating`, `reviews_count`, `cost`, `prep_time`, `calories`, `image_path`, `is_popular`, `is_featured`, `featured_order`, `badge`, `is_active`, `display_order`, `created_at`, `updated_at`) VALUES
(1, 1, 1, NULL, 'spring-rolls', '8.50', NULL, 0, '3.20', NULL, NULL, '\\images\\menu-items\\spring-rolls.jpg', 1, 1, 1, 'Best Seller', 1, 0, '2025-11-25 02:40:25', '2025-11-25 08:55:30'),
(2, 1, 1, NULL, 'chicken-satay', '12.00', NULL, 0, '4.50', NULL, NULL, '\\images\\menu-items\\chicken-satay.jpg', 1, 1, 2, 'Chef\'s Choice', 1, 0, '2025-11-25 02:40:25', '2025-11-25 08:55:30'),
(3, 1, 1, NULL, 'fish-cakes', '10.50', NULL, 0, '4.00', NULL, NULL, '\\images\\menu-items\\fish-cakes.jpg', 0, 1, 3, 'Trending', 1, 0, '2025-11-25 02:40:25', '2025-11-25 08:55:30'),
(4, 1, 1, NULL, 'papaya-salad', '9.00', NULL, 0, '2.50', NULL, NULL, '\\images\\menu-items\\papaya-salad.jpg', 1, 0, 999, NULL, 1, 0, '2025-11-25 02:40:25', '2025-11-25 02:40:25'),
(5, 1, 1, NULL, 'beef-salad', '13.50', NULL, 0, '5.00', NULL, NULL, '\\images\\menu-items\\beef-salad.jpg', 1, 0, 999, NULL, 1, 0, '2025-11-25 02:40:25', '2025-11-25 02:40:25'),
(6, 1, 1, NULL, 'mixed-appetizer-platter', '28.00', NULL, 0, '12.00', NULL, NULL, '\\images\\menu-items\\mixed-appetizer-platter.jpg', 1, 0, 999, NULL, 1, 0, '2025-11-25 02:40:25', '2025-11-25 02:40:25'),
(7, 1, 2, NULL, 'khmer-noodle-soup', '12.50', NULL, 0, '4.00', NULL, NULL, '\\images\\menu-items\\khmer-noodle-soup.jpg', 1, 0, 999, NULL, 1, 0, '2025-11-25 02:40:25', '2025-11-25 02:40:25'),
(8, 1, 2, NULL, 'pad-thai', '14.00', NULL, 0, '4.50', NULL, NULL, '\\images\\menu-items\\pad-thai.jpg', 1, 0, 999, NULL, 1, 0, '2025-11-25 02:40:25', '2025-11-25 02:40:25'),
(9, 1, 2, NULL, 'spaghetti-carbonara', '16.50', NULL, 0, '5.50', NULL, NULL, '\\images\\menu-items\\spaghetti-carbonara.jpg', 0, 0, 999, NULL, 1, 0, '2025-11-25 02:40:25', '2025-11-25 02:40:25'),
(10, 1, 3, NULL, 'sour-soup-fish', '15.00', NULL, 0, '5.50', NULL, NULL, '\\images\\menu-items\\sour-soup-fish.jpg', 1, 0, 999, NULL, 1, 0, '2025-11-25 02:40:25', '2025-11-25 02:40:25'),
(11, 1, 3, NULL, 'chicken-coconut-soup', '13.50', NULL, 0, '4.50', NULL, NULL, '\\images\\menu-items\\chicken-coconut-soup.jpg', 1, 0, 999, NULL, 1, 0, '2025-11-25 02:40:25', '2025-11-25 02:40:25'),
(12, 1, 3, NULL, 'lotus-stem-salad', '10.00', NULL, 0, '3.00', NULL, NULL, '\\images\\menu-items\\lotus-stem-salad.jpg', 0, 0, 999, NULL, 1, 0, '2025-11-25 02:40:25', '2025-11-25 02:40:25'),
(13, 1, 4, NULL, 'sticky-rice-mango', '7.50', NULL, 0, '2.50', NULL, NULL, '\\images\\menu-items\\sticky-rice-mango.jpg', 1, 0, 999, NULL, 1, 0, '2025-11-25 02:40:25', '2025-11-25 02:40:25'),
(14, 1, 4, NULL, 'coconut-custard', '6.50', NULL, 0, '2.00', NULL, NULL, '\\images\\menu-items\\coconut-custard.jpg', 1, 0, 999, NULL, 1, 0, '2025-11-25 02:40:25', '2025-11-25 02:40:25'),
(15, 1, 4, NULL, 'coconut-ice-cream', '5.50', NULL, 0, '1.50', NULL, NULL, '\\images\\menu-items\\coconut-ice-cream.jpg', 1, 0, 999, NULL, 1, 0, '2025-11-25 02:40:25', '2025-11-25 02:40:25'),
(16, 1, 4, NULL, 'mango-ice-cream', '6.00', NULL, 0, '1.80', NULL, NULL, '\\images\\menu-items\\mango-ice-cream.jpg', 1, 0, 999, NULL, 1, 0, '2025-11-25 02:40:25', '2025-11-25 02:40:25'),
(17, 1, 4, NULL, 'chocolate-cake', '8.50', NULL, 0, '3.00', NULL, NULL, '\\images\\menu-items\\chocolate-cake.jpg', 1, 0, 999, NULL, 1, 0, '2025-11-25 02:40:25', '2025-11-25 02:40:25'),
(18, 1, 5, NULL, 'cambodian-coffee', '4.50', NULL, 0, '1.00', NULL, NULL, '\\images\\menu-items\\cambodian-coffee.jpg', 1, 0, 999, NULL, 1, 0, '2025-11-25 02:40:25', '2025-11-25 02:40:25'),
(19, 1, 5, NULL, 'jasmine-tea', '3.50', NULL, 0, '0.80', NULL, NULL, '\\images\\menu-items\\jasmine-tea.jpg', 1, 0, 999, NULL, 1, 0, '2025-11-25 02:40:25', '2025-11-25 02:40:25'),
(20, 1, 5, NULL, 'iced-coffee', '4.00', NULL, 0, '1.20', NULL, NULL, '\\images\\menu-items\\iced-coffee.jpg', 1, 0, 999, NULL, 1, 0, '2025-11-25 02:40:25', '2025-11-25 02:40:25'),
(21, 1, 5, NULL, 'soft-drinks', '2.50', NULL, 0, '0.80', NULL, NULL, '\\images\\menu-items\\soft-drinks.jpg', 1, 0, 999, NULL, 1, 0, '2025-11-25 02:40:25', '2025-11-25 02:40:25'),
(22, 1, 5, NULL, 'fresh-orange-juice', '5.50', NULL, 0, '2.00', NULL, NULL, '\\images\\menu-items\\fresh-orange-juice.jpg', 1, 0, 999, NULL, 1, 0, '2025-11-25 02:40:25', '2025-11-25 02:40:25'),
(23, 1, 5, NULL, 'watermelon-juice', '4.50', NULL, 0, '1.50', NULL, NULL, '\\images\\menu-items\\watermelon-juice.jpg', 1, 0, 999, NULL, 1, 0, '2025-11-25 02:40:25', '2025-11-25 02:40:25'),
(24, 1, 5, NULL, 'angkor-beer', '3.50', NULL, 0, '1.50', NULL, NULL, '\\images\\menu-items\\angkor-beer.jpg', 1, 0, 999, NULL, 1, 0, '2025-11-25 02:40:25', '2025-11-25 02:40:25'),
(25, 1, 5, NULL, 'house-wine-red', '8.50', NULL, 0, '3.50', NULL, NULL, '\\images\\menu-items\\house-wine-red.jpg', 0, 0, 999, NULL, 1, 0, '2025-11-25 02:40:25', '2025-11-25 02:40:25'),
(26, 1, 11, NULL, 'grilled-fish-banana-leaf', '25.00', NULL, 0, '10.00', NULL, NULL, '\\images\\menu-items\\grilled-fish-banana-leaf.jpg', 1, 0, 999, NULL, 1, 0, '2025-11-25 02:40:25', '2025-11-25 02:40:25'),
(27, 1, 11, NULL, 'steamed-fish-ginger', '28.00', NULL, 0, '12.00', NULL, NULL, '\\images\\menu-items\\steamed-fish-ginger.jpg', 1, 0, 999, NULL, 1, 0, '2025-11-25 02:40:25', '2025-11-25 02:40:25'),
(28, 1, 11, NULL, 'prawns-tamarind-sauce', '32.00', NULL, 0, '14.00', NULL, NULL, '\\images\\menu-items\\prawns-tamarind-sauce.jpg', 1, 0, 999, NULL, 1, 0, '2025-11-25 02:40:25', '2025-11-25 02:40:25'),
(29, 1, 9, NULL, 'grilled-beef-lolot', '18.50', NULL, 0, '7.50', NULL, NULL, '\\images\\menu-items\\grilled-beef-lolot.jpg', 1, 0, 999, NULL, 1, 0, '2025-11-25 02:40:25', '2025-11-25 02:40:25'),
(30, 1, 9, NULL, 'grilled-pork-ribs', '22.00', NULL, 0, '9.00', NULL, NULL, '\\images\\menu-items\\grilled-pork-ribs.jpg', 1, 0, 999, NULL, 1, 0, '2025-11-25 02:40:25', '2025-11-25 02:40:25'),
(31, 1, 9, NULL, 'grilled-chicken-wings', '15.00', NULL, 0, '5.50', NULL, NULL, '\\images\\menu-items\\grilled-chicken-wings.jpg', 1, 0, 999, NULL, 1, 0, '2025-11-25 02:40:25', '2025-11-25 02:40:25'),
(32, 1, 12, NULL, 'stir-fried-morning-glory', '8.00', NULL, 0, '2.00', NULL, NULL, '\\images\\menu-items\\stir-fried-morning-glory.jpg', 1, 0, 999, NULL, 1, 0, '2025-11-25 02:40:25', '2025-11-25 02:40:25'),
(33, 1, 12, NULL, 'tofu-curry', '11.50', NULL, 0, '3.50', NULL, NULL, '\\images\\menu-items\\tofu-curry.jpg', 0, 0, 999, NULL, 1, 0, '2025-11-25 02:40:25', '2025-11-25 02:40:25'),
(34, 1, NULL, 'FEAT-001', 'signature-gourmet-burger', '14.99', 4.9, 342, '6.50', 15, NULL, 'images/menu-items/burger-featured.jpg', 1, 0, 1, 'Best Seller', 1, 1, '2025-11-25 10:13:32', '2025-11-25 10:13:32'),
(35, 1, 10, 'FEAT-002', 'truffle-pasta-carbonara', '16.99', 4.8, 289, '7.20', 20, NULL, 'images/menu-items/pasta-featured.jpg', 1, 0, 2, 'Chef\'s Choice', 1, 2, '2025-11-25 10:13:32', '2025-11-25 10:13:32'),
(36, 1, 15, 'FEAT-003', 'chocolate-lava-cake', '8.99', 5, 456, '3.20', 10, NULL, 'images/menu-items/dessert-featured.jpg', 1, 0, 3, 'Trending', 1, 3, '2025-11-25 10:13:32', '2025-11-25 10:13:32');
INSERT INTO `migrations` (`id`, `migration`, `batch`) VALUES
(1, '0001_01_01_000000_create_users_table', 1),
(2, '0001_01_01_000001_create_cache_table', 1),
(3, '0001_01_01_000002_create_jobs_table', 1),
(4, '2025_09_18_080023_create_locations_table', 1),
(5, '2025_09_18_080024_create_settings_table', 1),
(6, '2025_09_18_080025_alter_users_add_profile_fields', 1),
(7, '2025_09_18_080025_create_units_table', 1),
(8, '2025_09_18_080026_create_roles_table', 1),
(9, '2025_09_18_080027_create_permissions_table', 1),
(10, '2025_09_18_080028_create_role_permission_table', 1),
(11, '2025_09_18_080029_create_role_user_table', 1),
(12, '2025_09_18_080030_create_audit_logs_table', 1),
(13, '2025_09_18_080031_create_positions_table', 1),
(14, '2025_09_18_080032_create_employees_table', 1),
(15, '2025_09_18_080033_create_attendances_table', 1),
(16, '2025_09_18_080034_create_payrolls_table', 1),
(17, '2025_09_18_080035_create_leave_requests_table', 1),
(18, '2025_09_18_080036_create_categories_table', 1),
(19, '2025_09_18_080037_create_category_translations_table', 1),
(20, '2025_09_18_080038_create_menu_items_table', 1),
(21, '2025_09_18_080039_create_menu_item_translations_table', 1),
(22, '2025_09_18_080040_create_recipes_table', 1),
(23, '2025_09_18_080043_create_ingredients_table', 1),
(24, '2025_09_18_080044_create_purchase_orders_table', 1),
(25, '2025_09_18_080044_create_suppliers_table', 1),
(26, '2025_09_18_080045_create_purchase_order_items_table', 1),
(27, '2025_09_18_080046_create_inventory_transactions_table', 1),
(28, '2025_09_18_080048_create_floors_table', 1),
(29, '2025_09_18_080049_create_tables_table', 1),
(30, '2025_09_18_080051_create_payment_methods_table', 1),
(31, '2025_09_18_080052_create_orders_table', 1),
(32, '2025_09_18_080053_create_order_items_table', 1),
(33, '2025_09_18_080054_create_invoices_table', 1),
(34, '2025_09_18_080057_create_customers_table', 1),
(35, '2025_09_18_080058_create_feedback_table', 1),
(36, '2025_09_18_080058_create_reservations_table', 1),
(37, '2025_09_18_080100_create_loyalty_points_table', 1),
(38, '2025_09_18_080101_create_expense_categories_table', 1),
(39, '2025_09_18_080102_create_expenses_table', 1),
(40, '2025_09_18_102300_create_recipe_ingredients_table', 1),
(41, '2025_09_18_103300_create_promotions_table', 1),
(42, '2025_09_18_110000_create_customer_addresses_table', 1),
(43, '2025_09_18_110100_create_operating_hours_table', 1),
(44, '2025_09_18_110300_create_order_time_slots_table', 1),
(45, '2025_09_18_110400_add_online_ordering_fields_to_orders_table', 1),
(46, '2025_09_18_120000_update_orders_base_structure', 1),
(47, '2025_09_18_120010_update_payment_methods_structure', 1),
(48, '2025_09_18_120020_update_customers_structure', 1),
(49, '2025_09_18_130000_create_personal_access_tokens_table', 1),
(50, '2025_09_19_140500_fix_schema_relationships_phase1', 1),
(51, '2025_09_19_141000_fix_schema_relationships_phase2', 1),
(52, '2025_09_28_160000_fix_order_status_enum', 1),
(53, '2025_09_29_120000_add_order_preparation_fields', 1),
(54, '2025_09_29_120000_add_payment_method_fields', 1),
(55, '2025_10_21_000003_create_customer_requests_table', 1),
(56, '2025_10_21_093333_rename_total_column_in_orders_table', 1),
(57, '2025_10_21_093600_create_order_items_table', 1),
(58, '2025_10_21_093601_create_invoices_table', 1),
(59, '2025_10_21_093601_create_payments_table', 1),
(60, '2025_10_21_094728_add_image_to_categories_table', 1),
(61, '2025_10_21_094841_add_fields_to_menu_items_table', 1),
(62, '2025_10_21_095159_add_customer_code_to_customers_table', 1),
(63, '2025_10_21_095331_add_additional_fields_to_customers_table', 1),
(64, '2025_10_21_100100_add_fields_to_payment_methods_table', 1),
(65, '2025_10_21_100200_align_order_table_columns', 1),
(66, '2025_10_21_100300_align_order_items_columns', 1),
(67, '2025_10_21_100400_align_invoice_columns', 1),
(68, '2025_10_21_100600_recreate_payments_table', 1),
(69, '2025_10_27_000000_add_order_id_to_customer_requests_table', 1),
(70, '2025_10_27_000001_create_notifications_table', 1),
(71, '2025_10_27_114513_add_approval_workflow_to_orders_table', 1),
(72, '2025_10_27_122508_add_order_id_to_customer_requests_table', 1),
(73, '2025_11_01_000000_fix_user_password_hashing', 1),
(74, '2025_11_01_000001_fix_admin_password', 1),
(75, '2025_11_11_103757_update_user_passwords_to_bcrypt', 1),
(76, '2025_11_19_140000_add_parent_id_to_categories_table', 1),
(77, '2024_12_01_000001_add_featured_fields_to_menu_items_table', 2),
(78, '2025_11_25_084746_add_featured_fields_to_menu_items_table', 3),
(79, '2025_11_25_000002_add_rating_and_reviews_to_menu_items_table', 4);


INSERT INTO `order_items` (`id`, `order_id`, `menu_item_id`, `quantity`, `unit_price`, `discount_amount`, `tax_amount`, `total_price`, `status`, `special_instructions`, `created_at`, `updated_at`) VALUES
(1, 1, 16, 1, '6.00', '0.00', '0.00', '6.00', 'pending', 'Extra spicy', '2025-11-25 02:40:31', '2025-11-25 02:40:31'),
(2, 1, 26, 3, '25.00', '0.00', '0.00', '75.00', 'pending', 'Extra sauce', '2025-11-25 02:40:31', '2025-11-25 02:40:31'),
(3, 1, 28, 3, '32.00', '0.00', '0.00', '96.00', 'pending', 'Medium rare', '2025-11-25 02:40:31', '2025-11-25 02:40:31'),
(4, 2, 1, 1, '8.50', '0.00', '0.00', '8.50', 'pending', 'Well done', '2025-11-25 02:40:32', '2025-11-25 02:40:32'),
(5, 2, 12, 2, '10.00', '0.00', '0.00', '20.00', 'pending', 'Extra spicy', '2025-11-25 02:40:32', '2025-11-25 02:40:32'),
(6, 2, 13, 2, '7.50', '0.00', '0.00', '15.00', 'pending', NULL, '2025-11-25 02:40:32', '2025-11-25 02:40:32'),
(7, 2, 19, 3, '3.50', '0.00', '0.00', '10.50', 'pending', 'Mild spice', '2025-11-25 02:40:32', '2025-11-25 02:40:32'),
(8, 2, 20, 1, '4.00', '0.00', '0.00', '4.00', 'pending', NULL, '2025-11-25 02:40:32', '2025-11-25 02:40:32'),
(9, 3, 32, 3, '8.00', '0.00', '0.00', '24.00', 'pending', 'Extra herbs', '2025-11-25 02:40:32', '2025-11-25 02:40:32'),
(10, 4, 25, 1, '8.50', '0.00', '0.00', '8.50', 'pending', 'Extra cheese', '2025-11-25 02:40:32', '2025-11-25 02:40:32'),
(11, 4, 28, 1, '32.00', '0.00', '0.00', '32.00', 'pending', 'On the side', '2025-11-25 02:40:32', '2025-11-25 02:40:32'),
(12, 4, 33, 2, '11.50', '0.00', '0.00', '23.00', 'pending', NULL, '2025-11-25 02:40:32', '2025-11-25 02:40:32'),
(13, 5, 12, 3, '10.00', '0.00', '0.00', '30.00', 'pending', 'No onions', '2025-11-25 02:40:32', '2025-11-25 02:40:32'),
(14, 5, 22, 3, '5.50', '0.00', '0.00', '16.50', 'pending', 'Medium rare', '2025-11-25 02:40:32', '2025-11-25 02:40:32'),
(15, 5, 24, 3, '3.50', '0.00', '0.00', '10.50', 'pending', 'Mild spice', '2025-11-25 02:40:32', '2025-11-25 02:40:32'),
(16, 6, 4, 3, '9.00', '0.00', '0.00', '27.00', 'pending', 'No onions', '2025-11-25 02:40:32', '2025-11-25 02:40:32'),
(17, 7, 9, 3, '16.50', '0.00', '0.00', '49.50', 'pending', 'Extra spicy', '2025-11-25 02:40:32', '2025-11-25 02:40:32'),
(18, 7, 16, 1, '6.00', '0.00', '0.00', '6.00', 'pending', 'Extra sauce', '2025-11-25 02:40:32', '2025-11-25 02:40:32'),
(19, 7, 24, 3, '3.50', '0.00', '0.00', '10.50', 'pending', 'Medium rare', '2025-11-25 02:40:32', '2025-11-25 02:40:32'),
(20, 8, 16, 1, '6.00', '0.00', '0.00', '6.00', 'pending', 'Well done', '2025-11-25 02:40:32', '2025-11-25 02:40:32'),
(21, 9, 17, 2, '8.50', '0.00', '0.00', '17.00', 'pending', 'Mild spice', '2025-11-25 02:40:32', '2025-11-25 02:40:32'),
(22, 9, 23, 3, '4.50', '0.00', '0.00', '13.50', 'pending', NULL, '2025-11-25 02:40:32', '2025-11-25 02:40:32'),
(23, 9, 26, 3, '25.00', '0.00', '0.00', '75.00', 'pending', 'Medium rare', '2025-11-25 02:40:32', '2025-11-25 02:40:32'),
(24, 9, 27, 1, '28.00', '0.00', '0.00', '28.00', 'pending', NULL, '2025-11-25 02:40:32', '2025-11-25 02:40:32'),
(25, 9, 33, 2, '11.50', '0.00', '0.00', '23.00', 'pending', 'Extra herbs', '2025-11-25 02:40:32', '2025-11-25 02:40:32'),
(26, 10, 11, 2, '13.50', '0.00', '0.00', '27.00', 'pending', 'Extra sauce', '2025-11-25 02:40:32', '2025-11-25 02:40:32'),
(27, 10, 12, 3, '10.00', '0.00', '0.00', '30.00', 'pending', NULL, '2025-11-25 02:40:32', '2025-11-25 02:40:32'),
(28, 10, 30, 3, '22.00', '0.00', '0.00', '66.00', 'pending', NULL, '2025-11-25 02:40:32', '2025-11-25 02:40:32'),
(29, 11, 6, 2, '28.00', '0.00', '0.00', '56.00', 'pending', NULL, '2025-11-25 02:40:32', '2025-11-25 02:40:32'),
(30, 11, 9, 1, '16.50', '0.00', '0.00', '16.50', 'pending', 'Well done', '2025-11-25 02:40:32', '2025-11-25 02:40:32'),
(31, 11, 13, 3, '7.50', '0.00', '0.00', '22.50', 'pending', 'Medium rare', '2025-11-25 02:40:32', '2025-11-25 02:40:32'),
(32, 11, 14, 2, '6.50', '0.00', '0.00', '13.00', 'pending', NULL, '2025-11-25 02:40:32', '2025-11-25 02:40:32'),
(33, 11, 20, 3, '4.00', '0.00', '0.00', '12.00', 'pending', 'Well done', '2025-11-25 02:40:32', '2025-11-25 02:40:32'),
(34, 11, 33, 2, '11.50', '0.00', '0.00', '23.00', 'pending', 'Medium rare', '2025-11-25 02:40:32', '2025-11-25 02:40:32'),
(35, 12, 19, 2, '3.50', '0.00', '0.00', '7.00', 'pending', NULL, '2025-11-25 02:40:32', '2025-11-25 02:40:32'),
(36, 13, 1, 1, '8.50', '0.00', '0.00', '8.50', 'pending', NULL, '2025-11-25 02:40:32', '2025-11-25 02:40:32'),
(37, 13, 11, 3, '13.50', '0.00', '0.00', '40.50', 'pending', 'Well done', '2025-11-25 02:40:32', '2025-11-25 02:40:32'),
(38, 13, 12, 2, '10.00', '0.00', '0.00', '20.00', 'pending', 'Extra cheese', '2025-11-25 02:40:32', '2025-11-25 02:40:32'),
(39, 13, 26, 2, '25.00', '0.00', '0.00', '50.00', 'pending', 'No onions', '2025-11-25 02:40:32', '2025-11-25 02:40:32'),
(40, 13, 27, 3, '28.00', '0.00', '0.00', '84.00', 'pending', NULL, '2025-11-25 02:40:32', '2025-11-25 02:40:32'),
(41, 14, 3, 3, '10.50', '0.00', '0.00', '31.50', 'pending', NULL, '2025-11-25 02:40:32', '2025-11-25 02:40:32'),
(42, 14, 6, 2, '28.00', '0.00', '0.00', '56.00', 'pending', 'Extra cheese', '2025-11-25 02:40:32', '2025-11-25 02:40:32'),
(43, 14, 21, 2, '2.50', '0.00', '0.00', '5.00', 'pending', 'Mild spice', '2025-11-25 02:40:32', '2025-11-25 02:40:32'),
(44, 14, 26, 3, '25.00', '0.00', '0.00', '75.00', 'pending', 'Well done', '2025-11-25 02:40:32', '2025-11-25 02:40:32'),
(45, 15, 14, 1, '6.50', '0.00', '0.00', '6.50', 'pending', 'Extra cheese', '2025-11-25 02:40:32', '2025-11-25 02:40:32'),
(46, 15, 17, 2, '8.50', '0.00', '0.00', '17.00', 'pending', NULL, '2025-11-25 02:40:32', '2025-11-25 02:40:32'),
(47, 16, 10, 3, '15.00', '0.00', '0.00', '45.00', 'pending', 'No vegetables', '2025-11-25 02:40:32', '2025-11-25 02:40:32'),
(48, 16, 13, 1, '7.50', '0.00', '0.00', '7.50', 'pending', 'Mild spice', '2025-11-25 02:40:32', '2025-11-25 02:40:32'),
(49, 16, 27, 3, '28.00', '0.00', '0.00', '84.00', 'pending', 'Extra cheese', '2025-11-25 02:40:32', '2025-11-25 02:40:32'),
(50, 17, 11, 1, '13.50', '0.00', '0.00', '13.50', 'pending', 'On the side', '2025-11-25 02:40:32', '2025-11-25 02:40:32'),
(51, 18, 2, 2, '12.00', '0.00', '0.00', '24.00', 'pending', 'No vegetables', '2025-11-25 02:40:32', '2025-11-25 02:40:32'),
(52, 18, 8, 2, '14.00', '0.00', '0.00', '28.00', 'pending', 'Well done', '2025-11-25 02:40:32', '2025-11-25 02:40:32'),
(53, 18, 13, 2, '7.50', '0.00', '0.00', '15.00', 'pending', NULL, '2025-11-25 02:40:32', '2025-11-25 02:40:32'),
(54, 19, 4, 1, '9.00', '0.00', '0.00', '9.00', 'pending', NULL, '2025-11-25 02:40:32', '2025-11-25 02:40:32'),
(55, 19, 6, 2, '28.00', '0.00', '0.00', '56.00', 'pending', 'Extra cheese', '2025-11-25 02:40:32', '2025-11-25 02:40:32'),
(56, 19, 19, 1, '3.50', '0.00', '0.00', '3.50', 'pending', 'Well done', '2025-11-25 02:40:32', '2025-11-25 02:40:32'),
(57, 19, 25, 2, '8.50', '0.00', '0.00', '17.00', 'pending', 'Mild spice', '2025-11-25 02:40:32', '2025-11-25 02:40:32'),
(58, 19, 33, 1, '11.50', '0.00', '0.00', '11.50', 'pending', 'Extra herbs', '2025-11-25 02:40:32', '2025-11-25 02:40:32'),
(59, 20, 23, 1, '4.50', '0.00', '0.00', '4.50', 'pending', 'Extra spicy', '2025-11-25 02:40:32', '2025-11-25 02:40:32'),
(60, 21, 10, 3, '15.00', '0.00', '0.00', '45.00', 'pending', 'Extra cheese', '2025-11-25 02:40:32', '2025-11-25 02:40:32'),
(61, 21, 15, 3, '5.50', '0.00', '0.00', '16.50', 'pending', 'Extra herbs', '2025-11-25 02:40:32', '2025-11-25 02:40:32'),
(62, 21, 16, 3, '6.00', '0.00', '0.00', '18.00', 'pending', 'Mild spice', '2025-11-25 02:40:32', '2025-11-25 02:40:32'),
(63, 21, 23, 3, '4.50', '0.00', '0.00', '13.50', 'pending', NULL, '2025-11-25 02:40:32', '2025-11-25 02:40:32'),
(64, 21, 30, 1, '22.00', '0.00', '0.00', '22.00', 'pending', NULL, '2025-11-25 02:40:32', '2025-11-25 02:40:32'),
(65, 22, 7, 1, '12.50', '0.00', '0.00', '12.50', 'pending', 'Mild spice', '2025-11-25 02:40:32', '2025-11-25 02:40:32'),
(66, 22, 15, 3, '5.50', '0.00', '0.00', '16.50', 'pending', NULL, '2025-11-25 02:40:32', '2025-11-25 02:40:32'),
(67, 22, 24, 2, '3.50', '0.00', '0.00', '7.00', 'pending', 'No vegetables', '2025-11-25 02:40:32', '2025-11-25 02:40:32'),
(68, 22, 26, 3, '25.00', '0.00', '0.00', '75.00', 'pending', 'Extra cheese', '2025-11-25 02:40:32', '2025-11-25 02:40:32'),
(69, 22, 33, 3, '11.50', '0.00', '0.00', '34.50', 'pending', 'Medium rare', '2025-11-25 02:40:32', '2025-11-25 02:40:32'),
(70, 23, 15, 2, '5.50', '0.00', '0.00', '11.00', 'pending', NULL, '2025-11-25 02:40:32', '2025-11-25 02:40:32'),
(71, 23, 18, 2, '4.50', '0.00', '0.00', '9.00', 'pending', NULL, '2025-11-25 02:40:32', '2025-11-25 02:40:32'),
(72, 23, 24, 1, '3.50', '0.00', '0.00', '3.50', 'pending', 'Extra cheese', '2025-11-25 02:40:32', '2025-11-25 02:40:32'),
(73, 23, 30, 1, '22.00', '0.00', '0.00', '22.00', 'pending', NULL, '2025-11-25 02:40:32', '2025-11-25 02:40:32'),
(74, 24, 10, 1, '15.00', '0.00', '0.00', '15.00', 'pending', 'Well done', '2025-11-25 02:40:32', '2025-11-25 02:40:32'),
(75, 24, 11, 2, '13.50', '0.00', '0.00', '27.00', 'pending', 'No onions', '2025-11-25 02:40:32', '2025-11-25 02:40:32'),
(76, 24, 14, 2, '6.50', '0.00', '0.00', '13.00', 'pending', NULL, '2025-11-25 02:40:32', '2025-11-25 02:40:32'),
(77, 24, 24, 2, '3.50', '0.00', '0.00', '7.00', 'pending', 'Extra cheese', '2025-11-25 02:40:32', '2025-11-25 02:40:32'),
(78, 24, 25, 2, '8.50', '0.00', '0.00', '17.00', 'pending', 'On the side', '2025-11-25 02:40:32', '2025-11-25 02:40:32'),
(79, 25, 4, 2, '9.00', '0.00', '0.00', '18.00', 'pending', 'Mild spice', '2025-11-25 02:40:32', '2025-11-25 02:40:32'),
(80, 25, 12, 2, '10.00', '0.00', '0.00', '20.00', 'pending', 'Extra spicy', '2025-11-25 02:40:32', '2025-11-25 02:40:32'),
(81, 25, 13, 1, '7.50', '0.00', '0.00', '7.50', 'pending', 'No onions', '2025-11-25 02:40:32', '2025-11-25 02:40:32'),
(82, 25, 14, 1, '6.50', '0.00', '0.00', '6.50', 'pending', NULL, '2025-11-25 02:40:32', '2025-11-25 02:40:32'),
(83, 25, 20, 3, '4.00', '0.00', '0.00', '12.00', 'pending', 'Extra cheese', '2025-11-25 02:40:32', '2025-11-25 02:40:32'),
(84, 25, 27, 1, '28.00', '0.00', '0.00', '28.00', 'pending', NULL, '2025-11-25 02:40:32', '2025-11-25 02:40:32'),
(85, 26, 8, 3, '14.00', '0.00', '0.00', '42.00', 'pending', 'Mild spice', '2025-11-25 02:40:32', '2025-11-25 02:40:32'),
(86, 27, 7, 3, '12.50', '0.00', '0.00', '37.50', 'pending', 'Mild spice', '2025-11-25 02:40:32', '2025-11-25 02:40:32'),
(87, 27, 11, 2, '13.50', '0.00', '0.00', '27.00', 'pending', 'Extra sauce', '2025-11-25 02:40:32', '2025-11-25 02:40:32'),
(88, 27, 18, 1, '4.50', '0.00', '0.00', '4.50', 'pending', 'No onions', '2025-11-25 02:40:32', '2025-11-25 02:40:32'),
(89, 27, 23, 2, '4.50', '0.00', '0.00', '9.00', 'pending', 'Well done', '2025-11-25 02:40:32', '2025-11-25 02:40:32'),
(90, 27, 24, 1, '3.50', '0.00', '0.00', '3.50', 'pending', NULL, '2025-11-25 02:40:32', '2025-11-25 02:40:32'),
(91, 28, 1, 3, '8.50', '0.00', '0.00', '25.50', 'pending', NULL, '2025-11-25 02:40:32', '2025-11-25 02:40:32'),
(92, 28, 7, 2, '12.50', '0.00', '0.00', '25.00', 'pending', 'On the side', '2025-11-25 02:40:32', '2025-11-25 02:40:32'),
(93, 28, 17, 3, '8.50', '0.00', '0.00', '25.50', 'pending', 'Extra herbs', '2025-11-25 02:40:32', '2025-11-25 02:40:32'),
(94, 28, 22, 3, '5.50', '0.00', '0.00', '16.50', 'pending', 'No vegetables', '2025-11-25 02:40:32', '2025-11-25 02:40:32'),
(95, 29, 5, 2, '13.50', '0.00', '0.00', '27.00', 'pending', 'Medium rare', '2025-11-25 02:40:32', '2025-11-25 02:40:32'),
(96, 29, 8, 2, '14.00', '0.00', '0.00', '28.00', 'pending', 'No onions', '2025-11-25 02:40:32', '2025-11-25 02:40:32'),
(97, 29, 22, 1, '5.50', '0.00', '0.00', '5.50', 'pending', 'No onions', '2025-11-25 02:40:32', '2025-11-25 02:40:32'),
(98, 30, 14, 1, '6.50', '0.00', '0.00', '6.50', 'pending', 'On the side', '2025-11-25 02:40:32', '2025-11-25 02:40:32'),
(99, 30, 17, 3, '8.50', '0.00', '0.00', '25.50', 'pending', 'Well done', '2025-11-25 02:40:32', '2025-11-25 02:40:32'),
(100, 30, 23, 3, '4.50', '0.00', '0.00', '13.50', 'pending', NULL, '2025-11-25 02:40:32', '2025-11-25 02:40:32'),
(101, 30, 26, 1, '25.00', '0.00', '0.00', '25.00', 'pending', 'On the side', '2025-11-25 02:40:32', '2025-11-25 02:40:32'),
(102, 31, 7, 1, '12.50', '0.00', '0.00', '12.50', 'pending', 'Extra spicy', '2025-11-25 02:40:32', '2025-11-25 02:40:32'),
(103, 31, 11, 1, '13.50', '0.00', '0.00', '13.50', 'pending', NULL, '2025-11-25 02:40:32', '2025-11-25 02:40:32'),
(104, 31, 19, 1, '3.50', '0.00', '0.00', '3.50', 'pending', NULL, '2025-11-25 02:40:32', '2025-11-25 02:40:32'),
(105, 31, 27, 2, '28.00', '0.00', '0.00', '56.00', 'pending', 'No vegetables', '2025-11-25 02:40:32', '2025-11-25 02:40:32'),
(106, 31, 32, 2, '8.00', '0.00', '0.00', '16.00', 'pending', NULL, '2025-11-25 02:40:32', '2025-11-25 02:40:32'),
(107, 32, 2, 2, '12.00', '0.00', '0.00', '24.00', 'pending', NULL, '2025-11-25 02:40:32', '2025-11-25 02:40:32'),
(108, 32, 16, 2, '6.00', '0.00', '0.00', '12.00', 'pending', 'Mild spice', '2025-11-25 02:40:32', '2025-11-25 02:40:32'),
(109, 32, 23, 1, '4.50', '0.00', '0.00', '4.50', 'pending', 'Extra herbs', '2025-11-25 02:40:32', '2025-11-25 02:40:32'),
(110, 32, 26, 2, '25.00', '0.00', '0.00', '50.00', 'pending', NULL, '2025-11-25 02:40:32', '2025-11-25 02:40:32'),
(111, 32, 27, 1, '28.00', '0.00', '0.00', '28.00', 'pending', NULL, '2025-11-25 02:40:32', '2025-11-25 02:40:32'),
(112, 33, 12, 3, '10.00', '0.00', '0.00', '30.00', 'pending', NULL, '2025-11-25 02:40:32', '2025-11-25 02:40:32'),
(113, 33, 15, 3, '5.50', '0.00', '0.00', '16.50', 'pending', 'Well done', '2025-11-25 02:40:32', '2025-11-25 02:40:32'),
(114, 33, 16, 3, '6.00', '0.00', '0.00', '18.00', 'pending', 'Mild spice', '2025-11-25 02:40:32', '2025-11-25 02:40:32'),
(115, 33, 26, 3, '25.00', '0.00', '0.00', '75.00', 'pending', NULL, '2025-11-25 02:40:32', '2025-11-25 02:40:32'),
(116, 34, 2, 1, '12.00', '0.00', '0.00', '12.00', 'pending', 'Medium rare', '2025-11-25 02:40:32', '2025-11-25 02:40:32'),
(117, 34, 8, 3, '14.00', '0.00', '0.00', '42.00', 'pending', 'Extra sauce', '2025-11-25 02:40:32', '2025-11-25 02:40:32'),
(118, 34, 15, 3, '5.50', '0.00', '0.00', '16.50', 'pending', NULL, '2025-11-25 02:40:32', '2025-11-25 02:40:32'),
(119, 34, 20, 2, '4.00', '0.00', '0.00', '8.00', 'pending', 'Medium rare', '2025-11-25 02:40:32', '2025-11-25 02:40:32'),
(120, 34, 22, 3, '5.50', '0.00', '0.00', '16.50', 'pending', 'Extra cheese', '2025-11-25 02:40:32', '2025-11-25 02:40:32'),
(121, 34, 24, 3, '3.50', '0.00', '0.00', '10.50', 'pending', 'Extra spicy', '2025-11-25 02:40:32', '2025-11-25 02:40:32'),
(122, 35, 10, 2, '15.00', '0.00', '0.00', '30.00', 'pending', 'Extra sauce', '2025-11-25 02:40:32', '2025-11-25 02:40:32'),
(123, 35, 18, 1, '4.50', '0.00', '0.00', '4.50', 'pending', 'Medium rare', '2025-11-25 02:40:32', '2025-11-25 02:40:32'),
(124, 35, 28, 3, '32.00', '0.00', '0.00', '96.00', 'pending', 'On the side', '2025-11-25 02:40:32', '2025-11-25 02:40:32'),
(125, 36, 14, 3, '6.50', '0.00', '0.00', '19.50', 'pending', 'Extra cheese', '2025-11-25 02:40:32', '2025-11-25 02:40:32'),
(126, 36, 16, 3, '6.00', '0.00', '0.00', '18.00', 'pending', 'No onions', '2025-11-25 02:40:32', '2025-11-25 02:40:32'),
(127, 36, 26, 3, '25.00', '0.00', '0.00', '75.00', 'pending', 'Mild spice', '2025-11-25 02:40:32', '2025-11-25 02:40:32'),
(128, 36, 29, 3, '18.50', '0.00', '0.00', '55.50', 'pending', 'Extra sauce', '2025-11-25 02:40:32', '2025-11-25 02:40:32'),
(129, 37, 5, 1, '13.50', '0.00', '0.00', '13.50', 'pending', 'Extra cheese', '2025-11-25 02:40:32', '2025-11-25 02:40:32'),
(130, 37, 11, 1, '13.50', '0.00', '0.00', '13.50', 'pending', 'Mild spice', '2025-11-25 02:40:32', '2025-11-25 02:40:32'),
(131, 37, 12, 3, '10.00', '0.00', '0.00', '30.00', 'pending', 'Extra sauce', '2025-11-25 02:40:32', '2025-11-25 02:40:32'),
(132, 37, 19, 3, '3.50', '0.00', '0.00', '10.50', 'pending', 'No vegetables', '2025-11-25 02:40:32', '2025-11-25 02:40:32'),
(133, 38, 11, 3, '13.50', '0.00', '0.00', '40.50', 'pending', 'On the side', '2025-11-25 02:40:32', '2025-11-25 02:40:32'),
(134, 38, 12, 3, '10.00', '0.00', '0.00', '30.00', 'pending', 'Extra spicy', '2025-11-25 02:40:32', '2025-11-25 02:40:32'),
(135, 38, 17, 3, '8.50', '0.00', '0.00', '25.50', 'pending', 'Extra herbs', '2025-11-25 02:40:32', '2025-11-25 02:40:32'),
(136, 39, 9, 1, '16.50', '0.00', '0.00', '16.50', 'pending', NULL, '2025-11-25 02:40:32', '2025-11-25 02:40:32'),
(137, 39, 18, 1, '4.50', '0.00', '0.00', '4.50', 'pending', NULL, '2025-11-25 02:40:32', '2025-11-25 02:40:32'),
(138, 40, 15, 2, '5.50', '0.00', '0.00', '11.00', 'pending', 'On the side', '2025-11-25 02:40:32', '2025-11-25 02:40:32'),
(139, 40, 19, 3, '3.50', '0.00', '0.00', '10.50', 'pending', 'Extra sauce', '2025-11-25 02:40:32', '2025-11-25 02:40:32'),
(140, 40, 26, 3, '25.00', '0.00', '0.00', '75.00', 'pending', 'No onions', '2025-11-25 02:40:32', '2025-11-25 02:40:32'),
(141, 41, 10, 2, '15.00', '0.00', '0.00', '30.00', 'pending', NULL, '2025-11-25 02:40:32', '2025-11-25 02:40:32'),
(142, 42, 9, 2, '16.50', '0.00', '0.00', '33.00', 'pending', 'No onions', '2025-11-25 02:40:32', '2025-11-25 02:40:32'),
(143, 42, 11, 2, '13.50', '0.00', '0.00', '27.00', 'pending', 'No onions', '2025-11-25 02:40:32', '2025-11-25 02:40:32'),
(144, 42, 14, 1, '6.50', '0.00', '0.00', '6.50', 'pending', 'No vegetables', '2025-11-25 02:40:32', '2025-11-25 02:40:32'),
(145, 42, 30, 1, '22.00', '0.00', '0.00', '22.00', 'pending', 'Well done', '2025-11-25 02:40:32', '2025-11-25 02:40:32'),
(146, 43, 11, 3, '13.50', '0.00', '0.00', '40.50', 'pending', 'No onions', '2025-11-25 02:40:32', '2025-11-25 02:40:32'),
(147, 43, 21, 2, '2.50', '0.00', '0.00', '5.00', 'pending', NULL, '2025-11-25 02:40:32', '2025-11-25 02:40:32'),
(148, 43, 23, 3, '4.50', '0.00', '0.00', '13.50', 'pending', 'On the side', '2025-11-25 02:40:32', '2025-11-25 02:40:32'),
(149, 43, 29, 3, '18.50', '0.00', '0.00', '55.50', 'pending', 'Well done', '2025-11-25 02:40:32', '2025-11-25 02:40:32'),
(150, 43, 31, 1, '15.00', '0.00', '0.00', '15.00', 'pending', 'No onions', '2025-11-25 02:40:32', '2025-11-25 02:40:32'),
(151, 44, 16, 1, '6.00', '0.00', '0.00', '6.00', 'pending', NULL, '2025-11-25 02:40:32', '2025-11-25 02:40:32'),
(152, 44, 18, 3, '4.50', '0.00', '0.00', '13.50', 'pending', NULL, '2025-11-25 02:40:32', '2025-11-25 02:40:32'),
(153, 44, 28, 2, '32.00', '0.00', '0.00', '64.00', 'pending', 'Extra cheese', '2025-11-25 02:40:32', '2025-11-25 02:40:32'),
(154, 44, 30, 1, '22.00', '0.00', '0.00', '22.00', 'pending', 'No vegetables', '2025-11-25 02:40:32', '2025-11-25 02:40:32'),
(155, 45, 4, 1, '9.00', '0.00', '0.00', '9.00', 'pending', NULL, '2025-11-25 02:40:32', '2025-11-25 02:40:32'),
(156, 45, 16, 2, '6.00', '0.00', '0.00', '12.00', 'pending', NULL, '2025-11-25 02:40:32', '2025-11-25 02:40:32'),
(157, 45, 20, 3, '4.00', '0.00', '0.00', '12.00', 'pending', NULL, '2025-11-25 02:40:32', '2025-11-25 02:40:32'),
(158, 45, 26, 1, '25.00', '0.00', '0.00', '25.00', 'pending', 'Extra cheese', '2025-11-25 02:40:32', '2025-11-25 02:40:32'),
(159, 45, 27, 2, '28.00', '0.00', '0.00', '56.00', 'pending', 'Extra sauce', '2025-11-25 02:40:32', '2025-11-25 02:40:32'),
(160, 45, 31, 1, '15.00', '0.00', '0.00', '15.00', 'pending', 'Extra spicy', '2025-11-25 02:40:32', '2025-11-25 02:40:32'),
(161, 46, 3, 3, '10.50', '0.00', '0.00', '31.50', 'pending', 'Extra herbs', '2025-11-25 02:40:32', '2025-11-25 02:40:32'),
(162, 46, 11, 3, '13.50', '0.00', '0.00', '40.50', 'pending', NULL, '2025-11-25 02:40:32', '2025-11-25 02:40:32'),
(163, 46, 14, 2, '6.50', '0.00', '0.00', '13.00', 'pending', 'Mild spice', '2025-11-25 02:40:32', '2025-11-25 02:40:32'),
(164, 47, 4, 2, '9.00', '0.00', '0.00', '18.00', 'pending', NULL, '2025-11-25 02:40:32', '2025-11-25 02:40:32'),
(165, 47, 22, 2, '5.50', '0.00', '0.00', '11.00', 'pending', 'Well done', '2025-11-25 02:40:32', '2025-11-25 02:40:32'),
(166, 47, 33, 2, '11.50', '0.00', '0.00', '23.00', 'pending', 'No onions', '2025-11-25 02:40:32', '2025-11-25 02:40:32'),
(167, 48, 12, 3, '10.00', '0.00', '0.00', '30.00', 'pending', 'Mild spice', '2025-11-25 02:40:32', '2025-11-25 02:40:32'),
(168, 48, 20, 3, '4.00', '0.00', '0.00', '12.00', 'pending', 'No vegetables', '2025-11-25 02:40:32', '2025-11-25 02:40:32'),
(169, 48, 28, 1, '32.00', '0.00', '0.00', '32.00', 'pending', NULL, '2025-11-25 02:40:32', '2025-11-25 02:40:32'),
(170, 48, 29, 3, '18.50', '0.00', '0.00', '55.50', 'pending', 'Mild spice', '2025-11-25 02:40:32', '2025-11-25 02:40:32'),
(171, 48, 30, 2, '22.00', '0.00', '0.00', '44.00', 'pending', NULL, '2025-11-25 02:40:32', '2025-11-25 02:40:32'),
(172, 49, 5, 1, '13.50', '0.00', '0.00', '13.50', 'pending', NULL, '2025-11-25 02:40:32', '2025-11-25 02:40:32'),
(173, 49, 10, 3, '15.00', '0.00', '0.00', '45.00', 'pending', 'Extra herbs', '2025-11-25 02:40:32', '2025-11-25 02:40:32'),
(174, 49, 24, 1, '3.50', '0.00', '0.00', '3.50', 'pending', 'On the side', '2025-11-25 02:40:32', '2025-11-25 02:40:32'),
(175, 49, 28, 1, '32.00', '0.00', '0.00', '32.00', 'pending', NULL, '2025-11-25 02:40:32', '2025-11-25 02:40:32'),
(176, 49, 29, 1, '18.50', '0.00', '0.00', '18.50', 'pending', NULL, '2025-11-25 02:40:32', '2025-11-25 02:40:32'),
(177, 50, 3, 1, '10.50', '0.00', '0.00', '10.50', 'pending', NULL, '2025-11-25 02:40:32', '2025-11-25 02:40:32'),
(178, 50, 6, 2, '28.00', '0.00', '0.00', '56.00', 'pending', 'No onions', '2025-11-25 02:40:32', '2025-11-25 02:40:32'),
(179, 50, 21, 1, '2.50', '0.00', '0.00', '2.50', 'pending', NULL, '2025-11-25 02:40:32', '2025-11-25 02:40:32'),
(180, 51, 1, 3, '8.50', '0.00', '0.00', '25.50', 'pending', 'On the side', '2025-11-25 02:40:32', '2025-11-25 02:40:32'),
(181, 51, 17, 3, '8.50', '0.00', '0.00', '25.50', 'pending', 'No onions', '2025-11-25 02:40:32', '2025-11-25 02:40:32'),
(182, 51, 19, 2, '3.50', '0.00', '0.00', '7.00', 'pending', NULL, '2025-11-25 02:40:32', '2025-11-25 02:40:32'),
(183, 51, 25, 2, '8.50', '0.00', '0.00', '17.00', 'pending', NULL, '2025-11-25 02:40:32', '2025-11-25 02:40:32'),
(184, 52, 15, 2, '5.50', '0.00', '0.00', '11.00', 'pending', 'Well done', '2025-11-25 02:40:32', '2025-11-25 02:40:32'),
(185, 52, 22, 2, '5.50', '0.00', '0.00', '11.00', 'pending', 'Mild spice', '2025-11-25 02:40:32', '2025-11-25 02:40:32'),
(186, 52, 30, 2, '22.00', '0.00', '0.00', '44.00', 'pending', NULL, '2025-11-25 02:40:32', '2025-11-25 02:40:32'),
(187, 53, 5, 1, '13.50', '0.00', '0.00', '13.50', 'pending', NULL, '2025-11-25 02:40:32', '2025-11-25 02:40:32'),
(188, 53, 12, 3, '10.00', '0.00', '0.00', '30.00', 'pending', 'Mild spice', '2025-11-25 02:40:32', '2025-11-25 02:40:32'),
(189, 53, 13, 3, '7.50', '0.00', '0.00', '22.50', 'pending', NULL, '2025-11-25 02:40:32', '2025-11-25 02:40:32'),
(190, 53, 15, 3, '5.50', '0.00', '0.00', '16.50', 'pending', 'Well done', '2025-11-25 02:40:32', '2025-11-25 02:40:32'),
(191, 53, 25, 2, '8.50', '0.00', '0.00', '17.00', 'pending', 'Extra cheese', '2025-11-25 02:40:32', '2025-11-25 02:40:32'),
(192, 53, 26, 2, '25.00', '0.00', '0.00', '50.00', 'pending', 'Extra spicy', '2025-11-25 02:40:32', '2025-11-25 02:40:32'),
(193, 54, 6, 3, '28.00', '0.00', '0.00', '84.00', 'pending', 'Extra sauce', '2025-11-25 02:40:32', '2025-11-25 02:40:32'),
(194, 54, 17, 2, '8.50', '0.00', '0.00', '17.00', 'pending', 'Medium rare', '2025-11-25 02:40:32', '2025-11-25 02:40:32'),
(195, 55, 21, 1, '2.50', '0.00', '0.00', '2.50', 'pending', NULL, '2025-11-25 02:40:32', '2025-11-25 02:40:32'),
(196, 56, 5, 3, '13.50', '0.00', '0.00', '40.50', 'pending', 'Medium rare', '2025-11-25 02:40:32', '2025-11-25 02:40:32'),
(197, 56, 11, 1, '13.50', '0.00', '0.00', '13.50', 'pending', 'On the side', '2025-11-25 02:40:32', '2025-11-25 02:40:32'),
(198, 56, 28, 1, '32.00', '0.00', '0.00', '32.00', 'pending', 'On the side', '2025-11-25 02:40:32', '2025-11-25 02:40:32'),
(199, 57, 25, 1, '8.50', '0.00', '0.00', '8.50', 'pending', 'Medium rare', '2025-11-25 02:40:32', '2025-11-25 02:40:32'),
(200, 58, 1, 2, '8.50', '0.00', '0.00', '17.00', 'pending', 'Extra herbs', '2025-11-25 02:40:32', '2025-11-25 02:40:32'),
(201, 58, 9, 3, '16.50', '0.00', '0.00', '49.50', 'pending', NULL, '2025-11-25 02:40:32', '2025-11-25 02:40:32'),
(202, 58, 10, 2, '15.00', '0.00', '0.00', '30.00', 'pending', 'No onions', '2025-11-25 02:40:32', '2025-11-25 02:40:32'),
(203, 58, 23, 2, '4.50', '0.00', '0.00', '9.00', 'pending', 'Mild spice', '2025-11-25 02:40:32', '2025-11-25 02:40:32'),
(204, 59, 6, 2, '28.00', '0.00', '0.00', '56.00', 'pending', NULL, '2025-11-25 02:40:32', '2025-11-25 02:40:32'),
(205, 59, 12, 1, '10.00', '0.00', '0.00', '10.00', 'pending', NULL, '2025-11-25 02:40:32', '2025-11-25 02:40:32'),
(206, 60, 3, 3, '10.50', '0.00', '0.00', '31.50', 'pending', 'Mild spice', '2025-11-25 02:40:32', '2025-11-25 02:40:32'),
(207, 60, 8, 3, '14.00', '0.00', '0.00', '42.00', 'pending', 'Well done', '2025-11-25 02:40:32', '2025-11-25 02:40:32'),
(208, 60, 11, 2, '13.50', '0.00', '0.00', '27.00', 'pending', NULL, '2025-11-25 02:40:32', '2025-11-25 02:40:32'),
(209, 60, 13, 1, '7.50', '0.00', '0.00', '7.50', 'pending', 'Extra herbs', '2025-11-25 02:40:32', '2025-11-25 02:40:32'),
(210, 60, 32, 1, '8.00', '0.00', '0.00', '8.00', 'pending', 'Extra spicy', '2025-11-25 02:40:32', '2025-11-25 02:40:32'),
(211, 61, 11, 1, '13.50', '0.00', '0.00', '13.50', 'pending', NULL, '2025-11-25 02:40:32', '2025-11-25 02:40:32'),
(212, 61, 14, 3, '6.50', '0.00', '0.00', '19.50', 'pending', NULL, '2025-11-25 02:40:32', '2025-11-25 02:40:32'),
(213, 61, 18, 3, '4.50', '0.00', '0.00', '13.50', 'pending', 'Medium rare', '2025-11-25 02:40:32', '2025-11-25 02:40:32'),
(214, 61, 30, 2, '22.00', '0.00', '0.00', '44.00', 'pending', 'No vegetables', '2025-11-25 02:40:32', '2025-11-25 02:40:32'),
(215, 62, 2, 3, '12.00', '0.00', '0.00', '36.00', 'pending', 'Extra spicy', '2025-11-25 02:40:32', '2025-11-25 02:40:32'),
(216, 63, 12, 2, '10.00', '0.00', '0.00', '20.00', 'pending', 'Mild spice', '2025-11-25 02:40:32', '2025-11-25 02:40:32'),
(217, 63, 17, 1, '8.50', '0.00', '0.00', '8.50', 'pending', NULL, '2025-11-25 02:40:32', '2025-11-25 02:40:32'),
(218, 63, 23, 2, '4.50', '0.00', '0.00', '9.00', 'pending', 'No vegetables', '2025-11-25 02:40:32', '2025-11-25 02:40:32'),
(219, 63, 25, 1, '8.50', '0.00', '0.00', '8.50', 'pending', 'Well done', '2025-11-25 02:40:32', '2025-11-25 02:40:32'),
(220, 63, 32, 3, '8.00', '0.00', '0.00', '24.00', 'pending', NULL, '2025-11-25 02:40:32', '2025-11-25 02:40:32'),
(221, 64, 31, 3, '15.00', '0.00', '0.00', '45.00', 'pending', 'Well done', '2025-11-25 02:40:32', '2025-11-25 02:40:32'),
(222, 65, 22, 3, '5.50', '0.00', '0.00', '16.50', 'pending', 'Extra herbs', '2025-11-25 02:40:32', '2025-11-25 02:40:32'),
(223, 66, 8, 2, '14.00', '0.00', '0.00', '28.00', 'pending', 'Well done', '2025-11-25 02:40:32', '2025-11-25 02:40:32'),
(224, 67, 10, 3, '15.00', '0.00', '0.00', '45.00', 'pending', 'Well done', '2025-11-25 02:40:32', '2025-11-25 02:40:32'),
(225, 67, 19, 1, '3.50', '0.00', '0.00', '3.50', 'pending', NULL, '2025-11-25 02:40:32', '2025-11-25 02:40:32'),
(226, 67, 24, 2, '3.50', '0.00', '0.00', '7.00', 'pending', 'Extra herbs', '2025-11-25 02:40:32', '2025-11-25 02:40:32'),
(227, 67, 31, 3, '15.00', '0.00', '0.00', '45.00', 'pending', NULL, '2025-11-25 02:40:32', '2025-11-25 02:40:32'),
(228, 68, 4, 3, '9.00', '0.00', '0.00', '27.00', 'pending', 'Extra herbs', '2025-11-25 02:40:32', '2025-11-25 02:40:32'),
(229, 68, 11, 2, '13.50', '0.00', '0.00', '27.00', 'pending', NULL, '2025-11-25 02:40:32', '2025-11-25 02:40:32'),
(230, 68, 24, 3, '3.50', '0.00', '0.00', '10.50', 'pending', NULL, '2025-11-25 02:40:32', '2025-11-25 02:40:32'),
(231, 69, 4, 1, '9.00', '0.00', '0.00', '9.00', 'pending', 'Medium rare', '2025-11-25 02:40:32', '2025-11-25 02:40:32'),
(232, 69, 14, 3, '6.50', '0.00', '0.00', '19.50', 'pending', 'Extra herbs', '2025-11-25 02:40:32', '2025-11-25 02:40:32'),
(233, 70, 4, 2, '9.00', '0.00', '0.00', '18.00', 'pending', NULL, '2025-11-25 02:40:32', '2025-11-25 02:40:32'),
(234, 70, 8, 3, '14.00', '0.00', '0.00', '42.00', 'pending', 'Extra cheese', '2025-11-25 02:40:32', '2025-11-25 02:40:32'),
(235, 70, 10, 2, '15.00', '0.00', '0.00', '30.00', 'pending', NULL, '2025-11-25 02:40:32', '2025-11-25 02:40:32'),
(236, 70, 28, 1, '32.00', '0.00', '0.00', '32.00', 'pending', NULL, '2025-11-25 02:40:32', '2025-11-25 02:40:32'),
(237, 70, 30, 2, '22.00', '0.00', '0.00', '44.00', 'pending', 'Extra spicy', '2025-11-25 02:40:32', '2025-11-25 02:40:32'),
(238, 71, 4, 2, '9.00', '0.00', '0.00', '18.00', 'pending', NULL, '2025-11-25 02:40:32', '2025-11-25 02:40:32'),
(239, 71, 7, 3, '12.50', '0.00', '0.00', '37.50', 'pending', 'No onions', '2025-11-25 02:40:32', '2025-11-25 02:40:32'),
(240, 71, 9, 2, '16.50', '0.00', '0.00', '33.00', 'pending', 'Extra cheese', '2025-11-25 02:40:32', '2025-11-25 02:40:32'),
(241, 71, 15, 1, '5.50', '0.00', '0.00', '5.50', 'pending', 'Well done', '2025-11-25 02:40:32', '2025-11-25 02:40:32'),
(242, 71, 25, 3, '8.50', '0.00', '0.00', '25.50', 'pending', 'Extra cheese', '2025-11-25 02:40:32', '2025-11-25 02:40:32'),
(243, 71, 29, 1, '18.50', '0.00', '0.00', '18.50', 'pending', NULL, '2025-11-25 02:40:32', '2025-11-25 02:40:32'),
(244, 72, 4, 2, '9.00', '0.00', '0.00', '18.00', 'pending', NULL, '2025-11-25 02:40:33', '2025-11-25 02:40:33'),
(245, 73, 18, 1, '4.50', '0.00', '0.00', '4.50', 'pending', 'No vegetables', '2025-11-25 02:40:33', '2025-11-25 02:40:33'),
(246, 73, 19, 3, '3.50', '0.00', '0.00', '10.50', 'pending', 'Mild spice', '2025-11-25 02:40:33', '2025-11-25 02:40:33'),
(247, 74, 10, 2, '15.00', '0.00', '0.00', '30.00', 'pending', 'Medium rare', '2025-11-25 02:40:33', '2025-11-25 02:40:33'),
(248, 74, 11, 1, '13.50', '0.00', '0.00', '13.50', 'pending', NULL, '2025-11-25 02:40:33', '2025-11-25 02:40:33'),
(249, 74, 14, 3, '6.50', '0.00', '0.00', '19.50', 'pending', 'No vegetables', '2025-11-25 02:40:33', '2025-11-25 02:40:33'),
(250, 74, 20, 1, '4.00', '0.00', '0.00', '4.00', 'pending', 'Extra herbs', '2025-11-25 02:40:33', '2025-11-25 02:40:33'),
(251, 74, 24, 1, '3.50', '0.00', '0.00', '3.50', 'pending', NULL, '2025-11-25 02:40:33', '2025-11-25 02:40:33'),
(252, 74, 26, 1, '25.00', '0.00', '0.00', '25.00', 'pending', 'On the side', '2025-11-25 02:40:33', '2025-11-25 02:40:33'),
(253, 75, 10, 2, '15.00', '0.00', '0.00', '30.00', 'pending', NULL, '2025-11-25 02:40:33', '2025-11-25 02:40:33'),
(254, 75, 14, 2, '6.50', '0.00', '0.00', '13.00', 'pending', NULL, '2025-11-25 02:40:33', '2025-11-25 02:40:33'),
(255, 75, 20, 1, '4.00', '0.00', '0.00', '4.00', 'pending', 'Medium rare', '2025-11-25 02:40:33', '2025-11-25 02:40:33'),
(256, 75, 29, 2, '18.50', '0.00', '0.00', '37.00', 'pending', 'No onions', '2025-11-25 02:40:33', '2025-11-25 02:40:33'),
(257, 75, 31, 3, '15.00', '0.00', '0.00', '45.00', 'pending', NULL, '2025-11-25 02:40:33', '2025-11-25 02:40:33'),
(258, 76, 20, 3, '4.00', '0.00', '0.00', '12.00', 'pending', 'No vegetables', '2025-11-25 02:40:33', '2025-11-25 02:40:33'),
(259, 76, 26, 2, '25.00', '0.00', '0.00', '50.00', 'pending', NULL, '2025-11-25 02:40:33', '2025-11-25 02:40:33'),
(260, 76, 27, 2, '28.00', '0.00', '0.00', '56.00', 'pending', 'Well done', '2025-11-25 02:40:33', '2025-11-25 02:40:33'),
(261, 76, 28, 1, '32.00', '0.00', '0.00', '32.00', 'pending', NULL, '2025-11-25 02:40:33', '2025-11-25 02:40:33'),
(262, 76, 29, 3, '18.50', '0.00', '0.00', '55.50', 'pending', NULL, '2025-11-25 02:40:33', '2025-11-25 02:40:33'),
(263, 76, 31, 3, '15.00', '0.00', '0.00', '45.00', 'pending', NULL, '2025-11-25 02:40:33', '2025-11-25 02:40:33'),
(264, 77, 14, 1, '6.50', '0.00', '0.00', '6.50', 'pending', 'Extra herbs', '2025-11-25 02:40:33', '2025-11-25 02:40:33'),
(265, 77, 19, 3, '3.50', '0.00', '0.00', '10.50', 'pending', NULL, '2025-11-25 02:40:33', '2025-11-25 02:40:33'),
(266, 77, 31, 3, '15.00', '0.00', '0.00', '45.00', 'pending', NULL, '2025-11-25 02:40:33', '2025-11-25 02:40:33'),
(267, 78, 5, 1, '13.50', '0.00', '0.00', '13.50', 'pending', 'Extra sauce', '2025-11-25 02:40:33', '2025-11-25 02:40:33'),
(268, 78, 11, 3, '13.50', '0.00', '0.00', '40.50', 'pending', 'No vegetables', '2025-11-25 02:40:33', '2025-11-25 02:40:33'),
(269, 78, 13, 2, '7.50', '0.00', '0.00', '15.00', 'pending', 'Medium rare', '2025-11-25 02:40:33', '2025-11-25 02:40:33'),
(270, 79, 5, 2, '13.50', '0.00', '0.00', '27.00', 'pending', NULL, '2025-11-25 02:40:33', '2025-11-25 02:40:33'),
(271, 79, 9, 1, '16.50', '0.00', '0.00', '16.50', 'pending', 'Extra sauce', '2025-11-25 02:40:33', '2025-11-25 02:40:33'),
(272, 79, 26, 3, '25.00', '0.00', '0.00', '75.00', 'pending', 'Extra herbs', '2025-11-25 02:40:33', '2025-11-25 02:40:33'),
(273, 79, 33, 2, '11.50', '0.00', '0.00', '23.00', 'pending', NULL, '2025-11-25 02:40:33', '2025-11-25 02:40:33'),
(274, 80, 24, 3, '3.50', '0.00', '0.00', '10.50', 'pending', 'Extra cheese', '2025-11-25 02:40:33', '2025-11-25 02:40:33'),
(275, 80, 31, 2, '15.00', '0.00', '0.00', '30.00', 'pending', 'No vegetables', '2025-11-25 02:40:33', '2025-11-25 02:40:33'),
(276, 81, 15, 2, '5.50', '0.00', '0.00', '11.00', 'pending', NULL, '2025-11-25 02:40:33', '2025-11-25 02:40:33'),
(277, 81, 23, 2, '4.50', '0.00', '0.00', '9.00', 'pending', 'Extra spicy', '2025-11-25 02:40:33', '2025-11-25 02:40:33'),
(278, 82, 17, 1, '8.50', '0.00', '0.00', '8.50', 'pending', 'Extra herbs', '2025-11-25 02:40:33', '2025-11-25 02:40:33'),
(279, 82, 28, 2, '32.00', '0.00', '0.00', '64.00', 'pending', 'Well done', '2025-11-25 02:40:33', '2025-11-25 02:40:33'),
(280, 83, 6, 1, '28.00', '0.00', '0.00', '28.00', 'pending', 'No vegetables', '2025-11-25 02:40:33', '2025-11-25 02:40:33'),
(281, 83, 14, 3, '6.50', '0.00', '0.00', '19.50', 'pending', NULL, '2025-11-25 02:40:33', '2025-11-25 02:40:33'),
(282, 83, 15, 3, '5.50', '0.00', '0.00', '16.50', 'pending', NULL, '2025-11-25 02:40:33', '2025-11-25 02:40:33'),
(283, 83, 26, 3, '25.00', '0.00', '0.00', '75.00', 'pending', 'No onions', '2025-11-25 02:40:33', '2025-11-25 02:40:33'),
(284, 84, 4, 3, '9.00', '0.00', '0.00', '27.00', 'pending', 'On the side', '2025-11-25 02:40:33', '2025-11-25 02:40:33'),
(285, 84, 27, 2, '28.00', '0.00', '0.00', '56.00', 'pending', NULL, '2025-11-25 02:40:33', '2025-11-25 02:40:33'),
(286, 84, 28, 2, '32.00', '0.00', '0.00', '64.00', 'pending', NULL, '2025-11-25 02:40:33', '2025-11-25 02:40:33'),
(287, 84, 29, 2, '18.50', '0.00', '0.00', '37.00', 'pending', 'Well done', '2025-11-25 02:40:33', '2025-11-25 02:40:33'),
(288, 85, 1, 1, '8.50', '0.00', '0.00', '8.50', 'pending', 'On the side', '2025-11-25 02:40:33', '2025-11-25 02:40:33'),
(289, 85, 9, 2, '16.50', '0.00', '0.00', '33.00', 'pending', 'On the side', '2025-11-25 02:40:33', '2025-11-25 02:40:33'),
(290, 85, 12, 2, '10.00', '0.00', '0.00', '20.00', 'pending', 'Extra spicy', '2025-11-25 02:40:33', '2025-11-25 02:40:33'),
(291, 85, 13, 2, '7.50', '0.00', '0.00', '15.00', 'pending', NULL, '2025-11-25 02:40:33', '2025-11-25 02:40:33'),
(292, 85, 19, 1, '3.50', '0.00', '0.00', '3.50', 'pending', 'Well done', '2025-11-25 02:40:33', '2025-11-25 02:40:33'),
(293, 86, 2, 1, '12.00', '0.00', '0.00', '12.00', 'pending', 'No onions', '2025-11-25 02:40:33', '2025-11-25 02:40:33'),
(294, 86, 6, 3, '28.00', '0.00', '0.00', '84.00', 'pending', 'Extra sauce', '2025-11-25 02:40:33', '2025-11-25 02:40:33'),
(295, 86, 26, 3, '25.00', '0.00', '0.00', '75.00', 'pending', NULL, '2025-11-25 02:40:33', '2025-11-25 02:40:33'),
(296, 86, 31, 3, '15.00', '0.00', '0.00', '45.00', 'pending', 'Mild spice', '2025-11-25 02:40:33', '2025-11-25 02:40:33'),
(297, 87, 3, 1, '10.50', '0.00', '0.00', '10.50', 'pending', NULL, '2025-11-25 02:40:33', '2025-11-25 02:40:33'),
(298, 87, 16, 2, '6.00', '0.00', '0.00', '12.00', 'pending', 'Medium rare', '2025-11-25 02:40:33', '2025-11-25 02:40:33'),
(299, 87, 31, 3, '15.00', '0.00', '0.00', '45.00', 'pending', 'Extra spicy', '2025-11-25 02:40:33', '2025-11-25 02:40:33'),
(300, 88, 2, 3, '12.00', '0.00', '0.00', '36.00', 'pending', 'Medium rare', '2025-11-25 02:40:33', '2025-11-25 02:40:33'),
(301, 88, 9, 3, '16.50', '0.00', '0.00', '49.50', 'pending', NULL, '2025-11-25 02:40:33', '2025-11-25 02:40:33'),
(302, 88, 11, 1, '13.50', '0.00', '0.00', '13.50', 'pending', NULL, '2025-11-25 02:40:33', '2025-11-25 02:40:33'),
(303, 89, 3, 1, '10.50', '0.00', '0.00', '10.50', 'pending', NULL, '2025-11-25 02:40:33', '2025-11-25 02:40:33'),
(304, 90, 11, 2, '13.50', '0.00', '0.00', '27.00', 'pending', NULL, '2025-11-25 02:40:33', '2025-11-25 02:40:33'),
(305, 91, 5, 3, '13.50', '0.00', '0.00', '40.50', 'pending', 'Medium rare', '2025-11-25 02:40:33', '2025-11-25 02:40:33'),
(306, 91, 8, 3, '14.00', '0.00', '0.00', '42.00', 'pending', 'Mild spice', '2025-11-25 02:40:33', '2025-11-25 02:40:33'),
(307, 91, 16, 1, '6.00', '0.00', '0.00', '6.00', 'pending', 'No onions', '2025-11-25 02:40:33', '2025-11-25 02:40:33'),
(308, 91, 24, 1, '3.50', '0.00', '0.00', '3.50', 'pending', 'Extra cheese', '2025-11-25 02:40:33', '2025-11-25 02:40:33'),
(309, 91, 25, 3, '8.50', '0.00', '0.00', '25.50', 'pending', NULL, '2025-11-25 02:40:33', '2025-11-25 02:40:33'),
(310, 92, 4, 1, '9.00', '0.00', '0.00', '9.00', 'pending', 'Mild spice', '2025-11-25 02:40:33', '2025-11-25 02:40:33'),
(311, 92, 15, 1, '5.50', '0.00', '0.00', '5.50', 'pending', 'On the side', '2025-11-25 02:40:33', '2025-11-25 02:40:33'),
(312, 92, 27, 1, '28.00', '0.00', '0.00', '28.00', 'pending', 'On the side', '2025-11-25 02:40:33', '2025-11-25 02:40:33'),
(313, 92, 28, 2, '32.00', '0.00', '0.00', '64.00', 'pending', 'Extra herbs', '2025-11-25 02:40:33', '2025-11-25 02:40:33'),
(314, 93, 1, 1, '8.50', '0.00', '0.00', '8.50', 'pending', 'No onions', '2025-11-25 02:40:33', '2025-11-25 02:40:33'),
(315, 93, 5, 3, '13.50', '0.00', '0.00', '40.50', 'pending', 'Extra spicy', '2025-11-25 02:40:33', '2025-11-25 02:40:33'),
(316, 93, 12, 1, '10.00', '0.00', '0.00', '10.00', 'pending', 'Mild spice', '2025-11-25 02:40:33', '2025-11-25 02:40:33'),
(317, 93, 23, 1, '4.50', '0.00', '0.00', '4.50', 'pending', NULL, '2025-11-25 02:40:33', '2025-11-25 02:40:33'),
(318, 93, 32, 1, '8.00', '0.00', '0.00', '8.00', 'pending', 'No vegetables', '2025-11-25 02:40:33', '2025-11-25 02:40:33'),
(319, 94, 5, 2, '13.50', '0.00', '0.00', '27.00', 'pending', 'Mild spice', '2025-11-25 02:40:33', '2025-11-25 02:40:33'),
(320, 94, 8, 1, '14.00', '0.00', '0.00', '14.00', 'pending', NULL, '2025-11-25 02:40:33', '2025-11-25 02:40:33'),
(321, 95, 21, 1, '2.50', '0.00', '0.00', '2.50', 'pending', 'No vegetables', '2025-11-25 02:40:33', '2025-11-25 02:40:33'),
(322, 95, 22, 2, '5.50', '0.00', '0.00', '11.00', 'pending', 'No vegetables', '2025-11-25 02:40:33', '2025-11-25 02:40:33'),
(323, 96, 4, 1, '9.00', '0.00', '0.00', '9.00', 'pending', NULL, '2025-11-25 02:40:33', '2025-11-25 02:40:33'),
(324, 96, 15, 2, '5.50', '0.00', '0.00', '11.00', 'pending', 'Extra cheese', '2025-11-25 02:40:33', '2025-11-25 02:40:33'),
(325, 96, 28, 2, '32.00', '0.00', '0.00', '64.00', 'pending', 'Extra sauce', '2025-11-25 02:40:33', '2025-11-25 02:40:33'),
(326, 96, 33, 2, '11.50', '0.00', '0.00', '23.00', 'pending', 'No vegetables', '2025-11-25 02:40:33', '2025-11-25 02:40:33'),
(327, 97, 1, 2, '8.50', '0.00', '0.00', '17.00', 'pending', NULL, '2025-11-25 02:40:33', '2025-11-25 02:40:33'),
(328, 97, 13, 2, '7.50', '0.00', '0.00', '15.00', 'pending', NULL, '2025-11-25 02:40:33', '2025-11-25 02:40:33'),
(329, 97, 18, 1, '4.50', '0.00', '0.00', '4.50', 'pending', NULL, '2025-11-25 02:40:33', '2025-11-25 02:40:33'),
(330, 97, 24, 3, '3.50', '0.00', '0.00', '10.50', 'pending', 'Extra cheese', '2025-11-25 02:40:33', '2025-11-25 02:40:33'),
(331, 97, 28, 1, '32.00', '0.00', '0.00', '32.00', 'pending', 'No vegetables', '2025-11-25 02:40:33', '2025-11-25 02:40:33'),
(332, 97, 30, 3, '22.00', '0.00', '0.00', '66.00', 'pending', NULL, '2025-11-25 02:40:33', '2025-11-25 02:40:33'),
(333, 98, 24, 3, '3.50', '0.00', '0.00', '10.50', 'pending', 'No onions', '2025-11-25 02:40:33', '2025-11-25 02:40:33'),
(334, 98, 33, 1, '11.50', '0.00', '0.00', '11.50', 'pending', NULL, '2025-11-25 02:40:33', '2025-11-25 02:40:33'),
(335, 99, 3, 2, '10.50', '0.00', '0.00', '21.00', 'pending', 'Extra herbs', '2025-11-25 02:40:33', '2025-11-25 02:40:33'),
(336, 99, 8, 2, '14.00', '0.00', '0.00', '28.00', 'pending', 'Well done', '2025-11-25 02:40:33', '2025-11-25 02:40:33'),
(337, 99, 9, 1, '16.50', '0.00', '0.00', '16.50', 'pending', 'Mild spice', '2025-11-25 02:40:33', '2025-11-25 02:40:33'),
(338, 99, 16, 1, '6.00', '0.00', '0.00', '6.00', 'pending', NULL, '2025-11-25 02:40:33', '2025-11-25 02:40:33'),
(339, 99, 18, 3, '4.50', '0.00', '0.00', '13.50', 'pending', NULL, '2025-11-25 02:40:33', '2025-11-25 02:40:33'),
(340, 99, 19, 3, '3.50', '0.00', '0.00', '10.50', 'pending', NULL, '2025-11-25 02:40:33', '2025-11-25 02:40:33'),
(341, 100, 1, 1, '8.50', '0.00', '0.00', '8.50', 'pending', 'Extra spicy', '2025-11-25 02:40:33', '2025-11-25 02:40:33'),
(342, 100, 10, 1, '15.00', '0.00', '0.00', '15.00', 'pending', NULL, '2025-11-25 02:40:33', '2025-11-25 02:40:33'),
(343, 100, 12, 1, '10.00', '0.00', '0.00', '10.00', 'pending', 'On the side', '2025-11-25 02:40:33', '2025-11-25 02:40:33'),
(344, 100, 15, 2, '5.50', '0.00', '0.00', '11.00', 'pending', 'Medium rare', '2025-11-25 02:40:33', '2025-11-25 02:40:33'),
(345, 100, 16, 3, '6.00', '0.00', '0.00', '18.00', 'pending', NULL, '2025-11-25 02:40:33', '2025-11-25 02:40:33'),
(346, 100, 24, 3, '3.50', '0.00', '0.00', '10.50', 'pending', 'Extra herbs', '2025-11-25 02:40:33', '2025-11-25 02:40:33'),
(347, 101, 9, 2, '16.50', '0.00', '0.00', '33.00', 'pending', 'Medium rare', '2025-11-25 02:40:33', '2025-11-25 02:40:33'),
(348, 101, 10, 2, '15.00', '0.00', '0.00', '30.00', 'pending', 'No onions', '2025-11-25 02:40:33', '2025-11-25 02:40:33'),
(349, 101, 16, 2, '6.00', '0.00', '0.00', '12.00', 'pending', NULL, '2025-11-25 02:40:33', '2025-11-25 02:40:33'),
(350, 101, 24, 1, '3.50', '0.00', '0.00', '3.50', 'pending', NULL, '2025-11-25 02:40:33', '2025-11-25 02:40:33'),
(351, 102, 1, 1, '8.50', '0.00', '0.00', '8.50', 'pending', NULL, '2025-11-25 02:40:33', '2025-11-25 02:40:33'),
(352, 102, 2, 3, '12.00', '0.00', '0.00', '36.00', 'pending', NULL, '2025-11-25 02:40:33', '2025-11-25 02:40:33'),
(353, 102, 12, 2, '10.00', '0.00', '0.00', '20.00', 'pending', NULL, '2025-11-25 02:40:33', '2025-11-25 02:40:33'),
(354, 102, 20, 2, '4.00', '0.00', '0.00', '8.00', 'pending', 'Well done', '2025-11-25 02:40:33', '2025-11-25 02:40:33'),
(355, 102, 30, 2, '22.00', '0.00', '0.00', '44.00', 'pending', NULL, '2025-11-25 02:40:33', '2025-11-25 02:40:33'),
(356, 103, 13, 3, '7.50', '0.00', '0.00', '22.50', 'pending', NULL, '2025-11-25 02:40:33', '2025-11-25 02:40:33'),
(357, 103, 15, 1, '5.50', '0.00', '0.00', '5.50', 'pending', NULL, '2025-11-25 02:40:33', '2025-11-25 02:40:33'),
(358, 104, 9, 3, '16.50', '0.00', '0.00', '49.50', 'pending', 'Well done', '2025-11-25 02:40:33', '2025-11-25 02:40:33'),
(359, 104, 23, 3, '4.50', '0.00', '0.00', '13.50', 'pending', 'Well done', '2025-11-25 02:40:33', '2025-11-25 02:40:33'),
(360, 105, 2, 1, '12.00', '0.00', '0.00', '12.00', 'pending', NULL, '2025-11-25 02:40:33', '2025-11-25 02:40:33'),
(361, 105, 5, 3, '13.50', '0.00', '0.00', '40.50', 'pending', NULL, '2025-11-25 02:40:33', '2025-11-25 02:40:33'),
(362, 105, 8, 1, '14.00', '0.00', '0.00', '14.00', 'pending', 'On the side', '2025-11-25 02:40:33', '2025-11-25 02:40:33'),
(363, 105, 25, 1, '8.50', '0.00', '0.00', '8.50', 'pending', 'No onions', '2025-11-25 02:40:33', '2025-11-25 02:40:33'),
(364, 105, 28, 1, '32.00', '0.00', '0.00', '32.00', 'pending', 'Medium rare', '2025-11-25 02:40:33', '2025-11-25 02:40:33'),
(365, 106, 1, 1, '8.50', '0.00', '0.00', '8.50', 'pending', NULL, '2025-11-25 02:40:33', '2025-11-25 02:40:33'),
(366, 106, 3, 1, '10.50', '0.00', '0.00', '10.50', 'pending', 'Extra sauce', '2025-11-25 02:40:33', '2025-11-25 02:40:33'),
(367, 106, 6, 2, '28.00', '0.00', '0.00', '56.00', 'pending', NULL, '2025-11-25 02:40:33', '2025-11-25 02:40:33'),
(368, 106, 15, 2, '5.50', '0.00', '0.00', '11.00', 'pending', 'Extra cheese', '2025-11-25 02:40:33', '2025-11-25 02:40:33'),
(369, 106, 21, 3, '2.50', '0.00', '0.00', '7.50', 'pending', NULL, '2025-11-25 02:40:33', '2025-11-25 02:40:33'),
(370, 106, 28, 3, '32.00', '0.00', '0.00', '96.00', 'pending', 'Well done', '2025-11-25 02:40:33', '2025-11-25 02:40:33'),
(371, 107, 12, 2, '10.00', '0.00', '0.00', '20.00', 'pending', NULL, '2025-11-25 02:40:33', '2025-11-25 02:40:33'),
(372, 107, 29, 2, '18.50', '0.00', '0.00', '37.00', 'pending', NULL, '2025-11-25 02:40:33', '2025-11-25 02:40:33'),
(373, 107, 31, 2, '15.00', '0.00', '0.00', '30.00', 'pending', 'Mild spice', '2025-11-25 02:40:33', '2025-11-25 02:40:33'),
(374, 108, 10, 3, '15.00', '0.00', '0.00', '45.00', 'pending', 'Extra cheese', '2025-11-25 02:40:33', '2025-11-25 02:40:33'),
(375, 108, 12, 2, '10.00', '0.00', '0.00', '20.00', 'pending', 'Extra herbs', '2025-11-25 02:40:33', '2025-11-25 02:40:33'),
(376, 108, 21, 1, '2.50', '0.00', '0.00', '2.50', 'pending', NULL, '2025-11-25 02:40:33', '2025-11-25 02:40:33'),
(377, 108, 26, 3, '25.00', '0.00', '0.00', '75.00', 'pending', 'Extra herbs', '2025-11-25 02:40:33', '2025-11-25 02:40:33'),
(378, 108, 30, 1, '22.00', '0.00', '0.00', '22.00', 'pending', 'Well done', '2025-11-25 02:40:33', '2025-11-25 02:40:33'),
(379, 109, 12, 2, '10.00', '0.00', '0.00', '20.00', 'pending', 'No vegetables', '2025-11-25 02:40:33', '2025-11-25 02:40:33'),
(380, 110, 1, 3, '8.50', '0.00', '0.00', '25.50', 'pending', 'Extra herbs', '2025-11-25 02:40:33', '2025-11-25 02:40:33'),
(381, 110, 11, 3, '13.50', '0.00', '0.00', '40.50', 'pending', NULL, '2025-11-25 02:40:33', '2025-11-25 02:40:33'),
(382, 110, 26, 2, '25.00', '0.00', '0.00', '50.00', 'pending', 'Extra spicy', '2025-11-25 02:40:33', '2025-11-25 02:40:33'),
(383, 110, 32, 1, '8.00', '0.00', '0.00', '8.00', 'pending', NULL, '2025-11-25 02:40:33', '2025-11-25 02:40:33'),
(384, 111, 30, 1, '22.00', '0.00', '0.00', '22.00', 'pending', NULL, '2025-11-25 02:40:33', '2025-11-25 02:40:33'),
(385, 112, 15, 1, '5.50', '0.00', '0.00', '5.50', 'pending', 'On the side', '2025-11-25 02:40:33', '2025-11-25 02:40:33'),
(386, 112, 23, 1, '4.50', '0.00', '0.00', '4.50', 'pending', 'On the side', '2025-11-25 02:40:33', '2025-11-25 02:40:33'),
(387, 112, 30, 3, '22.00', '0.00', '0.00', '66.00', 'pending', 'Extra cheese', '2025-11-25 02:40:33', '2025-11-25 02:40:33'),
(388, 112, 33, 1, '11.50', '0.00', '0.00', '11.50', 'pending', 'Well done', '2025-11-25 02:40:33', '2025-11-25 02:40:33'),
(389, 113, 16, 1, '6.00', '0.00', '0.00', '6.00', 'pending', 'No vegetables', '2025-11-25 02:40:33', '2025-11-25 02:40:33'),
(390, 113, 20, 3, '4.00', '0.00', '0.00', '12.00', 'pending', 'Extra cheese', '2025-11-25 02:40:33', '2025-11-25 02:40:33'),
(391, 113, 22, 2, '5.50', '0.00', '0.00', '11.00', 'pending', NULL, '2025-11-25 02:40:33', '2025-11-25 02:40:33'),
(392, 113, 24, 3, '3.50', '0.00', '0.00', '10.50', 'pending', NULL, '2025-11-25 02:40:33', '2025-11-25 02:40:33'),
(393, 114, 4, 3, '9.00', '0.00', '0.00', '27.00', 'pending', NULL, '2025-11-25 02:40:33', '2025-11-25 02:40:33'),
(394, 114, 7, 1, '12.50', '0.00', '0.00', '12.50', 'pending', 'Medium rare', '2025-11-25 02:40:33', '2025-11-25 02:40:33'),
(395, 114, 11, 1, '13.50', '0.00', '0.00', '13.50', 'pending', 'On the side', '2025-11-25 02:40:33', '2025-11-25 02:40:33'),
(396, 114, 15, 2, '5.50', '0.00', '0.00', '11.00', 'pending', 'Well done', '2025-11-25 02:40:33', '2025-11-25 02:40:33'),
(397, 114, 25, 1, '8.50', '0.00', '0.00', '8.50', 'pending', 'Extra herbs', '2025-11-25 02:40:33', '2025-11-25 02:40:33'),
(398, 114, 33, 2, '11.50', '0.00', '0.00', '23.00', 'pending', 'Mild spice', '2025-11-25 02:40:33', '2025-11-25 02:40:33'),
(399, 115, 11, 1, '13.50', '0.00', '0.00', '13.50', 'pending', 'Extra herbs', '2025-11-25 02:40:33', '2025-11-25 02:40:33'),
(400, 115, 15, 2, '5.50', '0.00', '0.00', '11.00', 'pending', 'Well done', '2025-11-25 02:40:33', '2025-11-25 02:40:33'),
(401, 115, 20, 3, '4.00', '0.00', '0.00', '12.00', 'pending', 'No onions', '2025-11-25 02:40:33', '2025-11-25 02:40:33'),
(402, 115, 25, 1, '8.50', '0.00', '0.00', '8.50', 'pending', 'On the side', '2025-11-25 02:40:33', '2025-11-25 02:40:33'),
(403, 115, 26, 3, '25.00', '0.00', '0.00', '75.00', 'pending', 'Extra spicy', '2025-11-25 02:40:33', '2025-11-25 02:40:33'),
(404, 116, 2, 2, '12.00', '0.00', '0.00', '24.00', 'pending', NULL, '2025-11-25 02:40:33', '2025-11-25 02:40:33'),
(405, 116, 3, 3, '10.50', '0.00', '0.00', '31.50', 'pending', NULL, '2025-11-25 02:40:33', '2025-11-25 02:40:33'),
(406, 116, 7, 3, '12.50', '0.00', '0.00', '37.50', 'pending', 'No onions', '2025-11-25 02:40:33', '2025-11-25 02:40:33'),
(407, 116, 11, 2, '13.50', '0.00', '0.00', '27.00', 'pending', 'No onions', '2025-11-25 02:40:33', '2025-11-25 02:40:33'),
(408, 116, 30, 3, '22.00', '0.00', '0.00', '66.00', 'pending', 'No onions', '2025-11-25 02:40:33', '2025-11-25 02:40:33'),
(409, 116, 31, 2, '15.00', '0.00', '0.00', '30.00', 'pending', NULL, '2025-11-25 02:40:33', '2025-11-25 02:40:33'),
(410, 117, 2, 3, '12.00', '0.00', '0.00', '36.00', 'pending', 'Extra herbs', '2025-11-25 02:40:33', '2025-11-25 02:40:33'),
(411, 117, 13, 3, '7.50', '0.00', '0.00', '22.50', 'pending', 'Extra cheese', '2025-11-25 02:40:33', '2025-11-25 02:40:33'),
(412, 117, 27, 1, '28.00', '0.00', '0.00', '28.00', 'pending', NULL, '2025-11-25 02:40:33', '2025-11-25 02:40:33'),
(413, 118, 12, 1, '10.00', '0.00', '0.00', '10.00', 'pending', NULL, '2025-11-25 02:40:33', '2025-11-25 02:40:33'),
(414, 118, 14, 1, '6.50', '0.00', '0.00', '6.50', 'pending', 'Mild spice', '2025-11-25 02:40:33', '2025-11-25 02:40:33'),
(415, 118, 17, 3, '8.50', '0.00', '0.00', '25.50', 'pending', 'Extra spicy', '2025-11-25 02:40:33', '2025-11-25 02:40:33'),
(416, 118, 28, 1, '32.00', '0.00', '0.00', '32.00', 'pending', NULL, '2025-11-25 02:40:33', '2025-11-25 02:40:33'),
(417, 119, 12, 1, '10.00', '0.00', '0.00', '10.00', 'pending', 'Extra sauce', '2025-11-25 02:40:33', '2025-11-25 02:40:33'),
(418, 119, 13, 2, '7.50', '0.00', '0.00', '15.00', 'pending', 'Extra sauce', '2025-11-25 02:40:33', '2025-11-25 02:40:33'),
(419, 119, 17, 3, '8.50', '0.00', '0.00', '25.50', 'pending', NULL, '2025-11-25 02:40:33', '2025-11-25 02:40:33'),
(420, 119, 20, 2, '4.00', '0.00', '0.00', '8.00', 'pending', 'Extra herbs', '2025-11-25 02:40:33', '2025-11-25 02:40:33'),
(421, 119, 25, 3, '8.50', '0.00', '0.00', '25.50', 'pending', 'On the side', '2025-11-25 02:40:33', '2025-11-25 02:40:33'),
(422, 119, 28, 3, '32.00', '0.00', '0.00', '96.00', 'pending', 'Extra herbs', '2025-11-25 02:40:33', '2025-11-25 02:40:33'),
(423, 120, 1, 1, '8.50', '0.00', '0.00', '8.50', 'pending', 'Well done', '2025-11-25 02:40:33', '2025-11-25 02:40:33'),
(424, 120, 6, 3, '28.00', '0.00', '0.00', '84.00', 'pending', 'Well done', '2025-11-25 02:40:33', '2025-11-25 02:40:33'),
(425, 120, 11, 3, '13.50', '0.00', '0.00', '40.50', 'pending', 'Extra spicy', '2025-11-25 02:40:33', '2025-11-25 02:40:33'),
(426, 120, 19, 3, '3.50', '0.00', '0.00', '10.50', 'pending', 'Medium rare', '2025-11-25 02:40:33', '2025-11-25 02:40:33'),
(427, 120, 21, 3, '2.50', '0.00', '0.00', '7.50', 'pending', 'Extra cheese', '2025-11-25 02:40:33', '2025-11-25 02:40:33'),
(428, 120, 24, 3, '3.50', '0.00', '0.00', '10.50', 'pending', 'No vegetables', '2025-11-25 02:40:33', '2025-11-25 02:40:33'),
(429, 121, 7, 1, '12.50', '0.00', '0.00', '12.50', 'pending', NULL, '2025-11-25 02:40:33', '2025-11-25 02:40:33'),
(430, 121, 21, 1, '2.50', '0.00', '0.00', '2.50', 'pending', NULL, '2025-11-25 02:40:33', '2025-11-25 02:40:33'),
(431, 121, 25, 1, '8.50', '0.00', '0.00', '8.50', 'pending', NULL, '2025-11-25 02:40:33', '2025-11-25 02:40:33'),
(432, 121, 33, 1, '11.50', '0.00', '0.00', '11.50', 'pending', 'No vegetables', '2025-11-25 02:40:33', '2025-11-25 02:40:33'),
(433, 122, 7, 3, '12.50', '0.00', '0.00', '37.50', 'pending', NULL, '2025-11-25 02:40:33', '2025-11-25 02:40:33'),
(434, 123, 1, 1, '8.50', '0.00', '0.00', '8.50', 'pending', NULL, '2025-11-25 02:40:33', '2025-11-25 02:40:33'),
(435, 123, 7, 1, '12.50', '0.00', '0.00', '12.50', 'pending', 'Extra herbs', '2025-11-25 02:40:33', '2025-11-25 02:40:33'),
(436, 123, 27, 2, '28.00', '0.00', '0.00', '56.00', 'pending', NULL, '2025-11-25 02:40:33', '2025-11-25 02:40:33'),
(437, 124, 7, 3, '12.50', '0.00', '0.00', '37.50', 'pending', NULL, '2025-11-25 02:40:33', '2025-11-25 02:40:33'),
(438, 124, 9, 3, '16.50', '0.00', '0.00', '49.50', 'pending', 'Mild spice', '2025-11-25 02:40:33', '2025-11-25 02:40:33'),
(439, 124, 13, 1, '7.50', '0.00', '0.00', '7.50', 'pending', NULL, '2025-11-25 02:40:33', '2025-11-25 02:40:33'),
(440, 124, 15, 1, '5.50', '0.00', '0.00', '5.50', 'pending', 'Well done', '2025-11-25 02:40:33', '2025-11-25 02:40:33'),
(441, 124, 24, 2, '3.50', '0.00', '0.00', '7.00', 'pending', 'Extra sauce', '2025-11-25 02:40:33', '2025-11-25 02:40:33'),
(442, 124, 32, 1, '8.00', '0.00', '0.00', '8.00', 'pending', 'Well done', '2025-11-25 02:40:33', '2025-11-25 02:40:33'),
(443, 125, 12, 1, '10.00', '0.00', '0.00', '10.00', 'pending', 'Well done', '2025-11-25 02:40:33', '2025-11-25 02:40:33'),
(444, 125, 13, 3, '7.50', '0.00', '0.00', '22.50', 'pending', 'On the side', '2025-11-25 02:40:33', '2025-11-25 02:40:33'),
(445, 125, 15, 3, '5.50', '0.00', '0.00', '16.50', 'pending', 'Medium rare', '2025-11-25 02:40:33', '2025-11-25 02:40:33'),
(446, 126, 6, 3, '28.00', '0.00', '0.00', '84.00', 'pending', 'Extra sauce', '2025-11-25 02:40:33', '2025-11-25 02:40:33'),
(447, 126, 8, 1, '14.00', '0.00', '0.00', '14.00', 'pending', NULL, '2025-11-25 02:40:33', '2025-11-25 02:40:33'),
(448, 127, 5, 3, '13.50', '0.00', '0.00', '40.50', 'pending', 'No onions', '2025-11-25 02:40:33', '2025-11-25 02:40:33'),
(449, 127, 9, 1, '16.50', '0.00', '0.00', '16.50', 'pending', NULL, '2025-11-25 02:40:33', '2025-11-25 02:40:33'),
(450, 127, 26, 2, '25.00', '0.00', '0.00', '50.00', 'pending', 'Mild spice', '2025-11-25 02:40:33', '2025-11-25 02:40:33'),
(451, 127, 33, 1, '11.50', '0.00', '0.00', '11.50', 'pending', 'No onions', '2025-11-25 02:40:33', '2025-11-25 02:40:33'),
(452, 128, 7, 1, '12.50', '0.00', '0.00', '12.50', 'pending', NULL, '2025-11-25 02:40:33', '2025-11-25 02:40:33'),
(453, 128, 12, 3, '10.00', '0.00', '0.00', '30.00', 'pending', 'Extra spicy', '2025-11-25 02:40:33', '2025-11-25 02:40:33'),
(454, 128, 14, 3, '6.50', '0.00', '0.00', '19.50', 'pending', NULL, '2025-11-25 02:40:33', '2025-11-25 02:40:33'),
(455, 128, 16, 1, '6.00', '0.00', '0.00', '6.00', 'pending', 'No onions', '2025-11-25 02:40:33', '2025-11-25 02:40:33'),
(456, 128, 21, 1, '2.50', '0.00', '0.00', '2.50', 'pending', 'No vegetables', '2025-11-25 02:40:33', '2025-11-25 02:40:33'),
(457, 128, 22, 2, '5.50', '0.00', '0.00', '11.00', 'pending', 'Well done', '2025-11-25 02:40:33', '2025-11-25 02:40:33'),
(458, 129, 2, 3, '12.00', '0.00', '0.00', '36.00', 'pending', 'No onions', '2025-11-25 02:40:33', '2025-11-25 02:40:33'),
(459, 129, 5, 2, '13.50', '0.00', '0.00', '27.00', 'pending', 'Medium rare', '2025-11-25 02:40:33', '2025-11-25 02:40:33'),
(460, 129, 15, 1, '5.50', '0.00', '0.00', '5.50', 'pending', 'Extra sauce', '2025-11-25 02:40:33', '2025-11-25 02:40:33'),
(461, 129, 24, 3, '3.50', '0.00', '0.00', '10.50', 'pending', 'Medium rare', '2025-11-25 02:40:33', '2025-11-25 02:40:33'),
(462, 130, 1, 1, '8.50', '0.00', '0.00', '8.50', 'pending', 'On the side', '2025-11-25 02:40:33', '2025-11-25 02:40:33'),
(463, 130, 24, 3, '3.50', '0.00', '0.00', '10.50', 'pending', 'Extra cheese', '2025-11-25 02:40:33', '2025-11-25 02:40:33'),
(464, 131, 21, 1, '2.50', '0.00', '0.00', '2.50', 'pending', 'Mild spice', '2025-11-25 02:40:33', '2025-11-25 02:40:33'),
(465, 132, 8, 1, '14.00', '0.00', '0.00', '14.00', 'pending', 'Extra cheese', '2025-11-25 02:40:33', '2025-11-25 02:40:33'),
(466, 132, 16, 1, '6.00', '0.00', '0.00', '6.00', 'pending', NULL, '2025-11-25 02:40:33', '2025-11-25 02:40:33'),
(467, 132, 17, 2, '8.50', '0.00', '0.00', '17.00', 'pending', 'No vegetables', '2025-11-25 02:40:33', '2025-11-25 02:40:33'),
(468, 132, 25, 3, '8.50', '0.00', '0.00', '25.50', 'pending', NULL, '2025-11-25 02:40:33', '2025-11-25 02:40:33'),
(469, 132, 28, 2, '32.00', '0.00', '0.00', '64.00', 'pending', 'Extra spicy', '2025-11-25 02:40:33', '2025-11-25 02:40:33'),
(470, 132, 32, 1, '8.00', '0.00', '0.00', '8.00', 'pending', NULL, '2025-11-25 02:40:33', '2025-11-25 02:40:33'),
(471, 133, 3, 2, '10.50', '0.00', '0.00', '21.00', 'pending', NULL, '2025-11-25 02:40:33', '2025-11-25 02:40:33'),
(472, 133, 24, 3, '3.50', '0.00', '0.00', '10.50', 'pending', 'No onions', '2025-11-25 02:40:33', '2025-11-25 02:40:33'),
(473, 133, 32, 2, '8.00', '0.00', '0.00', '16.00', 'pending', 'No vegetables', '2025-11-25 02:40:33', '2025-11-25 02:40:33'),
(474, 134, 31, 2, '15.00', '0.00', '0.00', '30.00', 'pending', 'Medium rare', '2025-11-25 02:40:33', '2025-11-25 02:40:33'),
(475, 135, 12, 2, '10.00', '0.00', '0.00', '20.00', 'pending', 'Mild spice', '2025-11-25 02:40:33', '2025-11-25 02:40:33'),
(476, 136, 2, 1, '12.00', '0.00', '0.00', '12.00', 'pending', 'On the side', '2025-11-25 02:40:33', '2025-11-25 02:40:33'),
(477, 136, 18, 3, '4.50', '0.00', '0.00', '13.50', 'pending', NULL, '2025-11-25 02:40:33', '2025-11-25 02:40:33'),
(478, 136, 22, 3, '5.50', '0.00', '0.00', '16.50', 'pending', 'Extra sauce', '2025-11-25 02:40:33', '2025-11-25 02:40:33'),
(479, 137, 7, 1, '12.50', '0.00', '0.00', '12.50', 'pending', 'Mild spice', '2025-11-25 02:40:33', '2025-11-25 02:40:33'),
(480, 137, 19, 1, '3.50', '0.00', '0.00', '3.50', 'pending', NULL, '2025-11-25 02:40:33', '2025-11-25 02:40:33'),
(481, 137, 24, 3, '3.50', '0.00', '0.00', '10.50', 'pending', NULL, '2025-11-25 02:40:33', '2025-11-25 02:40:33'),
(482, 137, 33, 1, '11.50', '0.00', '0.00', '11.50', 'pending', 'Extra cheese', '2025-11-25 02:40:33', '2025-11-25 02:40:33'),
(483, 138, 1, 3, '8.50', '0.00', '0.00', '25.50', 'pending', 'Extra spicy', '2025-11-25 02:40:33', '2025-11-25 02:40:33'),
(484, 138, 2, 1, '12.00', '0.00', '0.00', '12.00', 'pending', NULL, '2025-11-25 02:40:33', '2025-11-25 02:40:33'),
(485, 138, 3, 1, '10.50', '0.00', '0.00', '10.50', 'pending', NULL, '2025-11-25 02:40:33', '2025-11-25 02:40:33'),
(486, 138, 11, 3, '13.50', '0.00', '0.00', '40.50', 'pending', 'Extra sauce', '2025-11-25 02:40:33', '2025-11-25 02:40:33'),
(487, 138, 28, 3, '32.00', '0.00', '0.00', '96.00', 'pending', NULL, '2025-11-25 02:40:33', '2025-11-25 02:40:33'),
(488, 138, 29, 2, '18.50', '0.00', '0.00', '37.00', 'pending', NULL, '2025-11-25 02:40:33', '2025-11-25 02:40:33'),
(489, 139, 6, 1, '28.00', '0.00', '0.00', '28.00', 'pending', 'Mild spice', '2025-11-25 02:40:33', '2025-11-25 02:40:33'),
(490, 139, 15, 1, '5.50', '0.00', '0.00', '5.50', 'pending', NULL, '2025-11-25 02:40:33', '2025-11-25 02:40:33'),
(491, 139, 33, 3, '11.50', '0.00', '0.00', '34.50', 'pending', NULL, '2025-11-25 02:40:33', '2025-11-25 02:40:33'),
(492, 140, 1, 2, '8.50', '0.00', '0.00', '17.00', 'pending', 'No vegetables', '2025-11-25 02:40:33', '2025-11-25 02:40:33'),
(493, 140, 7, 3, '12.50', '0.00', '0.00', '37.50', 'pending', NULL, '2025-11-25 02:40:33', '2025-11-25 02:40:33'),
(494, 140, 17, 2, '8.50', '0.00', '0.00', '17.00', 'pending', 'Extra cheese', '2025-11-25 02:40:33', '2025-11-25 02:40:33'),
(495, 140, 19, 3, '3.50', '0.00', '0.00', '10.50', 'pending', 'Extra sauce', '2025-11-25 02:40:33', '2025-11-25 02:40:33'),
(496, 140, 21, 2, '2.50', '0.00', '0.00', '5.00', 'pending', NULL, '2025-11-25 02:40:33', '2025-11-25 02:40:33'),
(497, 141, 6, 3, '28.00', '0.00', '0.00', '84.00', 'pending', 'No onions', '2025-11-25 02:40:33', '2025-11-25 02:40:33'),
(498, 141, 11, 2, '13.50', '0.00', '0.00', '27.00', 'pending', 'Extra spicy', '2025-11-25 02:40:33', '2025-11-25 02:40:33'),
(499, 141, 19, 3, '3.50', '0.00', '0.00', '10.50', 'pending', 'Well done', '2025-11-25 02:40:33', '2025-11-25 02:40:33'),
(500, 141, 22, 3, '5.50', '0.00', '0.00', '16.50', 'pending', 'Extra spicy', '2025-11-25 02:40:33', '2025-11-25 02:40:33'),
(501, 141, 26, 2, '25.00', '0.00', '0.00', '50.00', 'pending', NULL, '2025-11-25 02:40:33', '2025-11-25 02:40:33'),
(502, 142, 1, 1, '8.50', '0.00', '0.00', '8.50', 'pending', 'No onions', '2025-11-25 02:40:33', '2025-11-25 02:40:33'),
(503, 142, 4, 3, '9.00', '0.00', '0.00', '27.00', 'pending', 'Extra spicy', '2025-11-25 02:40:33', '2025-11-25 02:40:33'),
(504, 142, 7, 3, '12.50', '0.00', '0.00', '37.50', 'pending', NULL, '2025-11-25 02:40:33', '2025-11-25 02:40:33'),
(505, 142, 9, 1, '16.50', '0.00', '0.00', '16.50', 'pending', 'Medium rare', '2025-11-25 02:40:33', '2025-11-25 02:40:33'),
(506, 142, 13, 2, '7.50', '0.00', '0.00', '15.00', 'pending', 'Extra spicy', '2025-11-25 02:40:33', '2025-11-25 02:40:33'),
(507, 142, 31, 3, '15.00', '0.00', '0.00', '45.00', 'pending', 'Medium rare', '2025-11-25 02:40:33', '2025-11-25 02:40:33'),
(508, 143, 6, 1, '28.00', '0.00', '0.00', '28.00', 'pending', 'Extra sauce', '2025-11-25 02:40:33', '2025-11-25 02:40:33'),
(509, 143, 8, 1, '14.00', '0.00', '0.00', '14.00', 'pending', NULL, '2025-11-25 02:40:33', '2025-11-25 02:40:33'),
(510, 144, 5, 3, '13.50', '0.00', '0.00', '40.50', 'pending', 'Medium rare', '2025-11-25 02:40:33', '2025-11-25 02:40:33'),
(511, 144, 21, 1, '2.50', '0.00', '0.00', '2.50', 'pending', 'Mild spice', '2025-11-25 02:40:33', '2025-11-25 02:40:33'),
(512, 144, 22, 3, '5.50', '0.00', '0.00', '16.50', 'pending', NULL, '2025-11-25 02:40:33', '2025-11-25 02:40:33'),
(513, 145, 7, 2, '12.50', '0.00', '0.00', '25.00', 'pending', NULL, '2025-11-25 02:40:33', '2025-11-25 02:40:33'),
(514, 145, 9, 3, '16.50', '0.00', '0.00', '49.50', 'pending', 'Extra spicy', '2025-11-25 02:40:33', '2025-11-25 02:40:33'),
(515, 145, 14, 3, '6.50', '0.00', '0.00', '19.50', 'pending', 'No onions', '2025-11-25 02:40:33', '2025-11-25 02:40:33'),
(516, 145, 28, 2, '32.00', '0.00', '0.00', '64.00', 'pending', NULL, '2025-11-25 02:40:33', '2025-11-25 02:40:33'),
(517, 146, 2, 3, '12.00', '0.00', '0.00', '36.00', 'pending', 'Extra spicy', '2025-11-25 02:40:33', '2025-11-25 02:40:33'),
(518, 146, 12, 3, '10.00', '0.00', '0.00', '30.00', 'pending', 'Extra sauce', '2025-11-25 02:40:33', '2025-11-25 02:40:33'),
(519, 146, 16, 3, '6.00', '0.00', '0.00', '18.00', 'pending', NULL, '2025-11-25 02:40:33', '2025-11-25 02:40:33'),
(520, 146, 22, 2, '5.50', '0.00', '0.00', '11.00', 'pending', 'Well done', '2025-11-25 02:40:33', '2025-11-25 02:40:33'),
(521, 146, 30, 3, '22.00', '0.00', '0.00', '66.00', 'pending', 'Medium rare', '2025-11-25 02:40:33', '2025-11-25 02:40:33'),
(522, 147, 1, 1, '8.50', '0.00', '0.00', '8.50', 'pending', 'Extra spicy', '2025-11-25 02:40:33', '2025-11-25 02:40:33'),
(523, 147, 19, 1, '3.50', '0.00', '0.00', '3.50', 'pending', 'Well done', '2025-11-25 02:40:33', '2025-11-25 02:40:33'),
(524, 148, 8, 1, '14.00', '0.00', '0.00', '14.00', 'pending', 'Mild spice', '2025-11-25 02:40:33', '2025-11-25 02:40:33'),
(525, 148, 22, 3, '5.50', '0.00', '0.00', '16.50', 'pending', 'Mild spice', '2025-11-25 02:40:33', '2025-11-25 02:40:33'),
(526, 149, 25, 3, '8.50', '0.00', '0.00', '25.50', 'pending', 'Medium rare', '2025-11-25 02:40:33', '2025-11-25 02:40:33'),
(527, 150, 16, 2, '6.00', '0.00', '0.00', '12.00', 'pending', 'On the side', '2025-11-25 02:40:33', '2025-11-25 02:40:33'),
(528, 150, 26, 3, '25.00', '0.00', '0.00', '75.00', 'pending', NULL, '2025-11-25 02:40:33', '2025-11-25 02:40:33'),
(529, 150, 27, 3, '28.00', '0.00', '0.00', '84.00', 'pending', 'Well done', '2025-11-25 02:40:34', '2025-11-25 02:40:34'),
(530, 151, 12, 1, '10.00', '0.00', '0.00', '10.00', 'pending', 'Well done', '2025-11-25 02:40:34', '2025-11-25 02:40:34'),
(531, 151, 25, 3, '8.50', '0.00', '0.00', '25.50', 'pending', 'Extra herbs', '2025-11-25 02:40:34', '2025-11-25 02:40:34'),
(532, 151, 28, 1, '32.00', '0.00', '0.00', '32.00', 'pending', 'Medium rare', '2025-11-25 02:40:34', '2025-11-25 02:40:34'),
(533, 151, 32, 2, '8.00', '0.00', '0.00', '16.00', 'pending', NULL, '2025-11-25 02:40:34', '2025-11-25 02:40:34'),
(534, 152, 28, 1, '32.00', '0.00', '0.00', '32.00', 'pending', 'On the side', '2025-11-25 02:40:34', '2025-11-25 02:40:34'),
(535, 153, 8, 2, '14.00', '0.00', '0.00', '28.00', 'pending', NULL, '2025-11-25 02:40:34', '2025-11-25 02:40:34'),
(536, 153, 10, 1, '15.00', '0.00', '0.00', '15.00', 'pending', 'Well done', '2025-11-25 02:40:34', '2025-11-25 02:40:34'),
(537, 153, 14, 3, '6.50', '0.00', '0.00', '19.50', 'pending', 'Extra sauce', '2025-11-25 02:40:34', '2025-11-25 02:40:34'),
(538, 153, 17, 2, '8.50', '0.00', '0.00', '17.00', 'pending', 'On the side', '2025-11-25 02:40:34', '2025-11-25 02:40:34'),
(539, 153, 26, 2, '25.00', '0.00', '0.00', '50.00', 'pending', 'Mild spice', '2025-11-25 02:40:34', '2025-11-25 02:40:34'),
(540, 153, 28, 1, '32.00', '0.00', '0.00', '32.00', 'pending', NULL, '2025-11-25 02:40:34', '2025-11-25 02:40:34'),
(541, 154, 27, 1, '28.00', '0.00', '0.00', '28.00', 'pending', 'Well done', '2025-11-25 02:40:34', '2025-11-25 02:40:34'),
(542, 155, 22, 1, '5.50', '0.00', '0.00', '5.50', 'pending', 'No onions', '2025-11-25 02:40:34', '2025-11-25 02:40:34'),
(543, 155, 26, 2, '25.00', '0.00', '0.00', '50.00', 'pending', 'No onions', '2025-11-25 02:40:34', '2025-11-25 02:40:34'),
(544, 155, 32, 3, '8.00', '0.00', '0.00', '24.00', 'pending', 'Medium rare', '2025-11-25 02:40:34', '2025-11-25 02:40:34'),
(545, 156, 3, 2, '10.50', '0.00', '0.00', '21.00', 'pending', NULL, '2025-11-25 02:40:34', '2025-11-25 02:40:34'),
(546, 156, 28, 1, '32.00', '0.00', '0.00', '32.00', 'pending', NULL, '2025-11-25 02:40:34', '2025-11-25 02:40:34'),
(547, 157, 19, 1, '3.50', '0.00', '0.00', '3.50', 'pending', 'Extra sauce', '2025-11-25 02:40:34', '2025-11-25 02:40:34'),
(548, 157, 20, 2, '4.00', '0.00', '0.00', '8.00', 'pending', 'Extra spicy', '2025-11-25 02:40:34', '2025-11-25 02:40:34'),
(549, 157, 25, 1, '8.50', '0.00', '0.00', '8.50', 'pending', 'Extra spicy', '2025-11-25 02:40:34', '2025-11-25 02:40:34'),
(550, 157, 28, 3, '32.00', '0.00', '0.00', '96.00', 'pending', NULL, '2025-11-25 02:40:34', '2025-11-25 02:40:34'),
(551, 157, 33, 2, '11.50', '0.00', '0.00', '23.00', 'pending', 'Extra herbs', '2025-11-25 02:40:34', '2025-11-25 02:40:34'),
(552, 158, 31, 1, '15.00', '0.00', '0.00', '15.00', 'pending', NULL, '2025-11-25 02:40:34', '2025-11-25 02:40:34'),
(553, 159, 10, 2, '15.00', '0.00', '0.00', '30.00', 'pending', 'Mild spice', '2025-11-25 02:40:34', '2025-11-25 02:40:34'),
(554, 159, 15, 3, '5.50', '0.00', '0.00', '16.50', 'pending', NULL, '2025-11-25 02:40:34', '2025-11-25 02:40:34'),
(555, 159, 19, 1, '3.50', '0.00', '0.00', '3.50', 'pending', NULL, '2025-11-25 02:40:34', '2025-11-25 02:40:34'),
(556, 159, 21, 1, '2.50', '0.00', '0.00', '2.50', 'pending', 'Well done', '2025-11-25 02:40:34', '2025-11-25 02:40:34'),
(557, 160, 4, 1, '9.00', '0.00', '0.00', '9.00', 'pending', NULL, '2025-11-25 02:40:34', '2025-11-25 02:40:34'),
(558, 160, 16, 1, '6.00', '0.00', '0.00', '6.00', 'pending', 'Extra cheese', '2025-11-25 02:40:34', '2025-11-25 02:40:34'),
(559, 160, 27, 3, '28.00', '0.00', '0.00', '84.00', 'pending', NULL, '2025-11-25 02:40:34', '2025-11-25 02:40:34'),
(560, 161, 3, 1, '10.50', '0.00', '0.00', '10.50', 'pending', NULL, '2025-11-25 02:40:34', '2025-11-25 02:40:34'),
(561, 161, 7, 1, '12.50', '0.00', '0.00', '12.50', 'pending', 'Well done', '2025-11-25 02:40:34', '2025-11-25 02:40:34'),
(562, 161, 8, 1, '14.00', '0.00', '0.00', '14.00', 'pending', 'Extra herbs', '2025-11-25 02:40:34', '2025-11-25 02:40:34'),
(563, 161, 19, 2, '3.50', '0.00', '0.00', '7.00', 'pending', 'Extra sauce', '2025-11-25 02:40:34', '2025-11-25 02:40:34'),
(564, 161, 32, 3, '8.00', '0.00', '0.00', '24.00', 'pending', 'No onions', '2025-11-25 02:40:34', '2025-11-25 02:40:34'),
(565, 162, 2, 2, '12.00', '0.00', '0.00', '24.00', 'pending', NULL, '2025-11-25 02:40:34', '2025-11-25 02:40:34'),
(566, 162, 7, 1, '12.50', '0.00', '0.00', '12.50', 'pending', 'No vegetables', '2025-11-25 02:40:34', '2025-11-25 02:40:34'),
(567, 162, 10, 3, '15.00', '0.00', '0.00', '45.00', 'pending', 'Extra sauce', '2025-11-25 02:40:34', '2025-11-25 02:40:34'),
(568, 162, 22, 3, '5.50', '0.00', '0.00', '16.50', 'pending', NULL, '2025-11-25 02:40:34', '2025-11-25 02:40:34'),
(569, 162, 33, 3, '11.50', '0.00', '0.00', '34.50', 'pending', 'Mild spice', '2025-11-25 02:40:34', '2025-11-25 02:40:34'),
(570, 163, 15, 3, '5.50', '0.00', '0.00', '16.50', 'pending', 'No onions', '2025-11-25 02:40:34', '2025-11-25 02:40:34'),
(571, 163, 25, 1, '8.50', '0.00', '0.00', '8.50', 'pending', NULL, '2025-11-25 02:40:34', '2025-11-25 02:40:34'),
(572, 163, 29, 3, '18.50', '0.00', '0.00', '55.50', 'pending', 'Extra cheese', '2025-11-25 02:40:34', '2025-11-25 02:40:34'),
(573, 164, 16, 3, '6.00', '0.00', '0.00', '18.00', 'pending', 'Extra herbs', '2025-11-25 02:40:34', '2025-11-25 02:40:34'),
(574, 165, 5, 2, '13.50', '0.00', '0.00', '27.00', 'pending', NULL, '2025-11-25 02:40:34', '2025-11-25 02:40:34'),
(575, 165, 11, 1, '13.50', '0.00', '0.00', '13.50', 'pending', NULL, '2025-11-25 02:40:34', '2025-11-25 02:40:34'),
(576, 165, 16, 1, '6.00', '0.00', '0.00', '6.00', 'pending', 'Extra spicy', '2025-11-25 02:40:34', '2025-11-25 02:40:34'),
(577, 165, 18, 2, '4.50', '0.00', '0.00', '9.00', 'pending', NULL, '2025-11-25 02:40:34', '2025-11-25 02:40:34'),
(578, 165, 25, 3, '8.50', '0.00', '0.00', '25.50', 'pending', 'No vegetables', '2025-11-25 02:40:34', '2025-11-25 02:40:34'),
(579, 165, 29, 2, '18.50', '0.00', '0.00', '37.00', 'pending', NULL, '2025-11-25 02:40:34', '2025-11-25 02:40:34'),
(580, 166, 14, 3, '6.50', '0.00', '0.00', '19.50', 'pending', 'Extra cheese', '2025-11-25 02:40:34', '2025-11-25 02:40:34'),
(581, 166, 26, 3, '25.00', '0.00', '0.00', '75.00', 'pending', 'Extra herbs', '2025-11-25 02:40:34', '2025-11-25 02:40:34'),
(582, 167, 4, 1, '9.00', '0.00', '0.00', '9.00', 'pending', 'No onions', '2025-11-25 02:40:34', '2025-11-25 02:40:34'),
(583, 168, 27, 3, '28.00', '0.00', '0.00', '84.00', 'pending', 'No onions', '2025-11-25 02:40:34', '2025-11-25 02:40:34'),
(584, 169, 3, 1, '10.50', '0.00', '0.00', '10.50', 'pending', 'Extra spicy', '2025-11-25 02:40:34', '2025-11-25 02:40:34'),
(585, 169, 15, 3, '5.50', '0.00', '0.00', '16.50', 'pending', NULL, '2025-11-25 02:40:34', '2025-11-25 02:40:34'),
(586, 169, 19, 2, '3.50', '0.00', '0.00', '7.00', 'pending', NULL, '2025-11-25 02:40:34', '2025-11-25 02:40:34'),
(587, 169, 32, 3, '8.00', '0.00', '0.00', '24.00', 'pending', 'Extra sauce', '2025-11-25 02:40:34', '2025-11-25 02:40:34'),
(588, 170, 27, 2, '28.00', '0.00', '0.00', '56.00', 'pending', NULL, '2025-11-25 02:40:34', '2025-11-25 02:40:34'),
(589, 171, 6, 3, '28.00', '0.00', '0.00', '84.00', 'pending', NULL, '2025-11-25 02:40:34', '2025-11-25 02:40:34'),
(590, 171, 18, 3, '4.50', '0.00', '0.00', '13.50', 'pending', 'Extra cheese', '2025-11-25 02:40:34', '2025-11-25 02:40:34'),
(591, 172, 1, 3, '8.50', '0.00', '0.00', '25.50', 'pending', 'No vegetables', '2025-11-25 02:40:34', '2025-11-25 02:40:34'),
(592, 172, 2, 1, '12.00', '0.00', '0.00', '12.00', 'pending', NULL, '2025-11-25 02:40:34', '2025-11-25 02:40:34'),
(593, 172, 12, 3, '10.00', '0.00', '0.00', '30.00', 'pending', 'Medium rare', '2025-11-25 02:40:34', '2025-11-25 02:40:34'),
(594, 172, 23, 3, '4.50', '0.00', '0.00', '13.50', 'pending', 'Medium rare', '2025-11-25 02:40:34', '2025-11-25 02:40:34'),
(595, 172, 24, 2, '3.50', '0.00', '0.00', '7.00', 'pending', 'Medium rare', '2025-11-25 02:40:34', '2025-11-25 02:40:34'),
(596, 173, 8, 1, '14.00', '0.00', '0.00', '14.00', 'pending', 'Well done', '2025-11-25 02:40:34', '2025-11-25 02:40:34'),
(597, 173, 32, 3, '8.00', '0.00', '0.00', '24.00', 'pending', NULL, '2025-11-25 02:40:34', '2025-11-25 02:40:34'),
(598, 174, 8, 3, '14.00', '0.00', '0.00', '42.00', 'pending', 'On the side', '2025-11-25 02:40:34', '2025-11-25 02:40:34'),
(599, 174, 9, 2, '16.50', '0.00', '0.00', '33.00', 'pending', 'Extra spicy', '2025-11-25 02:40:34', '2025-11-25 02:40:34'),
(600, 174, 10, 2, '15.00', '0.00', '0.00', '30.00', 'pending', NULL, '2025-11-25 02:40:34', '2025-11-25 02:40:34'),
(601, 174, 16, 3, '6.00', '0.00', '0.00', '18.00', 'pending', 'On the side', '2025-11-25 02:40:34', '2025-11-25 02:40:34'),
(602, 174, 23, 1, '4.50', '0.00', '0.00', '4.50', 'pending', 'Medium rare', '2025-11-25 02:40:34', '2025-11-25 02:40:34'),
(603, 174, 28, 2, '32.00', '0.00', '0.00', '64.00', 'pending', 'On the side', '2025-11-25 02:40:34', '2025-11-25 02:40:34'),
(604, 175, 8, 3, '14.00', '0.00', '0.00', '42.00', 'pending', 'Medium rare', '2025-11-25 02:40:34', '2025-11-25 02:40:34'),
(605, 175, 12, 2, '10.00', '0.00', '0.00', '20.00', 'pending', NULL, '2025-11-25 02:40:34', '2025-11-25 02:40:34'),
(606, 175, 23, 3, '4.50', '0.00', '0.00', '13.50', 'pending', NULL, '2025-11-25 02:40:34', '2025-11-25 02:40:34'),
(607, 175, 26, 1, '25.00', '0.00', '0.00', '25.00', 'pending', NULL, '2025-11-25 02:40:34', '2025-11-25 02:40:34'),
(608, 175, 30, 1, '22.00', '0.00', '0.00', '22.00', 'pending', 'Extra cheese', '2025-11-25 02:40:34', '2025-11-25 02:40:34'),
(609, 176, 5, 3, '13.50', '0.00', '0.00', '40.50', 'pending', 'Extra herbs', '2025-11-25 02:40:34', '2025-11-25 02:40:34'),
(610, 177, 9, 2, '16.50', '0.00', '0.00', '33.00', 'pending', NULL, '2025-11-25 02:40:34', '2025-11-25 02:40:34'),
(611, 177, 11, 1, '13.50', '0.00', '0.00', '13.50', 'pending', 'Extra cheese', '2025-11-25 02:40:34', '2025-11-25 02:40:34'),
(612, 177, 18, 2, '4.50', '0.00', '0.00', '9.00', 'pending', 'On the side', '2025-11-25 02:40:34', '2025-11-25 02:40:34'),
(613, 177, 27, 2, '28.00', '0.00', '0.00', '56.00', 'pending', NULL, '2025-11-25 02:40:34', '2025-11-25 02:40:34'),
(614, 177, 30, 2, '22.00', '0.00', '0.00', '44.00', 'pending', 'Extra spicy', '2025-11-25 02:40:34', '2025-11-25 02:40:34'),
(615, 178, 3, 1, '10.50', '0.00', '0.00', '10.50', 'pending', 'Extra cheese', '2025-11-25 02:40:34', '2025-11-25 02:40:34'),
(616, 178, 7, 2, '12.50', '0.00', '0.00', '25.00', 'pending', 'Extra herbs', '2025-11-25 02:40:34', '2025-11-25 02:40:34'),
(617, 178, 12, 1, '10.00', '0.00', '0.00', '10.00', 'pending', 'No onions', '2025-11-25 02:40:34', '2025-11-25 02:40:34'),
(618, 178, 21, 1, '2.50', '0.00', '0.00', '2.50', 'pending', NULL, '2025-11-25 02:40:34', '2025-11-25 02:40:34'),
(619, 178, 26, 1, '25.00', '0.00', '0.00', '25.00', 'pending', 'Extra spicy', '2025-11-25 02:40:34', '2025-11-25 02:40:34'),
(620, 179, 6, 2, '28.00', '0.00', '0.00', '56.00', 'pending', 'Medium rare', '2025-11-25 02:40:34', '2025-11-25 02:40:34'),
(621, 179, 19, 3, '3.50', '0.00', '0.00', '10.50', 'pending', 'Mild spice', '2025-11-25 02:40:34', '2025-11-25 02:40:34'),
(622, 179, 24, 1, '3.50', '0.00', '0.00', '3.50', 'pending', 'No onions', '2025-11-25 02:40:34', '2025-11-25 02:40:34'),
(623, 179, 25, 2, '8.50', '0.00', '0.00', '17.00', 'pending', 'On the side', '2025-11-25 02:40:34', '2025-11-25 02:40:34'),
(624, 179, 26, 3, '25.00', '0.00', '0.00', '75.00', 'pending', 'No vegetables', '2025-11-25 02:40:34', '2025-11-25 02:40:34'),
(625, 179, 28, 2, '32.00', '0.00', '0.00', '64.00', 'pending', NULL, '2025-11-25 02:40:34', '2025-11-25 02:40:34'),
(626, 180, 4, 3, '9.00', '0.00', '0.00', '27.00', 'pending', NULL, '2025-11-25 02:40:34', '2025-11-25 02:40:34'),
(627, 180, 10, 2, '15.00', '0.00', '0.00', '30.00', 'pending', 'Mild spice', '2025-11-25 02:40:34', '2025-11-25 02:40:34'),
(628, 180, 20, 3, '4.00', '0.00', '0.00', '12.00', 'pending', 'No onions', '2025-11-25 02:40:34', '2025-11-25 02:40:34'),
(629, 181, 3, 1, '10.50', '0.00', '0.00', '10.50', 'pending', 'No vegetables', '2025-11-25 02:40:34', '2025-11-25 02:40:34'),
(630, 181, 8, 3, '14.00', '0.00', '0.00', '42.00', 'pending', NULL, '2025-11-25 02:40:34', '2025-11-25 02:40:34'),
(631, 181, 10, 2, '15.00', '0.00', '0.00', '30.00', 'pending', NULL, '2025-11-25 02:40:34', '2025-11-25 02:40:34'),
(632, 181, 15, 2, '5.50', '0.00', '0.00', '11.00', 'pending', 'No onions', '2025-11-25 02:40:34', '2025-11-25 02:40:34'),
(633, 181, 23, 3, '4.50', '0.00', '0.00', '13.50', 'pending', 'On the side', '2025-11-25 02:40:34', '2025-11-25 02:40:34'),
(634, 181, 32, 1, '8.00', '0.00', '0.00', '8.00', 'pending', NULL, '2025-11-25 02:40:34', '2025-11-25 02:40:34'),
(635, 182, 26, 3, '25.00', '0.00', '0.00', '75.00', 'pending', NULL, '2025-11-25 02:40:34', '2025-11-25 02:40:34'),
(636, 183, 9, 3, '16.50', '0.00', '0.00', '49.50', 'pending', 'Medium rare', '2025-11-25 02:40:34', '2025-11-25 02:40:34'),
(637, 183, 10, 3, '15.00', '0.00', '0.00', '45.00', 'pending', 'Extra spicy', '2025-11-25 02:40:34', '2025-11-25 02:40:34'),
(638, 183, 14, 1, '6.50', '0.00', '0.00', '6.50', 'pending', 'Mild spice', '2025-11-25 02:40:34', '2025-11-25 02:40:34'),
(639, 183, 23, 3, '4.50', '0.00', '0.00', '13.50', 'pending', 'On the side', '2025-11-25 02:40:34', '2025-11-25 02:40:34'),
(640, 183, 31, 2, '15.00', '0.00', '0.00', '30.00', 'pending', NULL, '2025-11-25 02:40:34', '2025-11-25 02:40:34'),
(641, 183, 32, 3, '8.00', '0.00', '0.00', '24.00', 'pending', 'No onions', '2025-11-25 02:40:34', '2025-11-25 02:40:34'),
(642, 184, 13, 3, '7.50', '0.00', '0.00', '22.50', 'pending', 'No vegetables', '2025-11-25 02:40:34', '2025-11-25 02:40:34'),
(643, 184, 18, 3, '4.50', '0.00', '0.00', '13.50', 'pending', 'No onions', '2025-11-25 02:40:34', '2025-11-25 02:40:34'),
(644, 184, 33, 2, '11.50', '0.00', '0.00', '23.00', 'pending', 'No vegetables', '2025-11-25 02:40:34', '2025-11-25 02:40:34'),
(645, 185, 23, 1, '4.50', '0.00', '0.00', '4.50', 'pending', 'No onions', '2025-11-25 02:40:34', '2025-11-25 02:40:34'),
(646, 185, 25, 3, '8.50', '0.00', '0.00', '25.50', 'pending', 'Well done', '2025-11-25 02:40:34', '2025-11-25 02:40:34'),
(647, 186, 11, 3, '13.50', '0.00', '0.00', '40.50', 'pending', 'No onions', '2025-11-25 02:40:34', '2025-11-25 02:40:34'),
(648, 186, 21, 3, '2.50', '0.00', '0.00', '7.50', 'pending', 'Medium rare', '2025-11-25 02:40:34', '2025-11-25 02:40:34'),
(649, 187, 12, 1, '10.00', '0.00', '0.00', '10.00', 'pending', 'Medium rare', '2025-11-25 02:40:34', '2025-11-25 02:40:34'),
(650, 187, 14, 3, '6.50', '0.00', '0.00', '19.50', 'pending', NULL, '2025-11-25 02:40:34', '2025-11-25 02:40:34'),
(651, 188, 2, 1, '12.00', '0.00', '0.00', '12.00', 'pending', 'Extra cheese', '2025-11-25 02:40:34', '2025-11-25 02:40:34'),
(652, 188, 13, 1, '7.50', '0.00', '0.00', '7.50', 'pending', NULL, '2025-11-25 02:40:34', '2025-11-25 02:40:34'),
(653, 188, 17, 3, '8.50', '0.00', '0.00', '25.50', 'pending', NULL, '2025-11-25 02:40:34', '2025-11-25 02:40:34'),
(654, 188, 19, 1, '3.50', '0.00', '0.00', '3.50', 'pending', 'On the side', '2025-11-25 02:40:34', '2025-11-25 02:40:34'),
(655, 189, 1, 2, '8.50', '0.00', '0.00', '17.00', 'pending', NULL, '2025-11-25 02:40:34', '2025-11-25 02:40:34'),
(656, 189, 11, 3, '13.50', '0.00', '0.00', '40.50', 'pending', 'Well done', '2025-11-25 02:40:34', '2025-11-25 02:40:34'),
(657, 189, 13, 1, '7.50', '0.00', '0.00', '7.50', 'pending', 'Medium rare', '2025-11-25 02:40:34', '2025-11-25 02:40:34'),
(658, 189, 18, 2, '4.50', '0.00', '0.00', '9.00', 'pending', NULL, '2025-11-25 02:40:34', '2025-11-25 02:40:34'),
(659, 189, 21, 3, '2.50', '0.00', '0.00', '7.50', 'pending', NULL, '2025-11-25 02:40:34', '2025-11-25 02:40:34'),
(660, 189, 26, 1, '25.00', '0.00', '0.00', '25.00', 'pending', NULL, '2025-11-25 02:40:34', '2025-11-25 02:40:34'),
(661, 190, 9, 1, '16.50', '0.00', '0.00', '16.50', 'pending', NULL, '2025-11-25 02:40:34', '2025-11-25 02:40:34'),
(662, 190, 11, 1, '13.50', '0.00', '0.00', '13.50', 'pending', 'Extra herbs', '2025-11-25 02:40:34', '2025-11-25 02:40:34'),
(663, 190, 24, 1, '3.50', '0.00', '0.00', '3.50', 'pending', 'Extra sauce', '2025-11-25 02:40:34', '2025-11-25 02:40:34'),
(664, 190, 25, 3, '8.50', '0.00', '0.00', '25.50', 'pending', NULL, '2025-11-25 02:40:34', '2025-11-25 02:40:34'),
(665, 190, 28, 3, '32.00', '0.00', '0.00', '96.00', 'pending', NULL, '2025-11-25 02:40:34', '2025-11-25 02:40:34'),
(666, 191, 4, 2, '9.00', '0.00', '0.00', '18.00', 'pending', 'Extra cheese', '2025-11-25 02:40:34', '2025-11-25 02:40:34'),
(667, 191, 20, 2, '4.00', '0.00', '0.00', '8.00', 'pending', 'Extra sauce', '2025-11-25 02:40:34', '2025-11-25 02:40:34'),
(668, 191, 23, 3, '4.50', '0.00', '0.00', '13.50', 'pending', NULL, '2025-11-25 02:40:34', '2025-11-25 02:40:34'),
(669, 191, 31, 1, '15.00', '0.00', '0.00', '15.00', 'pending', 'Medium rare', '2025-11-25 02:40:34', '2025-11-25 02:40:34'),
(670, 191, 32, 1, '8.00', '0.00', '0.00', '8.00', 'pending', 'Mild spice', '2025-11-25 02:40:34', '2025-11-25 02:40:34'),
(671, 191, 33, 2, '11.50', '0.00', '0.00', '23.00', 'pending', 'Medium rare', '2025-11-25 02:40:34', '2025-11-25 02:40:34'),
(672, 192, 5, 1, '13.50', '0.00', '0.00', '13.50', 'pending', 'Extra sauce', '2025-11-25 02:40:34', '2025-11-25 02:40:34'),
(673, 192, 22, 2, '5.50', '0.00', '0.00', '11.00', 'pending', NULL, '2025-11-25 02:40:34', '2025-11-25 02:40:34'),
(674, 192, 31, 1, '15.00', '0.00', '0.00', '15.00', 'pending', NULL, '2025-11-25 02:40:34', '2025-11-25 02:40:34'),
(675, 193, 1, 1, '8.50', '0.00', '0.00', '8.50', 'pending', NULL, '2025-11-25 02:40:34', '2025-11-25 02:40:34'),
(676, 194, 2, 3, '12.00', '0.00', '0.00', '36.00', 'pending', 'Extra sauce', '2025-11-25 02:40:34', '2025-11-25 02:40:34'),
(677, 194, 3, 2, '10.50', '0.00', '0.00', '21.00', 'pending', NULL, '2025-11-25 02:40:34', '2025-11-25 02:40:34'),
(678, 194, 5, 1, '13.50', '0.00', '0.00', '13.50', 'pending', NULL, '2025-11-25 02:40:34', '2025-11-25 02:40:34'),
(679, 194, 9, 2, '16.50', '0.00', '0.00', '33.00', 'pending', NULL, '2025-11-25 02:40:34', '2025-11-25 02:40:34'),
(680, 194, 10, 2, '15.00', '0.00', '0.00', '30.00', 'pending', NULL, '2025-11-25 02:40:34', '2025-11-25 02:40:34'),
(681, 194, 22, 1, '5.50', '0.00', '0.00', '5.50', 'pending', 'Extra cheese', '2025-11-25 02:40:34', '2025-11-25 02:40:34'),
(682, 195, 18, 1, '4.50', '0.00', '0.00', '4.50', 'pending', 'Extra herbs', '2025-11-25 02:40:34', '2025-11-25 02:40:34'),
(683, 195, 20, 2, '4.00', '0.00', '0.00', '8.00', 'pending', NULL, '2025-11-25 02:40:34', '2025-11-25 02:40:34'),
(684, 195, 27, 1, '28.00', '0.00', '0.00', '28.00', 'pending', 'Mild spice', '2025-11-25 02:40:34', '2025-11-25 02:40:34'),
(685, 195, 28, 1, '32.00', '0.00', '0.00', '32.00', 'pending', NULL, '2025-11-25 02:40:34', '2025-11-25 02:40:34'),
(686, 195, 30, 2, '22.00', '0.00', '0.00', '44.00', 'pending', NULL, '2025-11-25 02:40:34', '2025-11-25 02:40:34'),
(687, 196, 7, 3, '12.50', '0.00', '0.00', '37.50', 'pending', NULL, '2025-11-25 02:40:34', '2025-11-25 02:40:34'),
(688, 196, 12, 1, '10.00', '0.00', '0.00', '10.00', 'pending', NULL, '2025-11-25 02:40:34', '2025-11-25 02:40:34'),
(689, 196, 17, 2, '8.50', '0.00', '0.00', '17.00', 'pending', NULL, '2025-11-25 02:40:34', '2025-11-25 02:40:34'),
(690, 197, 5, 3, '13.50', '0.00', '0.00', '40.50', 'pending', 'Medium rare', '2025-11-25 02:40:34', '2025-11-25 02:40:34'),
(691, 197, 16, 1, '6.00', '0.00', '0.00', '6.00', 'pending', 'Extra herbs', '2025-11-25 02:40:34', '2025-11-25 02:40:34'),
(692, 198, 6, 1, '28.00', '0.00', '0.00', '28.00', 'pending', 'Well done', '2025-11-25 02:40:34', '2025-11-25 02:40:34'),
(693, 198, 15, 1, '5.50', '0.00', '0.00', '5.50', 'pending', 'Extra herbs', '2025-11-25 02:40:34', '2025-11-25 02:40:34'),
(694, 198, 16, 1, '6.00', '0.00', '0.00', '6.00', 'pending', NULL, '2025-11-25 02:40:34', '2025-11-25 02:40:34'),
(695, 198, 30, 2, '22.00', '0.00', '0.00', '44.00', 'pending', 'Extra sauce', '2025-11-25 02:40:34', '2025-11-25 02:40:34'),
(696, 199, 3, 3, '10.50', '0.00', '0.00', '31.50', 'pending', 'Extra cheese', '2025-11-25 02:40:34', '2025-11-25 02:40:34'),
(697, 199, 13, 3, '7.50', '0.00', '0.00', '22.50', 'pending', 'On the side', '2025-11-25 02:40:34', '2025-11-25 02:40:34'),
(698, 199, 19, 1, '3.50', '0.00', '0.00', '3.50', 'pending', NULL, '2025-11-25 02:40:34', '2025-11-25 02:40:34'),
(699, 199, 32, 2, '8.00', '0.00', '0.00', '16.00', 'pending', 'Medium rare', '2025-11-25 02:40:34', '2025-11-25 02:40:34'),
(700, 200, 1, 1, '8.50', '0.00', '0.00', '8.50', 'pending', 'Extra herbs', '2025-11-25 02:40:34', '2025-11-25 02:40:34'),
(701, 200, 2, 3, '12.00', '0.00', '0.00', '36.00', 'pending', 'Extra spicy', '2025-11-25 02:40:34', '2025-11-25 02:40:34'),
(702, 200, 12, 3, '10.00', '0.00', '0.00', '30.00', 'pending', 'Medium rare', '2025-11-25 02:40:34', '2025-11-25 02:40:34'),
(703, 200, 31, 1, '15.00', '0.00', '0.00', '15.00', 'pending', 'On the side', '2025-11-25 02:40:34', '2025-11-25 02:40:34'),
(704, 201, 22, 3, '5.50', '0.00', '0.00', '16.50', 'pending', 'Extra sauce', '2025-11-25 02:40:34', '2025-11-25 02:40:34'),
(705, 202, 10, 2, '15.00', '0.00', '0.00', '30.00', 'pending', 'Extra cheese', '2025-11-25 02:40:34', '2025-11-25 02:40:34'),
(706, 202, 23, 1, '4.50', '0.00', '0.00', '4.50', 'pending', 'Extra spicy', '2025-11-25 02:40:34', '2025-11-25 02:40:34'),
(707, 202, 26, 1, '25.00', '0.00', '0.00', '25.00', 'pending', 'Mild spice', '2025-11-25 02:40:34', '2025-11-25 02:40:34'),
(708, 202, 32, 2, '8.00', '0.00', '0.00', '16.00', 'pending', 'Extra sauce', '2025-11-25 02:40:34', '2025-11-25 02:40:34'),
(709, 203, 3, 3, '10.50', '0.00', '0.00', '31.50', 'pending', NULL, '2025-11-25 02:40:34', '2025-11-25 02:40:34'),
(710, 203, 6, 1, '28.00', '0.00', '0.00', '28.00', 'pending', 'Extra sauce', '2025-11-25 02:40:34', '2025-11-25 02:40:34'),
(711, 203, 13, 2, '7.50', '0.00', '0.00', '15.00', 'pending', 'Well done', '2025-11-25 02:40:34', '2025-11-25 02:40:34'),
(712, 203, 33, 1, '11.50', '0.00', '0.00', '11.50', 'pending', 'Mild spice', '2025-11-25 02:40:34', '2025-11-25 02:40:34'),
(713, 204, 12, 1, '10.00', '0.00', '0.00', '10.00', 'pending', NULL, '2025-11-25 02:40:34', '2025-11-25 02:40:34'),
(714, 204, 13, 1, '7.50', '0.00', '0.00', '7.50', 'pending', 'Mild spice', '2025-11-25 02:40:34', '2025-11-25 02:40:34'),
(715, 204, 21, 2, '2.50', '0.00', '0.00', '5.00', 'pending', NULL, '2025-11-25 02:40:34', '2025-11-25 02:40:34'),
(716, 204, 32, 2, '8.00', '0.00', '0.00', '16.00', 'pending', 'On the side', '2025-11-25 02:40:34', '2025-11-25 02:40:34'),
(717, 205, 4, 2, '9.00', '0.00', '0.00', '18.00', 'pending', 'Extra herbs', '2025-11-25 02:40:34', '2025-11-25 02:40:34'),
(718, 205, 11, 3, '13.50', '0.00', '0.00', '40.50', 'pending', 'Extra spicy', '2025-11-25 02:40:34', '2025-11-25 02:40:34'),
(719, 205, 12, 1, '10.00', '0.00', '0.00', '10.00', 'pending', 'Extra herbs', '2025-11-25 02:40:34', '2025-11-25 02:40:34'),
(720, 205, 14, 3, '6.50', '0.00', '0.00', '19.50', 'pending', 'Mild spice', '2025-11-25 02:40:34', '2025-11-25 02:40:34'),
(721, 205, 16, 1, '6.00', '0.00', '0.00', '6.00', 'pending', NULL, '2025-11-25 02:40:34', '2025-11-25 02:40:34'),
(722, 205, 33, 1, '11.50', '0.00', '0.00', '11.50', 'pending', NULL, '2025-11-25 02:40:34', '2025-11-25 02:40:34'),
(723, 206, 2, 2, '12.00', '0.00', '0.00', '24.00', 'pending', 'Well done', '2025-11-25 02:40:34', '2025-11-25 02:40:34'),
(724, 206, 17, 2, '8.50', '0.00', '0.00', '17.00', 'pending', 'Mild spice', '2025-11-25 02:40:34', '2025-11-25 02:40:34'),
(725, 206, 23, 3, '4.50', '0.00', '0.00', '13.50', 'pending', NULL, '2025-11-25 02:40:34', '2025-11-25 02:40:34'),
(726, 206, 25, 2, '8.50', '0.00', '0.00', '17.00', 'pending', NULL, '2025-11-25 02:40:34', '2025-11-25 02:40:34'),
(727, 206, 32, 3, '8.00', '0.00', '0.00', '24.00', 'pending', 'Extra sauce', '2025-11-25 02:40:34', '2025-11-25 02:40:34'),
(728, 207, 6, 3, '28.00', '0.00', '0.00', '84.00', 'pending', 'On the side', '2025-11-25 02:40:34', '2025-11-25 02:40:34'),
(729, 207, 10, 1, '15.00', '0.00', '0.00', '15.00', 'pending', 'Extra sauce', '2025-11-25 02:40:34', '2025-11-25 02:40:34'),
(730, 207, 18, 2, '4.50', '0.00', '0.00', '9.00', 'pending', NULL, '2025-11-25 02:40:34', '2025-11-25 02:40:34'),
(731, 207, 30, 1, '22.00', '0.00', '0.00', '22.00', 'pending', NULL, '2025-11-25 02:40:34', '2025-11-25 02:40:34'),
(732, 208, 10, 3, '15.00', '0.00', '0.00', '45.00', 'pending', NULL, '2025-11-25 02:40:34', '2025-11-25 02:40:34'),
(733, 208, 25, 2, '8.50', '0.00', '0.00', '17.00', 'pending', NULL, '2025-11-25 02:40:34', '2025-11-25 02:40:34'),
(734, 208, 28, 3, '32.00', '0.00', '0.00', '96.00', 'pending', 'Mild spice', '2025-11-25 02:40:34', '2025-11-25 02:40:34'),
(735, 208, 29, 1, '18.50', '0.00', '0.00', '18.50', 'pending', 'No onions', '2025-11-25 02:40:34', '2025-11-25 02:40:34'),
(736, 208, 31, 3, '15.00', '0.00', '0.00', '45.00', 'pending', NULL, '2025-11-25 02:40:34', '2025-11-25 02:40:34'),
(737, 209, 4, 2, '9.00', '0.00', '0.00', '18.00', 'pending', 'No onions', '2025-11-25 02:40:34', '2025-11-25 02:40:34'),
(738, 209, 10, 1, '15.00', '0.00', '0.00', '15.00', 'pending', 'On the side', '2025-11-25 02:40:34', '2025-11-25 02:40:34'),
(739, 209, 16, 1, '6.00', '0.00', '0.00', '6.00', 'pending', NULL, '2025-11-25 02:40:34', '2025-11-25 02:40:34'),
(740, 209, 17, 2, '8.50', '0.00', '0.00', '17.00', 'pending', 'Extra spicy', '2025-11-25 02:40:34', '2025-11-25 02:40:34'),
(741, 210, 1, 1, '8.50', '0.00', '0.00', '8.50', 'pending', NULL, '2025-11-25 02:40:34', '2025-11-25 02:40:34'),
(742, 210, 5, 1, '13.50', '0.00', '0.00', '13.50', 'pending', 'On the side', '2025-11-25 02:40:34', '2025-11-25 02:40:34'),
(743, 210, 7, 2, '12.50', '0.00', '0.00', '25.00', 'pending', 'No vegetables', '2025-11-25 02:40:34', '2025-11-25 02:40:34'),
(744, 210, 10, 1, '15.00', '0.00', '0.00', '15.00', 'pending', 'Extra herbs', '2025-11-25 02:40:34', '2025-11-25 02:40:34'),
(745, 210, 22, 1, '5.50', '0.00', '0.00', '5.50', 'pending', 'On the side', '2025-11-25 02:40:34', '2025-11-25 02:40:34'),
(746, 210, 24, 1, '3.50', '0.00', '0.00', '3.50', 'pending', NULL, '2025-11-25 02:40:34', '2025-11-25 02:40:34'),
(747, 211, 9, 1, '16.50', '0.00', '0.00', '16.50', 'pending', 'Medium rare', '2025-11-25 02:40:34', '2025-11-25 02:40:34'),
(748, 212, 2, 3, '12.00', '0.00', '0.00', '36.00', 'pending', NULL, '2025-11-25 02:40:34', '2025-11-25 02:40:34'),
(749, 212, 9, 1, '16.50', '0.00', '0.00', '16.50', 'pending', NULL, '2025-11-25 02:40:34', '2025-11-25 02:40:34'),
(750, 212, 13, 2, '7.50', '0.00', '0.00', '15.00', 'pending', 'Medium rare', '2025-11-25 02:40:34', '2025-11-25 02:40:34'),
(751, 212, 18, 1, '4.50', '0.00', '0.00', '4.50', 'pending', 'Extra herbs', '2025-11-25 02:40:34', '2025-11-25 02:40:34'),
(752, 212, 19, 1, '3.50', '0.00', '0.00', '3.50', 'pending', 'No vegetables', '2025-11-25 02:40:34', '2025-11-25 02:40:34'),
(753, 212, 27, 2, '28.00', '0.00', '0.00', '56.00', 'pending', 'Extra herbs', '2025-11-25 02:40:34', '2025-11-25 02:40:34'),
(754, 213, 1, 3, '8.50', '0.00', '0.00', '25.50', 'pending', 'Mild spice', '2025-11-25 02:40:34', '2025-11-25 02:40:34'),
(755, 213, 2, 1, '12.00', '0.00', '0.00', '12.00', 'pending', 'Medium rare', '2025-11-25 02:40:34', '2025-11-25 02:40:34'),
(756, 213, 6, 3, '28.00', '0.00', '0.00', '84.00', 'pending', 'Mild spice', '2025-11-25 02:40:34', '2025-11-25 02:40:34'),
(757, 213, 16, 1, '6.00', '0.00', '0.00', '6.00', 'pending', NULL, '2025-11-25 02:40:34', '2025-11-25 02:40:34'),
(758, 213, 19, 2, '3.50', '0.00', '0.00', '7.00', 'pending', 'Medium rare', '2025-11-25 02:40:34', '2025-11-25 02:40:34'),
(759, 213, 26, 2, '25.00', '0.00', '0.00', '50.00', 'pending', 'Medium rare', '2025-11-25 02:40:34', '2025-11-25 02:40:34'),
(760, 214, 16, 2, '6.00', '0.00', '0.00', '12.00', 'pending', NULL, '2025-11-25 02:40:34', '2025-11-25 02:40:34'),
(761, 214, 20, 3, '4.00', '0.00', '0.00', '12.00', 'pending', 'Well done', '2025-11-25 02:40:34', '2025-11-25 02:40:34'),
(762, 214, 26, 1, '25.00', '0.00', '0.00', '25.00', 'pending', 'Mild spice', '2025-11-25 02:40:34', '2025-11-25 02:40:34'),
(763, 215, 19, 2, '3.50', '0.00', '0.00', '7.00', 'pending', 'Extra spicy', '2025-11-25 02:40:34', '2025-11-25 02:40:34'),
(764, 215, 20, 2, '4.00', '0.00', '0.00', '8.00', 'pending', NULL, '2025-11-25 02:40:34', '2025-11-25 02:40:34'),
(765, 215, 21, 1, '2.50', '0.00', '0.00', '2.50', 'pending', NULL, '2025-11-25 02:40:34', '2025-11-25 02:40:34'),
(766, 216, 11, 3, '13.50', '0.00', '0.00', '40.50', 'pending', 'No vegetables', '2025-11-25 02:40:34', '2025-11-25 02:40:34'),
(767, 216, 14, 2, '6.50', '0.00', '0.00', '13.00', 'pending', 'On the side', '2025-11-25 02:40:34', '2025-11-25 02:40:34'),
(768, 216, 23, 3, '4.50', '0.00', '0.00', '13.50', 'pending', 'No onions', '2025-11-25 02:40:34', '2025-11-25 02:40:34'),
(769, 216, 26, 2, '25.00', '0.00', '0.00', '50.00', 'pending', NULL, '2025-11-25 02:40:34', '2025-11-25 02:40:34'),
(770, 216, 30, 3, '22.00', '0.00', '0.00', '66.00', 'pending', 'Extra cheese', '2025-11-25 02:40:34', '2025-11-25 02:40:34'),
(771, 217, 9, 2, '16.50', '0.00', '0.00', '33.00', 'pending', NULL, '2025-11-25 02:40:34', '2025-11-25 02:40:34'),
(772, 217, 25, 3, '8.50', '0.00', '0.00', '25.50', 'pending', 'Extra herbs', '2025-11-25 02:40:34', '2025-11-25 02:40:34'),
(773, 217, 29, 3, '18.50', '0.00', '0.00', '55.50', 'pending', 'Extra cheese', '2025-11-25 02:40:34', '2025-11-25 02:40:34'),
(774, 218, 2, 3, '12.00', '0.00', '0.00', '36.00', 'pending', NULL, '2025-11-25 02:40:34', '2025-11-25 02:40:34'),
(775, 218, 7, 2, '12.50', '0.00', '0.00', '25.00', 'pending', 'No onions', '2025-11-25 02:40:34', '2025-11-25 02:40:34'),
(776, 218, 16, 1, '6.00', '0.00', '0.00', '6.00', 'pending', 'On the side', '2025-11-25 02:40:34', '2025-11-25 02:40:34'),
(777, 218, 25, 3, '8.50', '0.00', '0.00', '25.50', 'pending', 'On the side', '2025-11-25 02:40:34', '2025-11-25 02:40:34'),
(778, 219, 1, 3, '8.50', '0.00', '0.00', '25.50', 'pending', 'No vegetables', '2025-11-25 02:40:34', '2025-11-25 02:40:34'),
(779, 219, 3, 1, '10.50', '0.00', '0.00', '10.50', 'pending', 'Medium rare', '2025-11-25 02:40:34', '2025-11-25 02:40:34'),
(780, 220, 21, 1, '2.50', '0.00', '0.00', '2.50', 'pending', 'On the side', '2025-11-25 02:40:34', '2025-11-25 02:40:34'),
(781, 220, 28, 3, '32.00', '0.00', '0.00', '96.00', 'pending', NULL, '2025-11-25 02:40:34', '2025-11-25 02:40:34'),
(782, 220, 31, 2, '15.00', '0.00', '0.00', '30.00', 'pending', NULL, '2025-11-25 02:40:34', '2025-11-25 02:40:34'),
(783, 221, 5, 2, '13.50', '0.00', '0.00', '27.00', 'pending', 'Extra sauce', '2025-11-25 02:40:34', '2025-11-25 02:40:34'),
(784, 221, 6, 2, '28.00', '0.00', '0.00', '56.00', 'pending', 'On the side', '2025-11-25 02:40:34', '2025-11-25 02:40:34'),
(785, 221, 7, 1, '12.50', '0.00', '0.00', '12.50', 'pending', 'On the side', '2025-11-25 02:40:34', '2025-11-25 02:40:34'),
(786, 221, 13, 1, '7.50', '0.00', '0.00', '7.50', 'pending', 'Extra spicy', '2025-11-25 02:40:34', '2025-11-25 02:40:34'),
(787, 222, 14, 3, '6.50', '0.00', '0.00', '19.50', 'pending', 'Mild spice', '2025-11-25 02:40:34', '2025-11-25 02:40:34'),
(788, 222, 29, 2, '18.50', '0.00', '0.00', '37.00', 'pending', 'No onions', '2025-11-25 02:40:34', '2025-11-25 02:40:34'),
(789, 222, 30, 3, '22.00', '0.00', '0.00', '66.00', 'pending', 'Extra sauce', '2025-11-25 02:40:34', '2025-11-25 02:40:34'),
(790, 223, 2, 2, '12.00', '0.00', '0.00', '24.00', 'pending', 'Extra sauce', '2025-11-25 02:40:34', '2025-11-25 02:40:34'),
(791, 223, 19, 3, '3.50', '0.00', '0.00', '10.50', 'pending', 'Extra herbs', '2025-11-25 02:40:34', '2025-11-25 02:40:34'),
(792, 223, 23, 3, '4.50', '0.00', '0.00', '13.50', 'pending', NULL, '2025-11-25 02:40:34', '2025-11-25 02:40:34'),
(793, 224, 2, 1, '12.00', '0.00', '0.00', '12.00', 'pending', 'On the side', '2025-11-25 02:40:34', '2025-11-25 02:40:34'),
(794, 225, 11, 3, '13.50', '0.00', '0.00', '40.50', 'pending', 'On the side', '2025-11-25 02:40:34', '2025-11-25 02:40:34'),
(795, 225, 15, 3, '5.50', '0.00', '0.00', '16.50', 'pending', NULL, '2025-11-25 02:40:35', '2025-11-25 02:40:35'),
(796, 225, 25, 3, '8.50', '0.00', '0.00', '25.50', 'pending', 'Mild spice', '2025-11-25 02:40:35', '2025-11-25 02:40:35'),
(797, 226, 13, 2, '7.50', '0.00', '0.00', '15.00', 'pending', 'Medium rare', '2025-11-25 02:40:35', '2025-11-25 02:40:35'),
(798, 226, 15, 2, '5.50', '0.00', '0.00', '11.00', 'pending', 'Extra herbs', '2025-11-25 02:40:35', '2025-11-25 02:40:35'),
(799, 227, 8, 3, '14.00', '0.00', '0.00', '42.00', 'pending', NULL, '2025-11-25 02:40:35', '2025-11-25 02:40:35'),
(800, 227, 17, 2, '8.50', '0.00', '0.00', '17.00', 'pending', 'Mild spice', '2025-11-25 02:40:35', '2025-11-25 02:40:35'),
(801, 227, 19, 1, '3.50', '0.00', '0.00', '3.50', 'pending', 'On the side', '2025-11-25 02:40:35', '2025-11-25 02:40:35'),
(802, 227, 29, 2, '18.50', '0.00', '0.00', '37.00', 'pending', 'No vegetables', '2025-11-25 02:40:35', '2025-11-25 02:40:35'),
(803, 227, 30, 1, '22.00', '0.00', '0.00', '22.00', 'pending', 'No onions', '2025-11-25 02:40:35', '2025-11-25 02:40:35'),
(804, 228, 21, 1, '2.50', '0.00', '0.00', '2.50', 'pending', NULL, '2025-11-25 02:40:35', '2025-11-25 02:40:35'),
(805, 228, 33, 3, '11.50', '0.00', '0.00', '34.50', 'pending', 'Extra herbs', '2025-11-25 02:40:35', '2025-11-25 02:40:35'),
(806, 229, 3, 1, '10.50', '0.00', '0.00', '10.50', 'pending', 'No vegetables', '2025-11-25 02:40:35', '2025-11-25 02:40:35'),
(807, 229, 20, 1, '4.00', '0.00', '0.00', '4.00', 'pending', 'No onions', '2025-11-25 02:40:35', '2025-11-25 02:40:35'),
(808, 229, 32, 2, '8.00', '0.00', '0.00', '16.00', 'pending', 'On the side', '2025-11-25 02:40:35', '2025-11-25 02:40:35'),
(809, 229, 33, 1, '11.50', '0.00', '0.00', '11.50', 'pending', 'Medium rare', '2025-11-25 02:40:35', '2025-11-25 02:40:35'),
(810, 230, 8, 3, '14.00', '0.00', '0.00', '42.00', 'pending', 'Mild spice', '2025-11-25 02:40:35', '2025-11-25 02:40:35'),
(811, 230, 12, 1, '10.00', '0.00', '0.00', '10.00', 'pending', NULL, '2025-11-25 02:40:35', '2025-11-25 02:40:35'),
(812, 230, 17, 1, '8.50', '0.00', '0.00', '8.50', 'pending', 'Well done', '2025-11-25 02:40:35', '2025-11-25 02:40:35'),
(813, 230, 19, 3, '3.50', '0.00', '0.00', '10.50', 'pending', 'Mild spice', '2025-11-25 02:40:35', '2025-11-25 02:40:35'),
(814, 230, 22, 2, '5.50', '0.00', '0.00', '11.00', 'pending', 'No vegetables', '2025-11-25 02:40:35', '2025-11-25 02:40:35'),
(815, 231, 15, 1, '5.50', '0.00', '0.00', '5.50', 'pending', 'No vegetables', '2025-11-25 02:40:35', '2025-11-25 02:40:35'),
(816, 232, 4, 1, '9.00', '0.00', '0.00', '9.00', 'pending', 'Extra herbs', '2025-11-25 02:40:35', '2025-11-25 02:40:35'),
(817, 232, 6, 3, '28.00', '0.00', '0.00', '84.00', 'pending', 'Well done', '2025-11-25 02:40:35', '2025-11-25 02:40:35'),
(818, 232, 13, 2, '7.50', '0.00', '0.00', '15.00', 'pending', 'Extra herbs', '2025-11-25 02:40:35', '2025-11-25 02:40:35'),
(819, 232, 20, 2, '4.00', '0.00', '0.00', '8.00', 'pending', 'Extra sauce', '2025-11-25 02:40:35', '2025-11-25 02:40:35'),
(820, 233, 1, 2, '8.50', '0.00', '0.00', '17.00', 'pending', 'Mild spice', '2025-11-25 02:40:35', '2025-11-25 02:40:35'),
(821, 233, 7, 1, '12.50', '0.00', '0.00', '12.50', 'pending', 'Extra herbs', '2025-11-25 02:40:35', '2025-11-25 02:40:35'),
(822, 233, 11, 3, '13.50', '0.00', '0.00', '40.50', 'pending', 'Extra spicy', '2025-11-25 02:40:35', '2025-11-25 02:40:35'),
(823, 233, 28, 3, '32.00', '0.00', '0.00', '96.00', 'pending', NULL, '2025-11-25 02:40:35', '2025-11-25 02:40:35'),
(824, 233, 32, 1, '8.00', '0.00', '0.00', '8.00', 'pending', NULL, '2025-11-25 02:40:35', '2025-11-25 02:40:35'),
(825, 234, 2, 3, '12.00', '0.00', '0.00', '36.00', 'pending', NULL, '2025-11-25 02:40:35', '2025-11-25 02:40:35'),
(826, 234, 22, 1, '5.50', '0.00', '0.00', '5.50', 'pending', 'No vegetables', '2025-11-25 02:40:35', '2025-11-25 02:40:35'),
(827, 234, 23, 3, '4.50', '0.00', '0.00', '13.50', 'pending', 'On the side', '2025-11-25 02:40:35', '2025-11-25 02:40:35'),
(828, 234, 24, 3, '3.50', '0.00', '0.00', '10.50', 'pending', NULL, '2025-11-25 02:40:35', '2025-11-25 02:40:35'),
(829, 234, 26, 3, '25.00', '0.00', '0.00', '75.00', 'pending', NULL, '2025-11-25 02:40:35', '2025-11-25 02:40:35'),
(830, 235, 7, 1, '12.50', '0.00', '0.00', '12.50', 'pending', 'No onions', '2025-11-25 02:40:35', '2025-11-25 02:40:35'),
(831, 235, 15, 3, '5.50', '0.00', '0.00', '16.50', 'pending', 'Extra herbs', '2025-11-25 02:40:35', '2025-11-25 02:40:35'),
(832, 235, 21, 2, '2.50', '0.00', '0.00', '5.00', 'pending', NULL, '2025-11-25 02:40:35', '2025-11-25 02:40:35'),
(833, 236, 16, 3, '6.00', '0.00', '0.00', '18.00', 'pending', 'Extra cheese', '2025-11-25 02:40:35', '2025-11-25 02:40:35'),
(834, 236, 22, 2, '5.50', '0.00', '0.00', '11.00', 'pending', 'Mild spice', '2025-11-25 02:40:35', '2025-11-25 02:40:35'),
(835, 236, 30, 2, '22.00', '0.00', '0.00', '44.00', 'pending', 'No vegetables', '2025-11-25 02:40:35', '2025-11-25 02:40:35'),
(836, 236, 31, 3, '15.00', '0.00', '0.00', '45.00', 'pending', NULL, '2025-11-25 02:40:35', '2025-11-25 02:40:35'),
(837, 237, 1, 3, '8.50', '0.00', '0.00', '25.50', 'pending', NULL, '2025-11-25 02:40:35', '2025-11-25 02:40:35'),
(838, 237, 8, 2, '14.00', '0.00', '0.00', '28.00', 'pending', 'Extra herbs', '2025-11-25 02:40:35', '2025-11-25 02:40:35'),
(839, 237, 11, 2, '13.50', '0.00', '0.00', '27.00', 'pending', 'Extra sauce', '2025-11-25 02:40:35', '2025-11-25 02:40:35'),
(840, 237, 20, 2, '4.00', '0.00', '0.00', '8.00', 'pending', 'Mild spice', '2025-11-25 02:40:35', '2025-11-25 02:40:35'),
(841, 237, 23, 1, '4.50', '0.00', '0.00', '4.50', 'pending', 'Medium rare', '2025-11-25 02:40:35', '2025-11-25 02:40:35'),
(842, 237, 25, 2, '8.50', '0.00', '0.00', '17.00', 'pending', 'Mild spice', '2025-11-25 02:40:35', '2025-11-25 02:40:35'),
(843, 238, 8, 3, '14.00', '0.00', '0.00', '42.00', 'pending', NULL, '2025-11-25 02:40:35', '2025-11-25 02:40:35'),
(844, 238, 26, 3, '25.00', '0.00', '0.00', '75.00', 'pending', NULL, '2025-11-25 02:40:35', '2025-11-25 02:40:35'),
(845, 238, 28, 2, '32.00', '0.00', '0.00', '64.00', 'pending', 'No vegetables', '2025-11-25 02:40:35', '2025-11-25 02:40:35'),
(846, 239, 9, 2, '16.50', '0.00', '0.00', '33.00', 'pending', NULL, '2025-11-25 02:40:35', '2025-11-25 02:40:35'),
(847, 240, 13, 3, '7.50', '0.00', '0.00', '22.50', 'pending', 'Extra spicy', '2025-11-25 02:40:35', '2025-11-25 02:40:35'),
(848, 241, 2, 2, '12.00', '0.00', '0.00', '24.00', 'pending', 'On the side', '2025-11-25 02:40:35', '2025-11-25 02:40:35'),
(849, 241, 13, 1, '7.50', '0.00', '0.00', '7.50', 'pending', NULL, '2025-11-25 02:40:35', '2025-11-25 02:40:35'),
(850, 241, 14, 3, '6.50', '0.00', '0.00', '19.50', 'pending', 'Mild spice', '2025-11-25 02:40:35', '2025-11-25 02:40:35'),
(851, 242, 9, 3, '16.50', '0.00', '0.00', '49.50', 'pending', 'Extra spicy', '2025-11-25 02:40:35', '2025-11-25 02:40:35'),
(852, 242, 18, 1, '4.50', '0.00', '0.00', '4.50', 'pending', NULL, '2025-11-25 02:40:35', '2025-11-25 02:40:35'),
(853, 242, 21, 2, '2.50', '0.00', '0.00', '5.00', 'pending', 'Extra spicy', '2025-11-25 02:40:35', '2025-11-25 02:40:35'),
(854, 242, 23, 3, '4.50', '0.00', '0.00', '13.50', 'pending', 'Extra herbs', '2025-11-25 02:40:35', '2025-11-25 02:40:35'),
(855, 242, 27, 3, '28.00', '0.00', '0.00', '84.00', 'pending', 'Well done', '2025-11-25 02:40:35', '2025-11-25 02:40:35'),
(856, 242, 30, 2, '22.00', '0.00', '0.00', '44.00', 'pending', 'Medium rare', '2025-11-25 02:40:35', '2025-11-25 02:40:35'),
(857, 243, 3, 1, '10.50', '0.00', '0.00', '10.50', 'pending', 'No onions', '2025-11-25 02:40:35', '2025-11-25 02:40:35'),
(858, 244, 18, 3, '4.50', '0.00', '0.00', '13.50', 'pending', NULL, '2025-11-25 02:40:35', '2025-11-25 02:40:35'),
(859, 244, 26, 2, '25.00', '0.00', '0.00', '50.00', 'pending', 'Extra spicy', '2025-11-25 02:40:35', '2025-11-25 02:40:35'),
(860, 244, 27, 2, '28.00', '0.00', '0.00', '56.00', 'pending', 'No vegetables', '2025-11-25 02:40:35', '2025-11-25 02:40:35'),
(861, 244, 33, 3, '11.50', '0.00', '0.00', '34.50', 'pending', NULL, '2025-11-25 02:40:35', '2025-11-25 02:40:35'),
(862, 245, 2, 3, '12.00', '0.00', '0.00', '36.00', 'pending', 'No vegetables', '2025-11-25 02:40:35', '2025-11-25 02:40:35'),
(863, 245, 15, 3, '5.50', '0.00', '0.00', '16.50', 'pending', NULL, '2025-11-25 02:40:35', '2025-11-25 02:40:35'),
(864, 245, 16, 1, '6.00', '0.00', '0.00', '6.00', 'pending', NULL, '2025-11-25 02:40:35', '2025-11-25 02:40:35'),
(865, 245, 24, 2, '3.50', '0.00', '0.00', '7.00', 'pending', 'No vegetables', '2025-11-25 02:40:35', '2025-11-25 02:40:35'),
(866, 246, 5, 1, '13.50', '0.00', '0.00', '13.50', 'pending', 'No onions', '2025-11-25 02:40:35', '2025-11-25 02:40:35'),
(867, 246, 10, 1, '15.00', '0.00', '0.00', '15.00', 'pending', 'Well done', '2025-11-25 02:40:35', '2025-11-25 02:40:35'),
(868, 246, 11, 3, '13.50', '0.00', '0.00', '40.50', 'pending', 'Extra herbs', '2025-11-25 02:40:35', '2025-11-25 02:40:35'),
(869, 247, 11, 1, '13.50', '0.00', '0.00', '13.50', 'pending', 'Extra herbs', '2025-11-25 02:40:35', '2025-11-25 02:40:35'),
(870, 247, 13, 3, '7.50', '0.00', '0.00', '22.50', 'pending', 'Extra sauce', '2025-11-25 02:40:35', '2025-11-25 02:40:35'),
(871, 247, 17, 2, '8.50', '0.00', '0.00', '17.00', 'pending', 'No vegetables', '2025-11-25 02:40:35', '2025-11-25 02:40:35'),
(872, 248, 5, 1, '13.50', '0.00', '0.00', '13.50', 'pending', NULL, '2025-11-25 02:40:35', '2025-11-25 02:40:35'),
(873, 248, 8, 1, '14.00', '0.00', '0.00', '14.00', 'pending', NULL, '2025-11-25 02:40:35', '2025-11-25 02:40:35'),
(874, 248, 9, 1, '16.50', '0.00', '0.00', '16.50', 'pending', 'Mild spice', '2025-11-25 02:40:35', '2025-11-25 02:40:35'),
(875, 248, 21, 3, '2.50', '0.00', '0.00', '7.50', 'pending', 'Extra cheese', '2025-11-25 02:40:35', '2025-11-25 02:40:35'),
(876, 248, 33, 2, '11.50', '0.00', '0.00', '23.00', 'pending', NULL, '2025-11-25 02:40:35', '2025-11-25 02:40:35'),
(877, 249, 3, 1, '10.50', '0.00', '0.00', '10.50', 'pending', 'Extra spicy', '2025-11-25 02:40:35', '2025-11-25 02:40:35'),
(878, 249, 5, 1, '13.50', '0.00', '0.00', '13.50', 'pending', NULL, '2025-11-25 02:40:35', '2025-11-25 02:40:35'),
(879, 249, 13, 1, '7.50', '0.00', '0.00', '7.50', 'pending', 'No vegetables', '2025-11-25 02:40:35', '2025-11-25 02:40:35'),
(880, 249, 24, 2, '3.50', '0.00', '0.00', '7.00', 'pending', 'Medium rare', '2025-11-25 02:40:35', '2025-11-25 02:40:35'),
(881, 250, 2, 3, '12.00', '0.00', '0.00', '36.00', 'pending', 'Mild spice', '2025-11-25 02:40:35', '2025-11-25 02:40:35'),
(882, 250, 3, 2, '10.50', '0.00', '0.00', '21.00', 'pending', 'No vegetables', '2025-11-25 02:40:35', '2025-11-25 02:40:35'),
(883, 250, 12, 1, '10.00', '0.00', '0.00', '10.00', 'pending', 'No onions', '2025-11-25 02:40:35', '2025-11-25 02:40:35'),
(884, 250, 18, 3, '4.50', '0.00', '0.00', '13.50', 'pending', 'On the side', '2025-11-25 02:40:35', '2025-11-25 02:40:35');

INSERT INTO `orders` (`id`, `location_id`, `table_id`, `customer_id`, `employee_id`, `order_number`, `preparation_status`, `priority`, `status`, `approval_status`, `subtotal`, `tax_amount`, `discount_amount`, `total_amount`, `service_charge`, `currency`, `ordered_at`, `completed_at`, `special_instructions`, `estimated_ready_time`, `created_at`, `updated_at`, `order_type`, `customer_address_id`, `payment_status`, `scheduled_at`, `kitchen_submitted_at`, `approved_by`, `approved_at`, `rejection_reason`, `is_auto_approved`) VALUES
(1, 1, 26, 6, NULL, 'NKH-DT-20251009-0998-aca', 'pending', 0, 'completed', 'pending', '177.00', '17.70', '0.00', '194.70', '0.00', 'USD', '2025-10-09 04:34:42', '2025-10-09 04:34:42', 'Vegetarian option', '2025-10-09 03:59:42', '2025-11-25 02:40:31', '2025-11-25 02:40:31', 'dine-in', NULL, 'unpaid', NULL, NULL, NULL, NULL, NULL, 0),
(2, 1, NULL, 2, NULL, 'NKH-DT-20251013-9421-20e', 'pending', 0, 'ready', 'pending', '58.00', '5.80', '3.33', '60.47', '0.00', 'USD', '2025-10-13 20:28:40', NULL, 'No spicy please', '2025-10-13 20:58:40', '2025-11-25 02:40:31', '2025-11-25 02:40:32', 'pickup', NULL, 'unpaid', NULL, NULL, NULL, NULL, NULL, 0),
(3, 1, NULL, 6, NULL, 'NKH-DT-20250828-1806-d1e', 'pending', 0, 'pending', 'pending', '24.00', '2.40', '0.00', '26.40', '0.00', 'USD', '2025-08-28 05:28:51', NULL, 'No spicy please', '2025-08-28 05:51:51', '2025-11-25 02:40:31', '2025-11-25 02:40:32', 'pickup', NULL, 'unpaid', NULL, NULL, NULL, NULL, NULL, 0),
(4, 1, NULL, 7, NULL, 'NKH-DT-20251020-9632-584', 'pending', 0, 'preparing', 'pending', '63.50', '6.35', '0.00', '69.85', '0.00', 'USD', '2025-10-20 12:50:58', NULL, NULL, '2025-10-20 13:35:58', '2025-11-25 02:40:31', '2025-11-25 02:40:32', 'delivery', NULL, 'unpaid', NULL, NULL, NULL, NULL, NULL, 0),
(5, 1, NULL, 8, NULL, 'NKH-DT-20251009-8831-3b6', 'pending', 0, 'ready', 'pending', '57.00', '5.70', '8.18', '54.52', '0.00', 'USD', '2025-10-09 08:16:06', NULL, 'Extra sauce', '2025-10-09 08:36:06', '2025-11-25 02:40:31', '2025-11-25 02:40:32', 'pickup', NULL, 'unpaid', NULL, NULL, NULL, NULL, NULL, 0),
(6, 1, NULL, 5, NULL, 'NKH-DT-20250904-4003-95c', 'pending', 0, 'pending', 'pending', '27.00', '2.70', '0.00', '29.70', '0.00', 'USD', '2025-09-04 02:36:43', NULL, NULL, '2025-09-04 03:11:43', '2025-11-25 02:40:31', '2025-11-25 02:40:32', 'delivery', NULL, 'unpaid', NULL, NULL, NULL, NULL, NULL, 0),
(7, 1, NULL, 1, NULL, 'NKH-DT-20250928-7969-b05', 'pending', 0, 'preparing', 'pending', '66.00', '6.60', '0.00', '72.60', '0.00', 'USD', '2025-09-28 11:48:52', NULL, NULL, '2025-09-28 12:20:52', '2025-11-25 02:40:31', '2025-11-25 02:40:32', 'delivery', NULL, 'unpaid', NULL, NULL, NULL, NULL, NULL, 0),
(8, 1, 32, 1, NULL, 'NKH-DT-20251101-2900-99a', 'pending', 0, 'preparing', 'pending', '6.00', '0.60', '0.00', '6.60', '0.00', 'USD', '2025-11-01 06:21:39', NULL, 'Well done', '2025-11-01 06:42:39', '2025-11-25 02:40:31', '2025-11-25 02:40:32', 'dine-in', NULL, 'unpaid', NULL, NULL, NULL, NULL, NULL, 0),
(9, 1, 27, 5, NULL, 'NKH-DT-20251019-1182-20f', 'pending', 0, 'ready', 'pending', '156.50', '15.65', '0.00', '172.15', '0.00', 'USD', '2025-10-19 18:58:10', NULL, 'Less salt', '2025-10-19 19:28:10', '2025-11-25 02:40:31', '2025-11-25 02:40:32', 'dine-in', NULL, 'unpaid', NULL, NULL, NULL, NULL, NULL, 0),
(10, 1, 15, 3, NULL, 'NKH-DT-20250904-7014-254', 'pending', 0, 'received', 'pending', '123.00', '12.30', '0.00', '135.30', '0.00', 'USD', '2025-09-04 14:58:32', NULL, NULL, '2025-09-04 15:25:32', '2025-11-25 02:40:31', '2025-11-25 02:40:32', 'dine-in', NULL, 'unpaid', NULL, NULL, NULL, NULL, NULL, 0),
(11, 1, NULL, 7, NULL, 'NKH-DT-20251007-2904-12d', 'pending', 0, 'preparing', 'pending', '143.00', '14.30', '0.00', '157.30', '0.00', 'USD', '2025-10-07 08:57:43', NULL, 'No onions', '2025-10-07 09:21:43', '2025-11-25 02:40:31', '2025-11-25 02:40:32', 'pickup', NULL, 'unpaid', NULL, NULL, NULL, NULL, NULL, 0),
(12, 1, NULL, 9, NULL, 'NKH-DT-20251015-1393-fc4', 'pending', 0, 'ready', 'pending', '7.00', '0.70', '0.00', '7.70', '0.00', 'USD', '2025-10-15 13:38:36', NULL, 'No spicy please', '2025-10-15 14:10:36', '2025-11-25 02:40:31', '2025-11-25 02:40:32', 'pickup', NULL, 'unpaid', NULL, NULL, NULL, NULL, NULL, 0),
(13, 1, NULL, 3, NULL, 'NKH-DT-20251008-9809-4ff', 'pending', 0, 'pending', 'pending', '203.00', '20.30', '0.00', '223.30', '0.00', 'USD', '2025-10-08 20:27:50', NULL, 'Vegetarian option', '2025-10-08 20:48:50', '2025-11-25 02:40:31', '2025-11-25 02:40:32', 'pickup', NULL, 'unpaid', NULL, NULL, NULL, NULL, NULL, 0),
(14, 1, 35, 5, NULL, 'NKH-DT-20251030-1424-56d', 'pending', 0, 'pending', 'pending', '167.50', '16.75', '0.00', '184.25', '0.00', 'USD', '2025-10-30 13:33:52', NULL, 'Less salt', '2025-10-30 14:00:52', '2025-11-25 02:40:31', '2025-11-25 02:40:32', 'dine-in', NULL, 'unpaid', NULL, NULL, NULL, NULL, NULL, 0),
(15, 1, 14, 3, NULL, 'NKH-DT-20251003-7238-c89', 'pending', 0, 'ready', 'pending', '23.50', '2.35', '0.00', '25.85', '0.00', 'USD', '2025-10-03 15:40:02', NULL, 'Vegetarian option', '2025-10-03 16:00:02', '2025-11-25 02:40:31', '2025-11-25 02:40:32', 'dine-in', NULL, 'unpaid', NULL, NULL, NULL, NULL, NULL, 0),
(16, 1, NULL, 5, NULL, 'NKH-DT-20250910-9444-2d3', 'pending', 0, 'pending', 'pending', '136.50', '13.65', '0.00', '150.15', '0.00', 'USD', '2025-09-10 16:17:11', NULL, NULL, '2025-09-10 16:49:11', '2025-11-25 02:40:31', '2025-11-25 02:40:32', 'delivery', NULL, 'unpaid', NULL, NULL, NULL, NULL, NULL, 0),
(17, 1, NULL, 1, NULL, 'NKH-DT-20250913-8558-b59', 'pending', 0, 'preparing', 'pending', '13.50', '1.35', '0.00', '14.85', '0.00', 'USD', '2025-09-13 06:55:55', NULL, 'Gluten free preparation', '2025-09-13 07:27:55', '2025-11-25 02:40:31', '2025-11-25 02:40:32', 'pickup', NULL, 'unpaid', NULL, NULL, NULL, NULL, NULL, 0),
(18, 1, NULL, 5, NULL, 'NKH-DT-20251111-3748-cb3', 'pending', 0, 'ready', 'pending', '67.00', '6.70', '3.81', '69.89', '0.00', 'USD', '2025-11-11 18:44:04', NULL, 'Make it spicy', '2025-11-11 19:10:04', '2025-11-25 02:40:31', '2025-11-25 02:40:32', 'pickup', NULL, 'unpaid', NULL, NULL, NULL, NULL, NULL, 0),
(19, 1, 31, 1, NULL, 'NKH-DT-20250903-5975-288', 'pending', 0, 'received', 'pending', '97.00', '9.70', '0.00', '106.70', '0.00', 'USD', '2025-09-03 08:32:31', NULL, 'No onions', '2025-09-03 08:53:31', '2025-11-25 02:40:31', '2025-11-25 02:40:32', 'dine-in', NULL, 'unpaid', NULL, NULL, NULL, NULL, NULL, 0),
(20, 1, 29, 4, NULL, 'NKH-DT-20251120-7207-d46', 'pending', 0, 'ready', 'pending', '4.50', '0.45', '0.00', '4.95', '0.00', 'USD', '2025-11-20 06:22:20', NULL, 'Extra sauce', '2025-11-20 06:49:20', '2025-11-25 02:40:31', '2025-11-25 02:40:32', 'dine-in', NULL, 'unpaid', NULL, NULL, NULL, NULL, NULL, 0),
(21, 1, 33, 4, NULL, 'NKH-DT-20250925-7320-639', 'pending', 0, 'completed', 'pending', '115.00', '11.50', '0.00', '126.50', '0.00', 'USD', '2025-09-25 16:07:55', '2025-09-25 16:07:55', NULL, '2025-09-25 15:32:55', '2025-11-25 02:40:31', '2025-11-25 02:40:32', 'dine-in', NULL, 'unpaid', NULL, NULL, NULL, NULL, NULL, 0),
(22, 1, NULL, 10, NULL, 'NKH-DT-20251114-9875-769', 'pending', 0, 'preparing', 'pending', '145.50', '14.55', '0.00', '160.05', '0.00', 'USD', '2025-11-14 05:46:17', NULL, 'No spicy please', '2025-11-14 06:34:17', '2025-11-25 02:40:31', '2025-11-25 02:40:32', 'delivery', NULL, 'unpaid', NULL, NULL, NULL, NULL, NULL, 0),
(23, 1, NULL, 2, NULL, 'NKH-DT-20250923-6659-308', 'pending', 0, 'ready', 'pending', '45.50', '4.55', '0.00', '50.05', '0.00', 'USD', '2025-09-23 21:14:00', NULL, NULL, '2025-09-23 22:01:00', '2025-11-25 02:40:31', '2025-11-25 02:40:32', 'delivery', NULL, 'unpaid', NULL, NULL, NULL, NULL, NULL, 0),
(24, 1, 2, 5, NULL, 'NKH-DT-20251024-6411-db2', 'pending', 0, 'ready', 'pending', '79.00', '7.90', '0.00', '86.90', '0.00', 'USD', '2025-10-24 05:33:30', NULL, 'Gluten free preparation', '2025-10-24 05:59:30', '2025-11-25 02:40:31', '2025-11-25 02:40:32', 'dine-in', NULL, 'unpaid', NULL, NULL, NULL, NULL, NULL, 0),
(25, 1, 25, 9, NULL, 'NKH-DT-20251027-2084-4aa', 'pending', 0, 'preparing', 'pending', '92.00', '9.20', '0.00', '101.20', '0.00', 'USD', '2025-10-27 15:03:27', NULL, 'No onions', '2025-10-27 15:28:27', '2025-11-25 02:40:31', '2025-11-25 02:40:32', 'dine-in', NULL, 'unpaid', NULL, NULL, NULL, NULL, NULL, 0),
(26, 1, NULL, 8, NULL, 'NKH-DT-20250925-1568-fb4', 'pending', 0, 'received', 'pending', '42.00', '4.20', '0.00', '46.20', '0.00', 'USD', '2025-09-25 08:27:36', NULL, 'No onions', '2025-09-25 09:02:36', '2025-11-25 02:40:31', '2025-11-25 02:40:32', 'delivery', NULL, 'unpaid', NULL, NULL, NULL, NULL, NULL, 0),
(27, 1, 10, 2, NULL, 'NKH-DT-20251008-5973-5fc', 'pending', 0, 'completed', 'pending', '81.50', '8.15', '0.00', '89.65', '0.00', 'USD', '2025-10-08 13:03:05', '2025-10-08 13:03:05', 'Less salt', '2025-10-08 12:59:05', '2025-11-25 02:40:31', '2025-11-25 02:40:32', 'dine-in', NULL, 'unpaid', NULL, NULL, NULL, NULL, NULL, 0),
(28, 1, NULL, 6, NULL, 'NKH-DT-20251105-5698-dfa', 'pending', 0, 'pending', 'pending', '92.50', '9.25', '0.00', '101.75', '0.00', 'USD', '2025-11-05 07:05:49', NULL, NULL, '2025-11-05 07:29:49', '2025-11-25 02:40:31', '2025-11-25 02:40:32', 'pickup', NULL, 'unpaid', NULL, NULL, NULL, NULL, NULL, 0),
(29, 1, NULL, 1, NULL, 'NKH-DT-20251026-1698-ea4', 'pending', 0, 'received', 'pending', '60.50', '6.05', '0.00', '66.55', '0.00', 'USD', '2025-10-26 08:43:28', NULL, 'Vegetarian option', '2025-10-26 09:18:28', '2025-11-25 02:40:31', '2025-11-25 02:40:32', 'delivery', NULL, 'unpaid', NULL, NULL, NULL, NULL, NULL, 0),
(30, 1, NULL, 4, NULL, 'NKH-DT-20251018-6251-e62', 'pending', 0, 'preparing', 'pending', '70.50', '7.05', '0.00', '77.55', '0.00', 'USD', '2025-10-18 08:23:06', NULL, 'Well done', '2025-10-18 09:07:06', '2025-11-25 02:40:31', '2025-11-25 02:40:32', 'delivery', NULL, 'unpaid', NULL, NULL, NULL, NULL, NULL, 0),
(31, 1, NULL, 11, NULL, 'NKH-DT-20251103-0878-cfa', 'pending', 0, 'pending', 'pending', '101.50', '10.15', '0.00', '111.65', '0.00', 'USD', '2025-11-03 12:19:51', NULL, 'Extra sauce', '2025-11-03 12:43:51', '2025-11-25 02:40:31', '2025-11-25 02:40:32', 'pickup', NULL, 'unpaid', NULL, NULL, NULL, NULL, NULL, 0),
(32, 1, NULL, 1, NULL, 'NKH-DT-20251117-2239-d90', 'pending', 0, 'preparing', 'pending', '118.50', '11.85', '0.00', '130.35', '0.00', 'USD', '2025-11-17 04:15:55', NULL, 'Extra sauce', '2025-11-17 05:03:55', '2025-11-25 02:40:31', '2025-11-25 02:40:32', 'delivery', NULL, 'unpaid', NULL, NULL, NULL, NULL, NULL, 0),
(33, 1, 7, 2, NULL, 'NKH-DT-20251024-4671-f1a', 'pending', 0, 'completed', 'pending', '139.50', '13.95', '4.43', '149.02', '0.00', 'USD', '2025-10-24 04:17:42', '2025-10-24 04:17:42', NULL, '2025-10-24 03:55:42', '2025-11-25 02:40:31', '2025-11-25 02:40:32', 'dine-in', NULL, 'unpaid', NULL, NULL, NULL, NULL, NULL, 0),
(34, 1, NULL, 8, NULL, 'NKH-DT-20250923-9399-9e7', 'pending', 0, 'preparing', 'pending', '105.50', '10.55', '0.00', '116.05', '0.00', 'USD', '2025-09-23 05:56:04', NULL, 'No spicy please', '2025-09-23 06:24:04', '2025-11-25 02:40:31', '2025-11-25 02:40:32', 'pickup', NULL, 'unpaid', NULL, NULL, NULL, NULL, NULL, 0),
(35, 1, NULL, 10, NULL, 'NKH-DT-20251015-2689-783', 'pending', 0, 'ready', 'pending', '130.50', '13.05', '7.32', '136.23', '0.00', 'USD', '2025-10-15 22:02:16', NULL, 'Gluten free preparation', '2025-10-15 22:36:16', '2025-11-25 02:40:31', '2025-11-25 02:40:32', 'delivery', NULL, 'unpaid', NULL, NULL, NULL, NULL, NULL, 0),
(36, 1, NULL, 4, NULL, 'NKH-DT-20250918-0179-249', 'pending', 0, 'received', 'pending', '168.00', '16.80', '0.00', '184.80', '0.00', 'USD', '2025-09-18 19:04:08', NULL, 'Less salt', '2025-09-18 19:26:08', '2025-11-25 02:40:31', '2025-11-25 02:40:32', 'pickup', NULL, 'unpaid', NULL, NULL, NULL, NULL, NULL, 0),
(37, 1, 36, 8, NULL, 'NKH-DT-20250916-7576-fef', 'pending', 0, 'received', 'pending', '67.50', '6.75', '0.00', '74.25', '0.00', 'USD', '2025-09-16 14:08:55', NULL, NULL, '2025-09-16 14:35:55', '2025-11-25 02:40:31', '2025-11-25 02:40:32', 'dine-in', NULL, 'unpaid', NULL, NULL, NULL, NULL, NULL, 0),
(38, 1, NULL, 3, NULL, 'NKH-DT-20250906-6930-41d', 'pending', 0, 'preparing', 'pending', '96.00', '9.60', '0.00', '105.60', '0.00', 'USD', '2025-09-06 12:15:33', NULL, 'Extra sauce', '2025-09-06 13:04:33', '2025-11-25 02:40:31', '2025-11-25 02:40:32', 'delivery', NULL, 'unpaid', NULL, NULL, NULL, NULL, NULL, 0),
(39, 1, NULL, 10, NULL, 'NKH-DT-20251010-2615-ead', 'pending', 0, 'preparing', 'pending', '21.00', '2.10', '0.00', '23.10', '0.00', 'USD', '2025-10-10 09:53:04', NULL, 'Gluten free preparation', '2025-10-10 10:14:04', '2025-11-25 02:40:31', '2025-11-25 02:40:32', 'pickup', NULL, 'unpaid', NULL, NULL, NULL, NULL, NULL, 0),
(40, 1, NULL, 8, NULL, 'NKH-DT-20251024-6530-0e9', 'pending', 0, 'received', 'pending', '96.50', '9.65', '0.00', '106.15', '0.00', 'USD', '2025-10-24 17:07:19', NULL, NULL, '2025-10-24 17:44:19', '2025-11-25 02:40:31', '2025-11-25 02:40:32', 'delivery', NULL, 'unpaid', NULL, NULL, NULL, NULL, NULL, 0),
(41, 1, NULL, 2, NULL, 'NKH-DT-20251023-3242-595', 'pending', 0, 'completed', 'pending', '30.00', '3.00', '0.00', '33.00', '0.00', 'USD', '2025-10-23 15:45:23', '2025-10-23 15:45:23', NULL, '2025-10-23 15:47:23', '2025-11-25 02:40:31', '2025-11-25 02:40:32', 'pickup', NULL, 'unpaid', NULL, NULL, NULL, NULL, NULL, 0),
(42, 1, 35, 7, NULL, 'NKH-DT-20250929-5162-629', 'pending', 0, 'pending', 'pending', '88.50', '8.85', '3.06', '94.29', '0.00', 'USD', '2025-09-29 22:36:21', NULL, NULL, '2025-09-29 23:03:21', '2025-11-25 02:40:31', '2025-11-25 02:40:32', 'dine-in', NULL, 'unpaid', NULL, NULL, NULL, NULL, NULL, 0),
(43, 1, 32, 11, NULL, 'NKH-DT-20251025-1184-b14', 'pending', 0, 'ready', 'pending', '129.50', '12.95', '0.00', '142.45', '0.00', 'USD', '2025-10-25 21:56:26', NULL, NULL, '2025-10-25 22:18:26', '2025-11-25 02:40:31', '2025-11-25 02:40:32', 'dine-in', NULL, 'unpaid', NULL, NULL, NULL, NULL, NULL, 0),
(44, 1, 23, 1, NULL, 'NKH-DT-20251107-6023-ca7', 'pending', 0, 'preparing', 'pending', '105.50', '10.55', '0.00', '116.05', '0.00', 'USD', '2025-11-07 02:22:48', NULL, 'Extra sauce', '2025-11-07 02:42:48', '2025-11-25 02:40:31', '2025-11-25 02:40:32', 'dine-in', NULL, 'unpaid', NULL, NULL, NULL, NULL, NULL, 0),
(45, 1, NULL, 10, NULL, 'NKH-DT-20251014-6105-435', 'pending', 0, 'preparing', 'pending', '129.00', '12.90', '5.78', '136.12', '0.00', 'USD', '2025-10-14 09:32:20', NULL, 'Gluten free preparation', '2025-10-14 10:02:20', '2025-11-25 02:40:31', '2025-11-25 02:40:32', 'pickup', NULL, 'unpaid', NULL, NULL, NULL, NULL, NULL, 0),
(46, 1, 36, 9, NULL, 'NKH-DT-20251026-5112-dfe', 'pending', 0, 'pending', 'pending', '85.00', '8.50', '0.00', '93.50', '0.00', 'USD', '2025-10-26 20:57:40', NULL, 'Vegetarian option', '2025-10-26 21:22:40', '2025-11-25 02:40:31', '2025-11-25 02:40:32', 'dine-in', NULL, 'unpaid', NULL, NULL, NULL, NULL, NULL, 0),
(47, 1, 17, 9, NULL, 'NKH-DT-20250913-0279-dc3', 'pending', 0, 'received', 'pending', '52.00', '5.20', '0.00', '57.20', '0.00', 'USD', '2025-09-13 03:31:56', NULL, 'Gluten free preparation', '2025-09-13 03:53:56', '2025-11-25 02:40:31', '2025-11-25 02:40:32', 'dine-in', NULL, 'unpaid', NULL, NULL, NULL, NULL, NULL, 0),
(48, 1, NULL, 5, NULL, 'NKH-DT-20251102-2618-c21', 'pending', 0, 'completed', 'pending', '173.50', '17.35', '0.00', '190.85', '0.00', 'USD', '2025-11-02 06:26:09', '2025-11-02 06:26:09', NULL, '2025-11-02 06:17:09', '2025-11-25 02:40:31', '2025-11-25 02:40:32', 'pickup', NULL, 'unpaid', NULL, NULL, NULL, NULL, NULL, 0),
(49, 1, 8, 7, NULL, 'NKH-DT-20251003-5795-1da', 'pending', 0, 'received', 'pending', '112.50', '11.25', '0.00', '123.75', '0.00', 'USD', '2025-10-03 13:03:11', NULL, 'Make it spicy', '2025-10-03 13:31:11', '2025-11-25 02:40:31', '2025-11-25 02:40:32', 'dine-in', NULL, 'unpaid', NULL, NULL, NULL, NULL, NULL, 0),
(50, 1, NULL, 2, NULL, 'NKH-DT-20251022-1097-3f9', 'pending', 0, 'ready', 'pending', '69.00', '6.90', '0.00', '75.90', '0.00', 'USD', '2025-10-22 11:25:58', NULL, 'Vegetarian option', '2025-10-22 11:45:58', '2025-11-25 02:40:31', '2025-11-25 02:40:32', 'pickup', NULL, 'unpaid', NULL, NULL, NULL, NULL, NULL, 0),
(51, 1, NULL, 11, NULL, 'NKH-DT-20250902-9734-33f', 'pending', 0, 'received', 'pending', '75.00', '7.50', '0.00', '82.50', '0.00', 'USD', '2025-09-02 23:34:45', NULL, NULL, '2025-09-03 00:05:45', '2025-11-25 02:40:31', '2025-11-25 02:40:32', 'delivery', NULL, 'unpaid', NULL, NULL, NULL, NULL, NULL, 0),
(52, 1, NULL, 10, NULL, 'NKH-DT-20250907-8462-02c', 'pending', 0, 'pending', 'pending', '66.00', '6.60', '8.44', '64.16', '0.00', 'USD', '2025-09-07 04:38:25', NULL, 'Vegetarian option', '2025-09-07 05:26:25', '2025-11-25 02:40:31', '2025-11-25 02:40:32', 'delivery', NULL, 'unpaid', NULL, NULL, NULL, NULL, NULL, 0),
(53, 1, NULL, 2, NULL, 'NKH-DT-20251122-4731-0f8', 'pending', 0, 'pending', 'pending', '149.50', '14.95', '3.49', '160.96', '0.00', 'USD', '2025-11-22 23:59:30', NULL, 'Well done', '2025-11-23 00:49:30', '2025-11-25 02:40:31', '2025-11-25 02:40:32', 'delivery', NULL, 'unpaid', NULL, NULL, NULL, NULL, NULL, 0),
(54, 1, NULL, 3, NULL, 'NKH-DT-20251009-7243-dda', 'pending', 0, 'pending', 'pending', '101.00', '10.10', '5.81', '105.29', '0.00', 'USD', '2025-10-09 08:35:51', NULL, 'Make it spicy', '2025-10-09 09:16:51', '2025-11-25 02:40:31', '2025-11-25 02:40:32', 'delivery', NULL, 'unpaid', NULL, NULL, NULL, NULL, NULL, 0),
(55, 1, NULL, 7, NULL, 'NKH-DT-20251111-5338-891', 'pending', 0, 'pending', 'pending', '2.50', '0.25', '0.00', '2.75', '0.00', 'USD', '2025-11-11 01:38:35', NULL, NULL, '2025-11-11 02:24:35', '2025-11-25 02:40:31', '2025-11-25 02:40:32', 'delivery', NULL, 'unpaid', NULL, NULL, NULL, NULL, NULL, 0),
(56, 1, 8, 5, NULL, 'NKH-DT-20251123-6871-f90', 'pending', 0, 'ready', 'pending', '86.00', '8.60', '0.00', '94.60', '0.00', 'USD', '2025-11-23 11:17:54', NULL, 'Extra vegetables', '2025-11-23 11:44:54', '2025-11-25 02:40:31', '2025-11-25 02:40:32', 'dine-in', NULL, 'unpaid', NULL, NULL, NULL, NULL, NULL, 0),
(57, 1, NULL, 2, NULL, 'NKH-DT-20251111-6451-958', 'pending', 0, 'ready', 'pending', '8.50', '0.85', '0.00', '9.35', '0.00', 'USD', '2025-11-11 01:36:07', NULL, 'Extra sauce', '2025-11-11 02:05:07', '2025-11-25 02:40:31', '2025-11-25 02:40:32', 'pickup', NULL, 'unpaid', NULL, NULL, NULL, NULL, NULL, 0),
(58, 1, 35, 6, NULL, 'NKH-DT-20251108-9656-6d1', 'pending', 0, 'preparing', 'pending', '105.50', '10.55', '6.64', '109.41', '0.00', 'USD', '2025-11-08 02:19:29', NULL, 'Make it spicy', '2025-11-08 02:47:29', '2025-11-25 02:40:31', '2025-11-25 02:40:32', 'dine-in', NULL, 'unpaid', NULL, NULL, NULL, NULL, NULL, 0),
(59, 1, NULL, 1, NULL, 'NKH-DT-20251122-0155-429', 'pending', 0, 'completed', 'pending', '66.00', '6.60', '0.00', '72.60', '0.00', 'USD', '2025-11-22 19:14:27', '2025-11-22 19:14:27', 'Vegetarian option', '2025-11-22 19:22:27', '2025-11-25 02:40:31', '2025-11-25 02:40:32', 'delivery', NULL, 'unpaid', NULL, NULL, NULL, NULL, NULL, 0),
(60, 1, NULL, 5, NULL, 'NKH-DT-20251108-2343-b21', 'pending', 0, 'pending', 'pending', '116.00', '11.60', '0.00', '127.60', '0.00', 'USD', '2025-11-08 23:29:17', NULL, 'No spicy please', '2025-11-08 23:50:17', '2025-11-25 02:40:31', '2025-11-25 02:40:32', 'pickup', NULL, 'unpaid', NULL, NULL, NULL, NULL, NULL, 0),
(61, 1, NULL, 9, NULL, 'NKH-DT-20250918-0733-70a', 'pending', 0, 'received', 'pending', '90.50', '9.05', '6.50', '93.05', '0.00', 'USD', '2025-09-18 17:32:33', NULL, 'Extra sauce', '2025-09-18 17:58:33', '2025-11-25 02:40:31', '2025-11-25 02:40:32', 'pickup', NULL, 'unpaid', NULL, NULL, NULL, NULL, NULL, 0),
(62, 1, NULL, 1, NULL, 'NKH-DT-20251120-0191-25f', 'pending', 0, 'pending', 'pending', '36.00', '3.60', '0.00', '39.60', '0.00', 'USD', '2025-11-20 06:48:22', NULL, NULL, '2025-11-20 07:35:22', '2025-11-25 02:40:31', '2025-11-25 02:40:32', 'delivery', NULL, 'unpaid', NULL, NULL, NULL, NULL, NULL, 0),
(63, 1, NULL, 6, NULL, 'NKH-DT-20250903-7238-8e6', 'pending', 0, 'completed', 'pending', '70.00', '7.00', '0.00', '77.00', '0.00', 'USD', '2025-09-03 01:11:30', '2025-09-03 01:11:30', 'On the side', '2025-09-03 00:57:30', '2025-11-25 02:40:31', '2025-11-25 02:40:32', 'pickup', NULL, 'unpaid', NULL, NULL, NULL, NULL, NULL, 0),
(64, 1, NULL, 11, NULL, 'NKH-DT-20250829-9775-6ea', 'pending', 0, 'completed', 'pending', '45.00', '4.50', '3.16', '46.34', '0.00', 'USD', '2025-08-29 13:38:04', '2025-08-29 13:38:04', 'No onions', '2025-08-29 13:33:04', '2025-11-25 02:40:31', '2025-11-25 02:40:32', 'delivery', NULL, 'unpaid', NULL, NULL, NULL, NULL, NULL, 0),
(65, 1, 27, 6, NULL, 'NKH-DT-20251013-5740-6cc', 'pending', 0, 'pending', 'pending', '16.50', '1.65', '0.00', '18.15', '0.00', 'USD', '2025-10-13 00:44:58', NULL, 'Vegetarian option', '2025-10-13 01:04:58', '2025-11-25 02:40:31', '2025-11-25 02:40:32', 'dine-in', NULL, 'unpaid', NULL, NULL, NULL, NULL, NULL, 0),
(66, 1, NULL, 6, NULL, 'NKH-DT-20250914-7630-11f', 'pending', 0, 'received', 'pending', '28.00', '2.80', '0.00', '30.80', '0.00', 'USD', '2025-09-14 22:02:30', NULL, NULL, '2025-09-14 22:33:30', '2025-11-25 02:40:31', '2025-11-25 02:40:32', 'delivery', NULL, 'unpaid', NULL, NULL, NULL, NULL, NULL, 0),
(67, 1, NULL, 11, NULL, 'NKH-DT-20250925-4603-410', 'pending', 0, 'preparing', 'pending', '100.50', '10.05', '7.05', '103.50', '0.00', 'USD', '2025-09-25 01:08:16', NULL, 'On the side', '2025-09-25 01:32:16', '2025-11-25 02:40:31', '2025-11-25 02:40:32', 'pickup', NULL, 'unpaid', NULL, NULL, NULL, NULL, NULL, 0),
(68, 1, NULL, 10, NULL, 'NKH-DT-20250911-0197-067', 'pending', 0, 'preparing', 'pending', '64.50', '6.45', '0.00', '70.95', '0.00', 'USD', '2025-09-11 07:30:20', NULL, 'Make it spicy', '2025-09-11 08:08:20', '2025-11-25 02:40:31', '2025-11-25 02:40:32', 'delivery', NULL, 'unpaid', NULL, NULL, NULL, NULL, NULL, 0),
(69, 1, NULL, 10, NULL, 'NKH-DT-20251117-9899-ebb', 'pending', 0, 'received', 'pending', '28.50', '2.85', '0.00', '31.35', '0.00', 'USD', '2025-11-17 17:22:14', NULL, 'Well done', '2025-11-17 17:52:14', '2025-11-25 02:40:31', '2025-11-25 02:40:32', 'pickup', NULL, 'unpaid', NULL, NULL, NULL, NULL, NULL, 0),
(70, 1, NULL, 7, NULL, 'NKH-DT-20251016-5380-546', 'pending', 0, 'pending', 'pending', '166.00', '16.60', '0.00', '182.60', '0.00', 'USD', '2025-10-16 02:34:54', NULL, 'Well done', '2025-10-16 02:58:54', '2025-11-25 02:40:31', '2025-11-25 02:40:32', 'pickup', NULL, 'unpaid', NULL, NULL, NULL, NULL, NULL, 0),
(71, 1, NULL, 11, NULL, 'NKH-DT-20251026-5555-847', 'pending', 0, 'received', 'pending', '138.00', '13.80', '0.00', '151.80', '0.00', 'USD', '2025-10-26 03:36:15', NULL, 'Less salt', '2025-10-26 03:58:15', '2025-11-25 02:40:31', '2025-11-25 02:40:33', 'pickup', NULL, 'unpaid', NULL, NULL, NULL, NULL, NULL, 0),
(72, 1, 21, 11, NULL, 'NKH-DT-20250825-5300-e60', 'pending', 0, 'completed', 'pending', '18.00', '1.80', '2.78', '17.02', '0.00', 'USD', '2025-08-25 23:47:15', '2025-08-25 23:47:15', 'Make it spicy', '2025-08-25 23:22:15', '2025-11-25 02:40:31', '2025-11-25 02:40:33', 'dine-in', NULL, 'unpaid', NULL, NULL, NULL, NULL, NULL, 0),
(73, 1, 11, 8, NULL, 'NKH-DT-20250915-2618-0d1', 'pending', 0, 'received', 'pending', '15.00', '1.50', '4.20', '12.30', '0.00', 'USD', '2025-09-15 22:44:58', NULL, 'No spicy please', '2025-09-15 23:08:58', '2025-11-25 02:40:31', '2025-11-25 02:40:33', 'dine-in', NULL, 'unpaid', NULL, NULL, NULL, NULL, NULL, 0),
(74, 1, 23, 9, NULL, 'NKH-DT-20251123-4702-5ba', 'pending', 0, 'completed', 'pending', '95.50', '9.55', '0.00', '105.05', '0.00', 'USD', '2025-11-23 16:13:10', '2025-11-23 16:13:10', NULL, '2025-11-23 15:57:10', '2025-11-25 02:40:31', '2025-11-25 02:40:33', 'dine-in', NULL, 'unpaid', NULL, NULL, NULL, NULL, NULL, 0),
(75, 1, 8, 10, NULL, 'NKH-DT-20250828-1239-741', 'pending', 0, 'received', 'pending', '129.00', '12.90', '0.00', '141.90', '0.00', 'USD', '2025-08-28 11:30:44', NULL, NULL, '2025-08-28 11:50:44', '2025-11-25 02:40:31', '2025-11-25 02:40:33', 'dine-in', NULL, 'unpaid', NULL, NULL, NULL, NULL, NULL, 0),
(76, 1, 23, 11, NULL, 'NKH-DT-20251030-6821-ea2', 'pending', 0, 'received', 'pending', '250.50', '25.05', '0.00', '275.55', '0.00', 'USD', '2025-10-30 06:17:53', NULL, NULL, '2025-10-30 06:46:53', '2025-11-25 02:40:31', '2025-11-25 02:40:33', 'dine-in', NULL, 'unpaid', NULL, NULL, NULL, NULL, NULL, 0),
(77, 1, NULL, 11, NULL, 'NKH-DT-20251016-9289-9ec', 'pending', 0, 'completed', 'pending', '62.00', '6.20', '0.00', '68.20', '0.00', 'USD', '2025-10-16 15:28:54', '2025-10-16 15:28:54', NULL, '2025-10-16 15:15:54', '2025-11-25 02:40:31', '2025-11-25 02:40:33', 'pickup', NULL, 'unpaid', NULL, NULL, NULL, NULL, NULL, 0),
(78, 1, NULL, 10, NULL, 'NKH-DT-20250915-7688-e09', 'pending', 0, 'ready', 'pending', '69.00', '6.90', '0.00', '75.90', '0.00', 'USD', '2025-09-15 22:03:14', NULL, NULL, '2025-09-15 22:32:14', '2025-11-25 02:40:31', '2025-11-25 02:40:33', 'pickup', NULL, 'unpaid', NULL, NULL, NULL, NULL, NULL, 0),
(79, 1, NULL, 6, NULL, 'NKH-DT-20250921-3687-02b', 'pending', 0, 'preparing', 'pending', '141.50', '14.15', '0.00', '155.65', '0.00', 'USD', '2025-09-21 08:30:00', NULL, NULL, '2025-09-21 09:04:00', '2025-11-25 02:40:31', '2025-11-25 02:40:33', 'pickup', NULL, 'unpaid', NULL, NULL, NULL, NULL, NULL, 0),
(80, 1, NULL, 8, NULL, 'NKH-DT-20251106-8215-9c0', 'pending', 0, 'received', 'pending', '40.50', '4.05', '0.00', '44.55', '0.00', 'USD', '2025-11-06 01:07:21', NULL, NULL, '2025-11-06 01:32:21', '2025-11-25 02:40:31', '2025-11-25 02:40:33', 'pickup', NULL, 'unpaid', NULL, NULL, NULL, NULL, NULL, 0),
(81, 1, NULL, 8, NULL, 'NKH-DT-20250830-6075-5a0', 'pending', 0, 'pending', 'pending', '20.00', '2.00', '0.00', '22.00', '0.00', 'USD', '2025-08-30 18:06:04', NULL, 'Extra sauce', '2025-08-30 18:40:04', '2025-11-25 02:40:31', '2025-11-25 02:40:33', 'pickup', NULL, 'unpaid', NULL, NULL, NULL, NULL, NULL, 0),
(82, 1, 5, 1, NULL, 'NKH-DT-20251029-7276-4ad', 'pending', 0, 'completed', 'pending', '72.50', '7.25', '0.00', '79.75', '0.00', 'USD', '2025-10-29 11:29:29', '2025-10-29 11:29:29', NULL, '2025-10-29 10:57:29', '2025-11-25 02:40:31', '2025-11-25 02:40:33', 'dine-in', NULL, 'unpaid', NULL, NULL, NULL, NULL, NULL, 0),
(83, 1, NULL, 1, NULL, 'NKH-DT-20250917-6609-378', 'pending', 0, 'received', 'pending', '139.00', '13.90', '0.00', '152.90', '0.00', 'USD', '2025-09-17 04:13:45', NULL, 'Vegetarian option', '2025-09-17 04:56:45', '2025-11-25 02:40:31', '2025-11-25 02:40:33', 'delivery', NULL, 'unpaid', NULL, NULL, NULL, NULL, NULL, 0),
(84, 1, NULL, 1, NULL, 'NKH-DT-20251104-4212-79d', 'pending', 0, 'ready', 'pending', '184.00', '18.40', '0.00', '202.40', '0.00', 'USD', '2025-11-04 15:38:16', NULL, NULL, '2025-11-04 16:03:16', '2025-11-25 02:40:31', '2025-11-25 02:40:33', 'pickup', NULL, 'unpaid', NULL, NULL, NULL, NULL, NULL, 0),
(85, 1, 6, 9, NULL, 'NKH-DT-20250911-5518-7cd', 'pending', 0, 'pending', 'pending', '80.00', '8.00', '0.00', '88.00', '0.00', 'USD', '2025-09-11 11:39:48', NULL, 'Make it spicy', '2025-09-11 12:08:48', '2025-11-25 02:40:31', '2025-11-25 02:40:33', 'dine-in', NULL, 'unpaid', NULL, NULL, NULL, NULL, NULL, 0),
(86, 1, NULL, 2, NULL, 'NKH-DT-20250907-9899-145', 'pending', 0, 'preparing', 'pending', '216.00', '21.60', '0.00', '237.60', '0.00', 'USD', '2025-09-07 22:01:19', NULL, 'No onions', '2025-09-07 22:36:19', '2025-11-25 02:40:31', '2025-11-25 02:40:33', 'delivery', NULL, 'unpaid', NULL, NULL, NULL, NULL, NULL, 0),
(87, 1, NULL, 2, NULL, 'NKH-DT-20250905-7469-604', 'pending', 0, 'ready', 'pending', '67.50', '6.75', '0.00', '74.25', '0.00', 'USD', '2025-09-05 13:02:11', NULL, 'On the side', '2025-09-05 13:24:11', '2025-11-25 02:40:31', '2025-11-25 02:40:33', 'pickup', NULL, 'unpaid', NULL, NULL, NULL, NULL, NULL, 0),
(88, 1, NULL, 10, NULL, 'NKH-DT-20251004-2700-394', 'pending', 0, 'received', 'pending', '99.00', '9.90', '0.00', '108.90', '0.00', 'USD', '2025-10-04 03:45:07', NULL, 'Vegetarian option', '2025-10-04 04:25:07', '2025-11-25 02:40:31', '2025-11-25 02:40:33', 'delivery', NULL, 'unpaid', NULL, NULL, NULL, NULL, NULL, 0),
(89, 1, NULL, 4, NULL, 'NKH-DT-20250927-8446-a43', 'pending', 0, 'completed', 'pending', '10.50', '1.05', '0.00', '11.55', '0.00', 'USD', '2025-09-27 05:33:15', '2025-09-27 05:33:15', 'On the side', '2025-09-27 05:16:15', '2025-11-25 02:40:31', '2025-11-25 02:40:33', 'delivery', NULL, 'unpaid', NULL, NULL, NULL, NULL, NULL, 0),
(90, 1, NULL, 6, NULL, 'NKH-DT-20251110-9538-afb', 'pending', 0, 'completed', 'pending', '27.00', '2.70', '0.00', '29.70', '0.00', 'USD', '2025-11-10 12:16:35', '2025-11-10 12:16:35', 'Extra sauce', '2025-11-10 12:13:35', '2025-11-25 02:40:31', '2025-11-25 02:40:33', 'pickup', NULL, 'unpaid', NULL, NULL, NULL, NULL, NULL, 0),
(91, 1, NULL, 5, NULL, 'NKH-DT-20250914-9937-35c', 'pending', 0, 'preparing', 'pending', '117.50', '11.75', '0.00', '129.25', '0.00', 'USD', '2025-09-14 07:38:35', NULL, 'On the side', '2025-09-14 08:13:35', '2025-11-25 02:40:31', '2025-11-25 02:40:33', 'delivery', NULL, 'unpaid', NULL, NULL, NULL, NULL, NULL, 0),
(92, 1, NULL, 8, NULL, 'NKH-DT-20251019-7591-ab5', 'pending', 0, 'ready', 'pending', '106.50', '10.65', '0.00', '117.15', '0.00', 'USD', '2025-10-19 12:08:44', NULL, 'Gluten free preparation', '2025-10-19 12:41:44', '2025-11-25 02:40:31', '2025-11-25 02:40:33', 'delivery', NULL, 'unpaid', NULL, NULL, NULL, NULL, NULL, 0),
(93, 1, 32, 10, NULL, 'NKH-DT-20250910-2332-44e', 'pending', 0, 'received', 'pending', '71.50', '7.15', '9.14', '69.51', '0.00', 'USD', '2025-09-10 23:45:47', NULL, 'Vegetarian option', '2025-09-11 00:15:47', '2025-11-25 02:40:31', '2025-11-25 02:40:33', 'dine-in', NULL, 'unpaid', NULL, NULL, NULL, NULL, NULL, 0),
(94, 1, NULL, 11, NULL, 'NKH-DT-20251004-3953-d04', 'pending', 0, 'pending', 'pending', '41.00', '4.10', '0.00', '45.10', '0.00', 'USD', '2025-10-04 09:22:27', NULL, 'Extra sauce', '2025-10-04 09:49:27', '2025-11-25 02:40:31', '2025-11-25 02:40:33', 'pickup', NULL, 'unpaid', NULL, NULL, NULL, NULL, NULL, 0),
(95, 1, NULL, 9, NULL, 'NKH-DT-20250915-7947-f5e', 'pending', 0, 'ready', 'pending', '13.50', '1.35', '0.00', '14.85', '0.00', 'USD', '2025-09-15 04:19:16', NULL, NULL, '2025-09-15 04:53:16', '2025-11-25 02:40:31', '2025-11-25 02:40:33', 'pickup', NULL, 'unpaid', NULL, NULL, NULL, NULL, NULL, 0),
(96, 1, 12, 6, NULL, 'NKH-DT-20251009-4204-fc6', 'pending', 0, 'preparing', 'pending', '107.00', '10.70', '0.00', '117.70', '0.00', 'USD', '2025-10-09 11:42:29', NULL, 'Well done', '2025-10-09 12:08:29', '2025-11-25 02:40:31', '2025-11-25 02:40:33', 'dine-in', NULL, 'unpaid', NULL, NULL, NULL, NULL, NULL, 0),
(97, 1, NULL, 2, NULL, 'NKH-DT-20251016-9931-e62', 'pending', 0, 'pending', 'pending', '145.00', '14.50', '0.00', '159.50', '0.00', 'USD', '2025-10-16 14:02:58', NULL, 'Well done', '2025-10-16 14:40:58', '2025-11-25 02:40:31', '2025-11-25 02:40:33', 'delivery', NULL, 'unpaid', NULL, NULL, NULL, NULL, NULL, 0),
(98, 1, 30, 4, NULL, 'NKH-DT-20250915-7043-a9a', 'pending', 0, 'received', 'pending', '22.00', '2.20', '0.00', '24.20', '0.00', 'USD', '2025-09-15 18:29:42', NULL, 'No onions', '2025-09-15 18:52:42', '2025-11-25 02:40:31', '2025-11-25 02:40:33', 'dine-in', NULL, 'unpaid', NULL, NULL, NULL, NULL, NULL, 0),
(99, 1, NULL, 2, NULL, 'NKH-DT-20250928-6915-e52', 'pending', 0, 'received', 'pending', '95.50', '9.55', '0.00', '105.05', '0.00', 'USD', '2025-09-28 09:14:09', NULL, NULL, '2025-09-28 09:36:09', '2025-11-25 02:40:31', '2025-11-25 02:40:33', 'pickup', NULL, 'unpaid', NULL, NULL, NULL, NULL, NULL, 0),
(100, 1, 7, 6, NULL, 'NKH-DT-20250830-8737-77f', 'pending', 0, 'received', 'pending', '73.00', '7.30', '0.00', '80.30', '0.00', 'USD', '2025-08-30 03:02:29', NULL, 'Vegetarian option', '2025-08-30 03:27:29', '2025-11-25 02:40:31', '2025-11-25 02:40:33', 'dine-in', NULL, 'unpaid', NULL, NULL, NULL, NULL, NULL, 0),
(101, 1, NULL, 9, NULL, 'NKH-DT-20251109-0115-777', 'pending', 0, 'completed', 'pending', '78.50', '7.85', '0.00', '86.35', '0.00', 'USD', '2025-11-09 08:19:22', '2025-11-09 08:19:22', NULL, '2025-11-09 07:57:22', '2025-11-25 02:40:31', '2025-11-25 02:40:33', 'pickup', NULL, 'unpaid', NULL, NULL, NULL, NULL, NULL, 0),
(102, 1, NULL, 7, NULL, 'NKH-DT-20251002-5919-3b8', 'pending', 0, 'pending', 'pending', '116.50', '11.65', '0.00', '128.15', '0.00', 'USD', '2025-10-02 15:57:32', NULL, 'No onions', '2025-10-02 16:40:32', '2025-11-25 02:40:31', '2025-11-25 02:40:33', 'delivery', NULL, 'unpaid', NULL, NULL, NULL, NULL, NULL, 0),
(103, 1, 4, 9, NULL, 'NKH-DT-20250914-7685-fa4', 'pending', 0, 'completed', 'pending', '28.00', '2.80', '0.00', '30.80', '0.00', 'USD', '2025-09-14 16:05:29', '2025-09-14 16:05:29', 'Less salt', '2025-09-14 15:54:29', '2025-11-25 02:40:31', '2025-11-25 02:40:33', 'dine-in', NULL, 'unpaid', NULL, NULL, NULL, NULL, NULL, 0),
(104, 1, 2, 1, NULL, 'NKH-DT-20251124-7039-baf', 'pending', 0, 'completed', 'pending', '63.00', '6.30', '0.00', '69.30', '0.00', 'USD', '2025-11-24 01:44:11', NULL, 'Make it spicy', '2025-11-24 02:13:11', '2025-11-25 02:40:31', '2025-11-25 02:48:16', 'dine-in', NULL, 'unpaid', NULL, NULL, NULL, NULL, NULL, 0),
(105, 1, 5, 3, NULL, 'NKH-DT-20251113-5029-acf', 'pending', 0, 'preparing', 'pending', '107.00', '10.70', '0.00', '117.70', '0.00', 'USD', '2025-11-13 19:58:46', NULL, NULL, '2025-11-13 20:20:46', '2025-11-25 02:40:31', '2025-11-25 02:40:33', 'dine-in', NULL, 'unpaid', NULL, NULL, NULL, NULL, NULL, 0),
(106, 1, NULL, 8, NULL, 'NKH-DT-20250902-7544-863', 'pending', 0, 'ready', 'pending', '189.50', '18.95', '9.54', '198.91', '0.00', 'USD', '2025-09-02 08:26:05', NULL, 'No onions', '2025-09-02 08:50:05', '2025-11-25 02:40:31', '2025-11-25 02:40:33', 'pickup', NULL, 'unpaid', NULL, NULL, NULL, NULL, NULL, 0),
(107, 1, NULL, 4, NULL, 'NKH-DT-20251112-4804-5d7', 'pending', 0, 'received', 'pending', '87.00', '8.70', '0.00', '95.70', '0.00', 'USD', '2025-11-12 14:51:49', NULL, 'Well done', '2025-11-12 15:34:49', '2025-11-25 02:40:31', '2025-11-25 02:40:33', 'delivery', NULL, 'unpaid', NULL, NULL, NULL, NULL, NULL, 0),
(108, 1, NULL, 5, NULL, 'NKH-DT-20250925-6785-301', 'pending', 0, 'received', 'pending', '164.50', '16.45', '0.00', '180.95', '0.00', 'USD', '2025-09-25 05:32:48', NULL, 'Make it spicy', '2025-09-25 05:59:48', '2025-11-25 02:40:31', '2025-11-25 02:40:33', 'pickup', NULL, 'unpaid', NULL, NULL, NULL, NULL, NULL, 0),
(109, 1, NULL, 2, NULL, 'NKH-DT-20250929-1328-18e', 'pending', 0, 'ready', 'pending', '20.00', '2.00', '0.00', '22.00', '0.00', 'USD', '2025-09-29 00:11:47', NULL, 'Extra vegetables', '2025-09-29 00:42:47', '2025-11-25 02:40:31', '2025-11-25 02:40:33', 'pickup', NULL, 'unpaid', NULL, NULL, NULL, NULL, NULL, 0),
(110, 1, NULL, 2, NULL, 'NKH-DT-20250916-6654-8ec', 'pending', 0, 'ready', 'pending', '124.00', '12.40', '0.00', '136.40', '0.00', 'USD', '2025-09-16 12:41:31', NULL, NULL, '2025-09-16 13:08:31', '2025-11-25 02:40:31', '2025-11-25 02:40:33', 'pickup', NULL, 'unpaid', NULL, NULL, NULL, NULL, NULL, 0),
(111, 1, NULL, 2, NULL, 'NKH-DT-20251022-9179-d0f', 'pending', 0, 'preparing', 'pending', '22.00', '2.20', '0.00', '24.20', '0.00', 'USD', '2025-10-22 13:32:14', NULL, 'Less salt', '2025-10-22 14:01:14', '2025-11-25 02:40:31', '2025-11-25 02:40:33', 'pickup', NULL, 'unpaid', NULL, NULL, NULL, NULL, NULL, 0),
(112, 1, 12, 8, NULL, 'NKH-DT-20250901-5093-232', 'pending', 0, 'ready', 'pending', '87.50', '8.75', '0.00', '96.25', '0.00', 'USD', '2025-09-01 18:01:15', NULL, 'Gluten free preparation', '2025-09-01 18:30:15', '2025-11-25 02:40:31', '2025-11-25 02:40:33', 'dine-in', NULL, 'unpaid', NULL, NULL, NULL, NULL, NULL, 0),
(113, 1, 18, 1, NULL, 'NKH-DT-20250930-5067-146', 'pending', 0, 'completed', 'pending', '39.50', '3.95', '0.00', '43.45', '0.00', 'USD', '2025-09-30 11:28:47', '2025-09-30 11:28:47', 'Less salt', '2025-09-30 10:53:47', '2025-11-25 02:40:31', '2025-11-25 02:40:33', 'dine-in', NULL, 'unpaid', NULL, NULL, NULL, NULL, NULL, 0),
(114, 1, NULL, 7, NULL, 'NKH-DT-20250911-4416-a55', 'pending', 0, 'ready', 'pending', '95.50', '9.55', '7.93', '97.12', '0.00', 'USD', '2025-09-11 20:06:01', NULL, 'Gluten free preparation', '2025-09-11 20:33:01', '2025-11-25 02:40:31', '2025-11-25 02:40:33', 'pickup', NULL, 'unpaid', NULL, NULL, NULL, NULL, NULL, 0),
(115, 1, NULL, 9, NULL, 'NKH-DT-20251018-8626-d65', 'pending', 0, 'preparing', 'pending', '120.00', '12.00', '0.00', '132.00', '0.00', 'USD', '2025-10-18 10:51:53', NULL, 'Extra vegetables', '2025-10-18 11:14:53', '2025-11-25 02:40:31', '2025-11-25 02:40:33', 'pickup', NULL, 'unpaid', NULL, NULL, NULL, NULL, NULL, 0),
(116, 1, NULL, 4, NULL, 'NKH-DT-20251102-5320-2de', 'pending', 0, 'preparing', 'pending', '216.00', '21.60', '0.00', '237.60', '0.00', 'USD', '2025-11-02 19:25:07', NULL, NULL, '2025-11-02 19:46:07', '2025-11-25 02:40:31', '2025-11-25 02:40:33', 'pickup', NULL, 'unpaid', NULL, NULL, NULL, NULL, NULL, 0),
(117, 1, NULL, 5, NULL, 'NKH-DT-20250925-1632-8e7', 'pending', 0, 'completed', 'pending', '86.50', '8.65', '8.27', '86.88', '0.00', 'USD', '2025-09-25 03:39:12', '2025-09-25 03:39:12', 'No spicy please', '2025-09-25 03:27:12', '2025-11-25 02:40:31', '2025-11-25 02:40:33', 'pickup', NULL, 'unpaid', NULL, NULL, NULL, NULL, NULL, 0),
(118, 1, NULL, 5, NULL, 'NKH-DT-20251014-2931-86a', 'pending', 0, 'received', 'pending', '74.00', '7.40', '0.00', '81.40', '0.00', 'USD', '2025-10-14 05:51:38', NULL, 'On the side', '2025-10-14 06:26:38', '2025-11-25 02:40:31', '2025-11-25 02:40:33', 'pickup', NULL, 'unpaid', NULL, NULL, NULL, NULL, NULL, 0),
(119, 1, 24, 5, NULL, 'NKH-DT-20251109-9781-dcb', 'pending', 0, 'completed', 'pending', '180.00', '18.00', '0.00', '198.00', '0.00', 'USD', '2025-11-09 02:01:47', '2025-11-09 02:01:47', 'On the side', '2025-11-09 01:44:47', '2025-11-25 02:40:31', '2025-11-25 02:40:33', 'dine-in', NULL, 'unpaid', NULL, NULL, NULL, NULL, NULL, 0),
(120, 1, NULL, 4, NULL, 'NKH-DT-20250916-6494-5ea', 'pending', 0, 'ready', 'pending', '161.50', '16.15', '0.00', '177.65', '0.00', 'USD', '2025-09-16 19:57:18', NULL, 'Gluten free preparation', '2025-09-16 20:27:18', '2025-11-25 02:40:31', '2025-11-25 02:40:33', 'pickup', NULL, 'unpaid', NULL, NULL, NULL, NULL, NULL, 0),
(121, 1, 17, 9, NULL, 'NKH-DT-20251124-6312-c2b', 'pending', 0, 'received', 'pending', '35.00', '3.50', '0.00', '38.50', '0.00', 'USD', '2025-11-24 19:42:22', NULL, NULL, '2025-11-24 20:05:22', '2025-11-25 02:40:31', '2025-11-25 02:40:33', 'dine-in', NULL, 'unpaid', NULL, NULL, NULL, NULL, NULL, 0),
(122, 1, 30, 6, NULL, 'NKH-DT-20251107-2953-2aa', 'pending', 0, 'ready', 'pending', '37.50', '3.75', '0.00', '41.25', '0.00', 'USD', '2025-11-07 08:52:59', NULL, 'Vegetarian option', '2025-11-07 09:20:59', '2025-11-25 02:40:31', '2025-11-25 02:40:33', 'dine-in', NULL, 'unpaid', NULL, NULL, NULL, NULL, NULL, 0),
(123, 1, NULL, 8, NULL, 'NKH-DT-20251016-9808-62c', 'pending', 0, 'ready', 'pending', '77.00', '7.70', '7.81', '76.89', '0.00', 'USD', '2025-10-16 10:00:41', NULL, 'Gluten free preparation', '2025-10-16 10:30:41', '2025-11-25 02:40:31', '2025-11-25 02:40:33', 'pickup', NULL, 'unpaid', NULL, NULL, NULL, NULL, NULL, 0),
(124, 1, 19, 8, NULL, 'NKH-DT-20251025-4168-7cd', 'pending', 0, 'preparing', 'pending', '115.00', '11.50', '3.85', '122.65', '0.00', 'USD', '2025-10-25 15:55:03', NULL, 'Extra sauce', '2025-10-25 16:16:03', '2025-11-25 02:40:31', '2025-11-25 02:40:33', 'dine-in', NULL, 'unpaid', NULL, NULL, NULL, NULL, NULL, 0),
(125, 1, NULL, 5, NULL, 'NKH-DT-20251028-6188-a82', 'pending', 0, 'completed', 'pending', '49.00', '4.90', '0.00', '53.90', '0.00', 'USD', '2025-10-28 15:58:50', '2025-10-28 15:58:50', 'Extra sauce', '2025-10-28 15:41:50', '2025-11-25 02:40:31', '2025-11-25 02:40:33', 'delivery', NULL, 'unpaid', NULL, NULL, NULL, NULL, NULL, 0),
(126, 1, NULL, 8, NULL, 'NKH-DT-20251022-5634-2c7', 'pending', 0, 'ready', 'pending', '98.00', '9.80', '0.00', '107.80', '0.00', 'USD', '2025-10-22 08:59:27', NULL, 'On the side', '2025-10-22 09:38:27', '2025-11-25 02:40:31', '2025-11-25 02:40:33', 'delivery', NULL, 'unpaid', NULL, NULL, NULL, NULL, NULL, 0),
(127, 1, NULL, 9, NULL, 'NKH-DT-20250830-0297-0e2', 'pending', 0, 'preparing', 'pending', '118.50', '11.85', '0.00', '130.35', '0.00', 'USD', '2025-08-30 19:46:42', NULL, 'No onions', '2025-08-30 20:21:42', '2025-11-25 02:40:31', '2025-11-25 02:40:33', 'pickup', NULL, 'unpaid', NULL, NULL, NULL, NULL, NULL, 0),
(128, 1, NULL, 8, NULL, 'NKH-DT-20251106-1553-972', 'pending', 0, 'received', 'pending', '81.50', '8.15', '7.53', '82.12', '0.00', 'USD', '2025-11-06 13:35:50', NULL, NULL, '2025-11-06 14:18:50', '2025-11-25 02:40:31', '2025-11-25 02:40:33', 'delivery', NULL, 'unpaid', NULL, NULL, NULL, NULL, NULL, 0),
(129, 1, NULL, 11, NULL, 'NKH-DT-20250906-4670-626', 'pending', 0, 'pending', 'pending', '79.00', '7.90', '0.00', '86.90', '0.00', 'USD', '2025-09-06 15:35:00', NULL, NULL, '2025-09-06 16:16:00', '2025-11-25 02:40:31', '2025-11-25 02:40:33', 'delivery', NULL, 'unpaid', NULL, NULL, NULL, NULL, NULL, 0),
(130, 1, NULL, 1, NULL, 'NKH-DT-20250825-5179-5ea', 'pending', 0, 'received', 'pending', '19.00', '1.90', '5.44', '15.46', '0.00', 'USD', '2025-08-25 08:05:18', NULL, NULL, '2025-08-25 08:37:18', '2025-11-25 02:40:31', '2025-11-25 02:40:33', 'delivery', NULL, 'unpaid', NULL, NULL, NULL, NULL, NULL, 0),
(131, 1, NULL, 2, NULL, 'NKH-DT-20251004-5737-435', 'pending', 0, 'ready', 'pending', '2.50', '0.25', '0.00', '2.75', '0.00', 'USD', '2025-10-04 14:56:21', NULL, 'Well done', '2025-10-04 15:29:21', '2025-11-25 02:40:31', '2025-11-25 02:40:33', 'delivery', NULL, 'unpaid', NULL, NULL, NULL, NULL, NULL, 0),
(132, 1, NULL, 11, NULL, 'NKH-DT-20251022-6622-331', 'pending', 0, 'pending', 'pending', '134.50', '13.45', '0.00', '147.95', '0.00', 'USD', '2025-10-22 19:44:43', NULL, 'Make it spicy', '2025-10-22 20:15:43', '2025-11-25 02:40:31', '2025-11-25 02:40:33', 'delivery', NULL, 'unpaid', NULL, NULL, NULL, NULL, NULL, 0),
(133, 1, 15, 9, NULL, 'NKH-DT-20251115-0535-bd8', 'pending', 0, 'pending', 'pending', '47.50', '4.75', '0.00', '52.25', '0.00', 'USD', '2025-11-15 13:38:24', NULL, NULL, '2025-11-15 14:06:24', '2025-11-25 02:40:31', '2025-11-25 02:40:33', 'dine-in', NULL, 'unpaid', NULL, NULL, NULL, NULL, NULL, 0),
(134, 1, NULL, 8, NULL, 'NKH-DT-20251031-8271-e84', 'pending', 0, 'completed', 'pending', '30.00', '3.00', '0.00', '33.00', '0.00', 'USD', '2025-10-31 10:48:19', '2025-10-31 10:48:19', 'Gluten free preparation', '2025-10-31 10:13:19', '2025-11-25 02:40:31', '2025-11-25 02:40:33', 'pickup', NULL, 'unpaid', NULL, NULL, NULL, NULL, NULL, 0),
(135, 1, 4, 6, NULL, 'NKH-DT-20251021-8525-786', 'pending', 0, 'completed', 'pending', '20.00', '2.00', '0.00', '22.00', '0.00', 'USD', '2025-10-21 19:04:31', '2025-10-21 19:04:31', 'Gluten free preparation', '2025-10-21 18:42:31', '2025-11-25 02:40:31', '2025-11-25 02:40:33', 'dine-in', NULL, 'unpaid', NULL, NULL, NULL, NULL, NULL, 0),
(136, 1, 35, 6, NULL, 'NKH-DT-20250912-7294-685', 'pending', 0, 'pending', 'pending', '42.00', '4.20', '0.00', '46.20', '0.00', 'USD', '2025-09-12 15:36:50', NULL, 'No onions', '2025-09-12 15:56:50', '2025-11-25 02:40:31', '2025-11-25 02:40:33', 'dine-in', NULL, 'unpaid', NULL, NULL, NULL, NULL, NULL, 0),
(137, 1, NULL, 3, NULL, 'NKH-DT-20251004-4470-7fe', 'pending', 0, 'preparing', 'pending', '38.00', '3.80', '4.17', '37.63', '0.00', 'USD', '2025-10-04 02:41:32', NULL, 'Vegetarian option', '2025-10-04 03:12:32', '2025-11-25 02:40:31', '2025-11-25 02:40:33', 'pickup', NULL, 'unpaid', NULL, NULL, NULL, NULL, NULL, 0),
(138, 1, NULL, 10, NULL, 'NKH-DT-20251022-9840-cc3', 'pending', 0, 'preparing', 'pending', '221.50', '22.15', '0.00', '243.65', '0.00', 'USD', '2025-10-22 21:26:11', NULL, 'No onions', '2025-10-22 21:55:11', '2025-11-25 02:40:31', '2025-11-25 02:40:33', 'pickup', NULL, 'unpaid', NULL, NULL, NULL, NULL, NULL, 0),
(139, 1, NULL, 3, NULL, 'NKH-DT-20251008-3316-672', 'pending', 0, 'preparing', 'pending', '68.00', '6.80', '5.26', '69.54', '0.00', 'USD', '2025-10-08 10:59:04', NULL, NULL, '2025-10-08 11:25:04', '2025-11-25 02:40:31', '2025-11-25 02:40:33', 'pickup', NULL, 'unpaid', NULL, NULL, NULL, NULL, NULL, 0),
(140, 1, NULL, 8, NULL, 'NKH-DT-20250829-8473-a95', 'pending', 0, 'received', 'pending', '87.00', '8.70', '0.00', '95.70', '0.00', 'USD', '2025-08-29 05:58:06', NULL, 'Less salt', '2025-08-29 06:40:06', '2025-11-25 02:40:31', '2025-11-25 02:40:33', 'delivery', NULL, 'unpaid', NULL, NULL, NULL, NULL, NULL, 0),
(141, 1, 7, 2, NULL, 'NKH-DT-20250906-3516-38d', 'pending', 0, 'received', 'pending', '188.00', '18.80', '0.00', '206.80', '0.00', 'USD', '2025-09-06 21:18:36', NULL, 'Well done', '2025-09-06 21:47:36', '2025-11-25 02:40:31', '2025-11-25 02:40:33', 'dine-in', NULL, 'unpaid', NULL, NULL, NULL, NULL, NULL, 0),
(142, 1, NULL, 6, NULL, 'NKH-DT-20250923-4272-c30', 'pending', 0, 'ready', 'pending', '149.50', '14.95', '0.00', '164.45', '0.00', 'USD', '2025-09-23 16:33:29', NULL, 'No onions', '2025-09-23 17:02:29', '2025-11-25 02:40:31', '2025-11-25 02:40:33', 'pickup', NULL, 'unpaid', NULL, NULL, NULL, NULL, NULL, 0),
(143, 1, NULL, 7, NULL, 'NKH-DT-20250912-2249-df3', 'pending', 0, 'preparing', 'pending', '42.00', '4.20', '0.00', '46.20', '0.00', 'USD', '2025-09-12 17:37:56', NULL, NULL, '2025-09-12 18:12:56', '2025-11-25 02:40:31', '2025-11-25 02:40:33', 'delivery', NULL, 'unpaid', NULL, NULL, NULL, NULL, NULL, 0),
(144, 1, NULL, 7, NULL, 'NKH-DT-20250923-8497-2a9', 'pending', 0, 'ready', 'pending', '59.50', '5.95', '0.00', '65.45', '0.00', 'USD', '2025-09-23 13:53:25', NULL, 'Well done', '2025-09-23 14:38:25', '2025-11-25 02:40:31', '2025-11-25 02:40:33', 'delivery', NULL, 'unpaid', NULL, NULL, NULL, NULL, NULL, 0),
(145, 1, NULL, 11, NULL, 'NKH-DT-20251030-6002-9de', 'pending', 0, 'preparing', 'pending', '158.00', '15.80', '0.00', '173.80', '0.00', 'USD', '2025-10-30 19:07:00', NULL, 'No onions', '2025-10-30 19:40:00', '2025-11-25 02:40:31', '2025-11-25 02:40:33', 'delivery', NULL, 'unpaid', NULL, NULL, NULL, NULL, NULL, 0),
(146, 1, NULL, 3, NULL, 'NKH-DT-20251103-9793-4fd', 'pending', 0, 'preparing', 'pending', '161.00', '16.10', '9.75', '167.35', '0.00', 'USD', '2025-11-03 02:28:51', NULL, 'Vegetarian option', '2025-11-03 02:52:51', '2025-11-25 02:40:31', '2025-11-25 02:40:33', 'pickup', NULL, 'unpaid', NULL, NULL, NULL, NULL, NULL, 0),
(147, 1, NULL, 10, NULL, 'NKH-DT-20251106-2661-60d', 'pending', 0, 'received', 'pending', '12.00', '1.20', '0.00', '13.20', '0.00', 'USD', '2025-11-06 02:23:56', NULL, NULL, '2025-11-06 02:47:56', '2025-11-25 02:40:31', '2025-11-25 02:40:33', 'pickup', NULL, 'unpaid', NULL, NULL, NULL, NULL, NULL, 0),
(148, 1, 36, 8, NULL, 'NKH-DT-20251002-6775-858', 'pending', 0, 'ready', 'pending', '30.50', '3.05', '7.98', '25.57', '0.00', 'USD', '2025-10-02 01:47:41', NULL, NULL, '2025-10-02 02:13:41', '2025-11-25 02:40:31', '2025-11-25 02:40:33', 'dine-in', NULL, 'unpaid', NULL, NULL, NULL, NULL, NULL, 0),
(149, 1, NULL, 4, NULL, 'NKH-DT-20250829-3216-2f3', 'pending', 0, 'completed', 'pending', '25.50', '2.55', '0.00', '28.05', '0.00', 'USD', '2025-08-29 01:47:18', '2025-08-29 01:47:18', NULL, '2025-08-29 01:23:18', '2025-11-25 02:40:31', '2025-11-25 02:40:33', 'pickup', NULL, 'unpaid', NULL, NULL, NULL, NULL, NULL, 0),
(150, 1, 6, 3, NULL, 'NKH-DT-20251103-2038-1fc', 'pending', 0, 'completed', 'pending', '171.00', '17.10', '0.00', '188.10', '0.00', 'USD', '2025-11-03 06:57:18', '2025-11-03 06:57:18', 'Well done', '2025-11-03 06:52:18', '2025-11-25 02:40:31', '2025-11-25 02:40:34', 'dine-in', NULL, 'unpaid', NULL, NULL, NULL, NULL, NULL, 0),
(151, 1, NULL, 11, NULL, 'NKH-DT-20250901-3148-0ab', 'pending', 0, 'completed', 'pending', '83.50', '8.35', '0.00', '91.85', '0.00', 'USD', '2025-09-01 21:30:59', '2025-09-01 21:30:59', NULL, '2025-09-01 20:55:59', '2025-11-25 02:40:31', '2025-11-25 02:40:34', 'pickup', NULL, 'unpaid', NULL, NULL, NULL, NULL, NULL, 0),
(152, 1, NULL, 2, NULL, 'NKH-DT-20251030-4317-8d8', 'pending', 0, 'ready', 'pending', '32.00', '3.20', '2.62', '32.58', '0.00', 'USD', '2025-10-30 20:46:24', NULL, 'Extra vegetables', '2025-10-30 21:17:24', '2025-11-25 02:40:31', '2025-11-25 02:40:34', 'pickup', NULL, 'unpaid', NULL, NULL, NULL, NULL, NULL, 0),
(153, 1, 18, 11, NULL, 'NKH-DT-20251016-3556-fa5', 'pending', 0, 'preparing', 'pending', '161.50', '16.15', '8.97', '168.68', '0.00', 'USD', '2025-10-16 22:19:16', NULL, 'Extra sauce', '2025-10-16 22:43:16', '2025-11-25 02:40:31', '2025-11-25 02:40:34', 'dine-in', NULL, 'unpaid', NULL, NULL, NULL, NULL, NULL, 0),
(154, 1, NULL, 7, NULL, 'NKH-DT-20250912-3586-522', 'pending', 0, 'pending', 'pending', '28.00', '2.80', '0.00', '30.80', '0.00', 'USD', '2025-09-12 21:24:42', NULL, 'Make it spicy', '2025-09-12 21:45:42', '2025-11-25 02:40:31', '2025-11-25 02:40:34', 'pickup', NULL, 'unpaid', NULL, NULL, NULL, NULL, NULL, 0),
(155, 1, NULL, 11, NULL, 'NKH-DT-20250830-4581-ae1', 'pending', 0, 'pending', 'pending', '79.50', '7.95', '2.38', '85.07', '0.00', 'USD', '2025-08-30 12:01:27', NULL, NULL, '2025-08-30 12:25:27', '2025-11-25 02:40:31', '2025-11-25 02:40:34', 'pickup', NULL, 'unpaid', NULL, NULL, NULL, NULL, NULL, 0),
(156, 1, 32, 6, NULL, 'NKH-DT-20250924-0447-b94', 'pending', 0, 'pending', 'pending', '53.00', '5.30', '0.00', '58.30', '0.00', 'USD', '2025-09-24 23:09:46', NULL, 'No spicy please', '2025-09-24 23:36:46', '2025-11-25 02:40:31', '2025-11-25 02:40:34', 'dine-in', NULL, 'unpaid', NULL, NULL, NULL, NULL, NULL, 0),
(157, 1, NULL, 8, NULL, 'NKH-DT-20251029-5887-505', 'pending', 0, 'completed', 'pending', '139.00', '13.90', '0.00', '152.90', '0.00', 'USD', '2025-10-29 03:50:37', '2025-10-29 03:50:37', 'Well done', '2025-10-29 03:54:37', '2025-11-25 02:40:31', '2025-11-25 02:40:34', 'pickup', NULL, 'unpaid', NULL, NULL, NULL, NULL, NULL, 0),
(158, 1, NULL, 7, NULL, 'NKH-DT-20251002-3285-877', 'pending', 0, 'ready', 'pending', '15.00', '1.50', '0.00', '16.50', '0.00', 'USD', '2025-10-02 07:45:17', NULL, 'Extra vegetables', '2025-10-02 08:18:17', '2025-11-25 02:40:31', '2025-11-25 02:40:34', 'pickup', NULL, 'unpaid', NULL, NULL, NULL, NULL, NULL, 0),
(159, 1, NULL, 4, NULL, 'NKH-DT-20250920-7970-24b', 'pending', 0, 'preparing', 'pending', '52.50', '5.25', '8.66', '49.09', '0.00', 'USD', '2025-09-20 22:25:06', NULL, NULL, '2025-09-20 22:56:06', '2025-11-25 02:40:31', '2025-11-25 02:40:34', 'delivery', NULL, 'unpaid', NULL, NULL, NULL, NULL, NULL, 0),
(160, 1, NULL, 7, NULL, 'NKH-DT-20250929-1836-b92', 'pending', 0, 'ready', 'pending', '99.00', '9.90', '0.00', '108.90', '0.00', 'USD', '2025-09-29 20:03:23', NULL, NULL, '2025-09-29 20:38:23', '2025-11-25 02:40:31', '2025-11-25 02:40:34', 'delivery', NULL, 'unpaid', NULL, NULL, NULL, NULL, NULL, 0),
(161, 1, NULL, 5, NULL, 'NKH-DT-20250915-4983-a01', 'pending', 0, 'received', 'pending', '68.00', '6.80', '0.00', '74.80', '0.00', 'USD', '2025-09-15 10:44:13', NULL, NULL, '2025-09-15 11:25:13', '2025-11-25 02:40:31', '2025-11-25 02:40:34', 'delivery', NULL, 'unpaid', NULL, NULL, NULL, NULL, NULL, 0),
(162, 1, 4, 10, NULL, 'NKH-DT-20250921-0644-597', 'pending', 0, 'ready', 'pending', '132.50', '13.25', '9.78', '135.97', '0.00', 'USD', '2025-09-21 16:25:09', NULL, 'No onions', '2025-09-21 16:55:09', '2025-11-25 02:40:31', '2025-11-25 02:40:34', 'dine-in', NULL, 'unpaid', NULL, NULL, NULL, NULL, NULL, 0),
(163, 1, 15, 8, NULL, 'NKH-DT-20250902-1957-646', 'pending', 0, 'preparing', 'pending', '80.50', '8.05', '0.00', '88.55', '0.00', 'USD', '2025-09-02 04:58:20', NULL, NULL, '2025-09-02 05:19:20', '2025-11-25 02:40:31', '2025-11-25 02:40:34', 'dine-in', NULL, 'unpaid', NULL, NULL, NULL, NULL, NULL, 0),
(164, 1, NULL, 3, NULL, 'NKH-DT-20251023-7123-ef3', 'pending', 0, 'pending', 'pending', '18.00', '1.80', '9.04', '10.76', '0.00', 'USD', '2025-10-23 19:26:06', NULL, 'Extra vegetables', '2025-10-23 19:46:06', '2025-11-25 02:40:31', '2025-11-25 02:40:34', 'pickup', NULL, 'unpaid', NULL, NULL, NULL, NULL, NULL, 0),
(165, 1, 24, 7, NULL, 'NKH-DT-20251014-4307-093', 'pending', 0, 'preparing', 'pending', '118.00', '11.80', '0.00', '129.80', '0.00', 'USD', '2025-10-14 12:02:59', NULL, 'Less salt', '2025-10-14 12:23:59', '2025-11-25 02:40:31', '2025-11-25 02:40:34', 'dine-in', NULL, 'unpaid', NULL, NULL, NULL, NULL, NULL, 0),
(166, 1, NULL, 4, NULL, 'NKH-DT-20251009-0380-8ff', 'pending', 0, 'ready', 'pending', '94.50', '9.45', '0.00', '103.95', '0.00', 'USD', '2025-10-09 13:43:14', NULL, 'Less salt', '2025-10-09 14:05:14', '2025-11-25 02:40:31', '2025-11-25 02:40:34', 'pickup', NULL, 'unpaid', NULL, NULL, NULL, NULL, NULL, 0),
(167, 1, NULL, 8, NULL, 'NKH-DT-20250914-0094-cfc', 'pending', 0, 'preparing', 'pending', '9.00', '0.90', '0.00', '9.90', '0.00', 'USD', '2025-09-14 13:13:16', NULL, 'Well done', '2025-09-14 13:46:16', '2025-11-25 02:40:31', '2025-11-25 02:40:34', 'delivery', NULL, 'unpaid', NULL, NULL, NULL, NULL, NULL, 0),
(168, 1, NULL, 1, NULL, 'NKH-DT-20251018-5800-904', 'pending', 0, 'pending', 'pending', '84.00', '8.40', '0.00', '92.40', '0.00', 'USD', '2025-10-18 08:43:13', NULL, NULL, '2025-10-18 09:17:13', '2025-11-25 02:40:31', '2025-11-25 02:40:34', 'pickup', NULL, 'unpaid', NULL, NULL, NULL, NULL, NULL, 0),
(169, 1, NULL, 5, NULL, 'NKH-DT-20251002-0696-bd5', 'pending', 0, 'preparing', 'pending', '58.00', '5.80', '0.00', '63.80', '0.00', 'USD', '2025-10-02 21:52:18', NULL, 'Gluten free preparation', '2025-10-02 22:14:18', '2025-11-25 02:40:31', '2025-11-25 02:40:34', 'pickup', NULL, 'unpaid', NULL, NULL, NULL, NULL, NULL, 0),
(170, 1, NULL, 11, NULL, 'NKH-DT-20251018-8052-430', 'pending', 0, 'preparing', 'pending', '56.00', '5.60', '0.00', '61.60', '0.00', 'USD', '2025-10-18 10:49:20', NULL, 'Extra vegetables', '2025-10-18 11:23:20', '2025-11-25 02:40:31', '2025-11-25 02:40:34', 'pickup', NULL, 'unpaid', NULL, NULL, NULL, NULL, NULL, 0),
(171, 1, NULL, 2, NULL, 'NKH-DT-20251115-5870-9e5', 'pending', 0, 'received', 'pending', '97.50', '9.75', '6.59', '100.66', '0.00', 'USD', '2025-11-15 22:46:48', NULL, 'Make it spicy', '2025-11-15 23:19:48', '2025-11-25 02:40:31', '2025-11-25 02:40:34', 'delivery', NULL, 'unpaid', NULL, NULL, NULL, NULL, NULL, 0),
(172, 1, 9, 6, NULL, 'NKH-DT-20250907-7956-021', 'pending', 0, 'received', 'pending', '88.00', '8.80', '0.00', '96.80', '0.00', 'USD', '2025-09-07 22:32:47', NULL, 'Make it spicy', '2025-09-07 23:00:47', '2025-11-25 02:40:31', '2025-11-25 02:40:34', 'dine-in', NULL, 'unpaid', NULL, NULL, NULL, NULL, NULL, 0),
(173, 1, 31, 5, NULL, 'NKH-DT-20251014-4343-a19', 'pending', 0, 'ready', 'pending', '38.00', '3.80', '0.00', '41.80', '0.00', 'USD', '2025-10-14 04:29:33', NULL, 'No onions', '2025-10-14 04:58:33', '2025-11-25 02:40:31', '2025-11-25 02:40:34', 'dine-in', NULL, 'unpaid', NULL, NULL, NULL, NULL, NULL, 0),
(174, 1, NULL, 3, NULL, 'NKH-DT-20251109-3888-86b', 'pending', 0, 'completed', 'pending', '191.50', '19.15', '0.00', '210.65', '0.00', 'USD', '2025-11-09 15:44:20', '2025-11-09 15:44:20', 'Make it spicy', '2025-11-09 15:48:20', '2025-11-25 02:40:31', '2025-11-25 02:40:34', 'pickup', NULL, 'unpaid', NULL, NULL, NULL, NULL, NULL, 0),
(175, 1, NULL, 1, NULL, 'NKH-DT-20251114-2765-9b9', 'pending', 0, 'preparing', 'pending', '122.50', '12.25', '0.00', '134.75', '0.00', 'USD', '2025-11-14 04:28:47', NULL, 'On the side', '2025-11-14 04:59:47', '2025-11-25 02:40:31', '2025-11-25 02:40:34', 'delivery', NULL, 'unpaid', NULL, NULL, NULL, NULL, NULL, 0),
(176, 1, NULL, 5, NULL, 'NKH-DT-20251018-0760-137', 'pending', 0, 'preparing', 'pending', '40.50', '4.05', '0.00', '44.55', '0.00', 'USD', '2025-10-18 17:23:33', NULL, 'On the side', '2025-10-18 17:57:33', '2025-11-25 02:40:31', '2025-11-25 02:40:34', 'delivery', NULL, 'unpaid', NULL, NULL, NULL, NULL, NULL, 0),
(177, 1, 13, 5, NULL, 'NKH-DT-20251007-5827-ba2', 'pending', 0, 'ready', 'pending', '155.50', '15.55', '0.00', '171.05', '0.00', 'USD', '2025-10-07 10:32:48', NULL, 'Gluten free preparation', '2025-10-07 11:00:48', '2025-11-25 02:40:31', '2025-11-25 02:40:34', 'dine-in', NULL, 'unpaid', NULL, NULL, NULL, NULL, NULL, 0),
(178, 1, NULL, 8, NULL, 'NKH-DT-20250919-5348-774', 'pending', 0, 'ready', 'pending', '73.00', '7.30', '0.00', '80.30', '0.00', 'USD', '2025-09-19 01:14:30', NULL, NULL, '2025-09-19 01:43:30', '2025-11-25 02:40:31', '2025-11-25 02:40:34', 'pickup', NULL, 'unpaid', NULL, NULL, NULL, NULL, NULL, 0),
(179, 1, NULL, 7, NULL, 'NKH-DT-20250902-0658-22e', 'pending', 0, 'completed', 'pending', '226.00', '22.60', '0.00', '248.60', '0.00', 'USD', '2025-09-02 21:33:32', '2025-09-02 21:33:32', 'Make it spicy', '2025-09-02 21:38:32', '2025-11-25 02:40:31', '2025-11-25 02:40:34', 'delivery', NULL, 'unpaid', NULL, NULL, NULL, NULL, NULL, 0),
(180, 1, NULL, 2, NULL, 'NKH-DT-20250923-8969-325', 'pending', 0, 'completed', 'pending', '69.00', '6.90', '0.00', '75.90', '0.00', 'USD', '2025-09-23 09:37:49', '2025-09-23 09:37:49', 'Less salt', '2025-09-23 09:41:49', '2025-11-25 02:40:31', '2025-11-25 02:40:34', 'delivery', NULL, 'unpaid', NULL, NULL, NULL, NULL, NULL, 0),
(181, 1, NULL, 8, NULL, 'NKH-DT-20251005-2351-5b7', 'pending', 0, 'completed', 'pending', '115.00', '11.50', '0.00', '126.50', '0.00', 'USD', '2025-10-05 23:40:18', '2025-10-05 23:40:18', 'On the side', '2025-10-05 23:42:18', '2025-11-25 02:40:31', '2025-11-25 02:40:34', 'delivery', NULL, 'unpaid', NULL, NULL, NULL, NULL, NULL, 0),
(182, 1, NULL, 5, NULL, 'NKH-DT-20250908-3284-abf', 'pending', 0, 'preparing', 'pending', '75.00', '7.50', '2.62', '79.88', '0.00', 'USD', '2025-09-08 22:39:14', NULL, 'Make it spicy', '2025-09-08 23:00:14', '2025-11-25 02:40:31', '2025-11-25 02:40:34', 'pickup', NULL, 'unpaid', NULL, NULL, NULL, NULL, NULL, 0),
(183, 1, 4, 8, NULL, 'NKH-DT-20251015-0187-29f', 'pending', 0, 'ready', 'pending', '168.50', '16.85', '0.00', '185.35', '0.00', 'USD', '2025-10-15 07:15:50', NULL, NULL, '2025-10-15 07:42:50', '2025-11-25 02:40:31', '2025-11-25 02:40:34', 'dine-in', NULL, 'unpaid', NULL, NULL, NULL, NULL, NULL, 0),
(184, 1, NULL, 8, NULL, 'NKH-DT-20251106-9341-221', 'pending', 0, 'ready', 'pending', '59.00', '5.90', '0.00', '64.90', '0.00', 'USD', '2025-11-06 00:44:02', NULL, 'Extra vegetables', '2025-11-06 01:12:02', '2025-11-25 02:40:31', '2025-11-25 02:40:34', 'pickup', NULL, 'unpaid', NULL, NULL, NULL, NULL, NULL, 0),
(185, 1, 20, 4, NULL, 'NKH-DT-20251010-8942-53e', 'pending', 0, 'preparing', 'pending', '30.00', '3.00', '0.00', '33.00', '0.00', 'USD', '2025-10-10 09:38:07', NULL, 'No spicy please', '2025-10-10 10:02:07', '2025-11-25 02:40:31', '2025-11-25 02:40:34', 'dine-in', NULL, 'unpaid', NULL, NULL, NULL, NULL, NULL, 0),
(186, 1, 8, 2, NULL, 'NKH-DT-20251123-3850-be1', 'pending', 0, 'received', 'pending', '48.00', '4.80', '8.28', '44.52', '0.00', 'USD', '2025-11-23 05:42:42', NULL, NULL, '2025-11-23 06:06:42', '2025-11-25 02:40:31', '2025-11-25 02:40:34', 'dine-in', NULL, 'unpaid', NULL, NULL, NULL, NULL, NULL, 0),
(187, 1, NULL, 5, NULL, 'NKH-DT-20251027-8608-645', 'pending', 0, 'received', 'pending', '29.50', '2.95', '0.00', '32.45', '0.00', 'USD', '2025-10-27 17:54:14', NULL, NULL, '2025-10-27 18:20:14', '2025-11-25 02:40:31', '2025-11-25 02:40:34', 'pickup', NULL, 'unpaid', NULL, NULL, NULL, NULL, NULL, 0),
(188, 1, NULL, 5, NULL, 'NKH-DT-20251109-2024-450', 'pending', 0, 'preparing', 'pending', '48.50', '4.85', '0.00', '53.35', '0.00', 'USD', '2025-11-09 14:55:52', NULL, NULL, '2025-11-09 15:17:52', '2025-11-25 02:40:31', '2025-11-25 02:40:34', 'pickup', NULL, 'unpaid', NULL, NULL, NULL, NULL, NULL, 0),
(189, 1, NULL, 6, NULL, 'NKH-DT-20251029-2768-f3d', 'pending', 0, 'pending', 'pending', '106.50', '10.65', '0.00', '117.15', '0.00', 'USD', '2025-10-29 07:11:31', NULL, 'Gluten free preparation', '2025-10-29 07:45:31', '2025-11-25 02:40:31', '2025-11-25 02:40:34', 'pickup', NULL, 'unpaid', NULL, NULL, NULL, NULL, NULL, 0),
(190, 1, NULL, 10, NULL, 'NKH-DT-20251024-4516-865', 'pending', 0, 'completed', 'pending', '155.00', '15.50', '0.00', '170.50', '0.00', 'USD', '2025-10-24 22:05:26', '2025-10-24 22:05:26', NULL, '2025-10-24 22:02:26', '2025-11-25 02:40:31', '2025-11-25 02:40:34', 'delivery', NULL, 'unpaid', NULL, NULL, NULL, NULL, NULL, 0),
(191, 1, NULL, 9, NULL, 'NKH-DT-20250831-9253-a2b', 'pending', 0, 'completed', 'pending', '85.50', '8.55', '0.00', '94.05', '0.00', 'USD', '2025-08-31 11:54:09', '2025-08-31 11:54:09', NULL, '2025-08-31 11:26:09', '2025-11-25 02:40:31', '2025-11-25 02:40:34', 'pickup', NULL, 'unpaid', NULL, NULL, NULL, NULL, NULL, 0),
(192, 1, NULL, 4, NULL, 'NKH-DT-20251030-5040-e8d', 'pending', 0, 'preparing', 'pending', '39.50', '3.95', '0.00', '43.45', '0.00', 'USD', '2025-10-30 00:37:40', NULL, 'Vegetarian option', '2025-10-30 01:09:40', '2025-11-25 02:40:31', '2025-11-25 02:40:34', 'delivery', NULL, 'unpaid', NULL, NULL, NULL, NULL, NULL, 0),
(193, 1, 18, 9, NULL, 'NKH-DT-20251016-9209-db0', 'pending', 0, 'ready', 'pending', '8.50', '0.85', '4.21', '5.14', '0.00', 'USD', '2025-10-16 04:21:33', NULL, NULL, '2025-10-16 04:49:33', '2025-11-25 02:40:31', '2025-11-25 02:40:34', 'dine-in', NULL, 'unpaid', NULL, NULL, NULL, NULL, NULL, 0),
(194, 1, NULL, 10, NULL, 'NKH-DT-20251024-2325-9b8', 'pending', 0, 'pending', 'pending', '139.00', '13.90', '0.00', '152.90', '0.00', 'USD', '2025-10-24 02:52:24', NULL, 'Extra vegetables', '2025-10-24 03:35:24', '2025-11-25 02:40:31', '2025-11-25 02:40:34', 'delivery', NULL, 'unpaid', NULL, NULL, NULL, NULL, NULL, 0),
(195, 1, NULL, 6, NULL, 'NKH-DT-20251107-7426-1d2', 'pending', 0, 'ready', 'pending', '116.50', '11.65', '0.00', '128.15', '0.00', 'USD', '2025-11-07 05:50:41', NULL, NULL, '2025-11-07 06:27:41', '2025-11-25 02:40:31', '2025-11-25 02:40:34', 'delivery', NULL, 'unpaid', NULL, NULL, NULL, NULL, NULL, 0),
(196, 1, NULL, 2, NULL, 'NKH-DT-20250906-1840-b54', 'pending', 0, 'completed', 'pending', '64.50', '6.45', '0.00', '70.95', '0.00', 'USD', '2025-09-06 21:34:51', '2025-09-06 21:34:51', NULL, '2025-09-06 21:40:51', '2025-11-25 02:40:31', '2025-11-25 02:40:34', 'pickup', NULL, 'unpaid', NULL, NULL, NULL, NULL, NULL, 0),
(197, 1, 3, 7, NULL, 'NKH-DT-20251015-2602-daa', 'pending', 0, 'ready', 'pending', '46.50', '4.65', '0.00', '51.15', '0.00', 'USD', '2025-10-15 19:56:59', NULL, 'On the side', '2025-10-15 20:21:59', '2025-11-25 02:40:31', '2025-11-25 02:40:34', 'dine-in', NULL, 'unpaid', NULL, NULL, NULL, NULL, NULL, 0),
(198, 1, 3, 6, NULL, 'NKH-DT-20251014-1994-8eb', 'pending', 0, 'received', 'pending', '83.50', '8.35', '4.59', '87.26', '0.00', 'USD', '2025-10-14 03:10:07', NULL, NULL, '2025-10-14 03:31:07', '2025-11-25 02:40:31', '2025-11-25 02:40:34', 'dine-in', NULL, 'unpaid', NULL, NULL, NULL, NULL, NULL, 0),
(199, 1, 30, 4, NULL, 'NKH-DT-20250922-5823-7db', 'pending', 0, 'ready', 'pending', '73.50', '7.35', '8.14', '72.71', '0.00', 'USD', '2025-09-22 16:24:55', NULL, 'On the side', '2025-09-22 16:53:55', '2025-11-25 02:40:31', '2025-11-25 02:40:34', 'dine-in', NULL, 'unpaid', NULL, NULL, NULL, NULL, NULL, 0),
(200, 1, 6, 3, NULL, 'NKH-DT-20250923-2812-80b', 'pending', 0, 'ready', 'pending', '89.50', '8.95', '0.00', '98.45', '0.00', 'USD', '2025-09-23 08:24:10', NULL, NULL, '2025-09-23 08:54:10', '2025-11-25 02:40:31', '2025-11-25 02:40:34', 'dine-in', NULL, 'unpaid', NULL, NULL, NULL, NULL, NULL, 0),
(201, 1, NULL, 7, NULL, 'NKH-DT-20251117-7841-58e', 'pending', 0, 'ready', 'pending', '16.50', '1.65', '0.00', '18.15', '0.00', 'USD', '2025-11-17 11:44:58', NULL, 'No spicy please', '2025-11-17 12:27:58', '2025-11-25 02:40:31', '2025-11-25 02:40:34', 'delivery', NULL, 'unpaid', NULL, NULL, NULL, NULL, NULL, 0),
(202, 1, NULL, 2, NULL, 'NKH-DT-20251105-8618-305', 'pending', 0, 'received', 'pending', '75.50', '7.55', '0.00', '83.05', '0.00', 'USD', '2025-11-05 10:08:52', NULL, 'Less salt', '2025-11-05 10:28:52', '2025-11-25 02:40:31', '2025-11-25 02:40:34', 'pickup', NULL, 'unpaid', NULL, NULL, NULL, NULL, NULL, 0),
(203, 1, 34, 7, NULL, 'NKH-DT-20251005-8950-69a', 'pending', 0, 'pending', 'pending', '86.00', '8.60', '0.00', '94.60', '0.00', 'USD', '2025-10-05 22:25:00', NULL, 'No onions', '2025-10-05 22:48:00', '2025-11-25 02:40:31', '2025-11-25 02:40:34', 'dine-in', NULL, 'unpaid', NULL, NULL, NULL, NULL, NULL, 0),
(204, 1, NULL, 1, NULL, 'NKH-DT-20250923-2899-f50', 'pending', 0, 'completed', 'pending', '38.50', '3.85', '0.00', '42.35', '0.00', 'USD', '2025-09-23 09:52:47', '2025-09-23 09:52:47', 'Less salt', '2025-09-23 09:20:47', '2025-11-25 02:40:31', '2025-11-25 02:40:34', 'pickup', NULL, 'unpaid', NULL, NULL, NULL, NULL, NULL, 0),
(205, 1, NULL, 5, NULL, 'NKH-DT-20250921-6066-4ea', 'pending', 0, 'preparing', 'pending', '105.50', '10.55', '0.00', '116.05', '0.00', 'USD', '2025-09-21 03:23:05', NULL, NULL, '2025-09-21 03:47:05', '2025-11-25 02:40:31', '2025-11-25 02:40:34', 'pickup', NULL, 'unpaid', NULL, NULL, NULL, NULL, NULL, 0),
(206, 1, NULL, 1, NULL, 'NKH-DT-20251004-3310-c7a', 'pending', 0, 'ready', 'pending', '95.50', '9.55', '0.00', '105.05', '0.00', 'USD', '2025-10-04 21:45:36', NULL, 'No spicy please', '2025-10-04 22:35:36', '2025-11-25 02:40:31', '2025-11-25 02:40:34', 'delivery', NULL, 'unpaid', NULL, NULL, NULL, NULL, NULL, 0),
(207, 1, NULL, 7, NULL, 'NKH-DT-20250926-5113-064', 'pending', 0, 'pending', 'pending', '130.00', '13.00', '0.00', '143.00', '0.00', 'USD', '2025-09-26 19:47:45', NULL, 'No spicy please', '2025-09-26 20:26:45', '2025-11-25 02:40:31', '2025-11-25 02:40:34', 'delivery', NULL, 'unpaid', NULL, NULL, NULL, NULL, NULL, 0),
(208, 1, NULL, 6, NULL, 'NKH-DT-20251009-6777-066', 'pending', 0, 'pending', 'pending', '221.50', '22.15', '7.32', '236.33', '0.00', 'USD', '2025-10-09 12:38:24', NULL, NULL, '2025-10-09 13:05:24', '2025-11-25 02:40:31', '2025-11-25 02:40:34', 'pickup', NULL, 'unpaid', NULL, NULL, NULL, NULL, NULL, 0),
(209, 1, NULL, 4, NULL, 'NKH-DT-20250919-1077-9db', 'pending', 0, 'preparing', 'pending', '56.00', '5.60', '0.00', '61.60', '0.00', 'USD', '2025-09-19 09:40:36', NULL, NULL, '2025-09-19 10:00:36', '2025-11-25 02:40:31', '2025-11-25 02:40:34', 'pickup', NULL, 'unpaid', NULL, NULL, NULL, NULL, NULL, 0),
(210, 1, 10, 4, NULL, 'NKH-DT-20250828-6072-734', 'pending', 0, 'received', 'pending', '71.00', '7.10', '0.00', '78.10', '0.00', 'USD', '2025-08-28 18:28:41', NULL, 'Well done', '2025-08-28 18:57:41', '2025-11-25 02:40:31', '2025-11-25 02:40:34', 'dine-in', NULL, 'unpaid', NULL, NULL, NULL, NULL, NULL, 0),
(211, 1, NULL, 1, NULL, 'NKH-DT-20251107-3688-217', 'pending', 0, 'preparing', 'pending', '16.50', '1.65', '0.00', '18.15', '0.00', 'USD', '2025-11-07 13:29:30', NULL, NULL, '2025-11-07 14:09:30', '2025-11-25 02:40:31', '2025-11-25 02:40:34', 'delivery', NULL, 'unpaid', NULL, NULL, NULL, NULL, NULL, 0),
(212, 1, 7, 5, NULL, 'NKH-DT-20250920-6979-5ad', 'pending', 0, 'pending', 'pending', '131.50', '13.15', '0.00', '144.65', '0.00', 'USD', '2025-09-20 12:53:33', NULL, 'Extra sauce', '2025-09-20 13:19:33', '2025-11-25 02:40:31', '2025-11-25 02:40:34', 'dine-in', NULL, 'unpaid', NULL, NULL, NULL, NULL, NULL, 0),
(213, 1, NULL, 10, NULL, 'NKH-DT-20251018-0460-a33', 'pending', 0, 'received', 'pending', '184.50', '18.45', '0.00', '202.95', '0.00', 'USD', '2025-10-18 13:48:55', NULL, 'No onions', '2025-10-18 14:31:55', '2025-11-25 02:40:31', '2025-11-25 02:40:34', 'delivery', NULL, 'unpaid', NULL, NULL, NULL, NULL, NULL, 0),
(214, 1, NULL, 4, NULL, 'NKH-DT-20251113-0507-1b9', 'pending', 0, 'pending', 'pending', '49.00', '4.90', '0.00', '53.90', '0.00', 'USD', '2025-11-13 19:57:27', NULL, 'Less salt', '2025-11-13 20:43:27', '2025-11-25 02:40:31', '2025-11-25 02:40:34', 'delivery', NULL, 'unpaid', NULL, NULL, NULL, NULL, NULL, 0),
(215, 1, 24, 1, NULL, 'NKH-DT-20250907-6191-689', 'pending', 0, 'ready', 'pending', '17.50', '1.75', '0.00', '19.25', '0.00', 'USD', '2025-09-07 10:15:54', NULL, 'No onions', '2025-09-07 10:37:54', '2025-11-25 02:40:31', '2025-11-25 02:40:34', 'dine-in', NULL, 'unpaid', NULL, NULL, NULL, NULL, NULL, 0),
(216, 1, NULL, 11, NULL, 'NKH-DT-20250915-5303-9dc', 'pending', 0, 'ready', 'pending', '183.00', '18.30', '0.00', '201.30', '0.00', 'USD', '2025-09-15 11:22:15', NULL, NULL, '2025-09-15 11:49:15', '2025-11-25 02:40:31', '2025-11-25 02:40:34', 'pickup', NULL, 'unpaid', NULL, NULL, NULL, NULL, NULL, 0),
(217, 1, 31, 2, NULL, 'NKH-DT-20250923-0587-957', 'pending', 0, 'completed', 'pending', '114.00', '11.40', '0.00', '125.40', '0.00', 'USD', '2025-09-23 07:43:37', '2025-09-23 07:43:37', 'Less salt', '2025-09-23 07:17:37', '2025-11-25 02:40:31', '2025-11-25 02:40:34', 'dine-in', NULL, 'unpaid', NULL, NULL, NULL, NULL, NULL, 0),
(218, 1, NULL, 6, NULL, 'NKH-DT-20251113-6887-0e6', 'pending', 0, 'received', 'pending', '92.50', '9.25', '0.00', '101.75', '0.00', 'USD', '2025-11-13 05:51:08', NULL, 'Make it spicy', '2025-11-13 06:31:08', '2025-11-25 02:40:31', '2025-11-25 02:40:34', 'delivery', NULL, 'unpaid', NULL, NULL, NULL, NULL, NULL, 0),
(219, 1, NULL, 9, NULL, 'NKH-DT-20251116-7050-b31', 'pending', 0, 'ready', 'pending', '36.00', '3.60', '0.00', '39.60', '0.00', 'USD', '2025-11-16 19:24:34', NULL, 'Gluten free preparation', '2025-11-16 20:07:34', '2025-11-25 02:40:31', '2025-11-25 02:40:34', 'delivery', NULL, 'unpaid', NULL, NULL, NULL, NULL, NULL, 0),
(220, 1, NULL, 9, NULL, 'NKH-DT-20251104-5808-062', 'pending', 0, 'preparing', 'pending', '128.50', '12.85', '7.94', '133.41', '0.00', 'USD', '2025-11-04 22:32:56', NULL, 'Extra vegetables', '2025-11-04 23:18:56', '2025-11-25 02:40:31', '2025-11-25 02:40:34', 'delivery', NULL, 'unpaid', NULL, NULL, NULL, NULL, NULL, 0),
(221, 1, NULL, 10, NULL, 'NKH-DT-20250901-2726-654', 'pending', 0, 'preparing', 'pending', '103.00', '10.30', '0.00', '113.30', '0.00', 'USD', '2025-09-01 23:38:52', NULL, 'No spicy please', '2025-09-02 00:18:52', '2025-11-25 02:40:31', '2025-11-25 02:40:34', 'delivery', NULL, 'unpaid', NULL, NULL, NULL, NULL, NULL, 0),
(222, 1, NULL, 1, NULL, 'NKH-DT-20250926-1054-042', 'pending', 0, 'received', 'pending', '122.50', '12.25', '0.00', '134.75', '0.00', 'USD', '2025-09-26 22:23:32', NULL, 'No spicy please', '2025-09-26 23:05:32', '2025-11-25 02:40:31', '2025-11-25 02:40:34', 'delivery', NULL, 'unpaid', NULL, NULL, NULL, NULL, NULL, 0),
(223, 1, NULL, 5, NULL, 'NKH-DT-20251007-5501-bd1', 'pending', 0, 'completed', 'pending', '48.00', '4.80', '0.00', '52.80', '0.00', 'USD', '2025-10-07 16:38:50', '2025-10-07 16:38:50', NULL, '2025-10-07 16:31:50', '2025-11-25 02:40:31', '2025-11-25 02:40:34', 'pickup', NULL, 'unpaid', NULL, NULL, NULL, NULL, NULL, 0),
(224, 1, NULL, 6, NULL, 'NKH-DT-20251023-0094-5f5', 'pending', 0, 'preparing', 'pending', '12.00', '1.20', '5.70', '7.50', '0.00', 'USD', '2025-10-23 21:50:14', NULL, NULL, '2025-10-23 22:21:14', '2025-11-25 02:40:31', '2025-11-25 02:40:34', 'pickup', NULL, 'unpaid', NULL, NULL, NULL, NULL, NULL, 0),
(225, 1, NULL, 11, NULL, 'NKH-DT-20251118-1848-848', 'pending', 0, 'ready', 'pending', '82.50', '8.25', '0.00', '90.75', '0.00', 'USD', '2025-11-18 15:39:20', NULL, 'On the side', '2025-11-18 16:29:20', '2025-11-25 02:40:31', '2025-11-25 02:40:35', 'delivery', NULL, 'unpaid', NULL, NULL, NULL, NULL, NULL, 0),
(226, 1, NULL, 6, NULL, 'NKH-DT-20251030-5179-26d', 'pending', 0, 'completed', 'pending', '26.00', '2.60', '0.00', '28.60', '0.00', 'USD', '2025-10-30 21:22:36', '2025-10-30 21:22:36', 'Well done', '2025-10-30 21:19:36', '2025-11-25 02:40:31', '2025-11-25 02:40:35', 'pickup', NULL, 'unpaid', NULL, NULL, NULL, NULL, NULL, 0),
(227, 1, NULL, 2, NULL, 'NKH-DT-20251016-2033-f5d', 'pending', 0, 'pending', 'pending', '121.50', '12.15', '0.00', '133.65', '0.00', 'USD', '2025-10-16 20:39:03', NULL, 'Well done', '2025-10-16 21:00:03', '2025-11-25 02:40:31', '2025-11-25 02:40:35', 'pickup', NULL, 'unpaid', NULL, NULL, NULL, NULL, NULL, 0),
(228, 1, NULL, 2, NULL, 'NKH-DT-20250912-9627-ebd', 'pending', 0, 'pending', 'pending', '37.00', '3.70', '4.90', '35.80', '0.00', 'USD', '2025-09-12 17:46:07', NULL, 'Well done', '2025-09-12 18:12:07', '2025-11-25 02:40:31', '2025-11-25 02:40:35', 'pickup', NULL, 'unpaid', NULL, NULL, NULL, NULL, NULL, 0),
(229, 1, 34, 11, NULL, 'NKH-DT-20251105-3059-2ed', 'pending', 0, 'ready', 'pending', '42.00', '4.20', '0.00', '46.20', '0.00', 'USD', '2025-11-05 12:46:02', NULL, NULL, '2025-11-05 13:12:02', '2025-11-25 02:40:31', '2025-11-25 02:40:35', 'dine-in', NULL, 'unpaid', NULL, NULL, NULL, NULL, NULL, 0),
(230, 1, NULL, 10, NULL, 'NKH-DT-20250921-4366-efa', 'pending', 0, 'pending', 'pending', '82.00', '8.20', '3.11', '87.09', '0.00', 'USD', '2025-09-21 07:03:57', NULL, 'No spicy please', '2025-09-21 07:33:57', '2025-11-25 02:40:31', '2025-11-25 02:40:35', 'pickup', NULL, 'unpaid', NULL, NULL, NULL, NULL, NULL, 0),
(231, 1, NULL, 2, NULL, 'NKH-DT-20250911-3717-8e2', 'pending', 0, 'preparing', 'pending', '5.50', '0.55', '3.96', '2.09', '0.00', 'USD', '2025-09-11 04:54:37', NULL, NULL, '2025-09-11 05:44:37', '2025-11-25 02:40:31', '2025-11-25 02:40:35', 'delivery', NULL, 'unpaid', NULL, NULL, NULL, NULL, NULL, 0),
(232, 1, NULL, 3, NULL, 'NKH-DT-20251117-7008-10f', 'pending', 0, 'pending', 'pending', '116.00', '11.60', '6.17', '121.43', '0.00', 'USD', '2025-11-17 17:44:17', NULL, 'Vegetarian option', '2025-11-17 18:15:17', '2025-11-25 02:40:31', '2025-11-25 02:40:35', 'pickup', NULL, 'unpaid', NULL, NULL, NULL, NULL, NULL, 0),
(233, 1, NULL, 11, NULL, 'NKH-DT-20251107-3618-a70', 'pending', 0, 'completed', 'pending', '174.00', '17.40', '0.00', '191.40', '0.00', 'USD', '2025-11-07 02:54:13', '2025-11-07 02:54:13', NULL, '2025-11-07 02:41:13', '2025-11-25 02:40:31', '2025-11-25 02:40:35', 'pickup', NULL, 'unpaid', NULL, NULL, NULL, NULL, NULL, 0),
(234, 1, 3, 3, NULL, 'NKH-DT-20251121-0453-d0e', 'pending', 0, 'completed', 'pending', '140.50', '14.05', '0.00', '154.55', '0.00', 'USD', '2025-11-21 20:19:35', '2025-11-21 20:19:35', 'Less salt', '2025-11-21 19:57:35', '2025-11-25 02:40:31', '2025-11-25 02:40:35', 'dine-in', NULL, 'unpaid', NULL, NULL, NULL, NULL, NULL, 0),
(235, 1, NULL, 9, NULL, 'NKH-DT-20251013-8790-e2a', 'pending', 0, 'ready', 'pending', '34.00', '3.40', '9.87', '27.53', '0.00', 'USD', '2025-10-13 16:09:16', NULL, 'No spicy please', '2025-10-13 16:54:16', '2025-11-25 02:40:31', '2025-11-25 02:40:35', 'delivery', NULL, 'unpaid', NULL, NULL, NULL, NULL, NULL, 0),
(236, 1, NULL, 9, NULL, 'NKH-DT-20250922-6994-36c', 'pending', 0, 'pending', 'pending', '118.00', '11.80', '6.40', '123.40', '0.00', 'USD', '2025-09-22 18:35:35', NULL, 'On the side', '2025-09-22 19:20:35', '2025-11-25 02:40:31', '2025-11-25 02:40:35', 'delivery', NULL, 'unpaid', NULL, NULL, NULL, NULL, NULL, 0),
(237, 1, NULL, 7, NULL, 'NKH-DT-20250827-2183-e51', 'pending', 0, 'ready', 'pending', '110.00', '11.00', '0.00', '121.00', '0.00', 'USD', '2025-08-27 13:02:01', NULL, 'Extra sauce', '2025-08-27 13:51:01', '2025-11-25 02:40:31', '2025-11-25 02:40:35', 'delivery', NULL, 'unpaid', NULL, NULL, NULL, NULL, NULL, 0),
(238, 1, NULL, 9, NULL, 'NKH-DT-20251004-6243-871', 'pending', 0, 'preparing', 'pending', '181.00', '18.10', '0.00', '199.10', '0.00', 'USD', '2025-10-04 04:45:00', NULL, 'Extra sauce', '2025-10-04 05:10:00', '2025-11-25 02:40:31', '2025-11-25 02:40:35', 'pickup', NULL, 'unpaid', NULL, NULL, NULL, NULL, NULL, 0),
(239, 1, NULL, 9, NULL, 'NKH-DT-20251106-7557-0c8', 'pending', 0, 'received', 'pending', '33.00', '3.30', '0.00', '36.30', '0.00', 'USD', '2025-11-06 08:16:07', NULL, NULL, '2025-11-06 08:49:07', '2025-11-25 02:40:31', '2025-11-25 02:40:35', 'delivery', NULL, 'unpaid', NULL, NULL, NULL, NULL, NULL, 0),
(240, 1, 6, 8, NULL, 'NKH-DT-20251013-2131-56b', 'pending', 0, 'received', 'pending', '22.50', '2.25', '2.58', '22.17', '0.00', 'USD', '2025-10-13 15:45:07', NULL, 'No spicy please', '2025-10-13 16:05:07', '2025-11-25 02:40:31', '2025-11-25 02:40:35', 'dine-in', NULL, 'unpaid', NULL, NULL, NULL, NULL, NULL, 0),
(241, 1, 18, 1, NULL, 'NKH-DT-20250901-5771-8a9', 'pending', 0, 'ready', 'pending', '51.00', '5.10', '3.29', '52.81', '0.00', 'USD', '2025-09-01 20:08:31', NULL, NULL, '2025-09-01 20:33:31', '2025-11-25 02:40:31', '2025-11-25 02:40:35', 'dine-in', NULL, 'unpaid', NULL, NULL, NULL, NULL, NULL, 0),
(242, 1, NULL, 1, NULL, 'NKH-DT-20251014-0853-a62', 'pending', 0, 'received', 'pending', '200.50', '20.05', '0.00', '220.55', '0.00', 'USD', '2025-10-14 03:26:48', NULL, 'On the side', '2025-10-14 03:55:48', '2025-11-25 02:40:31', '2025-11-25 02:40:35', 'pickup', NULL, 'unpaid', NULL, NULL, NULL, NULL, NULL, 0),
(243, 1, NULL, 9, NULL, 'NKH-DT-20250930-0729-cfc', 'pending', 0, 'preparing', 'pending', '10.50', '1.05', '8.06', '3.49', '0.00', 'USD', '2025-09-30 14:06:57', NULL, 'On the side', '2025-09-30 14:27:57', '2025-11-25 02:40:31', '2025-11-25 02:40:35', 'pickup', NULL, 'unpaid', NULL, NULL, NULL, NULL, NULL, 0),
(244, 1, NULL, 6, NULL, 'NKH-DT-20251116-2712-55e', 'pending', 0, 'received', 'pending', '154.00', '15.40', '0.00', '169.40', '0.00', 'USD', '2025-11-16 19:55:49', NULL, 'Gluten free preparation', '2025-11-16 20:21:49', '2025-11-25 02:40:31', '2025-11-25 02:40:35', 'pickup', NULL, 'unpaid', NULL, NULL, NULL, NULL, NULL, 0),
(245, 1, NULL, 10, NULL, 'NKH-DT-20251107-9086-750', 'pending', 0, 'received', 'pending', '65.50', '6.55', '0.00', '72.05', '0.00', 'USD', '2025-11-07 22:18:42', NULL, 'On the side', '2025-11-07 22:47:42', '2025-11-25 02:40:31', '2025-11-25 02:40:35', 'pickup', NULL, 'unpaid', NULL, NULL, NULL, NULL, NULL, 0),
(246, 1, NULL, 4, NULL, 'NKH-DT-20251104-1122-16f', 'pending', 0, 'pending', 'pending', '69.00', '6.90', '0.00', '75.90', '0.00', 'USD', '2025-11-04 02:17:41', NULL, NULL, '2025-11-04 02:50:41', '2025-11-25 02:40:31', '2025-11-25 02:40:35', 'delivery', NULL, 'unpaid', NULL, NULL, NULL, NULL, NULL, 0),
(247, 1, NULL, 4, NULL, 'NKH-DT-20251029-9840-c03', 'pending', 0, 'received', 'pending', '53.00', '5.30', '0.00', '58.30', '0.00', 'USD', '2025-10-29 02:15:27', NULL, 'Well done', '2025-10-29 02:38:27', '2025-11-25 02:40:31', '2025-11-25 02:40:35', 'pickup', NULL, 'unpaid', NULL, NULL, NULL, NULL, NULL, 0),
(248, 1, NULL, 4, NULL, 'NKH-DT-20250923-8311-11d', 'pending', 0, 'preparing', 'pending', '74.50', '7.45', '7.65', '74.30', '0.00', 'USD', '2025-09-23 02:35:46', NULL, 'On the side', '2025-09-23 03:09:46', '2025-11-25 02:40:31', '2025-11-25 02:40:35', 'pickup', NULL, 'unpaid', NULL, NULL, NULL, NULL, NULL, 0),
(249, 1, NULL, 3, NULL, 'NKH-DT-20251013-5087-c37', 'pending', 0, 'completed', 'pending', '38.50', '3.85', '0.00', '42.35', '0.00', 'USD', '2025-10-13 17:06:04', '2025-10-13 17:06:04', 'Extra vegetables', '2025-10-13 16:47:04', '2025-11-25 02:40:31', '2025-11-25 02:40:35', 'delivery', NULL, 'unpaid', NULL, NULL, NULL, NULL, NULL, 0),
(250, 1, NULL, 6, NULL, 'NKH-DT-20250922-7231-403', 'pending', 0, 'completed', 'pending', '80.50', '8.05', '0.00', '88.55', '0.00', 'USD', '2025-09-22 00:39:54', '2025-09-22 00:39:54', 'Well done', '2025-09-22 00:29:54', '2025-11-25 02:40:31', '2025-11-25 02:40:35', 'pickup', NULL, 'unpaid', NULL, NULL, NULL, NULL, NULL, 0);

INSERT INTO `payment_methods` (`id`, `name`, `code`, `type`, `processing_fee`, `description`, `display_order`, `is_active`, `created_at`, `updated_at`) VALUES
(1, 'Cash', 'CASH', 'cash', '0.00', 'Cash payment', 0, 1, '2025-11-25 02:40:31', '2025-11-25 02:40:31'),
(2, 'Credit Card', 'CREDIT', 'card', '2.50', 'Visa, MasterCard, American Express', 0, 1, '2025-11-25 02:40:31', '2025-11-25 02:40:31'),
(3, 'Debit Card', 'DEBIT', 'card', '1.50', 'Bank debit cards', 0, 1, '2025-11-25 02:40:31', '2025-11-25 02:40:31'),
(4, 'Mobile Payment', 'MOBILE', 'digital', '1.00', 'ABA Mobile, Wing, Pi Pay', 0, 1, '2025-11-25 02:40:31', '2025-11-25 02:40:31'),
(5, 'Bank Transfer', 'TRANSFER', 'transfer', '0.50', 'Direct bank transfer', 0, 1, '2025-11-25 02:40:31', '2025-11-25 02:40:31'),
(6, 'Gift Card', 'GIFT', 'voucher', '0.00', 'Restaurant gift cards', 0, 1, '2025-11-25 02:40:31', '2025-11-25 02:40:31');
INSERT INTO `payments` (`id`, `invoice_id`, `payment_method_id`, `amount`, `transaction_id`, `reference_number`, `status`, `processed_at`, `notes`, `created_at`, `updated_at`) VALUES
(1, 1, 3, '194.70', 'CARD-69251723B3698', 'REF-20251125-9165-56F', 'completed', '2025-10-09 05:14:42', 'Payment processed successfully', '2025-11-25 02:40:35', '2025-11-25 02:40:35'),
(2, 3, 4, '54.52', 'DIGI-69251723B4978', 'REF-20251125-9150-0NS', 'completed', '2025-10-09 09:56:06', 'Automatic payment', '2025-11-25 02:40:35', '2025-11-25 02:40:35'),
(3, 4, 1, '172.15', 'CASH-69251723B5738', 'REF-20251125-5963-0UM', 'completed', '2025-10-19 20:07:10', 'Change given', '2025-11-25 02:40:35', '2025-11-25 02:40:35'),
(4, 5, 5, '7.70', 'BANK-69251723B6021', 'REF-20251125-4863-TZ2', 'completed', '2025-10-15 14:39:36', 'Gift card redemption', '2025-11-25 02:40:35', '2025-11-25 02:40:35'),
(5, 6, 4, '25.85', 'DIGI-69251723B67EF', 'REF-20251125-7994-0WE', 'pending', '2025-10-03 16:33:02', 'Gift card redemption', '2025-11-25 02:40:35', '2025-11-25 02:40:35'),
(6, 7, 1, '69.89', 'CASH-69251723B75DB', 'REF-20251125-3875-X03', 'pending', '2025-11-11 19:41:04', NULL, '2025-11-25 02:40:35', '2025-11-25 02:40:35'),
(7, 8, 3, '4.95', 'CARD-69251723B826E', 'REF-20251125-0342-S0N', 'completed', '2025-11-20 07:35:20', 'Payment processed successfully', '2025-11-25 02:40:35', '2025-11-25 02:40:35'),
(8, 11, 5, '86.90', 'BANK-69251723B8F3D', 'REF-20251125-4140-WFI', 'pending', '2025-10-24 06:19:30', 'Payment verification required', '2025-11-25 02:40:35', '2025-11-25 02:40:35'),
(9, 12, 4, '89.65', 'DIGI-69251723B9AEC', 'REF-20251125-1598-WCK', 'pending', '2025-10-08 14:01:05', 'Payment processed successfully', '2025-11-25 02:40:35', '2025-11-25 02:40:35'),
(10, 14, 6, '136.23', 'GIFT-69251723BA41E', 'REF-20251125-5760-UUQ', 'completed', '2025-10-15 23:42:16', 'Gift card redemption', '2025-11-25 02:40:35', '2025-11-25 02:40:35'),
(11, 15, 3, '33.00', 'CARD-69251723BABCA', 'REF-20251125-8877-MC6', 'completed', '2025-10-23 16:30:23', 'Split payment', '2025-11-25 02:40:35', '2025-11-25 02:40:35'),
(12, 17, 4, '190.85', 'DIGI-69251723BB59C', 'REF-20251125-4879-JH8', 'completed', '2025-11-02 07:06:09', 'Manual entry by cashier', '2025-11-25 02:40:35', '2025-11-25 02:40:35'),
(13, 18, 4, '75.90', 'DIGI-69251723BBF9D', 'REF-20251125-0826-DI0', 'completed', '2025-10-22 12:44:58', 'Gift card redemption', '2025-11-25 02:40:35', '2025-11-25 02:40:35'),
(14, 19, 5, '94.60', 'BANK-69251723BCA9B', 'REF-20251125-5432-NNE', 'completed', '2025-11-23 12:07:54', 'Corporate payment', '2025-11-25 02:40:35', '2025-11-25 02:40:35'),
(15, 21, 4, '72.60', 'DIGI-69251723BD44D', 'REF-20251125-6501-EHI', 'completed', '2025-11-22 19:43:27', 'Split payment', '2025-11-25 02:40:35', '2025-11-25 02:40:35'),
(16, 22, 1, '77.00', 'CASH-69251723BDEEB', 'REF-20251125-9694-OFT', 'completed', '2025-09-03 01:56:30', 'Tips included', '2025-11-25 02:40:35', '2025-11-25 02:40:35'),
(17, 24, 3, '17.02', 'CARD-69251723BE8F0', 'REF-20251125-5169-SG0', 'completed', '2025-08-26 00:15:15', 'Gift card redemption', '2025-11-25 02:40:35', '2025-11-25 02:40:35'),
(18, 25, 6, '105.05', 'GIFT-69251723BF373', 'REF-20251125-0100-MAE', 'completed', '2025-11-23 16:46:10', 'Payment verification required', '2025-11-25 02:40:35', '2025-11-25 02:40:35'),
(19, 27, 1, '75.90', 'CASH-69251723BFC0F', 'REF-20251125-5860-XX3', 'completed', '2025-09-15 23:27:14', 'Exact change', '2025-11-25 02:40:35', '2025-11-25 02:40:35'),
(20, 29, 3, '202.40', 'CARD-69251723C0664', 'REF-20251125-6814-UUC', 'completed', '2025-11-04 16:45:16', NULL, '2025-11-25 02:40:35', '2025-11-25 02:40:35'),
(21, 31, 6, '11.55', 'GIFT-69251723C0FD7', 'REF-20251125-7326-UUZ', 'completed', '2025-09-27 06:11:15', 'Split payment', '2025-11-25 02:40:35', '2025-11-25 02:40:35'),
(22, 33, 6, '117.15', 'GIFT-69251723C1B15', 'REF-20251125-1912-DMA', 'failed', '2025-10-19 13:29:44', 'Split payment', '2025-11-25 02:40:35', '2025-11-25 02:40:35'),
(23, 35, 2, '86.35', 'CARD-69251723C2515', 'REF-20251125-4870-KWV', 'completed', '2025-11-09 08:31:22', 'Gift card redemption', '2025-11-25 02:40:35', '2025-11-25 02:40:35'),
(24, 37, 6, '198.91', 'GIFT-69251723C2F2F', 'REF-20251125-9149-FZH', 'completed', '2025-09-02 10:11:05', NULL, '2025-11-25 02:40:35', '2025-11-25 02:40:35'),
(25, 39, 6, '136.40', 'GIFT-69251723C3948', 'REF-20251125-0049-6CB', 'failed', '2025-09-16 13:40:31', NULL, '2025-11-25 02:40:35', '2025-11-25 02:40:35'),
(26, 44, 4, '198.00', 'DIGI-69251723C426A', 'REF-20251125-6261-YDO', 'completed', '2025-11-09 02:28:47', NULL, '2025-11-25 02:40:35', '2025-11-25 02:40:35'),
(27, 45, 5, '177.65', 'BANK-69251723C4CD7', 'REF-20251125-4301-MDK', 'pending', '2025-09-16 21:42:18', 'Corporate payment', '2025-11-25 02:40:35', '2025-11-25 02:40:35'),
(28, 49, 5, '107.80', 'BANK-69251723C571D', 'REF-20251125-8081-YXK', 'pending', '2025-10-22 10:09:27', 'Payment verification required', '2025-11-25 02:40:35', '2025-11-25 02:40:35'),
(29, 53, 2, '164.45', 'CARD-69251723C61F0', 'REF-20251125-0718-YEO', 'completed', '2025-09-23 17:27:29', 'Split payment', '2025-11-25 02:40:35', '2025-11-25 02:40:35'),
(30, 54, 2, '65.45', 'CARD-69251723C6C1A', 'REF-20251125-1341-FSW', 'completed', '2025-09-23 14:54:25', 'Payment verification required', '2025-11-25 02:40:35', '2025-11-25 02:40:35'),
(31, 55, 2, '25.57', 'CARD-69251723C7A50', 'REF-20251125-2221-43E', 'completed', '2025-10-02 02:34:41', 'Manual entry by cashier', '2025-11-25 02:40:35', '2025-11-25 02:40:35'),
(32, 57, 4, '188.10', 'DIGI-69251723C857D', 'REF-20251125-2340-8UJ', 'completed', '2025-11-03 07:12:18', 'Payment verification required', '2025-11-25 02:40:35', '2025-11-25 02:40:35'),
(33, 58, 1, '91.85', 'CASH-69251723C8F23', 'REF-20251125-4009-FWA', 'completed', '2025-09-01 22:14:59', 'Tips included', '2025-11-25 02:40:35', '2025-11-25 02:40:35'),
(34, 59, 1, '32.58', 'CASH-69251723C9923', 'REF-20251125-5394-THR', 'completed', '2025-10-30 21:59:24', 'Change given', '2025-11-25 02:40:35', '2025-11-25 02:40:35'),
(35, 60, 6, '152.90', 'GIFT-69251723CA1C9', 'REF-20251125-7370-OMC', 'failed', '2025-10-29 04:16:37', 'Payment processed successfully', '2025-11-25 02:40:35', '2025-11-25 02:40:35'),
(36, 63, 1, '135.97', 'CASH-69251723CA9D4', 'REF-20251125-4123-GFN', 'completed', '2025-09-21 17:36:09', 'Change given', '2025-11-25 02:40:35', '2025-11-25 02:40:35'),
(37, 66, 3, '210.65', 'CARD-69251723CB4A2', 'REF-20251125-8915-VFQ', 'completed', '2025-11-09 16:20:20', 'Manual entry by cashier', '2025-11-25 02:40:35', '2025-11-25 02:40:35'),
(38, 67, 1, '171.05', 'CASH-69251723CBD29', 'REF-20251125-5584-DFG', 'failed', '2025-10-07 11:26:48', NULL, '2025-11-25 02:40:35', '2025-11-25 02:40:35'),
(39, 68, 2, '80.30', 'CARD-69251723CC556', 'REF-20251125-2839-YNQ', 'completed', '2025-09-19 02:36:30', 'Payment processed successfully', '2025-11-25 02:40:35', '2025-11-25 02:40:35'),
(40, 70, 5, '75.90', 'BANK-69251723CCD63', 'REF-20251125-8763-VXX', 'completed', '2025-09-23 10:15:49', 'Refund processed', '2025-11-25 02:40:35', '2025-11-25 02:40:35'),
(41, 71, 6, '126.50', 'GIFT-69251723CD4A9', 'REF-20251125-4168-RX8', 'completed', '2025-10-06 00:11:18', 'Payment processed successfully', '2025-11-25 02:40:35', '2025-11-25 02:40:35'),
(42, 74, 3, '170.50', 'CARD-69251723CDC33', 'REF-20251125-6494-TAP', 'completed', '2025-10-24 22:24:26', 'Payment processed successfully', '2025-11-25 02:40:35', '2025-11-25 02:40:35'),
(43, 75, 5, '94.05', 'BANK-69251723CE3F6', 'REF-20251125-9705-LTX', 'completed', '2025-08-31 12:43:09', 'Gift card redemption', '2025-11-25 02:40:35', '2025-11-25 02:40:35'),
(44, 76, 2, '5.14', 'CARD-69251723CEB52', 'REF-20251125-5172-22G', 'completed', '2025-10-16 05:54:33', 'Split payment', '2025-11-25 02:40:35', '2025-11-25 02:40:35'),
(45, 77, 1, '128.15', 'CASH-69251723CF398', 'REF-20251125-5277-QL0', 'pending', '2025-11-07 07:13:41', 'Change given', '2025-11-25 02:40:35', '2025-11-25 02:40:35'),
(46, 78, 1, '70.95', 'CASH-69251723CFCD6', 'REF-20251125-4800-ZFZ', 'completed', '2025-09-06 21:49:51', 'Exact change', '2025-11-25 02:40:35', '2025-11-25 02:40:35'),
(47, 79, 1, '51.15', 'CASH-69251723D05F5', 'REF-20251125-1812-BUI', 'completed', '2025-10-15 21:30:59', 'Change given', '2025-11-25 02:40:35', '2025-11-25 02:40:35'),
(48, 80, 6, '72.71', 'GIFT-69251723D0EC9', 'REF-20251125-2967-B1I', 'completed', '2025-09-22 17:29:55', 'Automatic payment', '2025-11-25 02:40:35', '2025-11-25 02:40:35'),
(49, 81, 6, '98.45', 'GIFT-69251723D165D', 'REF-20251125-1630-EYK', 'completed', '2025-09-23 09:22:10', 'Corporate payment', '2025-11-25 02:40:35', '2025-11-25 02:40:35'),
(50, 82, 2, '18.15', 'CARD-69251723D1D7D', 'REF-20251125-1428-SR0', 'pending', '2025-11-17 12:56:58', 'Manual entry by cashier', '2025-11-25 02:40:35', '2025-11-25 02:40:35'),
(51, 84, 2, '105.05', 'CARD-69251723D23E6', 'REF-20251125-4843-MD7', 'pending', '2025-10-04 23:12:36', 'Payment processed successfully', '2025-11-25 02:40:35', '2025-11-25 02:40:35'),
(52, 87, 3, '125.40', 'CARD-69251723D2A4A', 'REF-20251125-9413-ZMN', 'pending', '2025-09-23 08:19:37', 'Payment verification required', '2025-11-25 02:40:35', '2025-11-25 02:40:35'),
(53, 90, 3, '90.75', 'CARD-69251723D30F1', 'REF-20251125-5469-SBG', 'failed', '2025-11-18 16:50:20', NULL, '2025-11-25 02:40:35', '2025-11-25 02:40:35'),
(54, 91, 4, '28.60', 'DIGI-69251723D382E', 'REF-20251125-4716-BCD', 'completed', '2025-10-30 21:42:36', NULL, '2025-11-25 02:40:35', '2025-11-25 02:40:35'),
(55, 92, 4, '46.20', 'DIGI-69251723D3F95', 'REF-20251125-3411-DYS', 'pending', '2025-11-05 13:58:02', 'Corporate payment', '2025-11-25 02:40:35', '2025-11-25 02:40:35'),
(56, 94, 1, '154.55', 'CASH-69251723D490D', 'REF-20251125-6942-EUU', 'completed', '2025-11-21 20:52:35', 'Change given', '2025-11-25 02:40:35', '2025-11-25 02:40:35'),
(57, 95, 6, '27.53', 'GIFT-69251723D525C', 'REF-20251125-7120-WJU', 'completed', '2025-10-13 17:53:16', NULL, '2025-11-25 02:40:35', '2025-11-25 02:40:35'),
(58, 97, 2, '52.81', 'CARD-69251723D5B74', 'REF-20251125-2249-HQ7', 'completed', '2025-09-01 21:11:31', NULL, '2025-11-25 02:40:35', '2025-11-25 02:40:35'),
(59, 98, 4, '42.35', 'DIGI-69251723D64A5', 'REF-20251125-1537-VV5', 'completed', '2025-10-13 17:20:04', NULL, '2025-11-25 02:40:35', '2025-11-25 02:40:35'),
(60, 99, 1, '88.55', 'CASH-69251723D6EB6', 'REF-20251125-0677-YWY', 'pending', '2025-09-22 01:23:54', 'Change given', '2025-11-25 02:40:35', '2025-11-25 02:40:35');

INSERT INTO `permissions` (`id`, `name`, `slug`, `description`, `created_at`, `updated_at`) VALUES
(1, 'Manage Users', 'users.manage', NULL, '2025-11-25 02:40:14', '2025-11-25 02:40:14'),
(2, 'Manage Roles', 'roles.manage', NULL, '2025-11-25 02:40:14', '2025-11-25 02:40:14'),
(3, 'Manage Permissions', 'permissions.manage', NULL, '2025-11-25 02:40:14', '2025-11-25 02:40:14'),
(4, 'Manage Locations', 'locations.manage', NULL, '2025-11-25 02:40:14', '2025-11-25 02:40:14'),
(5, 'Manage Settings', 'settings.manage', NULL, '2025-11-25 02:40:14', '2025-11-25 02:40:14'),
(6, 'View Employees', 'employees.view', NULL, '2025-11-25 02:40:14', '2025-11-25 02:40:14'),
(7, 'Create Employees', 'employees.create', NULL, '2025-11-25 02:40:14', '2025-11-25 02:40:14'),
(8, 'Update Employees', 'employees.update', NULL, '2025-11-25 02:40:14', '2025-11-25 02:40:14'),
(9, 'Delete Employees', 'employees.delete', NULL, '2025-11-25 02:40:14', '2025-11-25 02:40:14'),
(10, 'View Menu Items', 'menu_items.view', NULL, '2025-11-25 02:40:14', '2025-11-25 02:40:14'),
(11, 'Create Menu Items', 'menu_items.create', NULL, '2025-11-25 02:40:14', '2025-11-25 02:40:14'),
(12, 'Update Menu Items', 'menu_items.update', NULL, '2025-11-25 02:40:14', '2025-11-25 02:40:14'),
(13, 'Delete Menu Items', 'menu_items.delete', NULL, '2025-11-25 02:40:14', '2025-11-25 02:40:14'),
(14, 'View Orders', 'orders.view', NULL, '2025-11-25 02:40:14', '2025-11-25 02:40:14'),
(15, 'Create Orders', 'orders.create', NULL, '2025-11-25 02:40:14', '2025-11-25 02:40:14'),
(16, 'Update Orders', 'orders.update', NULL, '2025-11-25 02:40:14', '2025-11-25 02:40:14'),
(17, 'Delete Orders', 'orders.delete', NULL, '2025-11-25 02:40:14', '2025-11-25 02:40:14'),
(18, 'View Inventory', 'inventory.view', NULL, '2025-11-25 02:40:14', '2025-11-25 02:40:14'),
(19, 'Update Inventory', 'inventory.update', NULL, '2025-11-25 02:40:14', '2025-11-25 02:40:14'),
(20, 'Process Payments', 'payments.process', NULL, '2025-11-25 02:40:14', '2025-11-25 02:40:14'),
(21, 'Process Refunds', 'refunds.process', NULL, '2025-11-25 02:40:14', '2025-11-25 02:40:14'),
(22, 'Manage Promotions', 'promotions.manage', NULL, '2025-11-25 02:40:14', '2025-11-25 02:40:14'),
(23, 'View Reports', 'reports.view', NULL, '2025-11-25 02:40:14', '2025-11-25 02:40:14');

INSERT INTO `positions` (`id`, `title`, `description`, `is_active`, `created_at`, `updated_at`) VALUES
(1, 'General Manager', 'Overall restaurant operations management', 1, '2025-11-25 02:40:15', '2025-11-25 02:40:15'),
(2, 'Assistant Manager', 'Assists in daily operations and staff supervision', 1, '2025-11-25 02:40:15', '2025-11-25 02:40:15'),
(3, 'Head Chef', 'Kitchen operations and menu development', 1, '2025-11-25 02:40:15', '2025-11-25 02:40:15'),
(4, 'Sous Chef', 'Assists head chef and manages kitchen staff', 1, '2025-11-25 02:40:15', '2025-11-25 02:40:15'),
(5, 'Line Cook', 'Food preparation and cooking', 1, '2025-11-25 02:40:15', '2025-11-25 02:40:15'),
(6, 'Prep Cook', 'Food preparation and ingredient prep', 1, '2025-11-25 02:40:15', '2025-11-25 02:40:15'),
(7, 'Head Waiter', 'Supervises wait staff and ensures service quality', 1, '2025-11-25 02:40:15', '2025-11-25 02:40:15'),
(8, 'Waiter', 'Customer service and order taking', 1, '2025-11-25 02:40:15', '2025-11-25 02:40:15'),
(9, 'Bartender', 'Beverage preparation and bar service', 1, '2025-11-25 02:40:15', '2025-11-25 02:40:15'),
(10, 'Cashier', 'Payment processing and customer checkout', 1, '2025-11-25 02:40:15', '2025-11-25 02:40:15'),
(11, 'Host/Hostess', 'Guest greeting and seating coordination', 1, '2025-11-25 02:40:15', '2025-11-25 02:40:15'),
(12, 'Dishwasher', 'Kitchen cleaning and dishware maintenance', 1, '2025-11-25 02:40:15', '2025-11-25 02:40:15'),
(13, 'Cleaner', 'Restaurant cleaning and maintenance', 1, '2025-11-25 02:40:15', '2025-11-25 02:40:15');
INSERT INTO `promotions` (`id`, `location_id`, `code`, `name`, `description`, `type`, `value`, `min_order_amount`, `usage_limit`, `per_customer_limit`, `start_at`, `end_at`, `is_active`, `created_at`, `updated_at`) VALUES
(1, 1, 'NY2025', 'New Year 10% Off', 'Celebrate New Year with 10% off all orders.', 'percentage', '10.00', '0.00', 1000, 2, '2025-01-01 00:00:00', '2025-01-15 23:59:59', 1, '2025-11-25 02:40:38', '2025-11-25 02:40:38'),
(2, 1, 'LUNCH5', 'Lunch Fixed $5 Off', 'Get $5 off during lunch hours.', 'fixed', '5.00', '20.00', NULL, NULL, '2025-02-01 11:00:00', '2025-02-28 14:00:00', 1, '2025-11-25 02:40:38', '2025-11-25 02:40:38'),
(3, 1, 'HAPPYHOUR', 'Happy Hour Special', 'Evening happy hour promotion.', 'happy_hour', '0.00', NULL, NULL, NULL, '2025-03-01 17:00:00', '2025-03-31 19:00:00', 0, '2025-11-25 02:40:38', '2025-11-25 02:40:38');


INSERT INTO `recipe_ingredients` (`id`, `recipe_id`, `ingredient_id`, `quantity`, `unit`, `created_at`, `updated_at`) VALUES
(1, 1, 1, '499.000', 'kg', '2025-11-25 02:40:25', '2025-11-25 02:40:25'),
(2, 1, 6, '485.000', 'kg', '2025-11-25 02:40:25', '2025-11-25 02:40:25'),
(3, 1, 8, '326.000', 'kg', '2025-11-25 02:40:25', '2025-11-25 02:40:25'),
(4, 1, 10, '391.000', 'kg', '2025-11-25 02:40:25', '2025-11-25 02:40:25'),
(5, 1, 14, '287.000', 'kg', '2025-11-25 02:40:25', '2025-11-25 02:40:25'),
(6, 1, 38, '189.000', 'kg', '2025-11-25 02:40:25', '2025-11-25 02:40:25'),
(7, 1, 40, '110.000', 'l', '2025-11-25 02:40:25', '2025-11-25 02:40:25'),
(8, 2, 5, '390.000', 'kg', '2025-11-25 02:40:25', '2025-11-25 02:40:25'),
(9, 2, 28, '395.000', 'kg', '2025-11-25 02:40:25', '2025-11-25 02:40:25'),
(10, 2, 34, '290.000', 'unit', '2025-11-25 02:40:25', '2025-11-25 02:40:25'),
(11, 3, 1, '63.000', 'kg', '2025-11-25 02:40:25', '2025-11-25 02:40:25'),
(12, 3, 5, '449.000', 'kg', '2025-11-25 02:40:25', '2025-11-25 02:40:25'),
(13, 3, 8, '234.000', 'kg', '2025-11-25 02:40:25', '2025-11-25 02:40:25'),
(14, 3, 24, '179.000', 'l', '2025-11-25 02:40:25', '2025-11-25 02:40:25'),
(15, 3, 26, '458.000', 'l', '2025-11-25 02:40:25', '2025-11-25 02:40:25'),
(16, 3, 35, '237.000', 'l', '2025-11-25 02:40:25', '2025-11-25 02:40:25'),
(17, 3, 37, '296.000', 'kg', '2025-11-25 02:40:25', '2025-11-25 02:40:25'),
(18, 4, 21, '428.000', 'kg', '2025-11-25 02:40:25', '2025-11-25 02:40:25'),
(19, 4, 28, '279.000', 'kg', '2025-11-25 02:40:25', '2025-11-25 02:40:25'),
(20, 4, 34, '355.000', 'unit', '2025-11-25 02:40:25', '2025-11-25 02:40:25'),
(21, 5, 4, '192.000', 'kg', '2025-11-25 02:40:25', '2025-11-25 02:40:25'),
(22, 5, 12, '496.000', 'kg', '2025-11-25 02:40:25', '2025-11-25 02:40:25'),
(23, 5, 13, '400.000', 'unit', '2025-11-25 02:40:25', '2025-11-25 02:40:25'),
(24, 5, 33, '475.000', 'kg', '2025-11-25 02:40:25', '2025-11-25 02:40:25'),
(25, 5, 37, '151.000', 'kg', '2025-11-25 02:40:25', '2025-11-25 02:40:25'),
(26, 6, 2, '303.000', 'kg', '2025-11-25 02:40:25', '2025-11-25 02:40:25'),
(27, 6, 4, '472.000', 'kg', '2025-11-25 02:40:25', '2025-11-25 02:40:25'),
(28, 6, 11, '229.000', 'kg', '2025-11-25 02:40:25', '2025-11-25 02:40:25'),
(29, 6, 29, '462.000', 'kg', '2025-11-25 02:40:25', '2025-11-25 02:40:25'),
(30, 6, 33, '471.000', 'kg', '2025-11-25 02:40:25', '2025-11-25 02:40:25'),
(31, 7, 13, '437.000', 'unit', '2025-11-25 02:40:25', '2025-11-25 02:40:25'),
(32, 7, 19, '131.000', 'kg', '2025-11-25 02:40:25', '2025-11-25 02:40:25'),
(33, 7, 23, '301.000', 'kg', '2025-11-25 02:40:25', '2025-11-25 02:40:25'),
(34, 7, 28, '54.000', 'kg', '2025-11-25 02:40:25', '2025-11-25 02:40:25'),
(35, 8, 3, '410.000', 'kg', '2025-11-25 02:40:25', '2025-11-25 02:40:25'),
(36, 8, 11, '228.000', 'kg', '2025-11-25 02:40:25', '2025-11-25 02:40:25'),
(37, 8, 13, '351.000', 'unit', '2025-11-25 02:40:25', '2025-11-25 02:40:25'),
(38, 8, 14, '152.000', 'kg', '2025-11-25 02:40:25', '2025-11-25 02:40:25'),
(39, 8, 23, '356.000', 'kg', '2025-11-25 02:40:25', '2025-11-25 02:40:25'),
(40, 8, 42, '187.000', 'kg', '2025-11-25 02:40:25', '2025-11-25 02:40:25'),
(41, 9, 7, '144.000', 'kg', '2025-11-25 02:40:25', '2025-11-25 02:40:25'),
(42, 9, 14, '52.000', 'kg', '2025-11-25 02:40:25', '2025-11-25 02:40:25'),
(43, 9, 17, '426.000', 'kg', '2025-11-25 02:40:25', '2025-11-25 02:40:25'),
(44, 9, 19, '298.000', 'kg', '2025-11-25 02:40:25', '2025-11-25 02:40:25'),
(45, 9, 31, '159.000', 'kg', '2025-11-25 02:40:25', '2025-11-25 02:40:25'),
(46, 9, 34, '403.000', 'unit', '2025-11-25 02:40:25', '2025-11-25 02:40:25'),
(47, 10, 3, '318.000', 'kg', '2025-11-25 02:40:25', '2025-11-25 02:40:25'),
(48, 10, 6, '447.000', 'kg', '2025-11-25 02:40:25', '2025-11-25 02:40:25'),
(49, 10, 24, '278.000', 'l', '2025-11-25 02:40:25', '2025-11-25 02:40:25'),
(50, 10, 28, '412.000', 'kg', '2025-11-25 02:40:25', '2025-11-25 02:40:25'),
(51, 10, 33, '325.000', 'kg', '2025-11-25 02:40:25', '2025-11-25 02:40:25'),
(52, 10, 36, '307.000', 'l', '2025-11-25 02:40:25', '2025-11-25 02:40:25'),
(53, 10, 40, '195.000', 'l', '2025-11-25 02:40:25', '2025-11-25 02:40:25'),
(54, 11, 1, '134.000', 'kg', '2025-11-25 02:40:25', '2025-11-25 02:40:25'),
(55, 11, 13, '55.000', 'unit', '2025-11-25 02:40:25', '2025-11-25 02:40:25'),
(56, 11, 16, '184.000', 'kg', '2025-11-25 02:40:25', '2025-11-25 02:40:25'),
(57, 12, 2, '384.000', 'kg', '2025-11-25 02:40:25', '2025-11-25 02:40:25'),
(58, 12, 6, '240.000', 'kg', '2025-11-25 02:40:25', '2025-11-25 02:40:25'),
(59, 12, 28, '381.000', 'kg', '2025-11-25 02:40:25', '2025-11-25 02:40:25'),
(60, 12, 40, '321.000', 'l', '2025-11-25 02:40:25', '2025-11-25 02:40:25'),
(61, 12, 41, '165.000', 'kg', '2025-11-25 02:40:25', '2025-11-25 02:40:25'),
(62, 13, 8, '53.000', 'kg', '2025-11-25 02:40:25', '2025-11-25 02:40:25'),
(63, 13, 10, '354.000', 'kg', '2025-11-25 02:40:25', '2025-11-25 02:40:25'),
(64, 13, 20, '195.000', 'kg', '2025-11-25 02:40:25', '2025-11-25 02:40:25'),
(65, 13, 29, '138.000', 'kg', '2025-11-25 02:40:25', '2025-11-25 02:40:25'),
(66, 13, 32, '400.000', 'kg', '2025-11-25 02:40:25', '2025-11-25 02:40:25'),
(67, 13, 33, '333.000', 'kg', '2025-11-25 02:40:25', '2025-11-25 02:40:25'),
(68, 13, 38, '495.000', 'kg', '2025-11-25 02:40:25', '2025-11-25 02:40:25'),
(69, 14, 3, '369.000', 'kg', '2025-11-25 02:40:25', '2025-11-25 02:40:25'),
(70, 14, 15, '76.000', 'kg', '2025-11-25 02:40:25', '2025-11-25 02:40:25'),
(71, 14, 17, '90.000', 'kg', '2025-11-25 02:40:25', '2025-11-25 02:40:25'),
(72, 14, 27, '335.000', 'l', '2025-11-25 02:40:25', '2025-11-25 02:40:25'),
(73, 14, 30, '400.000', 'kg', '2025-11-25 02:40:25', '2025-11-25 02:40:25'),
(74, 14, 33, '119.000', 'kg', '2025-11-25 02:40:25', '2025-11-25 02:40:25'),
(75, 15, 3, '59.000', 'kg', '2025-11-25 02:40:25', '2025-11-25 02:40:25'),
(76, 15, 4, '214.000', 'kg', '2025-11-25 02:40:25', '2025-11-25 02:40:25'),
(77, 15, 27, '150.000', 'l', '2025-11-25 02:40:25', '2025-11-25 02:40:25'),
(78, 15, 32, '328.000', 'kg', '2025-11-25 02:40:25', '2025-11-25 02:40:25'),
(79, 15, 33, '339.000', 'kg', '2025-11-25 02:40:25', '2025-11-25 02:40:25'),
(80, 15, 42, '62.000', 'kg', '2025-11-25 02:40:25', '2025-11-25 02:40:25'),
(81, 16, 5, '424.000', 'kg', '2025-11-25 02:40:25', '2025-11-25 02:40:25'),
(82, 16, 24, '426.000', 'l', '2025-11-25 02:40:25', '2025-11-25 02:40:25'),
(83, 16, 31, '461.000', 'kg', '2025-11-25 02:40:25', '2025-11-25 02:40:25'),
(84, 17, 9, '246.000', 'kg', '2025-11-25 02:40:25', '2025-11-25 02:40:25'),
(85, 17, 13, '485.000', 'unit', '2025-11-25 02:40:25', '2025-11-25 02:40:25'),
(86, 17, 16, '315.000', 'kg', '2025-11-25 02:40:25', '2025-11-25 02:40:25'),
(87, 17, 22, '469.000', 'kg', '2025-11-25 02:40:25', '2025-11-25 02:40:25'),
(88, 17, 30, '280.000', 'kg', '2025-11-25 02:40:25', '2025-11-25 02:40:25'),
(89, 17, 31, '393.000', 'kg', '2025-11-25 02:40:25', '2025-11-25 02:40:25'),
(90, 17, 42, '425.000', 'kg', '2025-11-25 02:40:25', '2025-11-25 02:40:25'),
(91, 18, 6, '320.000', 'kg', '2025-11-25 02:40:25', '2025-11-25 02:40:25'),
(92, 18, 19, '123.000', 'kg', '2025-11-25 02:40:25', '2025-11-25 02:40:25'),
(93, 18, 30, '359.000', 'kg', '2025-11-25 02:40:25', '2025-11-25 02:40:25'),
(94, 18, 32, '458.000', 'kg', '2025-11-25 02:40:25', '2025-11-25 02:40:25'),
(95, 18, 37, '237.000', 'kg', '2025-11-25 02:40:25', '2025-11-25 02:40:25'),
(96, 19, 4, '268.000', 'kg', '2025-11-25 02:40:25', '2025-11-25 02:40:25'),
(97, 19, 20, '364.000', 'kg', '2025-11-25 02:40:25', '2025-11-25 02:40:25'),
(98, 19, 28, '113.000', 'kg', '2025-11-25 02:40:25', '2025-11-25 02:40:25'),
(99, 19, 31, '191.000', 'kg', '2025-11-25 02:40:25', '2025-11-25 02:40:25'),
(100, 19, 38, '241.000', 'kg', '2025-11-25 02:40:25', '2025-11-25 02:40:25'),
(101, 19, 42, '254.000', 'kg', '2025-11-25 02:40:25', '2025-11-25 02:40:25'),
(102, 20, 10, '68.000', 'kg', '2025-11-25 02:40:25', '2025-11-25 02:40:25'),
(103, 20, 18, '191.000', 'kg', '2025-11-25 02:40:25', '2025-11-25 02:40:25'),
(104, 20, 25, '198.000', 'l', '2025-11-25 02:40:25', '2025-11-25 02:40:25'),
(105, 20, 26, '133.000', 'l', '2025-11-25 02:40:25', '2025-11-25 02:40:25'),
(106, 20, 33, '426.000', 'kg', '2025-11-25 02:40:25', '2025-11-25 02:40:25'),
(107, 20, 34, '67.000', 'unit', '2025-11-25 02:40:25', '2025-11-25 02:40:25'),
(108, 20, 37, '443.000', 'kg', '2025-11-25 02:40:25', '2025-11-25 02:40:25'),
(109, 21, 5, '315.000', 'kg', '2025-11-25 02:40:25', '2025-11-25 02:40:25'),
(110, 21, 10, '345.000', 'kg', '2025-11-25 02:40:25', '2025-11-25 02:40:25'),
(111, 21, 15, '352.000', 'kg', '2025-11-25 02:40:25', '2025-11-25 02:40:25'),
(112, 21, 16, '264.000', 'kg', '2025-11-25 02:40:25', '2025-11-25 02:40:25'),
(113, 21, 20, '489.000', 'kg', '2025-11-25 02:40:25', '2025-11-25 02:40:25'),
(114, 21, 31, '73.000', 'kg', '2025-11-25 02:40:25', '2025-11-25 02:40:25'),
(115, 21, 36, '284.000', 'l', '2025-11-25 02:40:25', '2025-11-25 02:40:25'),
(116, 22, 17, '465.000', 'kg', '2025-11-25 02:40:25', '2025-11-25 02:40:25'),
(117, 22, 21, '317.000', 'kg', '2025-11-25 02:40:25', '2025-11-25 02:40:25'),
(118, 22, 34, '295.000', 'unit', '2025-11-25 02:40:25', '2025-11-25 02:40:25'),
(119, 22, 36, '323.000', 'l', '2025-11-25 02:40:25', '2025-11-25 02:40:25'),
(120, 22, 40, '283.000', 'l', '2025-11-25 02:40:25', '2025-11-25 02:40:25'),
(121, 23, 11, '181.000', 'kg', '2025-11-25 02:40:25', '2025-11-25 02:40:25'),
(122, 23, 26, '137.000', 'l', '2025-11-25 02:40:25', '2025-11-25 02:40:25'),
(123, 23, 29, '345.000', 'kg', '2025-11-25 02:40:25', '2025-11-25 02:40:25'),
(124, 24, 6, '103.000', 'kg', '2025-11-25 02:40:25', '2025-11-25 02:40:25'),
(125, 24, 7, '222.000', 'kg', '2025-11-25 02:40:25', '2025-11-25 02:40:25'),
(126, 24, 27, '418.000', 'l', '2025-11-25 02:40:25', '2025-11-25 02:40:25'),
(127, 24, 28, '153.000', 'kg', '2025-11-25 02:40:25', '2025-11-25 02:40:25'),
(128, 25, 2, '374.000', 'kg', '2025-11-25 02:40:25', '2025-11-25 02:40:25'),
(129, 25, 3, '91.000', 'kg', '2025-11-25 02:40:25', '2025-11-25 02:40:25'),
(130, 25, 9, '108.000', 'kg', '2025-11-25 02:40:25', '2025-11-25 02:40:25'),
(131, 25, 15, '387.000', 'kg', '2025-11-25 02:40:25', '2025-11-25 02:40:25'),
(132, 25, 21, '238.000', 'kg', '2025-11-25 02:40:25', '2025-11-25 02:40:25'),
(133, 25, 22, '397.000', 'kg', '2025-11-25 02:40:25', '2025-11-25 02:40:25'),
(134, 25, 37, '243.000', 'kg', '2025-11-25 02:40:25', '2025-11-25 02:40:25'),
(135, 26, 8, '348.000', 'kg', '2025-11-25 02:40:25', '2025-11-25 02:40:25'),
(136, 26, 24, '294.000', 'l', '2025-11-25 02:40:25', '2025-11-25 02:40:25'),
(137, 26, 39, '74.000', 'unit', '2025-11-25 02:40:25', '2025-11-25 02:40:25'),
(138, 27, 3, '178.000', 'kg', '2025-11-25 02:40:25', '2025-11-25 02:40:25'),
(139, 27, 6, '242.000', 'kg', '2025-11-25 02:40:25', '2025-11-25 02:40:25'),
(140, 27, 20, '94.000', 'kg', '2025-11-25 02:40:25', '2025-11-25 02:40:25'),
(141, 27, 27, '106.000', 'l', '2025-11-25 02:40:25', '2025-11-25 02:40:25'),
(142, 27, 28, '222.000', 'kg', '2025-11-25 02:40:25', '2025-11-25 02:40:25'),
(143, 27, 31, '326.000', 'kg', '2025-11-25 02:40:25', '2025-11-25 02:40:25'),
(144, 27, 33, '441.000', 'kg', '2025-11-25 02:40:25', '2025-11-25 02:40:25'),
(145, 28, 19, '242.000', 'kg', '2025-11-25 02:40:25', '2025-11-25 02:40:25'),
(146, 28, 22, '108.000', 'kg', '2025-11-25 02:40:25', '2025-11-25 02:40:25'),
(147, 28, 23, '443.000', 'kg', '2025-11-25 02:40:25', '2025-11-25 02:40:25'),
(148, 28, 42, '201.000', 'kg', '2025-11-25 02:40:25', '2025-11-25 02:40:25'),
(149, 29, 5, '81.000', 'kg', '2025-11-25 02:40:25', '2025-11-25 02:40:25'),
(150, 29, 6, '485.000', 'kg', '2025-11-25 02:40:26', '2025-11-25 02:40:26'),
(151, 29, 10, '152.000', 'kg', '2025-11-25 02:40:26', '2025-11-25 02:40:26'),
(152, 29, 24, '113.000', 'l', '2025-11-25 02:40:26', '2025-11-25 02:40:26'),
(153, 29, 39, '215.000', 'unit', '2025-11-25 02:40:26', '2025-11-25 02:40:26'),
(154, 30, 5, '350.000', 'kg', '2025-11-25 02:40:26', '2025-11-25 02:40:26'),
(155, 30, 13, '356.000', 'unit', '2025-11-25 02:40:26', '2025-11-25 02:40:26'),
(156, 30, 17, '206.000', 'kg', '2025-11-25 02:40:26', '2025-11-25 02:40:26'),
(157, 30, 29, '219.000', 'kg', '2025-11-25 02:40:26', '2025-11-25 02:40:26'),
(158, 31, 2, '203.000', 'kg', '2025-11-25 02:40:26', '2025-11-25 02:40:26'),
(159, 31, 16, '166.000', 'kg', '2025-11-25 02:40:26', '2025-11-25 02:40:26'),
(160, 31, 29, '356.000', 'kg', '2025-11-25 02:40:26', '2025-11-25 02:40:26'),
(161, 31, 33, '449.000', 'kg', '2025-11-25 02:40:26', '2025-11-25 02:40:26'),
(162, 31, 35, '346.000', 'l', '2025-11-25 02:40:26', '2025-11-25 02:40:26'),
(163, 31, 41, '401.000', 'kg', '2025-11-25 02:40:26', '2025-11-25 02:40:26'),
(164, 31, 42, '92.000', 'kg', '2025-11-25 02:40:26', '2025-11-25 02:40:26'),
(165, 32, 9, '282.000', 'kg', '2025-11-25 02:40:26', '2025-11-25 02:40:26'),
(166, 32, 28, '475.000', 'kg', '2025-11-25 02:40:26', '2025-11-25 02:40:26'),
(167, 32, 30, '168.000', 'kg', '2025-11-25 02:40:26', '2025-11-25 02:40:26'),
(168, 32, 32, '159.000', 'kg', '2025-11-25 02:40:26', '2025-11-25 02:40:26'),
(169, 32, 36, '90.000', 'l', '2025-11-25 02:40:26', '2025-11-25 02:40:26'),
(170, 33, 13, '62.000', 'unit', '2025-11-25 02:40:26', '2025-11-25 02:40:26'),
(171, 33, 15, '344.000', 'kg', '2025-11-25 02:40:26', '2025-11-25 02:40:26'),
(172, 33, 19, '456.000', 'kg', '2025-11-25 02:40:26', '2025-11-25 02:40:26'),
(173, 33, 20, '433.000', 'kg', '2025-11-25 02:40:26', '2025-11-25 02:40:26'),
(174, 33, 21, '374.000', 'kg', '2025-11-25 02:40:26', '2025-11-25 02:40:26'),
(175, 33, 24, '235.000', 'l', '2025-11-25 02:40:26', '2025-11-25 02:40:26'),
(176, 33, 27, '118.000', 'l', '2025-11-25 02:40:26', '2025-11-25 02:40:26');
INSERT INTO `recipes` (`id`, `menu_item_id`, `yield_portions`, `instructions`, `created_at`, `updated_at`) VALUES
(1, 1, 3, '1. Prepare all ingredients\n2. Heat oil in a large pan/wok\n3. Cook main ingredients\n4. Add seasonings and spices\n5. Combine with remaining ingredients\n6. Simmer until done\n7. Check seasoning and adjust if needed\n8. Plate and garnish', '2025-11-25 02:40:25', '2025-11-25 02:40:25'),
(2, 2, 1, '1. Prepare all ingredients\n2. Heat oil in a large pan/wok\n3. Cook main ingredients\n4. Add seasonings and spices\n5. Combine with remaining ingredients\n6. Simmer until done\n7. Check seasoning and adjust if needed\n8. Plate and garnish', '2025-11-25 02:40:25', '2025-11-25 02:40:25'),
(3, 3, 2, '1. Prepare all ingredients\n2. Heat oil in a large pan/wok\n3. Cook main ingredients\n4. Add seasonings and spices\n5. Combine with remaining ingredients\n6. Simmer until done\n7. Check seasoning and adjust if needed\n8. Plate and garnish', '2025-11-25 02:40:25', '2025-11-25 02:40:25'),
(4, 4, 3, '1. Prepare all ingredients\n2. Heat oil in a large pan/wok\n3. Cook main ingredients\n4. Add seasonings and spices\n5. Combine with remaining ingredients\n6. Simmer until done\n7. Check seasoning and adjust if needed\n8. Plate and garnish', '2025-11-25 02:40:25', '2025-11-25 02:40:25'),
(5, 5, 3, '1. Prepare all ingredients\n2. Heat oil in a large pan/wok\n3. Cook main ingredients\n4. Add seasonings and spices\n5. Combine with remaining ingredients\n6. Simmer until done\n7. Check seasoning and adjust if needed\n8. Plate and garnish', '2025-11-25 02:40:25', '2025-11-25 02:40:25'),
(6, 6, 2, '1. Prepare all ingredients\n2. Heat oil in a large pan/wok\n3. Cook main ingredients\n4. Add seasonings and spices\n5. Combine with remaining ingredients\n6. Simmer until done\n7. Check seasoning and adjust if needed\n8. Plate and garnish', '2025-11-25 02:40:25', '2025-11-25 02:40:25'),
(7, 7, 4, '1. Prepare all ingredients\n2. Heat oil in a large pan/wok\n3. Cook main ingredients\n4. Add seasonings and spices\n5. Combine with remaining ingredients\n6. Simmer until done\n7. Check seasoning and adjust if needed\n8. Plate and garnish', '2025-11-25 02:40:25', '2025-11-25 02:40:25'),
(8, 8, 2, '1. Prepare all ingredients\n2. Heat oil in a large pan/wok\n3. Cook main ingredients\n4. Add seasonings and spices\n5. Combine with remaining ingredients\n6. Simmer until done\n7. Check seasoning and adjust if needed\n8. Plate and garnish', '2025-11-25 02:40:25', '2025-11-25 02:40:25'),
(9, 9, 1, '1. Prepare all ingredients\n2. Heat oil in a large pan/wok\n3. Cook main ingredients\n4. Add seasonings and spices\n5. Combine with remaining ingredients\n6. Simmer until done\n7. Check seasoning and adjust if needed\n8. Plate and garnish', '2025-11-25 02:40:25', '2025-11-25 02:40:25'),
(10, 10, 1, '1. Prepare all ingredients\n2. Heat oil in a large pan/wok\n3. Cook main ingredients\n4. Add seasonings and spices\n5. Combine with remaining ingredients\n6. Simmer until done\n7. Check seasoning and adjust if needed\n8. Plate and garnish', '2025-11-25 02:40:25', '2025-11-25 02:40:25'),
(11, 11, 2, '1. Prepare all ingredients\n2. Heat oil in a large pan/wok\n3. Cook main ingredients\n4. Add seasonings and spices\n5. Combine with remaining ingredients\n6. Simmer until done\n7. Check seasoning and adjust if needed\n8. Plate and garnish', '2025-11-25 02:40:25', '2025-11-25 02:40:25'),
(12, 12, 4, '1. Prepare all ingredients\n2. Heat oil in a large pan/wok\n3. Cook main ingredients\n4. Add seasonings and spices\n5. Combine with remaining ingredients\n6. Simmer until done\n7. Check seasoning and adjust if needed\n8. Plate and garnish', '2025-11-25 02:40:25', '2025-11-25 02:40:25'),
(13, 13, 3, '1. Prepare all ingredients\n2. Heat oil in a large pan/wok\n3. Cook main ingredients\n4. Add seasonings and spices\n5. Combine with remaining ingredients\n6. Simmer until done\n7. Check seasoning and adjust if needed\n8. Plate and garnish', '2025-11-25 02:40:25', '2025-11-25 02:40:25'),
(14, 14, 4, '1. Prepare all ingredients\n2. Heat oil in a large pan/wok\n3. Cook main ingredients\n4. Add seasonings and spices\n5. Combine with remaining ingredients\n6. Simmer until done\n7. Check seasoning and adjust if needed\n8. Plate and garnish', '2025-11-25 02:40:25', '2025-11-25 02:40:25'),
(15, 15, 3, '1. Prepare all ingredients\n2. Heat oil in a large pan/wok\n3. Cook main ingredients\n4. Add seasonings and spices\n5. Combine with remaining ingredients\n6. Simmer until done\n7. Check seasoning and adjust if needed\n8. Plate and garnish', '2025-11-25 02:40:25', '2025-11-25 02:40:25'),
(16, 16, 1, '1. Prepare all ingredients\n2. Heat oil in a large pan/wok\n3. Cook main ingredients\n4. Add seasonings and spices\n5. Combine with remaining ingredients\n6. Simmer until done\n7. Check seasoning and adjust if needed\n8. Plate and garnish', '2025-11-25 02:40:25', '2025-11-25 02:40:25'),
(17, 17, 4, '1. Prepare all ingredients\n2. Heat oil in a large pan/wok\n3. Cook main ingredients\n4. Add seasonings and spices\n5. Combine with remaining ingredients\n6. Simmer until done\n7. Check seasoning and adjust if needed\n8. Plate and garnish', '2025-11-25 02:40:25', '2025-11-25 02:40:25'),
(18, 18, 2, '1. Prepare all ingredients\n2. Heat oil in a large pan/wok\n3. Cook main ingredients\n4. Add seasonings and spices\n5. Combine with remaining ingredients\n6. Simmer until done\n7. Check seasoning and adjust if needed\n8. Plate and garnish', '2025-11-25 02:40:25', '2025-11-25 02:40:25'),
(19, 19, 1, '1. Prepare all ingredients\n2. Heat oil in a large pan/wok\n3. Cook main ingredients\n4. Add seasonings and spices\n5. Combine with remaining ingredients\n6. Simmer until done\n7. Check seasoning and adjust if needed\n8. Plate and garnish', '2025-11-25 02:40:25', '2025-11-25 02:40:25'),
(20, 20, 2, '1. Prepare all ingredients\n2. Heat oil in a large pan/wok\n3. Cook main ingredients\n4. Add seasonings and spices\n5. Combine with remaining ingredients\n6. Simmer until done\n7. Check seasoning and adjust if needed\n8. Plate and garnish', '2025-11-25 02:40:25', '2025-11-25 02:40:25'),
(21, 21, 4, '1. Prepare all ingredients\n2. Heat oil in a large pan/wok\n3. Cook main ingredients\n4. Add seasonings and spices\n5. Combine with remaining ingredients\n6. Simmer until done\n7. Check seasoning and adjust if needed\n8. Plate and garnish', '2025-11-25 02:40:25', '2025-11-25 02:40:25'),
(22, 22, 3, '1. Prepare all ingredients\n2. Heat oil in a large pan/wok\n3. Cook main ingredients\n4. Add seasonings and spices\n5. Combine with remaining ingredients\n6. Simmer until done\n7. Check seasoning and adjust if needed\n8. Plate and garnish', '2025-11-25 02:40:25', '2025-11-25 02:40:25'),
(23, 23, 4, '1. Prepare all ingredients\n2. Heat oil in a large pan/wok\n3. Cook main ingredients\n4. Add seasonings and spices\n5. Combine with remaining ingredients\n6. Simmer until done\n7. Check seasoning and adjust if needed\n8. Plate and garnish', '2025-11-25 02:40:25', '2025-11-25 02:40:25'),
(24, 24, 4, '1. Prepare all ingredients\n2. Heat oil in a large pan/wok\n3. Cook main ingredients\n4. Add seasonings and spices\n5. Combine with remaining ingredients\n6. Simmer until done\n7. Check seasoning and adjust if needed\n8. Plate and garnish', '2025-11-25 02:40:25', '2025-11-25 02:40:25'),
(25, 25, 1, '1. Prepare all ingredients\n2. Heat oil in a large pan/wok\n3. Cook main ingredients\n4. Add seasonings and spices\n5. Combine with remaining ingredients\n6. Simmer until done\n7. Check seasoning and adjust if needed\n8. Plate and garnish', '2025-11-25 02:40:25', '2025-11-25 02:40:25'),
(26, 26, 2, '1. Prepare all ingredients\n2. Heat oil in a large pan/wok\n3. Cook main ingredients\n4. Add seasonings and spices\n5. Combine with remaining ingredients\n6. Simmer until done\n7. Check seasoning and adjust if needed\n8. Plate and garnish', '2025-11-25 02:40:25', '2025-11-25 02:40:25'),
(27, 27, 3, '1. Prepare all ingredients\n2. Heat oil in a large pan/wok\n3. Cook main ingredients\n4. Add seasonings and spices\n5. Combine with remaining ingredients\n6. Simmer until done\n7. Check seasoning and adjust if needed\n8. Plate and garnish', '2025-11-25 02:40:25', '2025-11-25 02:40:25'),
(28, 28, 2, '1. Prepare all ingredients\n2. Heat oil in a large pan/wok\n3. Cook main ingredients\n4. Add seasonings and spices\n5. Combine with remaining ingredients\n6. Simmer until done\n7. Check seasoning and adjust if needed\n8. Plate and garnish', '2025-11-25 02:40:25', '2025-11-25 02:40:25'),
(29, 29, 2, '1. Prepare all ingredients\n2. Heat oil in a large pan/wok\n3. Cook main ingredients\n4. Add seasonings and spices\n5. Combine with remaining ingredients\n6. Simmer until done\n7. Check seasoning and adjust if needed\n8. Plate and garnish', '2025-11-25 02:40:25', '2025-11-25 02:40:25'),
(30, 30, 2, '1. Prepare all ingredients\n2. Heat oil in a large pan/wok\n3. Cook main ingredients\n4. Add seasonings and spices\n5. Combine with remaining ingredients\n6. Simmer until done\n7. Check seasoning and adjust if needed\n8. Plate and garnish', '2025-11-25 02:40:26', '2025-11-25 02:40:26'),
(31, 31, 3, '1. Prepare all ingredients\n2. Heat oil in a large pan/wok\n3. Cook main ingredients\n4. Add seasonings and spices\n5. Combine with remaining ingredients\n6. Simmer until done\n7. Check seasoning and adjust if needed\n8. Plate and garnish', '2025-11-25 02:40:26', '2025-11-25 02:40:26'),
(32, 32, 4, '1. Prepare all ingredients\n2. Heat oil in a large pan/wok\n3. Cook main ingredients\n4. Add seasonings and spices\n5. Combine with remaining ingredients\n6. Simmer until done\n7. Check seasoning and adjust if needed\n8. Plate and garnish', '2025-11-25 02:40:26', '2025-11-25 02:40:26'),
(33, 33, 3, '1. Prepare all ingredients\n2. Heat oil in a large pan/wok\n3. Cook main ingredients\n4. Add seasonings and spices\n5. Combine with remaining ingredients\n6. Simmer until done\n7. Check seasoning and adjust if needed\n8. Plate and garnish', '2025-11-25 02:40:26', '2025-11-25 02:40:26');
INSERT INTO `reservations` (`id`, `code`, `location_id`, `customer_id`, `table_id`, `reservation_number`, `reserved_for`, `duration_minutes`, `guest_count`, `party_size`, `reservation_date`, `reservation_time`, `status`, `special_requests`, `notes`, `created_at`, `updated_at`) VALUES
(1, '2d4b89a73234c9c5e80c', 1, 8, 32, 'RES-NKH-DT-20250926-1959', '2025-11-25 02:40:36', 60, 2, 3, '2025-09-26', '18:00:00', 'cancelled', 'Birthday celebration', 'Regular customer', '2025-09-25 02:55:14', '2025-09-26 06:55:14'),
(2, '361fb99359e5936c916c', 1, 11, 30, 'RES-NKH-DT-20251102-7758', '2025-11-25 02:40:36', 60, 2, 4, '2025-11-02', '19:00:00', 'completed', 'Vegetarian menu', 'Special occasion', '2025-10-26 12:25:01', '2025-11-02 14:25:01'),
(3, '12f6f403792777b0a18c', 1, 8, 14, 'RES-NKH-DT-20251008-3023', '2025-11-25 02:40:36', 60, 2, 4, '2025-10-08', '20:30:00', 'completed', NULL, 'VIP guest', '2025-10-02 00:21:06', '2025-10-08 04:21:06'),
(4, 'ea5215bb5f586e2fdbab', 1, 7, 26, 'RES-NKH-DT-20251015-3034', '2025-11-25 02:40:36', 60, 2, 2, '2025-10-15', '12:00:00', 'cancelled', 'Window seat preferred', 'First time visitor', '2025-10-05 09:45:50', '2025-10-15 10:45:50'),
(5, 'e72c28e20472f74782ea', 1, 7, 6, 'RES-NKH-DT-20251002-6043', '2025-11-25 02:40:36', 60, 2, 2, '2025-10-02', '13:00:00', 'completed', NULL, 'Group reservation', '2025-09-28 05:14:43', '2025-10-02 06:14:43'),
(6, 'ffee4f3aa7e772623c5b', 1, 10, 33, 'RES-NKH-DT-20251101-6234', '2025-11-25 02:40:36', 60, 2, 7, '2025-11-01', '13:00:00', 'completed', NULL, 'First time visitor', '2025-10-25 23:45:56', '2025-11-02 01:45:56'),
(7, '6c8615c12380a981f6a9', 1, 7, 29, 'RES-NKH-DT-20251115-4423', '2025-11-25 02:40:36', 60, 2, 2, '2025-11-15', '13:30:00', 'completed', NULL, 'Online booking', '2025-11-08 22:03:42', '2025-11-16 00:03:42'),
(8, '0ac4a045f7f648f5b66f', 1, 10, 24, 'RES-NKH-DT-20251118-5533', '2025-11-25 02:40:36', 60, 2, 4, '2025-11-18', '20:30:00', 'completed', 'Birthday celebration', 'Regular customer', '2025-11-05 00:34:33', '2025-11-18 03:34:33'),
(9, 'f255d81c4a09271fa10a', 1, 9, 24, 'RES-NKH-DT-20251121-9491', '2025-11-25 02:40:36', 60, 2, 3, '2025-11-21', '18:00:00', 'completed', 'Anniversary dinner', 'Confirmed by phone', '2025-11-07 12:18:05', '2025-11-21 14:18:05'),
(10, 'b9ddcbe7a09e3e57bea8', 1, 9, 14, 'RES-NKH-DT-20251001-5916', '2025-11-25 02:40:36', 60, 2, 8, '2025-10-01', '19:30:00', 'completed', 'Early arrival possible', 'Special occasion', '2025-09-24 00:08:16', '2025-10-01 06:08:16'),
(11, '3f5806d4ff4e35a27136', 1, 4, 8, 'RES-NKH-DT-20251112-2549', '2025-11-25 02:40:36', 60, 2, 3, '2025-11-12', '20:00:00', 'no_show', 'High chair needed', 'Confirmed by phone', '2025-11-01 00:04:38', '2025-11-12 01:04:38'),
(12, '3961a1096765c79952c0', 1, 3, 36, 'RES-NKH-DT-20251117-3459', '2025-11-25 02:40:36', 60, 2, 7, '2025-11-17', '18:30:00', 'completed', NULL, 'VIP guest', '2025-11-09 21:51:44', '2025-11-18 02:51:44'),
(13, '45f7bd8ea0c755f4bdc6', 1, 5, 21, 'RES-NKH-DT-20251027-0527', '2025-11-25 02:40:36', 60, 2, 3, '2025-10-27', '12:00:00', 'completed', NULL, NULL, '2025-10-19 03:49:17', '2025-10-27 08:49:17'),
(14, '1441e6ecad345f7acfd8', 1, 5, 14, 'RES-NKH-DT-20251104-9648', '2025-11-25 02:40:36', 60, 2, 8, '2025-11-04', '18:30:00', 'completed', NULL, 'Corporate booking', '2025-10-26 01:20:38', '2025-11-04 05:20:38'),
(15, '28f91f18a1f5baec9294', 1, 11, 4, 'RES-NKH-DT-20251018-1926', '2025-11-25 02:40:36', 60, 2, 4, '2025-10-18', '13:00:00', 'cancelled', 'Wheelchair accessible table', NULL, '2025-10-08 11:08:20', '2025-10-18 17:08:20'),
(16, '5aa195f0c60547d366e3', 1, 10, 19, 'RES-NKH-DT-20251002-6922', '2025-11-25 02:40:36', 60, 2, 4, '2025-10-02', '13:00:00', 'completed', 'No allergens please', 'Corporate booking', '2025-09-24 01:27:08', '2025-10-02 07:27:08'),
(17, '4a87a522682693da2235', 1, 2, 4, 'RES-NKH-DT-20251109-4234', '2025-11-25 02:40:36', 60, 2, 2, '2025-11-09', '13:30:00', 'completed', NULL, 'First time visitor', '2025-11-05 22:10:22', '2025-11-10 02:10:22'),
(18, 'ea1f2ff7e80e4b1c8273', 1, 3, 35, 'RES-NKH-DT-20251008-0955', '2025-11-25 02:40:36', 60, 2, 6, '2025-10-08', '18:30:00', 'completed', 'No allergens please', 'Dietary restrictions noted', '2025-10-01 02:12:38', '2025-10-08 05:12:38'),
(19, 'f3165625884e252c9026', 1, 11, 17, 'RES-NKH-DT-20251011-8820', '2025-11-25 02:40:36', 60, 2, 2, '2025-10-11', '19:30:00', 'completed', NULL, NULL, '2025-10-05 21:59:10', '2025-10-12 01:59:10'),
(20, '15d489919eba9d93b3c8', 1, 4, 1, 'RES-NKH-DT-20251007-8114', '2025-11-25 02:40:36', 60, 2, 2, '2025-10-07', '20:30:00', 'completed', 'Birthday celebration', NULL, '2025-09-24 03:43:01', '2025-10-07 09:43:01'),
(21, '330cfba9b92461523bd2', 1, 8, 1, 'RES-NKH-DT-20251026-2711', '2025-11-25 02:40:36', 60, 2, 7, '2025-10-26', '19:00:00', 'completed', 'Quiet table please', 'Online booking', '2025-10-25 19:56:23', '2025-10-26 20:56:23'),
(22, '51492492877675e56ce4', 1, 10, 14, 'RES-NKH-DT-20251107-4318', '2025-11-25 02:40:36', 60, 2, 8, '2025-11-07', '13:00:00', 'completed', 'Surprise dessert', NULL, '2025-10-27 23:34:53', '2025-11-08 04:34:53'),
(23, '61fc34e69b4f296bb1e6', 1, 7, 22, 'RES-NKH-DT-20251020-5686', '2025-11-25 02:40:36', 60, 2, 4, '2025-10-20', '18:30:00', 'cancelled', 'Anniversary dinner', NULL, '2025-10-14 08:23:34', '2025-10-20 13:23:34'),
(24, '66d6b103a1f4e2fce306', 1, 9, 35, 'RES-NKH-DT-20251102-1277', '2025-11-25 02:40:36', 60, 2, 3, '2025-11-02', '13:00:00', 'completed', 'Anniversary dinner', 'Online booking', '2025-10-26 16:25:35', '2025-11-02 19:25:35'),
(25, '28f71d00a5d005da9320', 1, 8, 4, 'RES-NKH-DT-20251110-6660', '2025-11-25 02:40:36', 60, 2, 6, '2025-11-10', '12:00:00', 'cancelled', 'Window seat preferred', NULL, '2025-11-01 07:52:27', '2025-11-10 10:52:27'),
(26, 'd38f2926292116a00d21', 1, 8, 10, 'RES-NKH-DT-20251007-4535', '2025-11-25 02:40:36', 60, 2, 3, '2025-10-07', '19:30:00', 'completed', 'Vegetarian menu', 'Special occasion', '2025-09-27 19:29:34', '2025-10-07 23:29:34'),
(27, '1bf55556d94ac8f7ca9f', 1, 5, 30, 'RES-NKH-DT-20251112-9977', '2025-11-25 02:40:36', 60, 2, 4, '2025-11-12', '20:30:00', 'completed', 'Surprise dessert', 'Confirmed by phone', '2025-10-30 05:42:21', '2025-11-12 06:42:21'),
(28, '39b8995ac126aa91874d', 1, 4, 3, 'RES-NKH-DT-20251027-0861', '2025-11-25 02:40:36', 60, 2, 2, '2025-10-27', '12:00:00', 'cancelled', 'High chair needed', NULL, '2025-10-24 03:58:58', '2025-10-27 04:58:58'),
(29, 'e40b61cbc596da2f14ec', 1, 5, 13, 'RES-NKH-DT-20251029-2205', '2025-11-25 02:40:36', 60, 2, 2, '2025-10-29', '11:30:00', 'completed', 'No allergens please', NULL, '2025-10-24 21:11:52', '2025-10-30 02:11:52'),
(30, 'a59f243f852be0252b12', 1, 2, 36, 'RES-NKH-DT-20250925-0178', '2025-11-25 02:40:36', 60, 2, 4, '2025-09-25', '18:00:00', 'completed', 'Business meeting', 'Corporate booking', '2025-09-18 07:40:29', '2025-09-25 12:40:29'),
(31, '3b95e56ae650b21281b4', 1, 4, 11, 'RES-NKH-DT-20251103-9651', '2025-11-25 02:40:36', 60, 2, 3, '2025-11-03', '12:30:00', 'cancelled', 'Quiet table please', NULL, '2025-10-29 05:23:52', '2025-11-03 10:23:52'),
(32, '404c6a071bb25811a6f2', 1, 7, 10, 'RES-NKH-DT-20251112-1102', '2025-11-25 02:40:36', 60, 2, 4, '2025-11-12', '13:30:00', 'completed', 'Surprise dessert', 'First time visitor', '2025-11-10 04:06:03', '2025-11-12 05:06:03'),
(33, '3d991b4216addd648bd1', 1, 10, 9, 'RES-NKH-DT-20251013-5185', '2025-11-25 02:40:36', 60, 2, 2, '2025-10-13', '13:30:00', 'completed', 'Wheelchair accessible table', 'Regular customer', '2025-10-09 16:35:56', '2025-10-13 20:35:56'),
(34, '00486d137ebeb562ea35', 1, 1, 29, 'RES-NKH-DT-20251020-3496', '2025-11-25 02:40:36', 60, 2, 2, '2025-10-20', '19:00:00', 'completed', 'Birthday celebration', NULL, '2025-10-06 17:39:23', '2025-10-20 18:39:23'),
(35, 'ae7a8fc2293cb6e2d11b', 1, 10, 16, 'RES-NKH-DT-20251013-1635', '2025-11-25 02:40:36', 60, 2, 3, '2025-10-13', '13:00:00', 'completed', 'Business meeting', 'Special occasion', '2025-10-06 02:51:35', '2025-10-13 07:51:35'),
(36, 'b23c4f1e96796ad33ad6', 1, 11, 36, 'RES-NKH-DT-20251112-9464', '2025-11-25 02:40:36', 60, 2, 4, '2025-11-12', '20:30:00', 'completed', NULL, 'Walk-in converted to reservation', '2025-10-29 04:21:23', '2025-11-12 06:21:23'),
(37, '1de626233ba5115d0a0e', 1, 2, 21, 'RES-NKH-DT-20251116-7975', '2025-11-25 02:40:36', 60, 2, 3, '2025-11-16', '13:30:00', 'completed', 'Vegetarian menu', NULL, '2025-11-06 17:11:56', '2025-11-16 21:11:56'),
(38, '69f2939f970b86f361b6', 1, 7, 22, 'RES-NKH-DT-20251012-7040', '2025-11-25 02:40:36', 60, 2, 4, '2025-10-12', '18:00:00', 'completed', 'High chair needed', 'Special occasion', '2025-10-02 10:29:11', '2025-10-12 16:29:11'),
(39, '87e7dd1bbff1e32ea813', 1, 11, 7, 'RES-NKH-DT-20251120-6027', '2025-11-25 02:40:36', 60, 2, 2, '2025-11-20', '19:30:00', 'completed', NULL, NULL, '2025-11-06 00:35:33', '2025-11-20 03:35:33'),
(40, '5f23d0bdadb32d833adb', 1, 9, 8, 'RES-NKH-DT-20251111-4940', '2025-11-25 02:40:36', 60, 2, 3, '2025-11-11', '13:00:00', 'no_show', 'Surprise dessert', 'First time visitor', '2025-11-05 17:46:39', '2025-11-11 19:46:39'),
(41, 'c1c64a0ba1e171c39b98', 1, 7, 1, 'RES-NKH-DT-20250925-3931', '2025-11-25 02:40:36', 60, 2, 2, '2025-09-25', '19:00:00', 'cancelled', 'No allergens please', 'VIP guest', '2025-09-12 05:16:04', '2025-09-25 10:16:04'),
(42, '679a36180e7d641425dc', 1, 7, 2, 'RES-NKH-DT-20251026-8453', '2025-11-25 02:40:36', 60, 2, 4, '2025-10-26', '18:00:00', 'completed', NULL, NULL, '2025-10-13 21:42:01', '2025-10-27 01:42:01'),
(43, '95aa96ffa5a2055a2df3', 1, 10, 13, 'RES-NKH-DT-20251001-7286', '2025-11-25 02:40:36', 60, 2, 2, '2025-10-01', '13:00:00', 'no_show', NULL, 'Walk-in converted to reservation', '2025-09-26 08:03:40', '2025-10-01 09:03:40'),
(44, '9cdbda39cefa535438dd', 1, 8, 33, 'RES-NKH-DT-20251117-6224', '2025-11-25 02:40:36', 60, 2, 5, '2025-11-17', '20:00:00', 'completed', 'Surprise dessert', 'Regular customer', '2025-11-08 19:12:58', '2025-11-17 21:12:58'),
(45, 'd012650d3bfc4f2b80f5', 1, 1, 8, 'RES-NKH-DT-20251013-0330', '2025-11-25 02:40:36', 60, 2, 2, '2025-10-13', '18:30:00', 'no_show', NULL, 'VIP guest', '2025-09-30 10:39:36', '2025-10-13 11:39:36'),
(46, 'fd76cd7af57431645bdd', 1, 10, 30, 'RES-NKH-DT-20251007-2479', '2025-11-25 02:40:36', 60, 2, 3, '2025-10-07', '12:00:00', 'completed', 'Surprise dessert', 'Dietary restrictions noted', '2025-10-06 11:52:00', '2025-10-07 17:52:00'),
(47, '8a9b87b2b70617d63c74', 1, 9, 23, 'RES-NKH-DT-20251121-8344', '2025-11-25 02:40:36', 60, 2, 3, '2025-11-21', '11:30:00', 'completed', 'No allergens please', NULL, '2025-11-12 19:11:55', '2025-11-21 22:11:55'),
(48, '2947115fb375d698fd57', 1, 2, 23, 'RES-NKH-DT-20251008-8620', '2025-11-25 02:40:36', 60, 2, 4, '2025-10-08', '13:00:00', 'no_show', 'Vegetarian menu', 'Regular customer', '2025-10-01 13:07:17', '2025-10-08 14:07:17'),
(49, 'b9b9322669e67595c537', 1, 1, 13, 'RES-NKH-DT-20250930-5044', '2025-11-25 02:40:36', 60, 2, 2, '2025-09-30', '12:00:00', 'cancelled', 'High chair needed', 'First time visitor', '2025-09-19 18:34:07', '2025-09-30 20:34:07'),
(50, '601534652b879ee8d07a', 1, 2, 15, 'RES-NKH-DT-20251022-0927', '2025-11-25 02:40:36', 60, 2, 8, '2025-10-22', '13:30:00', 'completed', 'High chair needed', 'First time visitor', '2025-10-16 12:39:44', '2025-10-22 16:39:44'),
(51, '85182a4bd40a96755e32', 1, 8, 11, 'RES-NKH-DT-20251007-6194', '2025-11-25 02:40:36', 60, 2, 4, '2025-10-07', '13:00:00', 'completed', 'Private dining area', 'Walk-in converted to reservation', '2025-09-23 15:04:05', '2025-10-07 16:04:05'),
(52, '3fd1e4d4b9b24acb4f84', 1, 6, 32, 'RES-NKH-DT-20251102-2921', '2025-11-25 02:40:36', 60, 2, 3, '2025-11-02', '12:00:00', 'completed', 'Business meeting', 'Dietary restrictions noted', '2025-10-27 03:03:43', '2025-11-02 06:03:43'),
(53, '2b43c8930aa5df194a9e', 1, 3, 1, 'RES-NKH-DT-20251107-9784', '2025-11-25 02:40:36', 60, 2, 3, '2025-11-07', '12:00:00', 'no_show', 'Business meeting', 'Regular customer', '2025-10-29 07:18:29', '2025-11-07 12:18:29'),
(54, 'c52ff01605bdd609b37f', 1, 4, 23, 'RES-NKH-DT-20251010-3650', '2025-11-25 02:40:36', 60, 2, 4, '2025-10-10', '20:00:00', 'completed', 'Quiet table please', 'Walk-in converted to reservation', '2025-10-09 11:50:53', '2025-10-10 16:50:53'),
(55, 'f58009766dba39fe74f1', 1, 1, 3, 'RES-NKH-DT-20251102-1398', '2025-11-25 02:40:36', 60, 2, 2, '2025-11-02', '19:30:00', 'completed', 'Private dining area', 'Group reservation', '2025-10-21 11:31:34', '2025-11-02 17:31:34'),
(56, '17e2eca0c099c1650524', 1, 3, 30, 'RES-NKH-DT-20251030-3628', '2025-11-25 02:40:36', 60, 2, 4, '2025-10-30', '19:30:00', 'no_show', 'High chair needed', 'Regular customer', '2025-10-20 06:20:32', '2025-10-30 07:20:32'),
(57, '4d1dc1a4c6015a2c98de', 1, 3, 23, 'RES-NKH-DT-20251017-4294', '2025-11-25 02:40:36', 60, 2, 3, '2025-10-17', '18:30:00', 'cancelled', NULL, NULL, '2025-10-06 05:57:20', '2025-10-17 09:57:20'),
(58, 'd4527bfaa9fbaaaf721a', 1, 1, 34, 'RES-NKH-DT-20251110-7972', '2025-11-25 02:40:36', 60, 2, 3, '2025-11-10', '12:30:00', 'cancelled', 'Private dining area', NULL, '2025-11-06 10:52:46', '2025-11-10 16:52:46'),
(59, 'ff9c3081ca94859dd738', 1, 9, 34, 'RES-NKH-DT-20251011-2722', '2025-11-25 02:40:36', 60, 2, 3, '2025-10-11', '18:00:00', 'completed', 'No allergens please', NULL, '2025-10-01 12:19:44', '2025-10-11 16:19:44'),
(60, '38ed89b7f4990abdf1c9', 1, 1, 4, 'RES-NKH-DT-20251015-5211', '2025-11-25 02:40:36', 60, 2, 5, '2025-10-15', '19:00:00', 'completed', 'Anniversary dinner', 'Special occasion', '2025-10-04 10:29:36', '2025-10-15 16:29:36'),
(61, '8fee45f5f8ba070ff8e6', 1, 6, 21, 'RES-NKH-DT-20251028-2659', '2025-11-25 02:40:36', 60, 2, 2, '2025-10-28', '13:00:00', 'no_show', NULL, NULL, '2025-10-25 18:05:48', '2025-10-28 23:05:48'),
(62, '8f5893357a97751bd5d1', 1, 11, 26, 'RES-NKH-DT-20251120-6404', '2025-11-25 02:40:36', 60, 2, 3, '2025-11-20', '18:00:00', 'no_show', 'Birthday celebration', 'Dietary restrictions noted', '2025-11-06 17:24:39', '2025-11-20 20:24:39'),
(63, 'c7a74ea1005ccf01b771', 1, 9, 26, 'RES-NKH-DT-20251014-0094', '2025-11-25 02:40:36', 60, 2, 2, '2025-10-14', '19:00:00', 'cancelled', 'Window seat preferred', 'Dietary restrictions noted', '2025-10-06 18:19:14', '2025-10-14 22:19:14'),
(64, '6ad22ef8c6de2311dfb8', 1, 7, 14, 'RES-NKH-DT-20251024-1181', '2025-11-25 02:40:36', 60, 2, 4, '2025-10-24', '19:30:00', 'completed', 'Window seat preferred', 'Group reservation', '2025-10-17 07:35:01', '2025-10-24 10:35:01'),
(65, '202ef1067c779efb059f', 1, 2, 30, 'RES-NKH-DT-20251007-7696', '2025-11-25 02:40:36', 60, 2, 4, '2025-10-07', '20:00:00', 'completed', 'Quiet table please', 'Group reservation', '2025-10-04 19:16:03', '2025-10-07 23:16:03'),
(66, '3b168ecb4547a9868a3e', 1, 2, 23, 'RES-NKH-DT-20250925-5550', '2025-11-25 02:40:36', 60, 2, 4, '2025-09-25', '19:30:00', 'completed', 'Surprise dessert', 'Walk-in converted to reservation', '2025-09-22 23:20:42', '2025-09-26 05:20:42'),
(67, '31c4a59f7ccc02606f72', 1, 7, 21, 'RES-NKH-DT-20251003-4571', '2025-11-25 02:40:36', 60, 2, 4, '2025-10-03', '19:30:00', 'no_show', 'Birthday celebration', 'Group reservation', '2025-09-24 09:34:51', '2025-10-03 11:34:51'),
(68, '4d59310317ffcd030443', 1, 10, 9, 'RES-NKH-DT-20251029-1713', '2025-11-25 02:40:36', 60, 2, 3, '2025-10-29', '13:00:00', 'completed', 'Early arrival possible', 'Online booking', '2025-10-24 06:14:19', '2025-10-29 07:14:19'),
(69, '1201d673b92bfa2cb458', 1, 11, 9, 'RES-NKH-DT-20250928-1251', '2025-11-25 02:40:36', 60, 2, 4, '2025-09-28', '13:30:00', 'completed', NULL, 'First time visitor', '2025-09-27 20:48:13', '2025-09-28 23:48:13'),
(70, 'ff5d43e26d704e79cc5d', 1, 2, 11, 'RES-NKH-DT-20250929-8255', '2025-11-25 02:40:36', 60, 2, 3, '2025-09-29', '12:00:00', 'cancelled', 'Birthday celebration', 'First time visitor', '2025-09-25 09:48:35', '2025-09-29 11:48:35'),
(71, 'c076b2a4e441a4c3650c', 1, 6, 12, 'RES-NKH-DT-20251016-4767', '2025-11-25 02:40:36', 60, 2, 2, '2025-10-16', '18:00:00', 'completed', NULL, 'Confirmed by phone', '2025-10-06 11:00:19', '2025-10-16 16:00:19'),
(72, 'ed1d80297675485e2d5f', 1, 4, 13, 'RES-NKH-DT-20251013-4221', '2025-11-25 02:40:36', 60, 2, 2, '2025-10-13', '11:30:00', 'completed', 'Anniversary dinner', 'Special occasion', '2025-10-11 08:48:51', '2025-10-13 12:48:51'),
(73, '55f6f9cf3216d24b230b', 1, 8, 7, 'RES-NKH-DT-20251106-8321', '2025-11-25 02:40:36', 60, 2, 2, '2025-11-06', '13:00:00', 'no_show', 'No allergens please', NULL, '2025-10-25 19:52:53', '2025-11-06 21:52:53'),
(74, 'f58ab2b05e96573cf196', 1, 10, 34, 'RES-NKH-DT-20251018-8961', '2025-11-25 02:40:36', 60, 2, 2, '2025-10-18', '12:30:00', 'no_show', 'Business meeting', 'Corporate booking', '2025-10-05 15:33:04', '2025-10-18 17:33:04'),
(75, '514e7edd7e21eb864a30', 1, 4, 13, 'RES-NKH-DT-20250928-3620', '2025-11-25 02:40:36', 60, 2, 2, '2025-09-28', '18:30:00', 'completed', 'Wheelchair accessible table', 'Dietary restrictions noted', '2025-09-14 06:31:27', '2025-09-28 08:31:27'),
(76, '077f7e3db61740f167cf', 1, 11, 16, 'RES-NKH-DT-20251002-2199', '2025-11-25 02:40:37', 60, 2, 2, '2025-10-02', '13:00:00', 'completed', NULL, 'First time visitor', '2025-09-29 00:12:47', '2025-10-02 04:12:47'),
(77, '37424eade16ba96ab5b7', 1, 6, 9, 'RES-NKH-DT-20251121-7447', '2025-11-25 02:40:37', 60, 2, 3, '2025-11-21', '12:30:00', 'cancelled', 'Wheelchair accessible table', 'Walk-in converted to reservation', '2025-11-12 20:51:58', '2025-11-22 00:51:58'),
(78, '83ca74e95e4a63ac3972', 1, 10, 17, 'RES-NKH-DT-20251008-3705', '2025-11-25 02:40:37', 60, 2, 3, '2025-10-08', '19:00:00', 'completed', 'Surprise dessert', 'Confirmed by phone', '2025-10-01 01:27:00', '2025-10-08 05:27:00'),
(79, '3ced8ea1087b5ec141c3', 1, 8, 19, 'RES-NKH-DT-20251027-1224', '2025-11-25 02:40:37', 60, 2, 2, '2025-10-27', '20:00:00', 'cancelled', 'High chair needed', 'Regular customer', '2025-10-13 22:36:59', '2025-10-28 00:36:59'),
(80, 'c45396cb7481fdd31532', 1, 10, 26, 'RES-NKH-DT-20251007-1614', '2025-11-25 02:40:37', 60, 2, 3, '2025-10-07', '12:30:00', 'completed', 'Surprise dessert', 'Online booking', '2025-09-29 10:07:07', '2025-10-07 12:07:07'),
(81, 'd048e1be23c8237990e9', 1, 1, 4, 'RES-NKH-DT-20251231-8639', '2025-11-25 02:40:37', 60, 2, 4, '2025-12-31', '13:30:00', 'confirmed', 'Birthday celebration', 'Corporate booking', '2025-11-23 02:40:37', '2025-11-22 02:40:37'),
(82, '2052eb31fa824e24d4dd', 1, 11, 35, 'RES-NKH-DT-20260118-9333', '2025-11-25 02:40:37', 60, 2, 6, '2026-01-18', '20:30:00', 'confirmed', 'Vegetarian menu', 'Online booking', '2025-11-22 02:40:37', '2025-11-22 02:40:37'),
(83, 'db390efe20a304fcdc3b', 1, 8, 15, 'RES-NKH-DT-20260104-9468', '2025-11-25 02:40:37', 60, 2, 6, '2026-01-04', '19:30:00', 'confirmed', 'Early arrival possible', 'Corporate booking', '2025-11-24 02:40:37', '2025-11-25 02:40:37'),
(84, '2f3690d837b786728528', 1, 2, 29, 'RES-NKH-DT-20260110-4791', '2025-11-25 02:40:37', 60, 2, 2, '2026-01-10', '12:00:00', 'confirmed', NULL, 'Online booking', '2025-11-18 02:40:37', '2025-11-23 02:40:37'),
(85, '4263fa6e20cbe9a4a6e8', 1, 11, 31, 'RES-NKH-DT-20251231-6602', '2025-11-25 02:40:37', 60, 2, 2, '2025-12-31', '13:30:00', 'confirmed', 'High chair needed', 'Special occasion', '2025-11-21 02:40:37', '2025-11-25 02:40:37'),
(86, '576f159f4a82e3b315c6', 1, 5, 17, 'RES-NKH-DT-20251221-0079', '2025-11-25 02:40:37', 60, 2, 2, '2025-12-21', '20:30:00', 'pending', 'Window seat preferred', 'First time visitor', '2025-11-23 02:40:37', '2025-11-25 02:40:37'),
(87, 'bde96d8eded68c65d867', 1, 10, 17, 'RES-NKH-DT-20260113-2729', '2025-11-25 02:40:37', 60, 2, 3, '2026-01-13', '11:30:00', 'cancelled', 'Private dining area', NULL, '2025-11-22 02:40:37', '2025-11-25 02:40:37'),
(88, 'fd498f613ae9b49d0d4b', 1, 5, 23, 'RES-NKH-DT-20260117-6972', '2025-11-25 02:40:37', 60, 2, 3, '2026-01-17', '18:00:00', 'confirmed', NULL, 'First time visitor', '2025-11-23 02:40:37', '2025-11-24 02:40:37'),
(89, '969da2c1f19faac2b002', 1, 11, 28, 'RES-NKH-DT-20251207-1653', '2025-11-25 02:40:37', 60, 2, 5, '2025-12-07', '18:00:00', 'confirmed', 'Business meeting', 'Group reservation', '2025-11-25 02:40:37', '2025-11-25 02:40:37'),
(90, '9a2511440a596ddab2e2', 1, 1, 13, 'RES-NKH-DT-20251207-3570', '2025-11-25 02:40:37', 60, 2, 2, '2025-12-07', '19:30:00', 'confirmed', NULL, 'Regular customer', '2025-11-24 02:40:37', '2025-11-23 02:40:37'),
(91, 'ed8fb546e4f1a6745a69', 1, 10, 11, 'RES-NKH-DT-20260109-9653', '2025-11-25 02:40:37', 60, 2, 4, '2026-01-09', '13:30:00', 'pending', NULL, 'Regular customer', '2025-11-18 02:40:37', '2025-11-24 02:40:37'),
(92, '7c8d5c0b4f29955216ca', 1, 3, 9, 'RES-NKH-DT-20251201-6059', '2025-11-25 02:40:37', 60, 2, 2, '2025-12-01', '11:30:00', 'confirmed', NULL, NULL, '2025-11-19 02:40:37', '2025-11-25 02:40:37'),
(93, 'f23d7860d56db339b9bb', 1, 6, 19, 'RES-NKH-DT-20251222-0107', '2025-11-25 02:40:37', 60, 2, 2, '2025-12-22', '13:30:00', 'confirmed', 'Quiet table please', 'Walk-in converted to reservation', '2025-11-20 02:40:37', '2025-11-25 02:40:37'),
(94, '6529b3c1950548617ded', 1, 6, 6, 'RES-NKH-DT-20260109-4037', '2025-11-25 02:40:37', 60, 2, 2, '2026-01-09', '12:30:00', 'confirmed', 'Business meeting', 'Dietary restrictions noted', '2025-11-24 02:40:37', '2025-11-23 02:40:37'),
(95, '87203660054bd8566ee5', 1, 3, 30, 'RES-NKH-DT-20251206-7045', '2025-11-25 02:40:37', 60, 2, 2, '2025-12-06', '20:30:00', 'confirmed', 'Birthday celebration', NULL, '2025-11-21 02:40:37', '2025-11-23 02:40:37'),
(96, 'a8c7a3dacf76239dbd00', 1, 6, 34, 'RES-NKH-DT-20260108-8802', '2025-11-25 02:40:37', 60, 2, 3, '2026-01-08', '13:30:00', 'cancelled', 'No allergens please', 'Group reservation', '2025-11-24 02:40:37', '2025-11-24 02:40:37'),
(97, 'f1088e35235ce3fe2ec1', 1, 3, 34, 'RES-NKH-DT-20251212-0933', '2025-11-25 02:40:37', 60, 2, 4, '2025-12-12', '18:30:00', 'confirmed', NULL, 'Confirmed by phone', '2025-11-19 02:40:37', '2025-11-23 02:40:37'),
(98, 'dfc0050e60ed2c130321', 1, 3, 13, 'RES-NKH-DT-20260102-5620', '2025-11-25 02:40:37', 60, 2, 2, '2026-01-02', '20:00:00', 'confirmed', NULL, 'First time visitor', '2025-11-24 02:40:37', '2025-11-23 02:40:37'),
(99, 'b135bc07100667b62689', 1, 4, 33, 'RES-NKH-DT-20251226-9260', '2025-11-25 02:40:37', 60, 2, 6, '2025-12-26', '13:30:00', 'pending', NULL, 'Group reservation', '2025-11-24 02:40:37', '2025-11-25 02:40:37'),
(100, '9e5bf257663909f8d136', 1, 6, 20, 'RES-NKH-DT-20251126-6971', '2025-11-25 02:40:37', 60, 2, 4, '2025-11-26', '12:30:00', 'pending', NULL, 'Confirmed by phone', '2025-11-19 02:40:37', '2025-11-24 02:40:37'),
(101, '163de1737115d07f430e', 1, 3, 30, 'RES-NKH-DT-20251225-3114', '2025-11-25 02:40:37', 60, 2, 2, '2025-12-25', '18:00:00', 'confirmed', 'Wheelchair accessible table', 'Confirmed by phone', '2025-11-22 02:40:37', '2025-11-22 02:40:37'),
(102, '245966a0117a21162599', 1, 1, 35, 'RES-NKH-DT-20260122-7526', '2025-11-25 02:40:37', 60, 2, 2, '2026-01-22', '19:30:00', 'confirmed', 'No allergens please', NULL, '2025-11-20 02:40:37', '2025-11-25 02:40:37'),
(103, '0274330dae51611b8aae', 1, 11, 2, 'RES-NKH-DT-20260101-5875', '2025-11-25 02:40:37', 60, 2, 4, '2026-01-01', '18:00:00', 'confirmed', 'Private dining area', NULL, '2025-11-18 02:40:37', '2025-11-24 02:40:37'),
(104, 'e062ddf6e66517e4e742', 1, 6, 12, 'RES-NKH-DT-20251128-2662', '2025-11-25 02:40:37', 60, 2, 2, '2025-11-28', '18:30:00', 'cancelled', 'No allergens please', 'Regular customer', '2025-11-20 02:40:37', '2025-11-24 02:40:37'),
(105, '772d33ef5ea93aa416d9', 1, 5, 1, 'RES-NKH-DT-20251230-6836', '2025-11-25 02:40:37', 60, 2, 4, '2025-12-30', '13:30:00', 'confirmed', 'Window seat preferred', 'Corporate booking', '2025-11-21 02:40:37', '2025-11-24 02:40:37'),
(106, 'f249f9e5d8c305f40725', 1, 5, 30, 'RES-NKH-DT-20251208-2451', '2025-11-25 02:40:37', 60, 2, 3, '2025-12-08', '19:30:00', 'confirmed', NULL, 'Confirmed by phone', '2025-11-18 02:40:37', '2025-11-23 02:40:37'),
(107, '66f57f4f6ae12ba5b7a8', 1, 8, 21, 'RES-NKH-DT-20251127-3444', '2025-11-25 02:40:37', 60, 2, 2, '2025-11-27', '19:00:00', 'confirmed', 'Anniversary dinner', NULL, '2025-11-20 02:40:37', '2025-11-22 02:40:37'),
(108, 'ac220bbb183818c61eef', 1, 6, 22, 'RES-NKH-DT-20251217-3411', '2025-11-25 02:40:37', 60, 2, 4, '2025-12-17', '12:30:00', 'cancelled', 'Wheelchair accessible table', 'Regular customer', '2025-11-25 02:40:37', '2025-11-23 02:40:37'),
(109, '3d2777346db45c22fb34', 1, 4, 23, 'RES-NKH-DT-20260113-7630', '2025-11-25 02:40:37', 60, 2, 3, '2026-01-13', '20:30:00', 'pending', 'Quiet table please', 'Group reservation', '2025-11-18 02:40:37', '2025-11-22 02:40:37'),
(110, 'ac04d6609b0b3124ea4c', 1, 3, 25, 'RES-NKH-DT-20260104-1534', '2025-11-25 02:40:37', 60, 2, 6, '2026-01-04', '18:00:00', 'confirmed', 'Private dining area', 'Group reservation', '2025-11-24 02:40:37', '2025-11-22 02:40:37'),
(111, 'ce09a9fbccf6fb9f8c2a', 1, 4, 16, 'RES-NKH-DT-20260104-7077', '2025-11-25 02:40:37', 60, 2, 3, '2026-01-04', '13:00:00', 'confirmed', 'Business meeting', NULL, '2025-11-19 02:40:37', '2025-11-22 02:40:37'),
(112, '723b2b1ab756aff4d70d', 1, 6, 9, 'RES-NKH-DT-20251219-6020', '2025-11-25 02:40:37', 60, 2, 3, '2025-12-19', '13:30:00', 'confirmed', 'Early arrival possible', 'Corporate booking', '2025-11-22 02:40:37', '2025-11-23 02:40:37'),
(113, '1ea02e5598f8cf80a8c0', 1, 2, 10, 'RES-NKH-DT-20251129-0546', '2025-11-25 02:40:37', 60, 2, 5, '2025-11-29', '13:00:00', 'cancelled', 'Surprise dessert', 'Walk-in converted to reservation', '2025-11-20 02:40:37', '2025-11-24 02:40:37'),
(114, 'ca71077c2127415fab75', 1, 11, 18, 'RES-NKH-DT-20251218-3469', '2025-11-25 02:40:37', 60, 2, 3, '2025-12-18', '18:00:00', 'confirmed', 'No allergens please', 'Group reservation', '2025-11-18 02:40:37', '2025-11-22 02:40:37'),
(115, '0b4d0f9aca6a8148718a', 1, 7, 24, 'RES-NKH-DT-20260121-4331', '2025-11-25 02:40:37', 60, 2, 2, '2026-01-21', '13:30:00', 'confirmed', 'Quiet table please', 'Group reservation', '2025-11-18 02:40:37', '2025-11-22 02:40:37'),
(116, '13fce99560bf7430fe16', 1, 5, 12, 'RES-NKH-DT-20251209-6366', '2025-11-25 02:40:37', 60, 2, 2, '2025-12-09', '19:00:00', 'cancelled', 'Early arrival possible', 'Regular customer', '2025-11-19 02:40:37', '2025-11-25 02:40:37'),
(117, 'ada8e41330dd517a2892', 1, 3, 24, 'RES-NKH-DT-20251219-0529', '2025-11-25 02:40:37', 60, 2, 3, '2025-12-19', '11:30:00', 'confirmed', 'Vegetarian menu', 'Online booking', '2025-11-19 02:40:37', '2025-11-24 02:40:37'),
(118, '9f25fcca27c81379b4f4', 1, 9, 36, 'RES-NKH-DT-20251203-1151', '2025-11-25 02:40:37', 60, 2, 7, '2025-12-03', '12:30:00', 'pending', NULL, NULL, '2025-11-24 02:40:37', '2025-11-23 02:40:37'),
(119, '1b41b507be16684a9d56', 1, 11, 24, 'RES-NKH-DT-20251217-3536', '2025-11-25 02:40:37', 60, 2, 2, '2025-12-17', '13:00:00', 'confirmed', NULL, NULL, '2025-11-20 02:40:37', '2025-11-25 02:40:37'),
(120, 'fe55eb1b243ff8f730f9', 1, 6, 2, 'RES-NKH-DT-20251129-0745', '2025-11-25 02:40:37', 60, 2, 3, '2025-11-29', '20:00:00', 'confirmed', 'Private dining area', 'Regular customer', '2025-11-18 02:40:37', '2025-11-22 02:40:37'),
(121, 'c5bbb700d25429481eea', 1, 11, 12, 'RES-NKH-DT-20260107-8811', '2025-11-25 02:40:37', 60, 2, 2, '2026-01-07', '20:30:00', 'confirmed', NULL, 'Confirmed by phone', '2025-11-22 02:40:37', '2025-11-23 02:40:37'),
(122, '09003bd8b3926ce3248f', 1, 4, 27, 'RES-NKH-DT-20251204-0431', '2025-11-25 02:40:37', 60, 2, 2, '2025-12-04', '18:30:00', 'cancelled', 'No allergens please', 'Group reservation', '2025-11-24 02:40:37', '2025-11-22 02:40:37'),
(123, '2f21b249adc97bbc9294', 1, 8, 33, 'RES-NKH-DT-20251222-8121', '2025-11-25 02:40:37', 60, 2, 4, '2025-12-22', '20:00:00', 'confirmed', 'No allergens please', NULL, '2025-11-25 02:40:37', '2025-11-22 02:40:37'),
(124, '293cd89ad085f8f330ce', 1, 8, 36, 'RES-NKH-DT-20251217-4749', '2025-11-25 02:40:37', 60, 2, 3, '2025-12-17', '19:00:00', 'confirmed', 'Business meeting', 'Special occasion', '2025-11-20 02:40:37', '2025-11-24 02:40:37'),
(125, 'fa35e67d38343e1849bf', 1, 8, 21, 'RES-NKH-DT-20251224-7680', '2025-11-25 02:40:37', 60, 2, 3, '2025-12-24', '12:00:00', 'pending', 'Quiet table please', 'Group reservation', '2025-11-21 02:40:37', '2025-11-23 02:40:37'),
(126, '03e46c4a7731f7551fcf', 1, 8, 19, 'RES-NKH-DT-20251203-6820', '2025-11-25 02:40:37', 60, 2, 3, '2025-12-03', '18:00:00', 'confirmed', 'Window seat preferred', 'Regular customer', '2025-11-23 02:40:37', '2025-11-22 02:40:37'),
(127, '7bac1d552700a5ede440', 1, 8, 22, 'RES-NKH-DT-20251221-6556', '2025-11-25 02:40:37', 60, 2, 5, '2025-12-21', '20:00:00', 'pending', 'Window seat preferred', 'Walk-in converted to reservation', '2025-11-23 02:40:37', '2025-11-23 02:40:37'),
(128, '30fca3c050c60c2d5368', 1, 7, 22, 'RES-NKH-DT-20260119-0952', '2025-11-25 02:40:37', 60, 2, 6, '2026-01-19', '13:00:00', 'cancelled', 'No allergens please', 'Confirmed by phone', '2025-11-18 02:40:37', '2025-11-24 02:40:37'),
(129, '72bb727b257fb05d37c3', 1, 8, 15, 'RES-NKH-DT-20260107-0416', '2025-11-25 02:40:37', 60, 2, 5, '2026-01-07', '11:30:00', 'pending', 'Early arrival possible', NULL, '2025-11-25 02:40:37', '2025-11-23 02:40:37'),
(130, '2191bac63eba18f4ba68', 1, 4, 34, 'RES-NKH-DT-20260110-3140', '2025-11-25 02:40:37', 60, 2, 4, '2026-01-10', '18:00:00', 'pending', 'High chair needed', 'Regular customer', '2025-11-20 02:40:37', '2025-11-24 02:40:37'),
(131, '5de79adbe0472270bf87', 1, 9, 19, 'RES-NKH-DT-20251129-4034', '2025-11-25 02:40:37', 60, 2, 4, '2025-11-29', '13:00:00', 'confirmed', 'Early arrival possible', 'Special occasion', '2025-11-18 02:40:37', '2025-11-25 02:40:37'),
(132, 'a7e982553e686239cd32', 1, 6, 26, 'RES-NKH-DT-20260109-0036', '2025-11-25 02:40:37', 60, 2, 3, '2026-01-09', '13:30:00', 'cancelled', 'Vegetarian menu', 'Confirmed by phone', '2025-11-19 02:40:37', '2025-11-23 02:40:37'),
(133, '4b1fd3bddb4b4ab4d8dd', 1, 8, 13, 'RES-NKH-DT-20251205-4634', '2025-11-25 02:40:37', 60, 2, 2, '2025-12-05', '12:00:00', 'confirmed', 'Wheelchair accessible table', 'Special occasion', '2025-11-22 02:40:37', '2025-11-23 02:40:37'),
(134, 'ffc3b3d20a25d25f4795', 1, 2, 4, 'RES-NKH-DT-20251224-7881', '2025-11-25 02:40:37', 60, 2, 6, '2025-12-24', '20:30:00', 'cancelled', 'Private dining area', NULL, '2025-11-25 02:40:37', '2025-11-23 02:40:37'),
(135, '5b69e05fe9a6bea3d282', 1, 8, 6, 'RES-NKH-DT-20251129-8521', '2025-11-25 02:40:37', 60, 2, 3, '2025-11-29', '11:30:00', 'cancelled', 'Business meeting', 'Walk-in converted to reservation', '2025-11-24 02:40:37', '2025-11-22 02:40:37'),
(136, '9215dfcdb50b49dd5642', 1, 9, 7, 'RES-NKH-DT-20260114-7483', '2025-11-25 02:40:37', 60, 2, 2, '2026-01-14', '19:00:00', 'confirmed', 'Vegetarian menu', 'Group reservation', '2025-11-21 02:40:37', '2025-11-24 02:40:37'),
(137, '1be8565cca321698ffc5', 1, 1, 10, 'RES-NKH-DT-20260116-9262', '2025-11-25 02:40:37', 60, 2, 3, '2026-01-16', '18:30:00', 'confirmed', 'High chair needed', 'Confirmed by phone', '2025-11-23 02:40:37', '2025-11-25 02:40:37'),
(138, 'fa6add3aef0ca805cd0f', 1, 10, 23, 'RES-NKH-DT-20260102-3622', '2025-11-25 02:40:37', 60, 2, 2, '2026-01-02', '13:30:00', 'pending', 'Private dining area', 'Online booking', '2025-11-20 02:40:37', '2025-11-25 02:40:37'),
(139, 'cb1962ddc77feb86a2a3', 1, 4, 9, 'RES-NKH-DT-20251204-7172', '2025-11-25 02:40:37', 60, 2, 2, '2025-12-04', '18:00:00', 'cancelled', 'Surprise dessert', 'Regular customer', '2025-11-21 02:40:37', '2025-11-24 02:40:37'),
(140, 'f349787cd6b45c41482c', 1, 9, 9, 'RES-NKH-DT-20260103-4104', '2025-11-25 02:40:37', 60, 2, 4, '2026-01-03', '20:30:00', 'confirmed', 'High chair needed', 'Corporate booking', '2025-11-21 02:40:37', '2025-11-25 02:40:37');
INSERT INTO `role_permission` (`role_id`, `permission_id`) VALUES
(1, 1),
(1, 2),
(1, 3),
(1, 4),
(1, 5),
(1, 6),
(1, 7),
(1, 8),
(1, 9),
(1, 10),
(1, 11),
(1, 12),
(1, 13),
(1, 14),
(1, 15),
(1, 16),
(1, 17),
(1, 18),
(1, 19),
(1, 20),
(1, 21),
(1, 22),
(1, 23),
(2, 6),
(2, 8),
(2, 10),
(2, 11),
(2, 12),
(2, 14),
(2, 15),
(2, 16),
(2, 18),
(2, 19),
(2, 20),
(2, 22),
(2, 23),
(4, 14),
(4, 15),
(4, 16),
(4, 20),
(5, 10),
(5, 14),
(5, 16),
(7, 14),
(7, 15);
INSERT INTO `role_user` (`role_id`, `user_id`) VALUES
(1, 1),
(1, 2),
(2, 3),
(2, 4),
(6, 5),
(6, 6),
(6, 7),
(6, 8),
(6, 9),
(6, 10),
(6, 11),
(6, 12),
(6, 13),
(6, 14),
(6, 15),
(6, 16),
(6, 17),
(6, 18),
(6, 19),
(6, 20),
(6, 32),
(7, 21),
(7, 22),
(7, 23),
(7, 24),
(7, 25),
(7, 26),
(7, 27),
(7, 28),
(7, 29),
(7, 30);
INSERT INTO `roles` (`id`, `name`, `slug`, `description`, `created_at`, `updated_at`) VALUES
(1, 'Admin', 'admin', 'Full system access with all permissions', '2025-11-25 02:40:14', '2025-11-25 02:40:14'),
(2, 'Manager', 'manager', 'Restaurant management access', '2025-11-25 02:40:14', '2025-11-25 02:40:14'),
(3, 'Cashier', 'cashier', 'Handles payments and orders', '2025-11-25 02:40:14', '2025-11-25 02:40:14'),
(4, 'Waiter', 'waiter', 'Manages orders and service', '2025-11-25 02:40:14', '2025-11-25 02:40:14'),
(5, 'Chef', 'chef', 'Kitchen management access', '2025-11-25 02:40:14', '2025-11-25 02:40:14'),
(6, 'Employee', 'employee', 'General employee access', '2025-11-25 02:40:14', '2025-11-25 02:40:14'),
(7, 'Customer', 'customer', 'Regular customer access', '2025-11-25 02:40:14', '2025-11-25 02:40:14');
INSERT INTO `sessions` (`id`, `user_id`, `ip_address`, `user_agent`, `payload`, `last_activity`) VALUES
('BdH5hMHraNiopOYUH3ciBQxaiIpuh3wqOCjNFykq', 21, '127.0.0.1', 'Mozilla/5.0 (Windows NT 10.0; Win64; x64) AppleWebKit/537.36 (KHTML, like Gecko) Chrome/142.0.0.0 Safari/537.36', 'YTo2OntzOjY6Il90b2tlbiI7czo0MDoiMjlzSXRGVkhOSnBKZGdCUTR0MFk3MmJtM3EzYzdmVFRnWUlNQTRGdSI7czo5OiJfcHJldmlvdXMiO2E6MTp7czozOiJ1cmwiO3M6MjE6Imh0dHA6Ly8xMjcuMC4wLjE6ODAwMCI7fXM6NjoiX2ZsYXNoIjthOjI6e3M6Mzoib2xkIjthOjA6e31zOjM6Im5ldyI7YTowOnt9fXM6MzoidXJsIjthOjE6e3M6ODoiaW50ZW5kZWQiO3M6MjY6Imh0dHA6Ly8xMjcuMC4wLjE6ODAwMC9tZW51Ijt9czo1MDoibG9naW5fd2ViXzU5YmEzNmFkZGMyYjJmOTQwMTU4MGYwMTRjN2Y1OGVhNGUzMDk4OWQiO2k6MjE7czoyMjoiUEhQREVCVUdCQVJfU1RBQ0tfREFUQSI7YTowOnt9fQ==', 1764069141),
('p7k2CBhHRCoknkjbuJ7OyofwrcuZ43R2m32EU61p', NULL, '127.0.0.1', 'Mozilla/5.0 (Windows NT 10.0; Win64; x64) AppleWebKit/537.36 (KHTML, like Gecko) Chrome/142.0.0.0 Safari/537.36', 'YTo1OntzOjY6Il90b2tlbiI7czo0MDoibTdjYldqaFJkWnlMSEJRaFhLdlhqZzQ1QVo0SEtLUXlub2xPb3p5SiI7czoyMjoiUEhQREVCVUdCQVJfU1RBQ0tfREFUQSI7YTowOnt9czo5OiJfcHJldmlvdXMiO2E6MTp7czozOiJ1cmwiO3M6MjE6Imh0dHA6Ly8xMjcuMC4wLjE6ODAwMCI7fXM6NjoiX2ZsYXNoIjthOjI6e3M6Mzoib2xkIjthOjA6e31zOjM6Im5ldyI7YTowOnt9fXM6MzoidXJsIjthOjE6e3M6ODoiaW50ZW5kZWQiO3M6MjY6Imh0dHA6Ly8xMjcuMC4wLjE6ODAwMC9tZW51Ijt9fQ==', 1764069118);

INSERT INTO `suppliers` (`id`, `location_id`, `code`, `name`, `contact_name`, `contact_phone`, `email`, `phone`, `address`, `type`, `payment_terms`, `notes`, `tax_id`, `is_active`, `created_at`, `updated_at`) VALUES
(1, NULL, 'SUP-001', 'Phnom Penh Produce Co.', 'Sokha Chen', '+855-12-345-678', 'orders@phnompenhproduce.com', NULL, '123 Norodom Blvd, Phnom Penh', 'produce', 'net_30', 'Local fresh produce supplier', NULL, 1, '2025-11-25 02:40:25', '2025-11-25 02:40:25'),
(2, NULL, 'SUP-002', 'Mekong Seafood Supply', 'Dara Meas', '+855-12-456-789', 'sales@mekongseafood.com', NULL, '456 Sisowath Quay, Phnom Penh', 'seafood', 'net_15', 'Fresh seafood daily delivery', NULL, 1, '2025-11-25 02:40:25', '2025-11-25 02:40:25'),
(3, NULL, 'SUP-003', 'Kampot Spice Traders', 'Kunthea Pich', '+855-12-567-890', 'info@kampotspices.com', NULL, '789 Street 13, Kampot', 'spices', 'net_30', 'Premium Kampot pepper and spices', NULL, 1, '2025-11-25 02:40:25', '2025-11-25 02:40:25'),
(4, NULL, 'SUP-004', 'Asian Food Solutions', 'Sovann Kim', '+855-12-678-901', 'orders@asianfoodsolutions.com', NULL, '101 Street 271, Phnom Penh', 'dry_goods', 'net_45', 'Bulk dry goods supplier', NULL, 1, '2025-11-25 02:40:25', '2025-11-25 02:40:25'),
(5, NULL, 'SUP-005', 'Battambang Rice Co.', 'Chanthy Roth', '+855-12-789-012', 'sales@battambangrice.com', NULL, '202 National Road 5, Battambang', 'rice', 'net_30', 'Premium jasmine rice supplier', NULL, 1, '2025-11-25 02:40:25', '2025-11-25 02:40:25'),
(6, NULL, 'SUP-006', 'Siem Reap Organic Farms', 'Bopha Prak', '+855-12-890-123', 'contact@srorganics.com', NULL, '303 Charles de Gaulle, Siem Reap', 'produce', 'net_15', 'Organic vegetables and herbs', NULL, 1, '2025-11-25 02:40:25', '2025-11-25 02:40:25'),
(7, NULL, 'SUP-007', 'Cambodia Beverage Co.', 'Vibol Tep', '+855-12-901-234', 'orders@cambev.com', NULL, '404 Mao Tse Toung Blvd, Phnom Penh', 'beverages', 'net_30', 'Beverages and drink supplies', NULL, 1, '2025-11-25 02:40:25', '2025-11-25 02:40:25'),
(8, NULL, 'SUP-008', 'Kandal Poultry Farms', 'Sophal Nget', '+855-12-012-345', 'orders@kandalpoultry.com', NULL, '505 National Road 4, Kandal', 'poultry', 'cod', 'Fresh chicken and eggs', NULL, 1, '2025-11-25 02:40:25', '2025-11-25 02:40:25');
INSERT INTO `tables` (`id`, `floor_id`, `code`, `capacity`, `status`, `created_at`, `updated_at`) VALUES
(1, 1, 'GF-01', 8, 'available', '2025-11-25 02:40:26', '2025-11-25 02:40:26'),
(2, 1, 'GF-02', 4, 'available', '2025-11-25 02:40:26', '2025-11-25 02:40:26'),
(3, 1, 'GF-03', 2, 'available', '2025-11-25 02:40:26', '2025-11-25 02:40:26'),
(4, 1, 'GF-04', 6, 'available', '2025-11-25 02:40:26', '2025-11-25 02:40:26'),
(5, 1, 'GF-05', 8, 'available', '2025-11-25 02:40:26', '2025-11-25 02:40:26'),
(6, 1, 'GF-06', 4, 'available', '2025-11-25 02:40:26', '2025-11-25 02:40:26'),
(7, 1, 'GF-07', 2, 'available', '2025-11-25 02:40:26', '2025-11-25 02:40:26'),
(8, 1, 'GF-08', 4, 'occupied', '2025-11-25 02:40:26', '2025-11-25 02:40:26'),
(9, 1, 'GF-09', 4, 'occupied', '2025-11-25 02:40:26', '2025-11-25 02:40:26'),
(10, 1, 'GF-10', 6, 'reserved', '2025-11-25 02:40:26', '2025-11-25 02:40:26'),
(11, 1, 'GF-11', 4, 'unavailable', '2025-11-25 02:40:26', '2025-11-25 02:40:26'),
(12, 1, 'GF-12', 2, 'unavailable', '2025-11-25 02:40:26', '2025-11-25 02:40:26'),
(13, 2, '2F-01', 2, 'available', '2025-11-25 02:40:26', '2025-11-25 02:40:26'),
(14, 2, '2F-02', 8, 'available', '2025-11-25 02:40:26', '2025-11-25 02:40:26'),
(15, 2, '2F-03', 8, 'available', '2025-11-25 02:40:26', '2025-11-25 02:40:26'),
(16, 2, '2F-04', 6, 'available', '2025-11-25 02:40:26', '2025-11-25 02:40:26'),
(17, 2, '2F-05', 4, 'available', '2025-11-25 02:40:26', '2025-11-25 02:40:26'),
(18, 2, '2F-06', 8, 'available', '2025-11-25 02:40:26', '2025-11-25 02:40:26'),
(19, 2, '2F-07', 4, 'occupied', '2025-11-25 02:40:26', '2025-11-25 02:40:26'),
(20, 2, '2F-08', 4, 'occupied', '2025-11-25 02:40:26', '2025-11-25 02:40:26'),
(21, 2, '2F-09', 4, 'reserved', '2025-11-25 02:40:26', '2025-11-25 02:40:26'),
(22, 2, '2F-10', 6, 'available', '2025-11-25 02:40:26', '2025-11-25 02:40:26'),
(23, 3, 'TR-01', 4, 'available', '2025-11-25 02:40:26', '2025-11-25 02:40:26'),
(24, 3, 'TR-02', 4, 'available', '2025-11-25 02:40:26', '2025-11-25 02:40:26'),
(25, 3, 'TR-03', 6, 'available', '2025-11-25 02:40:26', '2025-11-25 02:40:26'),
(26, 3, 'TR-04', 6, 'available', '2025-11-25 02:40:26', '2025-11-25 02:40:26'),
(27, 3, 'TR-05', 2, 'occupied', '2025-11-25 02:40:26', '2025-11-25 02:40:26'),
(28, 3, 'TR-06', 6, 'occupied', '2025-11-25 02:40:26', '2025-11-25 02:40:26'),
(29, 3, 'TR-07', 2, 'reserved', '2025-11-25 02:40:26', '2025-11-25 02:40:26'),
(30, 3, 'TR-08', 4, 'available', '2025-11-25 02:40:26', '2025-11-25 02:40:26'),
(31, 4, 'VIP-01', 2, 'available', '2025-11-25 02:40:26', '2025-11-25 02:40:26'),
(32, 4, 'VIP-02', 4, 'available', '2025-11-25 02:40:26', '2025-11-25 02:40:26'),
(33, 4, 'VIP-03', 8, 'available', '2025-11-25 02:40:26', '2025-11-25 02:40:26'),
(34, 4, 'VIP-04', 4, 'occupied', '2025-11-25 02:40:26', '2025-11-25 02:40:26'),
(35, 4, 'VIP-05', 6, 'reserved', '2025-11-25 02:40:26', '2025-11-25 02:40:26'),
(36, 4, 'VIP-06', 8, 'available', '2025-11-25 02:40:26', '2025-11-25 02:40:26');
INSERT INTO `units` (`id`, `code`, `name`, `display_name`, `base_unit`, `conversion_factor`, `is_base_unit`, `for_weight`, `for_volume`, `for_quantity`, `for_packaging`, `for_produce`, `created_at`, `updated_at`) VALUES
(1, 'kg', 'Kilogram', 'kg', NULL, NULL, 1, 1, 0, 0, 0, 0, '2025-11-25 02:40:14', '2025-11-25 02:40:14'),
(2, 'g', 'Gram', 'g', 'kg', '0.001', 0, 1, 0, 0, 0, 0, '2025-11-25 02:40:14', '2025-11-25 02:40:14'),
(3, 'l', 'Liter', 'L', NULL, NULL, 1, 0, 1, 0, 0, 0, '2025-11-25 02:40:14', '2025-11-25 02:40:14'),
(4, 'ml', 'Milliliter', 'mL', 'l', '0.001', 0, 0, 1, 0, 0, 0, '2025-11-25 02:40:14', '2025-11-25 02:40:14'),
(5, 'pcs', 'Piece', 'pc', NULL, NULL, 1, 0, 0, 1, 0, 0, '2025-11-25 02:40:14', '2025-11-25 02:40:14'),
(6, 'dz', 'Dozen', 'dz', 'pcs', '12.000', 0, 0, 0, 1, 0, 0, '2025-11-25 02:40:14', '2025-11-25 02:40:14'),
(7, 'box', 'Box', 'box', NULL, NULL, 1, 0, 0, 0, 1, 0, '2025-11-25 02:40:14', '2025-11-25 02:40:14'),
(8, 'case', 'Case', 'case', NULL, NULL, 1, 0, 0, 0, 1, 0, '2025-11-25 02:40:14', '2025-11-25 02:40:14'),
(9, 'pack', 'Pack', 'pack', NULL, NULL, 1, 0, 0, 0, 1, 0, '2025-11-25 02:40:14', '2025-11-25 02:40:14'),
(10, 'bag', 'Bag', 'bag', NULL, NULL, 1, 0, 0, 0, 1, 0, '2025-11-25 02:40:14', '2025-11-25 02:40:14'),
(11, 'bunch', 'Bunch', 'bunch', NULL, NULL, 1, 0, 0, 0, 0, 1, '2025-11-25 02:40:14', '2025-11-25 02:40:14'),
(12, 'tsp', 'Teaspoon', 'tsp', 'ml', '5.000', 0, 0, 1, 0, 0, 0, '2025-11-25 02:40:14', '2025-11-25 02:40:14'),
(13, 'tbsp', 'Tablespoon', 'tbsp', 'ml', '15.000', 0, 0, 1, 0, 0, 0, '2025-11-25 02:40:14', '2025-11-25 02:40:14'),
(14, 'cup', 'Cup', 'cup', 'ml', '250.000', 0, 0, 1, 0, 0, 0, '2025-11-25 02:40:14', '2025-11-25 02:40:14');
INSERT INTO `users` (`id`, `name`, `email`, `phone`, `email_verified_at`, `password`, `is_active`, `remember_token`, `default_location_id`, `created_at`, `updated_at`) VALUES
(1, 'System Administrator', 'demo@admin.com', '+855-12-345-678', '2025-11-25 02:40:15', '$2y$12$tQXCmlDqOGITwxPTBL2mP.XCzY.bGEgQ/WPP3FrwFLY6MkNkNMsRS', 1, NULL, 1, '2025-11-25 02:40:15', '2025-11-25 02:40:15'),
(2, 'Secondary Admin', 'admin2@nkhrestaurant.com', '+855-12-987-654', '2025-11-25 02:40:15', '$2y$12$g/pW5aWcXt78WbDf/QluPuTEXELx3Dheeewheb/u0rdw80OpW4Tj2', 1, NULL, 2, '2025-11-25 02:40:15', '2025-11-25 02:40:15'),
(3, 'Sophea Chen', 'sophea.chen@nkhrestaurant.com', '+855-12-456-789', '2025-11-25 02:40:16', '$2y$12$YhKVWXygF7JYX7jUIuyw1uGTbb97mj.8VcpDOk/uczqtcN4lToLxe', 1, NULL, 1, '2025-11-25 02:40:16', '2025-11-25 02:40:16'),
(4, 'Pisach Lim', 'pisach.lim@nkhrestaurant.com', '+855-12-456-790', '2025-11-25 02:40:16', '$2y$12$6cuyTbaviSKeTZjBPgywMO2IwPV9K8FxpCh0qjmNhbh8UPnffMpW2', 1, NULL, 2, '2025-11-25 02:40:16', '2025-11-25 02:40:16'),
(5, 'Ratha Meng', 'demo@employee.com', '+855-70-152-467', '2025-11-25 02:40:16', '$2y$12$C6Hb0yIiW9375jj8BdXnWuT8RiNI29gxXRPE37fGRKUDH0R3zIKFC', 1, NULL, 1, '2025-11-25 02:40:16', '2025-11-25 02:40:16'),
(6, 'Maria Santos', 'maria.santos@nkhrestaurant.com', '+855-76-322-384', '2025-11-25 02:40:16', '$2y$12$6S1RXR3f.64a65PP/8LYOO.4h1ccNpb8idnKjO0pZnFySdwtxd/5.', 1, NULL, 1, '2025-11-25 02:40:16', '2025-11-25 02:40:16'),
(7, 'Bopha Keo', 'bopha.keo@nkhrestaurant.com', '+855-53-369-228', '2025-11-25 02:40:17', '$2y$12$ltqqHPMag6jK2531w9FQm.i0RHPqtssFrf9qsqwIVT1GrAvWLFtjC', 1, NULL, 1, '2025-11-25 02:40:17', '2025-11-25 02:40:17'),
(8, 'Sovannak Pich', 'sovannak.pich@nkhrestaurant.com', '+855-18-660-649', '2025-11-25 02:40:17', '$2y$12$.sdXZA5cMQGH5/B2cJvuH.vqSg5DYbJTbiJNhhLhr92mAeWa844tq', 1, NULL, 1, '2025-11-25 02:40:17', '2025-11-25 02:40:17'),
(9, 'Sokha Rath', 'sokha.rath@nkhrestaurant.com', '+855-37-126-904', '2025-11-25 02:40:17', '$2y$12$/JcS8dJQnevYdU4.OymwNu4E0bJTrQgl.7iGebQwhMpSP4hE3dca6', 1, NULL, 1, '2025-11-25 02:40:17', '2025-11-25 02:40:17'),
(10, 'Dara Chea', 'dara.chea@nkhrestaurant.com', '+855-63-327-336', '2025-11-25 02:40:18', '$2y$12$.zGocanqBJ./0UMECPRkg.ReanIT6firk7wrSTYze0dv3dqXUwPJC', 1, NULL, 1, '2025-11-25 02:40:18', '2025-11-25 02:40:18'),
(11, 'Sreypov Noun', 'sreypov.noun@nkhrestaurant.com', '+855-64-352-654', '2025-11-25 02:40:18', '$2y$12$dY0sSVCRFghOWe1M/CfGfOmaoCwpl102vnhOqLqMD29ghrvMzyKBu', 1, NULL, 1, '2025-11-25 02:40:18', '2025-11-25 02:40:18'),
(12, 'Kimheng Ly', 'kimheng.ly@nkhrestaurant.com', '+855-30-691-732', '2025-11-25 02:40:18', '$2y$12$dtIqXBYmjRB5LnoXfzldDOA3IRoVa4u54p0yVaUkkoQtVbgQPUnTu', 1, NULL, 1, '2025-11-25 02:40:18', '2025-11-25 02:40:18'),
(13, 'Pheaktra Ouk', 'pheaktra.ouk@nkhrestaurant.com', '+855-15-421-259', '2025-11-25 02:40:19', '$2y$12$1vy7b7RvcoIFi/FRqRawpucAxI3IBAnLipSbYWuzQeZ2d1gbWiE5e', 1, NULL, 1, '2025-11-25 02:40:19', '2025-11-25 02:40:19'),
(14, 'Veasna Chhay', 'veasna.chhay@nkhrestaurant.com', '+855-13-881-638', '2025-11-25 02:40:19', '$2y$12$UtItjnrJ//mxxE4NRuvhu.fmB5UBNQeTWLmPA.XoFc51YN4oxr8ly', 1, NULL, 1, '2025-11-25 02:40:19', '2025-11-25 02:40:19'),
(15, 'Bunthoeun Sao', 'bunthoeun.sao@nkhrestaurant.com', '+855-96-120-689', '2025-11-25 02:40:19', '$2y$12$5tHz97.BPvXJzcihdibhx.5.2XrDOS7Zxp5OtljV8JsYT6w0Ecwtu', 1, NULL, 1, '2025-11-25 02:40:19', '2025-11-25 02:40:19'),
(16, 'Chenda Ros', 'chenda.ros@nkhrestaurant.com', '+855-34-998-485', '2025-11-25 02:40:20', '$2y$12$TZspk6aI/Qe1V0LWJotiiex9rgHWtvlCZ18y13P8hmRkEhgmYDzPC', 1, NULL, 1, '2025-11-25 02:40:20', '2025-11-25 02:40:20'),
(17, 'Sopheak Mao', 'sopheak.mao@nkhrestaurant.com', '+855-19-651-594', '2025-11-25 02:40:20', '$2y$12$00mvBaQ3ixMx75kLg0ense69xHN1cZTi7d8UlisCWJGcCxgNsrz5e', 1, NULL, 1, '2025-11-25 02:40:20', '2025-11-25 02:40:20'),
(18, 'Rachana Heng', 'rachana.heng@nkhrestaurant.com', '+855-22-209-969', '2025-11-25 02:40:20', '$2y$12$tWo6JGrU3Co.KLL/xl.MUueSfPTbEtrSiuty9/3IT6Hmg4boQOayi', 1, NULL, 1, '2025-11-25 02:40:20', '2025-11-25 02:40:20'),
(19, 'Sreyleak Kong', 'sreyleak.kong@nkhrestaurant.com', '+855-22-692-306', '2025-11-25 02:40:20', '$2y$12$aeHM8uyODqy6zhnbBzuLtuazFbpY73nmzCDyHHQOhJX7ONCwAONp6', 1, NULL, 1, '2025-11-25 02:40:20', '2025-11-25 02:40:20'),
(20, 'Pisey Nhem', 'pisey.nhem@nkhrestaurant.com', '+855-63-936-404', '2025-11-25 02:40:21', '$2y$12$JvrkUdni3dBd0REuaNQm4ObAEFV1zHUvVv2ReGtzCsGinUk.1ebii', 1, NULL, 1, '2025-11-25 02:40:21', '2025-11-25 02:40:21'),
(21, 'Chantha Lim', 'demo@customer.com', '+855-68-939-370', '2025-11-25 02:40:21', '$2y$12$JT44hLsLFEcZuV7MXBGQDeopnI6LsG3Vp.FZcPJ2ARQ/ILc2MuVBe', 1, NULL, 1, '2025-11-25 02:40:21', '2025-11-25 02:40:21'),
(22, 'David Kim', 'david.kim@yahoo.com', '+855-57-162-788', '2025-11-25 02:40:21', '$2y$12$rop7eGGhIJ/eIobqr88RveFkIk5.f96D9lm1c1Tidn1WkZqzyFG12', 1, NULL, 2, '2025-11-25 02:40:21', '2025-11-25 02:40:21'),
(23, 'Sophea Chhun', 'sophea.chhun@hotmail.com', '+855-11-944-219', '2025-11-25 02:40:22', '$2y$12$Gx4/Oc3HE5M0dNQFYFIHxeT2oNu7u1583KTGRZLyRc2AASW.O7WG2', 1, NULL, 1, '2025-11-25 02:40:22', '2025-11-25 02:40:22'),
(24, 'Linda Martinez', 'linda.martinez@gmail.com', '+855-86-845-355', '2025-11-25 02:40:22', '$2y$12$VRShmmB5GLrqEctOSOOMRuf7GHhtdjhMF4.5XIHtfeqROOdlgQ4A6', 1, NULL, 3, '2025-11-25 02:40:22', '2025-11-25 02:40:22'),
(25, 'Narong Sok', 'narong.sok@gmail.com', '+855-45-378-436', '2025-11-25 02:40:22', '$2y$12$rKBFUt/Jf7JWkaSxkxItkeN1oWJJq5UURSsP79UXD8x.jtEghTSJq', 1, NULL, 2, '2025-11-25 02:40:22', '2025-11-25 02:40:22'),
(26, 'Sokny Phan', 'sokny.phan@gmail.com', '+855-76-489-846', '2025-11-25 02:40:23', '$2y$12$QMPCuNABAdouPxWq65dIUOPglSQlC1fXPY5zAsM2gvD1MeydLAyb6', 1, NULL, 1, '2025-11-25 02:40:23', '2025-11-25 02:40:23'),
(27, 'Sothy Chan', 'sothy.chan@gmail.com', '+855-24-718-179', '2025-11-25 02:40:23', '$2y$12$Im3HHTNsBTD90R8l6K03L.v7iwZ.HxAfIEI..4Om99B7DVEIh1Sha', 1, NULL, 3, '2025-11-25 02:40:23', '2025-11-25 02:40:23'),
(28, 'Nita Heng', 'nita.heng@gmail.com', '+855-56-265-839', '2025-11-25 02:40:23', '$2y$12$apc.NCKoPHF1ei5tJhnIauwatz5p7Olb0cAtRy6v8WwNKo93IpwRq', 1, NULL, 1, '2025-11-25 02:40:23', '2025-11-25 02:40:23'),
(29, 'Alex Johnson', 'alex.johnson@gmail.com', '+855-83-676-293', '2025-11-25 02:40:24', '$2y$12$t59JUdN9VUwzCiZ9439waOxkrBsv5uZLrbtU1Mtquo27yUFQHIm0m', 1, NULL, 2, '2025-11-25 02:40:24', '2025-11-25 02:40:24'),
(30, 'Vanna Oum', 'vanna.oum@gmail.com', '+855-87-414-733', '2025-11-25 02:40:24', '$2y$12$6eZTzw4CMFFD7z72hYTpUe/ktIVoDoNV.fmn3NXL9mB/KwieUk66K', 1, NULL, 1, '2025-11-25 02:40:24', '2025-11-25 02:40:24'),
(31, 'Sample Customer', 'customer@example.com', '+855 98 765 432', NULL, '$2y$12$Cql3goJeZ1YbRw.RztzxYOzW.n/12ki/o6jlFDlGOroOf2r9bB4D2', 1, NULL, 1, '2025-11-25 02:40:24', '2025-11-25 02:40:24'),
(32, 'Ratha Meng', 'ratha.meng@nkhrestaurant.com', '+855-80-201-344', '2025-11-25 02:40:26', '$2y$12$1LlHBANCKUt8Q3L7iNAHie1lEm/hTIIu2e/U3Ontnn/vuFepjZjrq', 1, NULL, 1, '2025-11-25 02:40:26', '2025-11-25 02:40:26');


/*!40101 SET SQL_MODE=@OLD_SQL_MODE */;
/*!40014 SET FOREIGN_KEY_CHECKS=@OLD_FOREIGN_KEY_CHECKS */;
/*!40014 SET UNIQUE_CHECKS=@OLD_UNIQUE_CHECKS */;
/*!40101 SET CHARACTER_SET_CLIENT=@OLD_CHARACTER_SET_CLIENT */;
/*!40101 SET CHARACTER_SET_RESULTS=@OLD_CHARACTER_SET_RESULTS */;
/*!40101 SET COLLATION_CONNECTION=@OLD_COLLATION_CONNECTION */;
/*!40111 SET SQL_NOTES=@OLD_SQL_NOTES */;